{
"type": "FeatureCollection",
"name": "MyCiTi_Bus_Stops",
"crs": { "type": "name", "properties": { "name": "urn:ogc:def:crs:OGC:1.3:CRS84" } },
"features": [
{ "type": "Feature", "properties": { "OBJECTID": 1, "STOP_NAME": "La Paloma 1", "STOP_TYPE": "Existing IRT Stop", "STOP_STS": "Active", "STOP_DSCR": "Full Shelter" }, "geometry": { "type": "Point", "coordinates": [ 18.453436086624681, -33.783445013340618 ] } },
{ "type": "Feature", "properties": { "OBJECTID": 2, "STOP_NAME": "La Paloma 2", "STOP_TYPE": "Existing IRT Stop", "STOP_STS": "Active", "STOP_DSCR": "Full Shelter" }, "geometry": { "type": "Point", "coordinates": [ 18.454262531900216, -33.78442694821041 ] } },
{ "type": "Feature", "properties": { "OBJECTID": 3, "STOP_NAME": "Losperds 1", "STOP_TYPE": "Existing IRT Stop", "STOP_STS": "Active", "STOP_DSCR": "Totem" }, "geometry": { "type": "Point", "coordinates": [ 18.452842090122765, -33.689966135690192 ] } },
{ "type": "Feature", "properties": { "OBJECTID": 4, "STOP_NAME": "Pella North 1", "STOP_TYPE": "Existing IRT Stop", "STOP_STS": "Active", "STOP_DSCR": "Totem" }, "geometry": { "type": "Point", "coordinates": [ 18.520331627053981, -33.536934026406698 ] } },
{ "type": "Feature", "properties": { "OBJECTID": 5, "STOP_NAME": "Pella Central 1", "STOP_TYPE": "Existing IRT Stop", "STOP_STS": "Active", "STOP_DSCR": "Totem" }, "geometry": { "type": "Point", "coordinates": [ 18.520635731572259, -33.538883585555467 ] } },
{ "type": "Feature", "properties": { "OBJECTID": 6, "STOP_NAME": "Insiswa 1", "STOP_TYPE": "Existing IRT Stop", "STOP_STS": "Active", "STOP_DSCR": "Temp Pole" }, "geometry": { "type": "Point", "coordinates": [ 18.504791799142673, -33.551318451037353 ] } },
{ "type": "Feature", "properties": { "OBJECTID": 7, "STOP_NAME": "Kolgha 1", "STOP_TYPE": "Existing IRT Stop", "STOP_STS": "Active", "STOP_DSCR": "Temp Pole" }, "geometry": { "type": "Point", "coordinates": [ 18.504432472777967, -33.553931192571135 ] } },
{ "type": "Feature", "properties": { "OBJECTID": 8, "STOP_NAME": "Lagan 1", "STOP_TYPE": "Existing IRT Stop", "STOP_STS": "Active", "STOP_DSCR": "Temp Pole" }, "geometry": { "type": "Point", "coordinates": [ 18.501611762938282, -33.554567522906815 ] } },
{ "type": "Feature", "properties": { "OBJECTID": 9, "STOP_NAME": "Bridgeway 1", "STOP_TYPE": "Existing IRT Stop with Temporary Pole", "STOP_STS": "Active", "STOP_DSCR": "Temp Pole" }, "geometry": { "type": "Point", "coordinates": [ 18.504042705824787, -33.895035870162403 ] } },
{ "type": "Feature", "properties": { "OBJECTID": 10, "STOP_NAME": "Loxton East 1", "STOP_TYPE": "Existing IRT Stop", "STOP_STS": "Active", "STOP_DSCR": "Full Shelter" }, "geometry": { "type": "Point", "coordinates": [ 18.495197792447399, -33.883062773310584 ] } },
{ "type": "Feature", "properties": { "OBJECTID": 11, "STOP_NAME": "D Nyembe 2", "STOP_TYPE": "Existing IRT Stop", "STOP_STS": "Active", "STOP_DSCR": "Cantilever Shelter" }, "geometry": { "type": "Point", "coordinates": [ 18.691692381432397, -34.044757646350789 ] } },
{ "type": "Feature", "properties": { "OBJECTID": 12, "STOP_NAME": "Johan Heyns North 2", "STOP_TYPE": "Existing IRT Stop with Temporary Pole", "STOP_STS": "Active", "STOP_DSCR": "Temp Pole" }, "geometry": { "type": "Point", "coordinates": [ 18.486349385579302, -33.588892404979596 ] } },
{ "type": "Feature", "properties": { "OBJECTID": 13, "STOP_NAME": "Begonia 1", "STOP_TYPE": "Existing IRT Stop with Temporary Pole", "STOP_STS": "Active", "STOP_DSCR": "Temp Pole" }, "geometry": { "type": "Point", "coordinates": [ 18.497156118879023, -33.580488336658554 ] } },
{ "type": "Feature", "properties": { "OBJECTID": 14, "STOP_NAME": "Begonia 2", "STOP_TYPE": "Existing IRT Stop with Temporary Pole", "STOP_STS": "Active", "STOP_DSCR": "Temp Pole" }, "geometry": { "type": "Point", "coordinates": [ 18.496859675131642, -33.580301237927706 ] } },
{ "type": "Feature", "properties": { "OBJECTID": 15, "STOP_NAME": "Aloe 1", "STOP_TYPE": "Existing IRT Stop with Temporary Pole", "STOP_STS": "Active", "STOP_DSCR": "Temp Pole" }, "geometry": { "type": "Point", "coordinates": [ 18.5012614197815, -33.580667951763189 ] } },
{ "type": "Feature", "properties": { "OBJECTID": 16, "STOP_NAME": "Aloe 2", "STOP_TYPE": "Existing IRT Stop with Temporary Pole", "STOP_STS": "Active", "STOP_DSCR": "Temp Pole" }, "geometry": { "type": "Point", "coordinates": [ 18.501638712450841, -33.580503305187364 ] } },
{ "type": "Feature", "properties": { "OBJECTID": 17, "STOP_NAME": "Acacia 1", "STOP_TYPE": "Existing IRT Stop with Temporary Pole", "STOP_STS": "Active", "STOP_DSCR": "Temp Pole" }, "geometry": { "type": "Point", "coordinates": [ 18.503138898787412, -33.579410640889378 ] } },
{ "type": "Feature", "properties": { "OBJECTID": 18, "STOP_NAME": "Acacia 2", "STOP_TYPE": "Existing IRT Stop with Temporary Pole", "STOP_STS": "Active", "STOP_DSCR": "Temp Pole" }, "geometry": { "type": "Point", "coordinates": [ 18.503138898642884, -33.579283411782484 ] } },
{ "type": "Feature", "properties": { "OBJECTID": 19, "STOP_NAME": "Azalea 1", "STOP_TYPE": "Existing IRT Stop with Temporary Pole", "STOP_STS": "Active", "STOP_DSCR": "Temp Pole" }, "geometry": { "type": "Point", "coordinates": [ 18.503049067450128, -33.575863130723803 ] } },
{ "type": "Feature", "properties": { "OBJECTID": 20, "STOP_NAME": "Azalea 2", "STOP_TYPE": "Existing IRT Stop with Temporary Pole", "STOP_STS": "Active", "STOP_DSCR": "Temp Pole" }, "geometry": { "type": "Point", "coordinates": [ 18.502716690659422, -33.575773319146066 ] } },
{ "type": "Feature", "properties": { "OBJECTID": 21, "STOP_NAME": "Kerria Primary 1", "STOP_TYPE": "Existing IRT Stop with Temporary Pole", "STOP_STS": "Active", "STOP_DSCR": "Temp Pole" }, "geometry": { "type": "Point", "coordinates": [ 18.498377828233291, -33.577038166436466 ] } },
{ "type": "Feature", "properties": { "OBJECTID": 22, "STOP_NAME": "Kerria Primary 2", "STOP_TYPE": "Existing IRT Stop with Temporary Pole", "STOP_STS": "Active", "STOP_DSCR": "Temp Pole" }, "geometry": { "type": "Point", "coordinates": [ 18.49828799556763, -33.577113009376419 ] } },
{ "type": "Feature", "properties": { "OBJECTID": 23, "STOP_NAME": "Union 1", "STOP_TYPE": "Existing IRT Stop with Temporary Pole", "STOP_STS": "Active", "STOP_DSCR": "Temp Pole" }, "geometry": { "type": "Point", "coordinates": [ 18.409121220913701, -33.931650158035659 ] } },
{ "type": "Feature", "properties": { "OBJECTID": 24, "STOP_NAME": "Union 2", "STOP_TYPE": "Existing IRT Stop with Temporary Pole", "STOP_STS": "Active", "STOP_DSCR": "Temp Pole" }, "geometry": { "type": "Point", "coordinates": [ 18.408923592144351, -33.931866305297255 ] } },
{ "type": "Feature", "properties": { "OBJECTID": 25, "STOP_NAME": "Old Breakwater Prison 1", "STOP_TYPE": "Existing IRT Stop with Temporary Pole", "STOP_STS": "Active", "STOP_DSCR": "Temp Pole" }, "geometry": { "type": "Point", "coordinates": [ 18.416038248671335, -33.906603192056878 ] } },
{ "type": "Feature", "properties": { "OBJECTID": 26, "STOP_NAME": "Old Breakwater Prison 2", "STOP_TYPE": "Existing IRT Stop with Temporary Pole", "STOP_STS": "Active", "STOP_DSCR": "Temp Pole" }, "geometry": { "type": "Point", "coordinates": [ 18.415957399735216, -33.90667029165575 ] } },
{ "type": "Feature", "properties": { "OBJECTID": 27, "STOP_NAME": "Walworth 1", "STOP_TYPE": "Existing IRT Stop with Temporary Pole", "STOP_STS": "Active", "STOP_DSCR": "Temp Pole" }, "geometry": { "type": "Point", "coordinates": [ 18.52073689522749, -33.804610002225964 ] } },
{ "type": "Feature", "properties": { "OBJECTID": 28, "STOP_NAME": "Southwark 1", "STOP_TYPE": "Existing IRT Stop with Temporary Pole", "STOP_STS": "Active", "STOP_DSCR": "Temp Pole" }, "geometry": { "type": "Point", "coordinates": [ 18.522937767739961, -33.804333817210818 ] } },
{ "type": "Feature", "properties": { "OBJECTID": 29, "STOP_NAME": "Lewisham 1", "STOP_TYPE": "Existing IRT Stop with Temporary Pole", "STOP_STS": "Active", "STOP_DSCR": "Temp Pole" }, "geometry": { "type": "Point", "coordinates": [ 18.523961847327801, -33.802086978109642 ] } },
{ "type": "Feature", "properties": { "OBJECTID": 30, "STOP_NAME": "Sparrebos 1", "STOP_TYPE": "Existing IRT Stop with Temporary Pole", "STOP_STS": "Active", "STOP_DSCR": "Temp Pole" }, "geometry": { "type": "Point", "coordinates": [ 18.498800035693616, -33.549109911888507 ] } },
{ "type": "Feature", "properties": { "OBJECTID": 31, "STOP_NAME": "Sparrebos 2", "STOP_TYPE": "Existing IRT Stop with Temporary Pole", "STOP_STS": "Active", "STOP_DSCR": "Temp Pole" }, "geometry": { "type": "Point", "coordinates": [ 18.498997664642861, -33.549177291885179 ] } },
{ "type": "Feature", "properties": { "OBJECTID": 32, "STOP_NAME": "Castlehill 1", "STOP_TYPE": "Existing IRT Stop with Temporary Pole", "STOP_STS": "Active", "STOP_DSCR": "Temp Pole" }, "geometry": { "type": "Point", "coordinates": [ 18.505303838625352, -33.556903185001978 ] } },
{ "type": "Feature", "properties": { "OBJECTID": 33, "STOP_NAME": "Castlehill 2", "STOP_TYPE": "Existing IRT Stop with Temporary Pole", "STOP_STS": "Active", "STOP_DSCR": "Temp Pole" }, "geometry": { "type": "Point", "coordinates": [ 18.504908580066438, -33.556678604724773 ] } },
{ "type": "Feature", "properties": { "OBJECTID": 34, "STOP_NAME": "Montreal South 1", "STOP_TYPE": "Existing IRT Stop with Temporary Pole", "STOP_STS": "Active", "STOP_DSCR": "Temp Pole" }, "geometry": { "type": "Point", "coordinates": [ 18.506552496944117, -33.56108027014065 ] } },
{ "type": "Feature", "properties": { "OBJECTID": 35, "STOP_NAME": "Montreal South 2", "STOP_TYPE": "Existing IRT Stop with Temporary Pole", "STOP_STS": "Active", "STOP_DSCR": "Temp Pole" }, "geometry": { "type": "Point", "coordinates": [ 18.506642327925451, -33.561768944836409 ] } },
{ "type": "Feature", "properties": { "OBJECTID": 36, "STOP_NAME": "Klipheuwel 1", "STOP_TYPE": "Existing IRT Stop with Temporary Pole", "STOP_STS": "Active", "STOP_DSCR": "Temp Pole" }, "geometry": { "type": "Point", "coordinates": [ 18.505923676484105, -33.562427673205846 ] } },
{ "type": "Feature", "properties": { "OBJECTID": 37, "STOP_NAME": "Klipheuwel 2", "STOP_TYPE": "Existing IRT Stop with Temporary Pole", "STOP_STS": "Active", "STOP_DSCR": "Temp Pole" }, "geometry": { "type": "Point", "coordinates": [ 18.505663164672487, -33.562487556682328 ] } },
{ "type": "Feature", "properties": { "OBJECTID": 38, "STOP_NAME": "Capitoline 1", "STOP_TYPE": "Existing IRT Stop with Temporary Pole", "STOP_STS": "Active", "STOP_DSCR": "Temp Pole" }, "geometry": { "type": "Point", "coordinates": [ 18.502375330606259, -33.561536892439726 ] } },
{ "type": "Feature", "properties": { "OBJECTID": 39, "STOP_NAME": "Capitoline 2", "STOP_TYPE": "Existing IRT Stop with Temporary Pole", "STOP_STS": "Active", "STOP_DSCR": "Temp Pole" }, "geometry": { "type": "Point", "coordinates": [ 18.502213634532534, -33.561170097216568 ] } },
{ "type": "Feature", "properties": { "OBJECTID": 40, "STOP_NAME": "Harry Alexander 1", "STOP_TYPE": "New IRT Stop with Temporary Pole", "STOP_STS": "Active", "STOP_DSCR": "Red Totem" }, "geometry": { "type": "Point", "coordinates": [ 18.490472653371533, -33.581012212092908 ] } },
{ "type": "Feature", "properties": { "OBJECTID": 41, "STOP_NAME": "Harry Alexander 2", "STOP_TYPE": "New IRT Stop with Temporary Pole", "STOP_STS": "Active", "STOP_DSCR": "Red Totem" }, "geometry": { "type": "Point", "coordinates": [ 18.490382821633229, -33.581087050996366 ] } },
{ "type": "Feature", "properties": { "OBJECTID": 42, "STOP_NAME": "Ankerlig Power Station 1", "STOP_TYPE": "Existing IRT Stop with Temporary Pole", "STOP_STS": "Active", "STOP_DSCR": "Temp Pole" }, "geometry": { "type": "Point", "coordinates": [ 18.461636733091595, -33.595417528024555 ] } },
{ "type": "Feature", "properties": { "OBJECTID": 43, "STOP_NAME": "Ankerlig Power Station 2", "STOP_TYPE": "Existing IRT Stop with Temporary Pole", "STOP_STS": "Active", "STOP_DSCR": "Temp Pole" }, "geometry": { "type": "Point", "coordinates": [ 18.461789446170076, -33.595447459326017 ] } },
{ "type": "Feature", "properties": { "OBJECTID": 44, "STOP_NAME": "Brecon 1", "STOP_TYPE": "Existing IRT Stop", "STOP_STS": "Active", "STOP_DSCR": "Full Shelter" }, "geometry": { "type": "Point", "coordinates": [ 18.499536653868628, -33.560728444048394 ] } },
{ "type": "Feature", "properties": { "OBJECTID": 45, "STOP_NAME": "Brecon 2", "STOP_TYPE": "Existing IRT Stop", "STOP_STS": "Active", "STOP_DSCR": "Red Totem" }, "geometry": { "type": "Point", "coordinates": [ 18.499626486139128, -33.560698501402811 ] } },
{ "type": "Feature", "properties": { "OBJECTID": 46, "STOP_NAME": "Corsair 1", "STOP_TYPE": "New IRT Stop with Temporary Pole", "STOP_STS": "Active", "STOP_DSCR": "Temp Pole" }, "geometry": { "type": "Point", "coordinates": [ 18.504153995336118, -33.879990183005106 ] } },
{ "type": "Feature", "properties": { "OBJECTID": 47, "STOP_NAME": "Corsair 2", "STOP_TYPE": "New IRT Stop with Temporary Pole", "STOP_STS": "Active", "STOP_DSCR": "Temp Pole" }, "geometry": { "type": "Point", "coordinates": [ 18.504728916640868, -33.879945435794916 ] } },
{ "type": "Feature", "properties": { "OBJECTID": 48, "STOP_NAME": "Civic Centre", "STOP_TYPE": "IRT Station", "STOP_STS": "Active", "STOP_DSCR": "Station" }, "geometry": { "type": "Point", "coordinates": [ 18.429575859552379, -33.920596110683903 ] } },
{ "type": "Feature", "properties": { "OBJECTID": 49, "STOP_NAME": "Bakoven", "STOP_TYPE": "Existing IRT Stop", "STOP_STS": "Active", "STOP_DSCR": "Totem" }, "geometry": { "type": "Point", "coordinates": [ 18.373556919450007, -33.963186928747163 ] } },
{ "type": "Feature", "properties": { "OBJECTID": 50, "STOP_NAME": "Table View", "STOP_TYPE": "IRT Station", "STOP_STS": "Active", "STOP_DSCR": "Station" }, "geometry": { "type": "Point", "coordinates": [ 18.489232978231811, -33.82482883019118 ] } },
{ "type": "Feature", "properties": { "OBJECTID": 51, "STOP_NAME": "Atlantis Station", "STOP_TYPE": "IRT Station", "STOP_STS": "Active", "STOP_DSCR": "Station" }, "geometry": { "type": "Point", "coordinates": [ 18.491424866774416, -33.563363357892044 ] } },
{ "type": "Feature", "properties": { "OBJECTID": 52, "STOP_NAME": "Thibault Square", "STOP_TYPE": "IRT Station", "STOP_STS": "Active", "STOP_DSCR": "Station" }, "geometry": { "type": "Point", "coordinates": [ 18.424257834103155, -33.918926324672711 ] } },
{ "type": "Feature", "properties": { "OBJECTID": 53, "STOP_NAME": "Stadium", "STOP_TYPE": "Existing IRT Stop", "STOP_STS": "Active", "STOP_DSCR": "Temp Pole" }, "geometry": { "type": "Point", "coordinates": [ 18.411968880944478, -33.907952636336631 ] } },
{ "type": "Feature", "properties": { "OBJECTID": 54, "STOP_NAME": "Melkbosstrand", "STOP_TYPE": "IRT Station", "STOP_STS": "Active", "STOP_DSCR": "Station" }, "geometry": { "type": "Point", "coordinates": [ 18.442709229505418, -33.730463311334887 ] } },
{ "type": "Feature", "properties": { "OBJECTID": 55, "STOP_NAME": "Discovery", "STOP_TYPE": "Existing IRT Stop with Temporary Pole", "STOP_STS": "Active", "STOP_DSCR": "Temp Pole" }, "geometry": { "type": "Point", "coordinates": [ 18.528363591557063, -33.799041334857108 ] } },
{ "type": "Feature", "properties": { "OBJECTID": 56, "STOP_NAME": "Blaauwberg Hospital 1", "STOP_TYPE": "Existing IRT Stop", "STOP_STS": "Active", "STOP_DSCR": "Cantilever Shelter" }, "geometry": { "type": "Point", "coordinates": [ 18.48478631665288, -33.803154419758727 ] } },
{ "type": "Feature", "properties": { "OBJECTID": 57, "STOP_NAME": "Blaauwberg Hospital 4", "STOP_TYPE": "Existing IRT Stop", "STOP_STS": "Active", "STOP_DSCR": "Cantilever Shelter" }, "geometry": { "type": "Point", "coordinates": [ 18.48550549776553, -33.803213265786894 ] } },
{ "type": "Feature", "properties": { "OBJECTID": 58, "STOP_NAME": "Montague Gardens", "STOP_TYPE": "IRT Station", "STOP_STS": "Active", "STOP_DSCR": "Station" }, "geometry": { "type": "Point", "coordinates": [ 18.51593989202501, -33.855487542182523 ] } },
{ "type": "Feature", "properties": { "OBJECTID": 59, "STOP_NAME": "Mitchells Plain", "STOP_TYPE": "IRT Station", "STOP_STS": "Active", "STOP_DSCR": "Station" }, "geometry": { "type": "Point", "coordinates": [ 18.620494806897373, -34.047798473840167 ] } },
{ "type": "Feature", "properties": { "OBJECTID": 60, "STOP_NAME": "Adderley", "STOP_TYPE": "IRT Station", "STOP_STS": "Active", "STOP_DSCR": "Station" }, "geometry": { "type": "Point", "coordinates": [ 18.424967502728521, -33.920424661177186 ] } },
{ "type": "Feature", "properties": { "OBJECTID": 61, "STOP_NAME": "Wood", "STOP_TYPE": "IRT Station", "STOP_STS": "Active", "STOP_DSCR": "Station" }, "geometry": { "type": "Point", "coordinates": [ 18.507073520347696, -33.829560047890091 ] } },
{ "type": "Feature", "properties": { "OBJECTID": 62, "STOP_NAME": "Omuramba", "STOP_TYPE": "IRT Station", "STOP_STS": "Active", "STOP_DSCR": "Station" }, "geometry": { "type": "Point", "coordinates": [ 18.512921551743052, -33.868459527196919 ] } },
{ "type": "Feature", "properties": { "OBJECTID": 63, "STOP_NAME": "Sanddrift", "STOP_TYPE": "IRT Station", "STOP_STS": "Active", "STOP_DSCR": "Station" }, "geometry": { "type": "Point", "coordinates": [ 18.510226606431182, -33.884173949433716 ] } },
{ "type": "Feature", "properties": { "OBJECTID": 64, "STOP_NAME": "Century City", "STOP_TYPE": "IRT Station", "STOP_STS": "Active", "STOP_DSCR": "Station" }, "geometry": { "type": "Point", "coordinates": [ 18.506426732682058, -33.891437254791185 ] } },
{ "type": "Feature", "properties": { "OBJECTID": 65, "STOP_NAME": "Riebeeck 1", "STOP_TYPE": "Existing IRT Stop", "STOP_STS": "Active", "STOP_DSCR": "Full Shelter" }, "geometry": { "type": "Point", "coordinates": [ 18.420763045333015, -33.918268362182637 ] } },
{ "type": "Feature", "properties": { "OBJECTID": 66, "STOP_NAME": "Riebeeck 2", "STOP_TYPE": "Existing IRT Stop", "STOP_STS": "Active", "STOP_DSCR": "Totem" }, "geometry": { "type": "Point", "coordinates": [ 18.421981616212491, -33.919009485327464 ] } },
{ "type": "Feature", "properties": { "OBJECTID": 67, "STOP_NAME": "Alfred 1", "STOP_TYPE": "Existing IRT Stop", "STOP_STS": "Active", "STOP_DSCR": "Totem" }, "geometry": { "type": "Point", "coordinates": [ 18.418230137693623, -33.915348103863991 ] } },
{ "type": "Feature", "properties": { "OBJECTID": 68, "STOP_NAME": "Alfred 2", "STOP_TYPE": "Existing IRT Stop", "STOP_STS": "Active", "STOP_DSCR": "Totem" }, "geometry": { "type": "Point", "coordinates": [ 18.418679296207404, -33.915966848619092 ] } },
{ "type": "Feature", "properties": { "OBJECTID": 69, "STOP_NAME": "Gallows Hill 1", "STOP_TYPE": "Existing IRT Stop", "STOP_STS": "Active", "STOP_DSCR": "Cantilever Shelter" }, "geometry": { "type": "Point", "coordinates": [ 18.416070306681096, -33.91198767291759 ] } },
{ "type": "Feature", "properties": { "OBJECTID": 70, "STOP_NAME": "Gallows Hill 2", "STOP_TYPE": "Existing IRT Stop", "STOP_STS": "Active", "STOP_DSCR": "Full Shelter" }, "geometry": { "type": "Point", "coordinates": [ 18.416316996906943, -33.912003134096317 ] } },
{ "type": "Feature", "properties": { "OBJECTID": 71, "STOP_NAME": "Upper Portswood 1", "STOP_TYPE": "Existing IRT Stop", "STOP_STS": "Active", "STOP_DSCR": "Totem" }, "geometry": { "type": "Point", "coordinates": [ 18.413067519703024, -33.909216064894466 ] } },
{ "type": "Feature", "properties": { "OBJECTID": 72, "STOP_NAME": "Upper Portswood 2", "STOP_TYPE": "Existing IRT Stop", "STOP_STS": "Active", "STOP_DSCR": "Full Shelter" }, "geometry": { "type": "Point", "coordinates": [ 18.413235389520487, -33.90915514798391 ] } },
{ "type": "Feature", "properties": { "OBJECTID": 73, "STOP_NAME": "Civic Centre 1", "STOP_TYPE": "IRT Station", "STOP_STS": "Active", "STOP_DSCR": "Station" }, "geometry": { "type": "Point", "coordinates": [ 18.429045854401117, -33.919969944768482 ] } },
{ "type": "Feature", "properties": { "OBJECTID": 74, "STOP_NAME": "Civic Centre 2", "STOP_TYPE": "IRT Station", "STOP_STS": "Active", "STOP_DSCR": "Station" }, "geometry": { "type": "Point", "coordinates": [ 18.42872246054721, -33.920208485375831 ] } },
{ "type": "Feature", "properties": { "OBJECTID": 75, "STOP_NAME": "Civic Centre 3", "STOP_TYPE": "IRT Station", "STOP_STS": "Active", "STOP_DSCR": "Station" }, "geometry": { "type": "Point", "coordinates": [ 18.429521961166799, -33.92031284588716 ] } },
{ "type": "Feature", "properties": { "OBJECTID": 76, "STOP_NAME": "Civic Centre 4", "STOP_TYPE": "IRT Station", "STOP_STS": "Active", "STOP_DSCR": "Station" }, "geometry": { "type": "Point", "coordinates": [ 18.429198568482544, -33.920566292665214 ] } },
{ "type": "Feature", "properties": { "OBJECTID": 77, "STOP_NAME": "Civic Centre 5", "STOP_TYPE": "IRT Station", "STOP_STS": "Active", "STOP_DSCR": "Station" }, "geometry": { "type": "Point", "coordinates": [ 18.429728574133776, -33.920476841053606 ] } },
{ "type": "Feature", "properties": { "OBJECTID": 78, "STOP_NAME": "Civic Centre 6", "STOP_TYPE": "IRT Station", "STOP_STS": "Active", "STOP_DSCR": "Station" }, "geometry": { "type": "Point", "coordinates": [ 18.429503995315589, -33.920789923211757 ] } },
{ "type": "Feature", "properties": { "OBJECTID": 79, "STOP_NAME": "Civic Centre 7", "STOP_TYPE": "IRT Station", "STOP_STS": "Active", "STOP_DSCR": "Station" }, "geometry": { "type": "Point", "coordinates": [ 18.42994416895527, -33.920640835978801 ] } },
{ "type": "Feature", "properties": { "OBJECTID": 80, "STOP_NAME": "Civic Centre 8", "STOP_TYPE": "IRT Station", "STOP_STS": "Active", "STOP_DSCR": "Station" }, "geometry": { "type": "Point", "coordinates": [ 18.429674674541875, -33.920879374309038 ] } },
{ "type": "Feature", "properties": { "OBJECTID": 81, "STOP_NAME": "Civic Centre 11", "STOP_TYPE": "IRT Station", "STOP_STS": "Active", "STOP_DSCR": "Station" }, "geometry": { "type": "Point", "coordinates": [ 18.430438242885987, -33.921088095326091 ] } },
{ "type": "Feature", "properties": { "OBJECTID": 82, "STOP_NAME": "Civic Centre 12", "STOP_TYPE": "IRT Station", "STOP_STS": "Active", "STOP_DSCR": "Station" }, "geometry": { "type": "Point", "coordinates": [ 18.430195698085267, -33.921311722863713 ] } },
{ "type": "Feature", "properties": { "OBJECTID": 83, "STOP_NAME": "Civic Centre 9", "STOP_TYPE": "IRT Station", "STOP_STS": "Active", "STOP_DSCR": "Station" }, "geometry": { "type": "Point", "coordinates": [ 18.430069934222058, -33.920722833962927 ] } },
{ "type": "Feature", "properties": { "OBJECTID": 84, "STOP_NAME": "Wigtown 1", "STOP_TYPE": "Existing IRT Stop", "STOP_STS": "Active", "STOP_DSCR": "Full Shelter" }, "geometry": { "type": "Point", "coordinates": [ 18.406974248328513, -33.907557496671693 ] } },
{ "type": "Feature", "properties": { "OBJECTID": 85, "STOP_NAME": "Wigtown 2", "STOP_TYPE": "Existing IRT Stop", "STOP_STS": "Active", "STOP_DSCR": "Full Shelter" }, "geometry": { "type": "Point", "coordinates": [ 18.406453225498478, -33.907505309429176 ] } },
{ "type": "Feature", "properties": { "OBJECTID": 86, "STOP_NAME": "Hill 1", "STOP_TYPE": "Existing IRT Stop", "STOP_STS": "Active", "STOP_DSCR": "Full Shelter" }, "geometry": { "type": "Point", "coordinates": [ 18.403327088387179, -33.907833349385108 ] } },
{ "type": "Feature", "properties": { "OBJECTID": 87, "STOP_NAME": "Hill 2", "STOP_TYPE": "Existing IRT Stop", "STOP_STS": "Active", "STOP_DSCR": "Full Shelter" }, "geometry": { "type": "Point", "coordinates": [ 18.40254555326176, -33.907788617390345 ] } },
{ "type": "Feature", "properties": { "OBJECTID": 88, "STOP_NAME": "Ellerton 1", "STOP_TYPE": "Existing IRT Stop", "STOP_STS": "Active", "STOP_DSCR": "Full Shelter" }, "geometry": { "type": "Point", "coordinates": [ 18.398278556475798, -33.908161388097646 ] } },
{ "type": "Feature", "properties": { "OBJECTID": 89, "STOP_NAME": "Ellerton 2", "STOP_TYPE": "Existing IRT Stop", "STOP_STS": "Active", "STOP_DSCR": "Full Shelter" }, "geometry": { "type": "Point", "coordinates": [ 18.398036010409353, -33.908101745365549 ] } },
{ "type": "Feature", "properties": { "OBJECTID": 90, "STOP_NAME": "Camberwell 1", "STOP_TYPE": "Existing IRT Stop", "STOP_STS": "Active", "STOP_DSCR": "Totem" }, "geometry": { "type": "Point", "coordinates": [ 18.395808189237911, -33.909212595244696 ] } },
{ "type": "Feature", "properties": { "OBJECTID": 91, "STOP_NAME": "Camberwell 2", "STOP_TYPE": "Existing IRT Stop", "STOP_STS": "Active", "STOP_DSCR": "Totem" }, "geometry": { "type": "Point", "coordinates": [ 18.396401076860815, -33.908847282946923 ] } },
{ "type": "Feature", "properties": { "OBJECTID": 92, "STOP_NAME": "Sea Point High 1", "STOP_TYPE": "Existing IRT Stop", "STOP_STS": "Active", "STOP_DSCR": "Totem" }, "geometry": { "type": "Point", "coordinates": [ 18.394165461345423, -33.910681283416118 ] } },
{ "type": "Feature", "properties": { "OBJECTID": 93, "STOP_NAME": "Sea Point High 2", "STOP_TYPE": "Existing IRT Stop", "STOP_STS": "Active", "STOP_DSCR": "Cantilever Shelter" }, "geometry": { "type": "Point", "coordinates": [ 18.393751763288773, -33.910955367911789 ] } },
{ "type": "Feature", "properties": { "OBJECTID": 94, "STOP_NAME": "Woodstock 1", "STOP_TYPE": "IRT Station", "STOP_STS": "Active", "STOP_DSCR": "Station" }, "geometry": { "type": "Point", "coordinates": [ 18.446589952125162, -33.922921827731059 ] } },
{ "type": "Feature", "properties": { "OBJECTID": 95, "STOP_NAME": "Woodstock 2", "STOP_TYPE": "IRT Station", "STOP_STS": "Active", "STOP_DSCR": "Station" }, "geometry": { "type": "Point", "coordinates": [ 18.446320456606138, -33.922996369860492 ] } },
{ "type": "Feature", "properties": { "OBJECTID": 96, "STOP_NAME": "Firmount 1", "STOP_TYPE": "Existing IRT Stop", "STOP_STS": "Active", "STOP_DSCR": "Full Shelter" }, "geometry": { "type": "Point", "coordinates": [ 18.391918483079543, -33.91322346268457 ] } },
{ "type": "Feature", "properties": { "OBJECTID": 97, "STOP_NAME": "Firmount 2", "STOP_TYPE": "Existing IRT Stop", "STOP_STS": "Active", "STOP_DSCR": "Totem" }, "geometry": { "type": "Point", "coordinates": [ 18.392477492403152, -33.912466539712014 ] } },
{ "type": "Feature", "properties": { "OBJECTID": 98, "STOP_NAME": "Sea Point 1", "STOP_TYPE": "Existing IRT Stop", "STOP_STS": "Active", "STOP_DSCR": "Full Shelter" }, "geometry": { "type": "Point", "coordinates": [ 18.390049987812333, -33.915407741592055 ] } },
{ "type": "Feature", "properties": { "OBJECTID": 99, "STOP_NAME": "Sea Point 2", "STOP_TYPE": "Existing IRT Stop", "STOP_STS": "Active", "STOP_DSCR": "Full Shelter" }, "geometry": { "type": "Point", "coordinates": [ 18.390220668301183, -33.915102094639167 ] } },
{ "type": "Feature", "properties": { "OBJECTID": 100, "STOP_NAME": "Arthur's 1", "STOP_TYPE": "Existing IRT Stop", "STOP_STS": "Active", "STOP_DSCR": "Full Shelter" }, "geometry": { "type": "Point", "coordinates": [ 18.387965896052304, -33.917860329157172 ] } },
{ "type": "Feature", "properties": { "OBJECTID": 101, "STOP_NAME": "Arthur's 2", "STOP_TYPE": "Existing IRT Stop", "STOP_STS": "Active", "STOP_DSCR": "Totem" }, "geometry": { "type": "Point", "coordinates": [ 18.388244374350919, -33.917398144685464 ] } },
{ "type": "Feature", "properties": { "OBJECTID": 102, "STOP_NAME": "Clarens 1", "STOP_TYPE": "Existing IRT Stop", "STOP_STS": "Active", "STOP_DSCR": "Totem" }, "geometry": { "type": "Point", "coordinates": [ 18.385387730957454, -33.919709041305715 ] } },
{ "type": "Feature", "properties": { "OBJECTID": 103, "STOP_NAME": "Clarens 2", "STOP_TYPE": "Existing IRT Stop", "STOP_STS": "Active", "STOP_DSCR": "Totem" }, "geometry": { "type": "Point", "coordinates": [ 18.385648242959988, -33.919522680928118 ] } },
{ "type": "Feature", "properties": { "OBJECTID": 104, "STOP_NAME": "Kei Apple 1", "STOP_TYPE": "Existing IRT Stop", "STOP_STS": "Active", "STOP_DSCR": "Totem" }, "geometry": { "type": "Point", "coordinates": [ 18.383132959866078, -33.921199909301265 ] } },
{ "type": "Feature", "properties": { "OBJECTID": 105, "STOP_NAME": "Kei Apple 2", "STOP_TYPE": "Existing IRT Stop", "STOP_STS": "Active", "STOP_DSCR": "Full Shelter" }, "geometry": { "type": "Point", "coordinates": [ 18.383517663709121, -33.920826291831823 ] } },
{ "type": "Feature", "properties": { "OBJECTID": 106, "STOP_NAME": "Paarden Eiland 1", "STOP_TYPE": "IRT Station", "STOP_STS": "Active", "STOP_DSCR": "Station" }, "geometry": { "type": "Point", "coordinates": [ 18.467053574217076, -33.917942329426147 ] } },
{ "type": "Feature", "properties": { "OBJECTID": 107, "STOP_NAME": "Paarden Eiland 2", "STOP_TYPE": "IRT Station", "STOP_STS": "Active", "STOP_DSCR": "Station" }, "geometry": { "type": "Point", "coordinates": [ 18.467296119211021, -33.917763420136993 ] } },
{ "type": "Feature", "properties": { "OBJECTID": 108, "STOP_NAME": "Tramway 1", "STOP_TYPE": "Existing IRT Stop", "STOP_STS": "Active", "STOP_DSCR": "Totem" }, "geometry": { "type": "Point", "coordinates": [ 18.381263626383554, -33.922238944970864 ] } },
{ "type": "Feature", "properties": { "OBJECTID": 109, "STOP_NAME": "Tramway 2", "STOP_TYPE": "Existing IRT Stop", "STOP_STS": "Active", "STOP_DSCR": "Cantilever Shelter" }, "geometry": { "type": "Point", "coordinates": [ 18.381722605361912, -33.92190060795329 ] } },
{ "type": "Feature", "properties": { "OBJECTID": 110, "STOP_NAME": "Queens 1", "STOP_TYPE": "Existing IRT Stop", "STOP_STS": "Active", "STOP_DSCR": "Cantilever Shelter" }, "geometry": { "type": "Point", "coordinates": [ 18.379431901029168, -33.921840973783254 ] } },
{ "type": "Feature", "properties": { "OBJECTID": 111, "STOP_NAME": "Koosani 1", "STOP_TYPE": "Existing IRT Stop", "STOP_STS": "Active", "STOP_DSCR": "Cantilever Shelter" }, "geometry": { "type": "Point", "coordinates": [ 18.379530715984252, -33.924420093640492 ] } },
{ "type": "Feature", "properties": { "OBJECTID": 112, "STOP_NAME": "Koosani 2", "STOP_TYPE": "Existing IRT Stop", "STOP_STS": "Active", "STOP_DSCR": "Cantilever Shelter" }, "geometry": { "type": "Point", "coordinates": [ 18.379961907074254, -33.923972852933709 ] } },
{ "type": "Feature", "properties": { "OBJECTID": 113, "STOP_NAME": "Bantry Bay 1", "STOP_TYPE": "Existing IRT Stop", "STOP_STS": "Active", "STOP_DSCR": "Totem" }, "geometry": { "type": "Point", "coordinates": [ 18.37897376000095, -33.926522093218672 ] } },
{ "type": "Feature", "properties": { "OBJECTID": 114, "STOP_NAME": "Bantry Bay 2", "STOP_TYPE": "Existing IRT Stop", "STOP_STS": "Active", "STOP_DSCR": "Red Totem" }, "geometry": { "type": "Point", "coordinates": [ 18.378578501154614, -33.926999136412128 ] } },
{ "type": "Feature", "properties": { "OBJECTID": 115, "STOP_NAME": "Clifton 1", "STOP_TYPE": "Existing IRT Stop", "STOP_STS": "Active", "STOP_DSCR": "Totem" }, "geometry": { "type": "Point", "coordinates": [ 18.378210191793933, -33.933677448354857 ] } },
{ "type": "Feature", "properties": { "OBJECTID": 116, "STOP_NAME": "Clifton 2", "STOP_TYPE": "Existing IRT Stop", "STOP_STS": "Active", "STOP_DSCR": "Totem" }, "geometry": { "type": "Point", "coordinates": [ 18.378102393987039, -33.933468758109974 ] } },
{ "type": "Feature", "properties": { "OBJECTID": 117, "STOP_NAME": "Clifton 2nd 1", "STOP_TYPE": "Existing IRT Stop", "STOP_STS": "Active", "STOP_DSCR": "Totem" }, "geometry": { "type": "Point", "coordinates": [ 18.378300024483593, -33.937471031719873 ] } },
{ "type": "Feature", "properties": { "OBJECTID": 118, "STOP_NAME": "Clifton 2nd 2", "STOP_TYPE": "Existing IRT Stop", "STOP_STS": "Active", "STOP_DSCR": "Totem" }, "geometry": { "type": "Point", "coordinates": [ 18.378291041161607, -33.936971690143807 ] } },
{ "type": "Feature", "properties": { "OBJECTID": 119, "STOP_NAME": "Neptune 1", "STOP_TYPE": "IRT Station", "STOP_STS": "Active", "STOP_DSCR": "Station" }, "geometry": { "type": "Point", "coordinates": [ 18.469559872844425, -33.915064821434285 ] } },
{ "type": "Feature", "properties": { "OBJECTID": 120, "STOP_NAME": "Neptune 2", "STOP_TYPE": "IRT Station", "STOP_STS": "Active", "STOP_DSCR": "Station" }, "geometry": { "type": "Point", "coordinates": [ 18.46985631736392, -33.914952999169692 ] } },
{ "type": "Feature", "properties": { "OBJECTID": 121, "STOP_NAME": "Clifton 3rd 1", "STOP_TYPE": "Existing IRT Stop", "STOP_STS": "Active", "STOP_DSCR": "Cantilever Shelter" }, "geometry": { "type": "Point", "coordinates": [ 18.377455606803245, -33.939848457554035 ] } },
{ "type": "Feature", "properties": { "OBJECTID": 122, "STOP_NAME": "Clifton 3rd 2", "STOP_TYPE": "Existing IRT Stop", "STOP_STS": "Active", "STOP_DSCR": "Cantilever Shelter" }, "geometry": { "type": "Point", "coordinates": [ 18.377132213824741, -33.940101846566975 ] } },
{ "type": "Feature", "properties": { "OBJECTID": 123, "STOP_NAME": "Clifton 4th 1", "STOP_TYPE": "Existing IRT Stop", "STOP_STS": "Active", "STOP_DSCR": "Totem" }, "geometry": { "type": "Point", "coordinates": [ 18.375794734531439, -33.941538496042213 ] } },
{ "type": "Feature", "properties": { "OBJECTID": 124, "STOP_NAME": "Clifton 4th 2", "STOP_TYPE": "Existing IRT Stop", "STOP_STS": "Active", "STOP_DSCR": "Full Shelter" }, "geometry": { "type": "Point", "coordinates": [ 18.3754313712341, -33.941723900654942 ] } },
{ "type": "Feature", "properties": { "OBJECTID": 125, "STOP_NAME": "Maiden's Cove 1", "STOP_TYPE": "Existing IRT Stop", "STOP_STS": "Active", "STOP_DSCR": "Full Shelter" }, "geometry": { "type": "Point", "coordinates": [ 18.376736955316129, -33.944722345041271 ] } },
{ "type": "Feature", "properties": { "OBJECTID": 126, "STOP_NAME": "Maiden's Cove 2", "STOP_TYPE": "Existing IRT Stop", "STOP_STS": "Active", "STOP_DSCR": "Cantilever Shelter" }, "geometry": { "type": "Point", "coordinates": [ 18.376242881942773, -33.944290115634736 ] } },
{ "type": "Feature", "properties": { "OBJECTID": 127, "STOP_NAME": "Glen Beach 1", "STOP_TYPE": "Existing IRT Stop", "STOP_STS": "Active", "STOP_DSCR": "Totem" }, "geometry": { "type": "Point", "coordinates": [ 18.378982743232161, -33.948560149094845 ] } },
{ "type": "Feature", "properties": { "OBJECTID": 128, "STOP_NAME": "Glen Beach 2", "STOP_TYPE": "Existing IRT Stop", "STOP_STS": "Active", "STOP_DSCR": "Full Shelter" }, "geometry": { "type": "Point", "coordinates": [ 18.37862341731649, -33.947010144120824 ] } },
{ "type": "Feature", "properties": { "OBJECTID": 129, "STOP_NAME": "Camps Bay 1", "STOP_TYPE": "Existing IRT Stop", "STOP_STS": "Active", "STOP_DSCR": "Full Shelter" }, "geometry": { "type": "Point", "coordinates": [ 18.378237142461479, -33.951280040594973 ] } },
{ "type": "Feature", "properties": { "OBJECTID": 130, "STOP_NAME": "Camps Bay 2", "STOP_TYPE": "Existing IRT Stop", "STOP_STS": "Active", "STOP_DSCR": "Extended Shelter" }, "geometry": { "type": "Point", "coordinates": [ 18.378830871385397, -33.949936700476449 ] } },
{ "type": "Feature", "properties": { "OBJECTID": 131, "STOP_NAME": "Section 1", "STOP_TYPE": "IRT Station", "STOP_STS": "Active", "STOP_DSCR": "Station" }, "geometry": { "type": "Point", "coordinates": [ 18.472461432435839, -33.911948653744041 ] } },
{ "type": "Feature", "properties": { "OBJECTID": 132, "STOP_NAME": "Section 2", "STOP_TYPE": "IRT Station", "STOP_STS": "Active", "STOP_DSCR": "Station" }, "geometry": { "type": "Point", "coordinates": [ 18.472668044062754, -33.911747366855607 ] } },
{ "type": "Feature", "properties": { "OBJECTID": 133, "STOP_NAME": "Whale Rock 1", "STOP_TYPE": "Existing IRT Stop", "STOP_STS": "Active", "STOP_DSCR": "Extended Shelter" }, "geometry": { "type": "Point", "coordinates": [ 18.376863197773911, -33.953480179869722 ] } },
{ "type": "Feature", "properties": { "OBJECTID": 134, "STOP_NAME": "Whale Rock 2", "STOP_TYPE": "Existing IRT Stop", "STOP_STS": "Active", "STOP_DSCR": "Cantilever Shelter" }, "geometry": { "type": "Point", "coordinates": [ 18.376598816388906, -33.955083421122033 ] } },
{ "type": "Feature", "properties": { "OBJECTID": 135, "STOP_NAME": "Barley Bay 1", "STOP_TYPE": "Existing IRT Stop", "STOP_STS": "Active", "STOP_DSCR": "Totem" }, "geometry": { "type": "Point", "coordinates": [ 18.376952550500594, -33.959208216951545 ] } },
{ "type": "Feature", "properties": { "OBJECTID": 136, "STOP_NAME": "Barley Bay 2", "STOP_TYPE": "Existing IRT Stop", "STOP_STS": "Active", "STOP_DSCR": "Cantilever Shelter" }, "geometry": { "type": "Point", "coordinates": [ 18.37724382854854, -33.958844715424362 ] } },
{ "type": "Feature", "properties": { "OBJECTID": 137, "STOP_NAME": "Bakoven 1", "STOP_TYPE": "Existing IRT Stop", "STOP_STS": "Active", "STOP_DSCR": "Full Shelter" }, "geometry": { "type": "Point", "coordinates": [ 18.373723899665613, -33.963087970750728 ] } },
{ "type": "Feature", "properties": { "OBJECTID": 138, "STOP_NAME": "Bakoven 2", "STOP_TYPE": "Existing IRT Stop", "STOP_STS": "Active", "STOP_DSCR": "Totem" }, "geometry": { "type": "Point", "coordinates": [ 18.37366896156092, -33.962916375150726 ] } },
{ "type": "Feature", "properties": { "OBJECTID": 139, "STOP_NAME": "Koeël Bay 1", "STOP_TYPE": "Existing IRT Stop", "STOP_STS": "Active", "STOP_DSCR": "Totem" }, "geometry": { "type": "Point", "coordinates": [ 18.371616557597651, -33.970927747314555 ] } },
{ "type": "Feature", "properties": { "OBJECTID": 140, "STOP_NAME": "Koeël Bay 2", "STOP_TYPE": "Existing IRT Stop", "STOP_STS": "Active", "STOP_DSCR": "Totem" }, "geometry": { "type": "Point", "coordinates": [ 18.371329097093394, -33.970361551242497 ] } },
{ "type": "Feature", "properties": { "OBJECTID": 141, "STOP_NAME": "Vrystaat 1", "STOP_TYPE": "IRT Station", "STOP_STS": "Active", "STOP_DSCR": "Station" }, "geometry": { "type": "Point", "coordinates": [ 18.476467917744554, -33.907371110567652 ] } },
{ "type": "Feature", "properties": { "OBJECTID": 142, "STOP_NAME": "Vrystaat 2", "STOP_TYPE": "IRT Station", "STOP_STS": "Active", "STOP_DSCR": "Station" }, "geometry": { "type": "Point", "coordinates": [ 18.476710462474106, -33.907430754202487 ] } },
{ "type": "Feature", "properties": { "OBJECTID": 143, "STOP_NAME": "Oudekraal 1", "STOP_TYPE": "Existing IRT Stop", "STOP_STS": "Active", "STOP_DSCR": "Totem" }, "geometry": { "type": "Point", "coordinates": [ 18.350578013900751, -33.988433254987818 ] } },
{ "type": "Feature", "properties": { "OBJECTID": 144, "STOP_NAME": "Oudekraal 2", "STOP_TYPE": "Existing IRT Stop", "STOP_STS": "Active", "STOP_DSCR": "Totem" }, "geometry": { "type": "Point", "coordinates": [ 18.351386498311292, -33.988202354277973 ] } },
{ "type": "Feature", "properties": { "OBJECTID": 145, "STOP_NAME": "Llandudno 1", "STOP_TYPE": "Existing IRT Stop", "STOP_STS": "Active", "STOP_DSCR": "Full Shelter" }, "geometry": { "type": "Point", "coordinates": [ 18.347532725037112, -34.005659622750485 ] } },
{ "type": "Feature", "properties": { "OBJECTID": 146, "STOP_NAME": "Llandudno 2", "STOP_TYPE": "Existing IRT Stop", "STOP_STS": "Active", "STOP_DSCR": "Cantilever Shelter" }, "geometry": { "type": "Point", "coordinates": [ 18.347376023379308, -34.006630001657534 ] } },
{ "type": "Feature", "properties": { "OBJECTID": 147, "STOP_NAME": "Ruyterplaats 1", "STOP_TYPE": "Existing IRT Stop", "STOP_STS": "Active", "STOP_DSCR": "Full Shelter" }, "geometry": { "type": "Point", "coordinates": [ 18.35019173746155, -34.014319896761634 ] } },
{ "type": "Feature", "properties": { "OBJECTID": 148, "STOP_NAME": "Ruyterplaats 2", "STOP_TYPE": "Existing IRT Stop", "STOP_STS": "Active", "STOP_DSCR": "Full Shelter" }, "geometry": { "type": "Point", "coordinates": [ 18.349931227243495, -34.013552943857547 ] } },
{ "type": "Feature", "properties": { "OBJECTID": 149, "STOP_NAME": "Mount Rhodes 1", "STOP_TYPE": "Existing IRT Stop", "STOP_STS": "Active", "STOP_DSCR": "Full Shelter" }, "geometry": { "type": "Point", "coordinates": [ 18.351366737194251, -34.019961291141094 ] } },
{ "type": "Feature", "properties": { "OBJECTID": 150, "STOP_NAME": "Mount Rhodes 2", "STOP_TYPE": "Existing IRT Stop", "STOP_STS": "Active", "STOP_DSCR": "Totem" }, "geometry": { "type": "Point", "coordinates": [ 18.351114072586789, -34.0195271729106 ] } },
{ "type": "Feature", "properties": { "OBJECTID": 151, "STOP_NAME": "Helgarda 1", "STOP_TYPE": "Existing IRT Stop", "STOP_STS": "Active", "STOP_DSCR": "Totem" }, "geometry": { "type": "Point", "coordinates": [ 18.349616816502692, -34.027989863715007 ] } },
{ "type": "Feature", "properties": { "OBJECTID": 152, "STOP_NAME": "Helgarda 2", "STOP_TYPE": "Existing IRT Stop", "STOP_STS": "Active", "STOP_DSCR": "Full Shelter" }, "geometry": { "type": "Point", "coordinates": [ 18.34960381831258, -34.027617159552491 ] } },
{ "type": "Feature", "properties": { "OBJECTID": 153, "STOP_NAME": "Zoarvlei 1", "STOP_TYPE": "IRT Station", "STOP_STS": "Active", "STOP_DSCR": "Station" }, "geometry": { "type": "Point", "coordinates": [ 18.480878646429364, -33.900601263919263 ] } },
{ "type": "Feature", "properties": { "OBJECTID": 154, "STOP_NAME": "Zoarvlei 2", "STOP_TYPE": "IRT Station", "STOP_STS": "Active", "STOP_DSCR": "Station" }, "geometry": { "type": "Point", "coordinates": [ 18.481076274534331, -33.900653455927625 ] } },
{ "type": "Feature", "properties": { "OBJECTID": 155, "STOP_NAME": "Valley 1", "STOP_TYPE": "Existing IRT Stop", "STOP_STS": "Active", "STOP_DSCR": "Full Shelter" }, "geometry": { "type": "Point", "coordinates": [ 18.351602092494758, -34.030372203695734 ] } },
{ "type": "Feature", "properties": { "OBJECTID": 156, "STOP_NAME": "Valley 2", "STOP_TYPE": "Existing IRT Stop", "STOP_STS": "Active", "STOP_DSCR": "Full Shelter" }, "geometry": { "type": "Point", "coordinates": [ 18.351161919306403, -34.030506209229387 ] } },
{ "type": "Feature", "properties": { "OBJECTID": 157, "STOP_NAME": "Imizamo Yethu 1", "STOP_TYPE": "Existing IRT Stop with Temporary Pole", "STOP_STS": "Active", "STOP_DSCR": "Temp Pole" }, "geometry": { "type": "Point", "coordinates": [ 18.355150439395658, -34.029821293966471 ] } },
{ "type": "Feature", "properties": { "OBJECTID": 158, "STOP_NAME": "Imizamo Yethu 2", "STOP_TYPE": "Existing IRT Stop with Temporary Pole", "STOP_STS": "Active", "STOP_DSCR": "Temp Pole" }, "geometry": { "type": "Point", "coordinates": [ 18.355572646838617, -34.029977634148281 ] } },
{ "type": "Feature", "properties": { "OBJECTID": 159, "STOP_NAME": "Berg-en-dal 1", "STOP_TYPE": "Existing IRT Stop", "STOP_STS": "Active", "STOP_DSCR": "Totem" }, "geometry": { "type": "Point", "coordinates": [ 18.357553604887791, -34.03721511664061 ] } },
{ "type": "Feature", "properties": { "OBJECTID": 160, "STOP_NAME": "Berg-en-dal 2", "STOP_TYPE": "Existing IRT Stop", "STOP_STS": "Active", "STOP_DSCR": "Full Shelter" }, "geometry": { "type": "Point", "coordinates": [ 18.357095411381877, -34.036624112238343 ] } },
{ "type": "Feature", "properties": { "OBJECTID": 161, "STOP_NAME": "Scott 1", "STOP_TYPE": "Existing IRT Stop", "STOP_STS": "Active", "STOP_DSCR": "Full Shelter" }, "geometry": { "type": "Point", "coordinates": [ 18.359022178468255, -34.039781791764568 ] } },
{ "type": "Feature", "properties": { "OBJECTID": 162, "STOP_NAME": "Scott 2", "STOP_TYPE": "Existing IRT Stop", "STOP_STS": "Active", "STOP_DSCR": "Full Shelter" }, "geometry": { "type": "Point", "coordinates": [ 18.358761665889791, -34.039521256279272 ] } },
{ "type": "Feature", "properties": { "OBJECTID": 163, "STOP_NAME": "Mainstream 1", "STOP_TYPE": "Existing IRT Stop", "STOP_STS": "Active", "STOP_DSCR": "Totem" }, "geometry": { "type": "Point", "coordinates": [ 18.359528466814844, -34.042665143937228 ] } },
{ "type": "Feature", "properties": { "OBJECTID": 164, "STOP_NAME": "Mainstream 2", "STOP_TYPE": "Existing IRT Stop", "STOP_STS": "Active", "STOP_DSCR": "Totem" }, "geometry": { "type": "Point", "coordinates": [ 18.359363537763738, -34.042617864392795 ] } },
{ "type": "Feature", "properties": { "OBJECTID": 165, "STOP_NAME": "Lagoon Beach 1", "STOP_TYPE": "IRT Station", "STOP_STS": "Active", "STOP_DSCR": "Station" }, "geometry": { "type": "Point", "coordinates": [ 18.485388189540277, -33.891549109011429 ] } },
{ "type": "Feature", "properties": { "OBJECTID": 166, "STOP_NAME": "Lagoon Beach 2", "STOP_TYPE": "IRT Station", "STOP_STS": "Active", "STOP_DSCR": "Station" }, "geometry": { "type": "Point", "coordinates": [ 18.485361239174907, -33.891757900638844 ] } },
{ "type": "Feature", "properties": { "OBJECTID": 167, "STOP_NAME": "Hout Bay 1", "STOP_TYPE": "Existing IRT Stop", "STOP_STS": "Active", "STOP_DSCR": "Cantilever Shelter" }, "geometry": { "type": "Point", "coordinates": [ 18.359264722980733, -34.045260311910226 ] } },
{ "type": "Feature", "properties": { "OBJECTID": 168, "STOP_NAME": "Daphne 1", "STOP_TYPE": "Existing IRT Stop", "STOP_STS": "Active", "STOP_DSCR": "Totem" }, "geometry": { "type": "Point", "coordinates": [ 18.348134742851112, -34.033596721143084 ] } },
{ "type": "Feature", "properties": { "OBJECTID": 169, "STOP_NAME": "Daphne 2", "STOP_TYPE": "Existing IRT Stop", "STOP_STS": "Active", "STOP_DSCR": "Full Shelter" }, "geometry": { "type": "Point", "coordinates": [ 18.348015813359037, -34.032640168641471 ] } },
{ "type": "Feature", "properties": { "OBJECTID": 170, "STOP_NAME": "Lancaster 1", "STOP_TYPE": "Existing IRT Stop", "STOP_STS": "Active", "STOP_DSCR": "Full Shelter" }, "geometry": { "type": "Point", "coordinates": [ 18.349302405681492, -34.03655108625302 ] } },
{ "type": "Feature", "properties": { "OBJECTID": 171, "STOP_NAME": "Lancaster 2", "STOP_TYPE": "Existing IRT Stop", "STOP_STS": "Active", "STOP_DSCR": "Full Shelter" }, "geometry": { "type": "Point", "coordinates": [ 18.349185624462681, -34.03640964692471 ] } },
{ "type": "Feature", "properties": { "OBJECTID": 172, "STOP_NAME": "Oxford Earl 1", "STOP_TYPE": "Existing IRT Stop", "STOP_STS": "Active", "STOP_DSCR": "Totem" }, "geometry": { "type": "Point", "coordinates": [ 18.35010881754021, -34.039710711234676 ] } },
{ "type": "Feature", "properties": { "OBJECTID": 173, "STOP_NAME": "Oxford Earl 2", "STOP_TYPE": "Existing IRT Stop", "STOP_STS": "Active", "STOP_DSCR": "Cantilever Shelter" }, "geometry": { "type": "Point", "coordinates": [ 18.35006165364096, -34.039988973340556 ] } },
{ "type": "Feature", "properties": { "OBJECTID": 174, "STOP_NAME": "Lower Victoria 1", "STOP_TYPE": "Existing IRT Stop", "STOP_STS": "Active", "STOP_DSCR": "Totem" }, "geometry": { "type": "Point", "coordinates": [ 18.350577719506678, -34.043166414785063 ] } },
{ "type": "Feature", "properties": { "OBJECTID": 175, "STOP_NAME": "Lower Victoria 2", "STOP_TYPE": "Existing IRT Stop", "STOP_STS": "Active", "STOP_DSCR": "Cantilever Shelter" }, "geometry": { "type": "Point", "coordinates": [ 18.350473877551572, -34.042966830542618 ] } },
{ "type": "Feature", "properties": { "OBJECTID": 176, "STOP_NAME": "Woodbridge 1", "STOP_TYPE": "IRT Station", "STOP_STS": "Active", "STOP_DSCR": "Station" }, "geometry": { "type": "Point", "coordinates": [ 18.491308085575238, -33.883241755365283 ] } },
{ "type": "Feature", "properties": { "OBJECTID": 177, "STOP_NAME": "Woodbridge 2", "STOP_TYPE": "IRT Station", "STOP_STS": "Active", "STOP_DSCR": "Station" }, "geometry": { "type": "Point", "coordinates": [ 18.491379952373183, -33.883450567122694 ] } },
{ "type": "Feature", "properties": { "OBJECTID": 178, "STOP_NAME": "Northshore 1", "STOP_TYPE": "Existing IRT Stop", "STOP_STS": "Active", "STOP_DSCR": "Totem" }, "geometry": { "type": "Point", "coordinates": [ 18.34850290622531, -34.046659659683385 ] } },
{ "type": "Feature", "properties": { "OBJECTID": 179, "STOP_NAME": "Northshore 2", "STOP_TYPE": "Existing IRT Stop", "STOP_STS": "Active", "STOP_DSCR": "Full Shelter" }, "geometry": { "type": "Point", "coordinates": [ 18.347937619466514, -34.047005571134747 ] } },
{ "type": "Feature", "properties": { "OBJECTID": 180, "STOP_NAME": "Fishmarket 1", "STOP_TYPE": "Existing IRT Stop", "STOP_STS": "Active", "STOP_DSCR": "Totem" }, "geometry": { "type": "Point", "coordinates": [ 18.345579808440007, -34.049252322928787 ] } },
{ "type": "Feature", "properties": { "OBJECTID": 181, "STOP_NAME": "Fishmarket 2", "STOP_TYPE": "Existing IRT Stop", "STOP_STS": "Active", "STOP_DSCR": "Full Shelter" }, "geometry": { "type": "Point", "coordinates": [ 18.345428590619392, -34.0492613433019 ] } },
{ "type": "Feature", "properties": { "OBJECTID": 182, "STOP_NAME": "Atlantic Skipper 1", "STOP_TYPE": "Existing IRT Stop", "STOP_STS": "Active", "STOP_DSCR": "Totem" }, "geometry": { "type": "Point", "coordinates": [ 18.346418814275417, -34.054497070129308 ] } },
{ "type": "Feature", "properties": { "OBJECTID": 183, "STOP_NAME": "Atlantic Skipper 2", "STOP_TYPE": "Existing IRT Stop", "STOP_STS": "Active", "STOP_DSCR": "Cantilever Shelter" }, "geometry": { "type": "Point", "coordinates": [ 18.346524061328534, -34.054796649521457 ] } },
{ "type": "Feature", "properties": { "OBJECTID": 184, "STOP_NAME": "Oceana 1", "STOP_TYPE": "Existing IRT Stop", "STOP_STS": "Active", "STOP_DSCR": "Totem" }, "geometry": { "type": "Point", "coordinates": [ 18.344708339712113, -34.055841131015477 ] } },
{ "type": "Feature", "properties": { "OBJECTID": 185, "STOP_NAME": "Oceana 2", "STOP_TYPE": "Existing IRT Stop", "STOP_STS": "Active", "STOP_DSCR": "Full Shelter" }, "geometry": { "type": "Point", "coordinates": [ 18.345331852817111, -34.056350254020458 ] } },
{ "type": "Feature", "properties": { "OBJECTID": 186, "STOP_NAME": "Bayview", "STOP_TYPE": "Existing IRT Stop", "STOP_STS": "Active", "STOP_DSCR": "Cantilever Shelter" }, "geometry": { "type": "Point", "coordinates": [ 18.341498347382714, -34.05394446805694 ] } },
{ "type": "Feature", "properties": { "OBJECTID": 187, "STOP_NAME": "Hangberg 2", "STOP_TYPE": "Existing IRT Stop", "STOP_STS": "Active", "STOP_DSCR": "Extended Shelter" }, "geometry": { "type": "Point", "coordinates": [ 18.342133849607574, -34.05423657920867 ] } },
{ "type": "Feature", "properties": { "OBJECTID": 188, "STOP_NAME": "Marlin 1", "STOP_TYPE": "New IRT Stop with Temporary Pole", "STOP_STS": "Active", "STOP_DSCR": "Totem" }, "geometry": { "type": "Point", "coordinates": [ 18.341451131367634, -34.052748043119976 ] } },
{ "type": "Feature", "properties": { "OBJECTID": 189, "STOP_NAME": "Milnerton 1", "STOP_TYPE": "IRT Station", "STOP_STS": "Active", "STOP_DSCR": "Station" }, "geometry": { "type": "Point", "coordinates": [ 18.495143892484474, -33.872293307310166 ] } },
{ "type": "Feature", "properties": { "OBJECTID": 190, "STOP_NAME": "Milnerton 2", "STOP_TYPE": "IRT Station", "STOP_STS": "Active", "STOP_DSCR": "Station" }, "geometry": { "type": "Point", "coordinates": [ 18.495700847726269, -33.871614576726174 ] } },
{ "type": "Feature", "properties": { "OBJECTID": 191, "STOP_NAME": "Waterfront Silo 1", "STOP_TYPE": "Existing IRT Stop", "STOP_STS": "Active", "STOP_DSCR": "Cantilever Shelter" }, "geometry": { "type": "Point", "coordinates": [ 18.423409517475559, -33.909460558700786 ] } },
{ "type": "Feature", "properties": { "OBJECTID": 192, "STOP_NAME": "Amsterdam 1", "STOP_TYPE": "Existing IRT Stop", "STOP_STS": "Active", "STOP_DSCR": "Totem" }, "geometry": { "type": "Point", "coordinates": [ 18.422892394036925, -33.912619608787821 ] } },
{ "type": "Feature", "properties": { "OBJECTID": 193, "STOP_NAME": "Convention Centre 1", "STOP_TYPE": "Existing IRT Stop", "STOP_STS": "Active", "STOP_DSCR": "Totem" }, "geometry": { "type": "Point", "coordinates": [ 18.427096509750623, -33.916898684707469 ] } },
{ "type": "Feature", "properties": { "OBJECTID": 194, "STOP_NAME": "Convention Centre 2", "STOP_TYPE": "Existing IRT Stop", "STOP_STS": "Active", "STOP_DSCR": "Totem" }, "geometry": { "type": "Point", "coordinates": [ 18.426647351525634, -33.916399221574125 ] } },
{ "type": "Feature", "properties": { "OBJECTID": 195, "STOP_NAME": "Racecourse 1", "STOP_TYPE": "IRT Station", "STOP_STS": "Active", "STOP_DSCR": "Station" }, "geometry": { "type": "Point", "coordinates": [ 18.500363105156264, -33.861343455046779 ] } },
{ "type": "Feature", "properties": { "OBJECTID": 196, "STOP_NAME": "Racecourse 2", "STOP_TYPE": "IRT Station", "STOP_STS": "Active", "STOP_DSCR": "Station" }, "geometry": { "type": "Point", "coordinates": [ 18.500327172324631, -33.861552321167103 ] } },
{ "type": "Feature", "properties": { "OBJECTID": 197, "STOP_NAME": "Groote Kerk 1", "STOP_TYPE": "Existing IRT Stop", "STOP_STS": "Active", "STOP_DSCR": "Totem" }, "geometry": { "type": "Point", "coordinates": [ 18.421185595496691, -33.924002668873342 ] } },
{ "type": "Feature", "properties": { "OBJECTID": 198, "STOP_NAME": "Groote Kerk 2", "STOP_TYPE": "Existing IRT Stop", "STOP_STS": "Active", "STOP_DSCR": "Totem" }, "geometry": { "type": "Point", "coordinates": [ 18.421311360011281, -33.923697054261936 ] } },
{ "type": "Feature", "properties": { "OBJECTID": 199, "STOP_NAME": "Upper Long 1", "STOP_TYPE": "Existing IRT Stop", "STOP_STS": "Active", "STOP_DSCR": "Totem" }, "geometry": { "type": "Point", "coordinates": [ 18.414636877068315, -33.926544455295769 ] } },
{ "type": "Feature", "properties": { "OBJECTID": 200, "STOP_NAME": "Lower Kloof 1", "STOP_TYPE": "Existing IRT Stop", "STOP_STS": "Active", "STOP_DSCR": "Cantilever Shelter" }, "geometry": { "type": "Point", "coordinates": [ 18.412094567369941, -33.928643658086983 ] } },
{ "type": "Feature", "properties": { "OBJECTID": 201, "STOP_NAME": "Lower Kloof 2", "STOP_TYPE": "Existing IRT Stop", "STOP_STS": "Active", "STOP_DSCR": "Cantilever Shelter" }, "geometry": { "type": "Point", "coordinates": [ 18.412131515885957, -33.928518197237288 ] } },
{ "type": "Feature", "properties": { "OBJECTID": 202, "STOP_NAME": "Ludwig's Garden 1", "STOP_TYPE": "Existing IRT Stop", "STOP_STS": "Active", "STOP_DSCR": "Full Shelter" }, "geometry": { "type": "Point", "coordinates": [ 18.409379593885856, -33.930019332251007 ] } },
{ "type": "Feature", "properties": { "OBJECTID": 203, "STOP_NAME": "Ludwig's Garden 2", "STOP_TYPE": "Existing IRT Stop", "STOP_STS": "Active", "STOP_DSCR": "Cantilever Shelter" }, "geometry": { "type": "Point", "coordinates": [ 18.410064452204043, -33.930383077609669 ] } },
{ "type": "Feature", "properties": { "OBJECTID": 204, "STOP_NAME": "Kew 1", "STOP_TYPE": "Existing IRT Stop", "STOP_STS": "Active", "STOP_DSCR": "Temp Pole" }, "geometry": { "type": "Point", "coordinates": [ 18.402437755527298, -33.937083483155618 ] } },
{ "type": "Feature", "properties": { "OBJECTID": 205, "STOP_NAME": "Belle Ombre 1", "STOP_TYPE": "Existing IRT Stop", "STOP_STS": "Active", "STOP_DSCR": "Totem" }, "geometry": { "type": "Point", "coordinates": [ 18.407243741937723, -33.93062158935939 ] } },
{ "type": "Feature", "properties": { "OBJECTID": 206, "STOP_NAME": "Belle Ombre 2", "STOP_TYPE": "Existing IRT Stop", "STOP_STS": "Active", "STOP_DSCR": "Full Shelter" }, "geometry": { "type": "Point", "coordinates": [ 18.406866606205284, -33.930844703330735 ] } },
{ "type": "Feature", "properties": { "OBJECTID": 207, "STOP_NAME": "Sunset Beach 1", "STOP_TYPE": "IRT Station", "STOP_STS": "Active", "STOP_DSCR": "Station" }, "geometry": { "type": "Point", "coordinates": [ 18.496410516610272, -33.853973144984572 ] } },
{ "type": "Feature", "properties": { "OBJECTID": 208, "STOP_NAME": "Sunset Beach 2", "STOP_TYPE": "IRT Station", "STOP_STS": "Active", "STOP_DSCR": "Station" }, "geometry": { "type": "Point", "coordinates": [ 18.496527297643397, -33.854182029054769 ] } },
{ "type": "Feature", "properties": { "OBJECTID": 209, "STOP_NAME": "St Michael's 1", "STOP_TYPE": "Existing IRT Stop", "STOP_STS": "Active", "STOP_DSCR": "Totem" }, "geometry": { "type": "Point", "coordinates": [ 18.404329783207402, -33.933298898482917 ] } },
{ "type": "Feature", "properties": { "OBJECTID": 210, "STOP_NAME": "St Michael's 2", "STOP_TYPE": "Existing IRT Stop", "STOP_STS": "Active", "STOP_DSCR": "Full Shelter" }, "geometry": { "type": "Point", "coordinates": [ 18.404726079483826, -33.932798091725182 ] } },
{ "type": "Feature", "properties": { "OBJECTID": 211, "STOP_NAME": "Higgo 1", "STOP_TYPE": "New IRT Stop with Temporary Pole", "STOP_STS": "Active", "STOP_DSCR": "Temp Pole" }, "geometry": { "type": "Point", "coordinates": [ 18.397312498250464, -33.939189236287568 ] } },
{ "type": "Feature", "properties": { "OBJECTID": 212, "STOP_NAME": "Cotswold 1", "STOP_TYPE": "Existing IRT Stop", "STOP_STS": "Active", "STOP_DSCR": "Totem" }, "geometry": { "type": "Point", "coordinates": [ 18.401764018491242, -33.935399114619777 ] } },
{ "type": "Feature", "properties": { "OBJECTID": 213, "STOP_NAME": "Cotswold 2", "STOP_TYPE": "Existing IRT Stop", "STOP_STS": "Active", "STOP_DSCR": "Full Shelter" }, "geometry": { "type": "Point", "coordinates": [ 18.401988597821685, -33.935123351728365 ] } },
{ "type": "Feature", "properties": { "OBJECTID": 214, "STOP_NAME": "Kloof Nek 1", "STOP_TYPE": "Existing IRT Stop", "STOP_STS": "Active", "STOP_DSCR": "Full Shelter" }, "geometry": { "type": "Point", "coordinates": [ 18.395106031965092, -33.942038062607324 ] } },
{ "type": "Feature", "properties": { "OBJECTID": 215, "STOP_NAME": "Kloof Nek 2", "STOP_TYPE": "Existing IRT Stop", "STOP_STS": "Active", "STOP_DSCR": "Cantilever Shelter" }, "geometry": { "type": "Point", "coordinates": [ 18.394738964367942, -33.941963470712835 ] } },
{ "type": "Feature", "properties": { "OBJECTID": 216, "STOP_NAME": "Platteklip 1", "STOP_TYPE": "Existing IRT Stop", "STOP_STS": "Active", "STOP_DSCR": "Full Shelter" }, "geometry": { "type": "Point", "coordinates": [ 18.387238260492133, -33.956622699397833 ] } },
{ "type": "Feature", "properties": { "OBJECTID": 217, "STOP_NAME": "Dal 1", "STOP_TYPE": "Existing IRT Stop", "STOP_STS": "Active", "STOP_DSCR": "Totem" }, "geometry": { "type": "Point", "coordinates": [ 18.391927467518236, -33.946719515007388 ] } },
{ "type": "Feature", "properties": { "OBJECTID": 218, "STOP_NAME": "Prima 1", "STOP_TYPE": "Existing IRT Stop", "STOP_STS": "Active", "STOP_DSCR": "Totem" }, "geometry": { "type": "Point", "coordinates": [ 18.38719334476836, -33.955013230639551 ] } },
{ "type": "Feature", "properties": { "OBJECTID": 219, "STOP_NAME": "Table View 1", "STOP_TYPE": "IRT Station", "STOP_STS": "Active", "STOP_DSCR": "Station" }, "geometry": { "type": "Point", "coordinates": [ 18.488711954670919, -33.82461987517619 ] } },
{ "type": "Feature", "properties": { "OBJECTID": 220, "STOP_NAME": "Table View 3", "STOP_TYPE": "Existing IRT Stop", "STOP_STS": "Active", "STOP_DSCR": "Full Shelter" }, "geometry": { "type": "Point", "coordinates": [ 18.489197046315816, -33.824746741003828 ] } },
{ "type": "Feature", "properties": { "OBJECTID": 221, "STOP_NAME": "Table View 4", "STOP_TYPE": "Existing IRT Stop", "STOP_STS": "Active", "STOP_DSCR": "Red Totem" }, "geometry": { "type": "Point", "coordinates": [ 18.488963483741887, -33.824798979741132 ] } },
{ "type": "Feature", "properties": { "OBJECTID": 222, "STOP_NAME": "Table View 5", "STOP_TYPE": "IRT Station", "STOP_STS": "Active", "STOP_DSCR": "Station" }, "geometry": { "type": "Point", "coordinates": [ 18.489789934414055, -33.824963158583216 ] } },
{ "type": "Feature", "properties": { "OBJECTID": 223, "STOP_NAME": "Table View 6", "STOP_TYPE": "IRT Station", "STOP_STS": "Active", "STOP_DSCR": "Station" }, "geometry": { "type": "Point", "coordinates": [ 18.489601286599985, -33.824993008795673 ] } },
{ "type": "Feature", "properties": { "OBJECTID": 224, "STOP_NAME": "Horak 1", "STOP_TYPE": "Existing IRT Stop", "STOP_STS": "Active", "STOP_DSCR": "Full Shelter" }, "geometry": { "type": "Point", "coordinates": [ 18.385953669531794, -33.958321549593755 ] } },
{ "type": "Feature", "properties": { "OBJECTID": 225, "STOP_NAME": "Ravensteyn 1", "STOP_TYPE": "Existing IRT Stop", "STOP_STS": "Active", "STOP_DSCR": "Totem" }, "geometry": { "type": "Point", "coordinates": [ 18.385019421693787, -33.95709957313661 ] } },
{ "type": "Feature", "properties": { "OBJECTID": 226, "STOP_NAME": "Ravensteyn 2", "STOP_TYPE": "Existing IRT Stop", "STOP_STS": "Active", "STOP_DSCR": "Totem" }, "geometry": { "type": "Point", "coordinates": [ 18.38517213579545, -33.956376810181844 ] } },
{ "type": "Feature", "properties": { "OBJECTID": 227, "STOP_NAME": "Fiskaal 1", "STOP_TYPE": "Existing IRT Stop", "STOP_STS": "Active", "STOP_DSCR": "Full Shelter" }, "geometry": { "type": "Point", "coordinates": [ 18.383141943222171, -33.958597236659095 ] } },
{ "type": "Feature", "properties": { "OBJECTID": 228, "STOP_NAME": "Fiskaal 2", "STOP_TYPE": "Existing IRT Stop", "STOP_STS": "Active", "STOP_DSCR": "Totem" }, "geometry": { "type": "Point", "coordinates": [ 18.382800583457144, -33.958671746954067 ] } },
{ "type": "Feature", "properties": { "OBJECTID": 229, "STOP_NAME": "Chas Booth 1", "STOP_TYPE": "Existing IRT Stop", "STOP_STS": "Active", "STOP_DSCR": "Totem" }, "geometry": { "type": "Point", "coordinates": [ 18.381930720879726, -33.960547651548765 ] } },
{ "type": "Feature", "properties": { "OBJECTID": 230, "STOP_NAME": "Susan 1", "STOP_TYPE": "Existing IRT Stop", "STOP_STS": "Active", "STOP_DSCR": "Cantilever Shelter" }, "geometry": { "type": "Point", "coordinates": [ 18.381012935947506, -33.963701017983688 ] } },
{ "type": "Feature", "properties": { "OBJECTID": 231, "STOP_NAME": "Rontree 1", "STOP_TYPE": "Existing IRT Stop", "STOP_STS": "Active", "STOP_DSCR": "Totem" }, "geometry": { "type": "Point", "coordinates": [ 18.379899025318732, -33.963365743378297 ] } },
{ "type": "Feature", "properties": { "OBJECTID": 232, "STOP_NAME": "Rontree 2", "STOP_TYPE": "Existing IRT Stop", "STOP_STS": "Active", "STOP_DSCR": "Cantilever Shelter" }, "geometry": { "type": "Point", "coordinates": [ 18.378169329801977, -33.962322540763246 ] } },
{ "type": "Feature", "properties": { "OBJECTID": 233, "STOP_NAME": "Houghton 1", "STOP_TYPE": "Existing IRT Stop", "STOP_STS": "Active", "STOP_DSCR": "Cantilever Shelter" }, "geometry": { "type": "Point", "coordinates": [ 18.378578501348059, -33.95985644698689 ] } },
{ "type": "Feature", "properties": { "OBJECTID": 234, "STOP_NAME": "Houghton 2", "STOP_TYPE": "Existing IRT Stop", "STOP_STS": "Active", "STOP_DSCR": "Cantilever Shelter" }, "geometry": { "type": "Point", "coordinates": [ 18.378371889131312, -33.960683491222916 ] } },
{ "type": "Feature", "properties": { "OBJECTID": 235, "STOP_NAME": "Atlantis Station 1", "STOP_TYPE": "IRT Station", "STOP_STS": "Active", "STOP_DSCR": "Station" }, "geometry": { "type": "Point", "coordinates": [ 18.491290120131609, -33.562854346639668 ] } },
{ "type": "Feature", "properties": { "OBJECTID": 236, "STOP_NAME": "Atlantis Station 2", "STOP_TYPE": "IRT Station", "STOP_STS": "Active", "STOP_DSCR": "Station" }, "geometry": { "type": "Point", "coordinates": [ 18.491137406884548, -33.562674694675678 ] } },
{ "type": "Feature", "properties": { "OBJECTID": 237, "STOP_NAME": "Atlantis Station 3", "STOP_TYPE": "IRT Station", "STOP_STS": "Active", "STOP_DSCR": "Station" }, "geometry": { "type": "Point", "coordinates": [ 18.491478766105367, -33.563273532990728 ] } },
{ "type": "Feature", "properties": { "OBJECTID": 238, "STOP_NAME": "Atlantis Station 4", "STOP_TYPE": "IRT Station", "STOP_STS": "Active", "STOP_DSCR": "Station" }, "geometry": { "type": "Point", "coordinates": [ 18.49132605280143, -33.56312382368148 ] } },
{ "type": "Feature", "properties": { "OBJECTID": 239, "STOP_NAME": "Atlantis Station 5", "STOP_TYPE": "IRT Station", "STOP_STS": "Active", "STOP_DSCR": "Station" }, "geometry": { "type": "Point", "coordinates": [ 18.491568597661072, -33.563505581319724 ] } },
{ "type": "Feature", "properties": { "OBJECTID": 240, "STOP_NAME": "Atlantis Station 6", "STOP_TYPE": "IRT Station", "STOP_STS": "Active", "STOP_DSCR": "Station" }, "geometry": { "type": "Point", "coordinates": [ 18.491469782481396, -33.56359540567005 ] } },
{ "type": "Feature", "properties": { "OBJECTID": 241, "STOP_NAME": "Atlantis Station 8", "STOP_TYPE": "IRT Station", "STOP_STS": "Active", "STOP_DSCR": "Station" }, "geometry": { "type": "Point", "coordinates": [ 18.491577581142366, -33.563917278395358 ] } },
{ "type": "Feature", "properties": { "OBJECTID": 242, "STOP_NAME": "Lower Camps Bay 1", "STOP_TYPE": "Existing IRT Stop", "STOP_STS": "Active", "STOP_DSCR": "Totem" }, "geometry": { "type": "Point", "coordinates": [ 18.377761034510254, -33.955266575158426 ] } },
{ "type": "Feature", "properties": { "OBJECTID": 243, "STOP_NAME": "Lower Camps Bay 2", "STOP_TYPE": "Existing IRT Stop", "STOP_STS": "Active", "STOP_DSCR": "Cantilever Shelter" }, "geometry": { "type": "Point", "coordinates": [ 18.377796966478122, -33.955497565145023 ] } },
{ "type": "Feature", "properties": { "OBJECTID": 244, "STOP_NAME": "Comrie 1", "STOP_TYPE": "Existing IRT Stop", "STOP_STS": "Active", "STOP_DSCR": "Totem" }, "geometry": { "type": "Point", "coordinates": [ 18.387615552696726, -33.949588501821601 ] } },
{ "type": "Feature", "properties": { "OBJECTID": 245, "STOP_NAME": "Comrie 2", "STOP_TYPE": "Existing IRT Stop", "STOP_STS": "Active", "STOP_DSCR": "Full Shelter" }, "geometry": { "type": "Point", "coordinates": [ 18.387732333869401, -33.948932741570545 ] } },
{ "type": "Feature", "properties": { "OBJECTID": 246, "STOP_NAME": "Atholl 1", "STOP_TYPE": "Existing IRT Stop", "STOP_STS": "Active", "STOP_DSCR": "Totem" }, "geometry": { "type": "Point", "coordinates": [ 18.386366895120936, -33.949752441188998 ] } },
{ "type": "Feature", "properties": { "OBJECTID": 247, "STOP_NAME": "Atholl 2", "STOP_TYPE": "Existing IRT Stop", "STOP_STS": "Active", "STOP_DSCR": "Totem" }, "geometry": { "type": "Point", "coordinates": [ 18.386007569054726, -33.949342593163934 ] } },
{ "type": "Feature", "properties": { "OBJECTID": 248, "STOP_NAME": "Woodford 1", "STOP_TYPE": "Existing IRT Stop", "STOP_STS": "Active", "STOP_DSCR": "Full Shelter" }, "geometry": { "type": "Point", "coordinates": [ 18.384576044148616, -33.951904357023395 ] } },
{ "type": "Feature", "properties": { "OBJECTID": 249, "STOP_NAME": "Woodford 2", "STOP_TYPE": "Existing IRT Stop", "STOP_STS": "Active", "STOP_DSCR": "Totem" }, "geometry": { "type": "Point", "coordinates": [ 18.385092383001282, -33.95060703025699 ] } },
{ "type": "Feature", "properties": { "OBJECTID": 250, "STOP_NAME": "Quebec 1", "STOP_TYPE": "Existing IRT Stop", "STOP_STS": "Active", "STOP_DSCR": "Totem" }, "geometry": { "type": "Point", "coordinates": [ 18.382126847336821, -33.952472294554518 ] } },
{ "type": "Feature", "properties": { "OBJECTID": 251, "STOP_NAME": "Quebec 2", "STOP_TYPE": "Existing IRT Stop", "STOP_STS": "Active", "STOP_DSCR": "Totem" }, "geometry": { "type": "Point", "coordinates": [ 18.383267706490141, -33.952718196367712 ] } },
{ "type": "Feature", "properties": { "OBJECTID": 252, "STOP_NAME": "Thibault Square 1", "STOP_TYPE": "Existing IRT Stop", "STOP_STS": "Active", "STOP_DSCR": "Temp Pole" }, "geometry": { "type": "Point", "coordinates": [ 18.424257834103155, -33.918926324672711 ] } },
{ "type": "Feature", "properties": { "OBJECTID": 253, "STOP_NAME": "Thibault Square 2", "STOP_TYPE": "IRT Station", "STOP_STS": "Active", "STOP_DSCR": "Station" }, "geometry": { "type": "Point", "coordinates": [ 18.424500378742994, -33.918941233610546 ] } },
{ "type": "Feature", "properties": { "OBJECTID": 254, "STOP_NAME": "Marina 1", "STOP_TYPE": "Existing IRT Stop", "STOP_STS": "Active", "STOP_DSCR": "Totem" }, "geometry": { "type": "Point", "coordinates": [ 18.420817286512118, -33.911553534243232 ] } },
{ "type": "Feature", "properties": { "OBJECTID": 255, "STOP_NAME": "Marina 2", "STOP_TYPE": "Existing IRT Stop", "STOP_STS": "Active", "STOP_DSCR": "Totem" }, "geometry": { "type": "Point", "coordinates": [ 18.42081728621984, -33.911300059181805 ] } },
{ "type": "Feature", "properties": { "OBJECTID": 256, "STOP_NAME": "Aquarium 1", "STOP_TYPE": "Existing IRT Stop", "STOP_STS": "Active", "STOP_DSCR": "Temp Pole" }, "geometry": { "type": "Point", "coordinates": [ 18.417505564537642, -33.90716730317336 ] } },
{ "type": "Feature", "properties": { "OBJECTID": 257, "STOP_NAME": "Aquarium 2", "STOP_TYPE": "Existing IRT Stop", "STOP_STS": "Active", "STOP_DSCR": "Temp Pole" }, "geometry": { "type": "Point", "coordinates": [ 18.417646232817059, -33.907281644562786 ] } },
{ "type": "Feature", "properties": { "OBJECTID": 258, "STOP_NAME": "Nobel Square 1", "STOP_TYPE": "Existing IRT Stop", "STOP_STS": "Active", "STOP_DSCR": "Totem" }, "geometry": { "type": "Point", "coordinates": [ 18.419281166720854, -33.906163314200484 ] } },
{ "type": "Feature", "properties": { "OBJECTID": 259, "STOP_NAME": "Nobel Square 2", "STOP_TYPE": "Existing IRT Stop", "STOP_STS": "Active", "STOP_DSCR": "Totem" }, "geometry": { "type": "Point", "coordinates": [ 18.419442863653781, -33.905440119192249 ] } },
{ "type": "Feature", "properties": { "OBJECTID": 260, "STOP_NAME": "Stadium 3", "STOP_TYPE": "IRT Station", "STOP_STS": "Active", "STOP_DSCR": "Station" }, "geometry": { "type": "Point", "coordinates": [ 18.411995829512477, -33.907937724813657 ] } },
{ "type": "Feature", "properties": { "OBJECTID": 261, "STOP_NAME": "Stadium 4", "STOP_TYPE": "IRT Station", "STOP_STS": "Active", "STOP_DSCR": "Station" }, "geometry": { "type": "Point", "coordinates": [ 18.412247357578853, -33.907989912919483 ] } },
{ "type": "Feature", "properties": { "OBJECTID": 262, "STOP_NAME": "Somerset Hospital 1", "STOP_TYPE": "Existing IRT Stop", "STOP_STS": "Active", "STOP_DSCR": "Full Shelter" }, "geometry": { "type": "Point", "coordinates": [ 18.415642989505276, -33.903069189217383 ] } },
{ "type": "Feature", "properties": { "OBJECTID": 263, "STOP_NAME": "Somerset Hospital 2", "STOP_TYPE": "Existing IRT Stop", "STOP_STS": "Active", "STOP_DSCR": "Totem" }, "geometry": { "type": "Point", "coordinates": [ 18.415463327233354, -33.902860423805194 ] } },
{ "type": "Feature", "properties": { "OBJECTID": 264, "STOP_NAME": "Mouille Point 1", "STOP_TYPE": "Existing IRT Stop", "STOP_STS": "Active", "STOP_DSCR": "Totem" }, "geometry": { "type": "Point", "coordinates": [ 18.408770877660753, -33.899706529656008 ] } },
{ "type": "Feature", "properties": { "OBJECTID": 265, "STOP_NAME": "Mouille Point 2", "STOP_TYPE": "Existing IRT Stop", "STOP_STS": "Active", "STOP_DSCR": "Full Shelter" }, "geometry": { "type": "Point", "coordinates": [ 18.4085462993175, -33.899609600303997 ] } },
{ "type": "Feature", "properties": { "OBJECTID": 266, "STOP_NAME": "Surrey 1", "STOP_TYPE": "Existing IRT Stop", "STOP_STS": "Active", "STOP_DSCR": "Totem" }, "geometry": { "type": "Point", "coordinates": [ 18.404944055001945, -33.900221003270929 ] } },
{ "type": "Feature", "properties": { "OBJECTID": 267, "STOP_NAME": "Surrey 2", "STOP_TYPE": "Existing IRT Stop", "STOP_STS": "Active", "STOP_DSCR": "Full Shelter" }, "geometry": { "type": "Point", "coordinates": [ 18.405195583185776, -33.900012232430228 ] } },
{ "type": "Feature", "properties": { "OBJECTID": 268, "STOP_NAME": "Melkbosstrand 1", "STOP_TYPE": "IRT Station", "STOP_STS": "Active", "STOP_DSCR": "Station" }, "geometry": { "type": "Point", "coordinates": [ 18.442637364426709, -33.730508135930961 ] } },
{ "type": "Feature", "properties": { "OBJECTID": 269, "STOP_NAME": "Melkbosstrand 2", "STOP_TYPE": "IRT Station", "STOP_STS": "Active", "STOP_DSCR": "Station" }, "geometry": { "type": "Point", "coordinates": [ 18.442583465040236, -33.730687438077176 ] } },
{ "type": "Feature", "properties": { "OBJECTID": 270, "STOP_NAME": "Melkbosstrand 3", "STOP_TYPE": "IRT Station", "STOP_STS": "Active", "STOP_DSCR": "Station" }, "geometry": { "type": "Point", "coordinates": [ 18.442834993876634, -33.730284007930017 ] } },
{ "type": "Feature", "properties": { "OBJECTID": 271, "STOP_NAME": "Melkbosstrand 4", "STOP_TYPE": "IRT Station", "STOP_STS": "Active", "STOP_DSCR": "Station" }, "geometry": { "type": "Point", "coordinates": [ 18.442826010847341, -33.730366189152619 ] } },
{ "type": "Feature", "properties": { "OBJECTID": 272, "STOP_NAME": "Lighthouse 1", "STOP_TYPE": "Existing IRT Stop", "STOP_STS": "Active", "STOP_DSCR": "Totem" }, "geometry": { "type": "Point", "coordinates": [ 18.401817917536828, -33.90112318675228 ] } },
{ "type": "Feature", "properties": { "OBJECTID": 273, "STOP_NAME": "Lighthouse 2", "STOP_TYPE": "Existing IRT Stop", "STOP_STS": "Active", "STOP_DSCR": "Full Shelter" }, "geometry": { "type": "Point", "coordinates": [ 18.402222159805063, -33.900877138022764 ] } },
{ "type": "Feature", "properties": { "OBJECTID": 274, "STOP_NAME": "Three Anchor Bay 1", "STOP_TYPE": "Existing IRT Stop", "STOP_STS": "Active", "STOP_DSCR": "Cantilever Shelter" }, "geometry": { "type": "Point", "coordinates": [ 18.398557032785352, -33.90464981561977 ] } },
{ "type": "Feature", "properties": { "OBJECTID": 275, "STOP_NAME": "Three Anchor Bay 2", "STOP_TYPE": "Existing IRT Stop", "STOP_STS": "Active", "STOP_DSCR": "Full Shelter" }, "geometry": { "type": "Point", "coordinates": [ 18.398314488357997, -33.905082247259664 ] } },
{ "type": "Feature", "properties": { "OBJECTID": 276, "STOP_NAME": "Rocklands 1", "STOP_TYPE": "Existing IRT Stop", "STOP_STS": "Active", "STOP_DSCR": "Cantilever Shelter" }, "geometry": { "type": "Point", "coordinates": [ 18.395844120679186, -33.907542587071866 ] } },
{ "type": "Feature", "properties": { "OBJECTID": 277, "STOP_NAME": "Rocklands 2", "STOP_TYPE": "Existing IRT Stop", "STOP_STS": "Active", "STOP_DSCR": "Full Shelter" }, "geometry": { "type": "Point", "coordinates": [ 18.394631395814777, -33.908027190899965 ] } },
{ "type": "Feature", "properties": { "OBJECTID": 278, "STOP_NAME": "Promenade 1", "STOP_TYPE": "Existing IRT Stop", "STOP_STS": "Active", "STOP_DSCR": "Cantilever Shelter" }, "geometry": { "type": "Point", "coordinates": [ 18.39213407899059, -33.909630091914003 ] } },
{ "type": "Feature", "properties": { "OBJECTID": 279, "STOP_NAME": "Promenade 2", "STOP_TYPE": "Existing IRT Stop", "STOP_STS": "Active", "STOP_DSCR": "Full Shelter" }, "geometry": { "type": "Point", "coordinates": [ 18.392080180320995, -33.909488440609572 ] } },
{ "type": "Feature", "properties": { "OBJECTID": 280, "STOP_NAME": "London 1", "STOP_TYPE": "Existing IRT Stop", "STOP_STS": "Active", "STOP_DSCR": "Red Totem" }, "geometry": { "type": "Point", "coordinates": [ 18.389609812622741, -33.9113000588085 ] } },
{ "type": "Feature", "properties": { "OBJECTID": 281, "STOP_NAME": "London 2", "STOP_TYPE": "Existing IRT Stop", "STOP_STS": "Active", "STOP_DSCR": "Full Shelter" }, "geometry": { "type": "Point", "coordinates": [ 18.389502014522151, -33.911188232212005 ] } },
{ "type": "Feature", "properties": { "OBJECTID": 282, "STOP_NAME": "Granger Bay 1", "STOP_TYPE": "IRT Station", "STOP_STS": "Active", "STOP_DSCR": "Station" }, "geometry": { "type": "Point", "coordinates": [ 18.41494230443508, -33.904366497971587 ] } },
{ "type": "Feature", "properties": { "OBJECTID": 283, "STOP_NAME": "Granger Bay 2", "STOP_TYPE": "IRT Station", "STOP_STS": "Active", "STOP_DSCR": "Station" }, "geometry": { "type": "Point", "coordinates": [ 18.414798574363719, -33.904552892086407 ] } },
{ "type": "Feature", "properties": { "OBJECTID": 284, "STOP_NAME": "Graaf's Pool 1", "STOP_TYPE": "Existing IRT Stop", "STOP_STS": "Active", "STOP_DSCR": "Full Shelter" }, "geometry": { "type": "Point", "coordinates": [ 18.388244374092778, -33.913156368981397 ] } },
{ "type": "Feature", "properties": { "OBJECTID": 285, "STOP_NAME": "Graaf's Pool 2", "STOP_TYPE": "Existing IRT Stop", "STOP_STS": "Active", "STOP_DSCR": "Full Shelter" }, "geometry": { "type": "Point", "coordinates": [ 18.388082676621803, -33.913074363630734 ] } },
{ "type": "Feature", "properties": { "OBJECTID": 286, "STOP_NAME": "Boat Bay 1", "STOP_TYPE": "Existing IRT Stop", "STOP_STS": "Active", "STOP_DSCR": "Cantilever Shelter" }, "geometry": { "type": "Point", "coordinates": [ 18.386816053233844, -33.915989212636362 ] } },
{ "type": "Feature", "properties": { "OBJECTID": 287, "STOP_NAME": "Boat Bay 2", "STOP_TYPE": "Existing IRT Stop", "STOP_STS": "Active", "STOP_DSCR": "Full Shelter" }, "geometry": { "type": "Point", "coordinates": [ 18.386663338803874, -33.915869936983448 ] } },
{ "type": "Feature", "properties": { "OBJECTID": 288, "STOP_NAME": "Sea Point Pool 1", "STOP_TYPE": "Existing IRT Stop", "STOP_STS": "Active", "STOP_DSCR": "Full Shelter" }, "geometry": { "type": "Point", "coordinates": [ 18.385290803793428, -33.918748367525225 ] } },
{ "type": "Feature", "properties": { "OBJECTID": 289, "STOP_NAME": "Sea Point Pool 2", "STOP_TYPE": "Existing IRT Stop", "STOP_STS": "Active", "STOP_DSCR": "Cantilever Shelter" }, "geometry": { "type": "Point", "coordinates": [ 18.385169057462893, -33.918638244529795 ] } },
{ "type": "Feature", "properties": { "OBJECTID": 290, "STOP_NAME": "Cassel 1", "STOP_TYPE": "Existing IRT Stop", "STOP_STS": "Active", "STOP_DSCR": "Totem" }, "geometry": { "type": "Point", "coordinates": [ 18.382297527312979, -33.920089215035219 ] } },
{ "type": "Feature", "properties": { "OBJECTID": 291, "STOP_NAME": "Cassel 2", "STOP_TYPE": "Existing IRT Stop", "STOP_STS": "Active", "STOP_DSCR": "Totem" }, "geometry": { "type": "Point", "coordinates": [ 18.38111175091128, -33.920230848388101 ] } },
{ "type": "Feature", "properties": { "OBJECTID": 292, "STOP_NAME": "Strand 1", "STOP_TYPE": "Existing IRT Stop", "STOP_STS": "Active", "STOP_DSCR": "Totem" }, "geometry": { "type": "Point", "coordinates": [ 18.420742249758476, -33.920351548467487 ] } },
{ "type": "Feature", "properties": { "OBJECTID": 293, "STOP_NAME": "Strand 2", "STOP_TYPE": "Existing IRT Stop", "STOP_STS": "Active", "STOP_DSCR": "Totem" }, "geometry": { "type": "Point", "coordinates": [ 18.420877484403892, -33.92018562313357 ] } },
{ "type": "Feature", "properties": { "OBJECTID": 294, "STOP_NAME": "Porterfield 1", "STOP_TYPE": "IRT Station", "STOP_STS": "Active", "STOP_DSCR": "Station" }, "geometry": { "type": "Point", "coordinates": [ 18.488442460543229, -33.814686427356442 ] } },
{ "type": "Feature", "properties": { "OBJECTID": 295, "STOP_NAME": "Porterfield 2", "STOP_TYPE": "IRT Station", "STOP_STS": "Active", "STOP_DSCR": "Station" }, "geometry": { "type": "Point", "coordinates": [ 18.488604157125433, -33.814873017133635 ] } },
{ "type": "Feature", "properties": { "OBJECTID": 296, "STOP_NAME": "Old Fire Station 1", "STOP_TYPE": "Existing IRT Stop", "STOP_STS": "Active", "STOP_DSCR": "Totem" }, "geometry": { "type": "Point", "coordinates": [ 18.417071310696358, -33.917517417634024 ] } },
{ "type": "Feature", "properties": { "OBJECTID": 297, "STOP_NAME": "Old Fire Station 2", "STOP_TYPE": "Existing IRT Stop", "STOP_STS": "Active", "STOP_DSCR": "Totem" }, "geometry": { "type": "Point", "coordinates": [ 18.416873682197252, -33.917226689365954 ] } },
{ "type": "Feature", "properties": { "OBJECTID": 298, "STOP_NAME": "High Level 1", "STOP_TYPE": "Existing IRT Stop", "STOP_STS": "Active", "STOP_DSCR": "Totem" }, "geometry": { "type": "Point", "coordinates": [ 18.411852100533025, -33.912067935330036 ] } },
{ "type": "Feature", "properties": { "OBJECTID": 299, "STOP_NAME": "High Level 2", "STOP_TYPE": "Existing IRT Stop", "STOP_STS": "Active", "STOP_DSCR": "Totem" }, "geometry": { "type": "Point", "coordinates": [ 18.412238375087643, -33.912149941135354 ] } },
{ "type": "Feature", "properties": { "OBJECTID": 300, "STOP_NAME": "Skye Way 1", "STOP_TYPE": "Existing IRT Stop", "STOP_STS": "Active", "STOP_DSCR": "Totem" }, "geometry": { "type": "Point", "coordinates": [ 18.408887659127437, -33.911046583562076 ] } },
{ "type": "Feature", "properties": { "OBJECTID": 301, "STOP_NAME": "Skye Way 2", "STOP_TYPE": "Existing IRT Stop", "STOP_STS": "Active", "STOP_DSCR": "Totem" }, "geometry": { "type": "Point", "coordinates": [ 18.408833760518558, -33.910972032825413 ] } },
{ "type": "Feature", "properties": { "OBJECTID": 302, "STOP_NAME": "Ben Nevis 1", "STOP_TYPE": "Existing IRT Stop", "STOP_STS": "Active", "STOP_DSCR": "Totem" }, "geometry": { "type": "Point", "coordinates": [ 18.406426274962378, -33.910629094043038 ] } },
{ "type": "Feature", "properties": { "OBJECTID": 303, "STOP_NAME": "Ben Nevis 2", "STOP_TYPE": "Existing IRT Stop", "STOP_STS": "Active", "STOP_DSCR": "Totem" }, "geometry": { "type": "Point", "coordinates": [ 18.406749668962796, -33.910547086934024 ] } },
{ "type": "Feature", "properties": { "OBJECTID": 304, "STOP_NAME": "Ravenscraig 1", "STOP_TYPE": "Existing IRT Stop", "STOP_STS": "Active", "STOP_DSCR": "Totem" }, "geometry": { "type": "Point", "coordinates": [ 18.403443869003151, -33.910457624333723 ] } },
{ "type": "Feature", "properties": { "OBJECTID": 305, "STOP_NAME": "Ravenscraig 2", "STOP_TYPE": "Existing IRT Stop", "STOP_STS": "Active", "STOP_DSCR": "Cantilever Shelter" }, "geometry": { "type": "Point", "coordinates": [ 18.403722345750861, -33.910412893073683 ] } },
{ "type": "Feature", "properties": { "OBJECTID": 306, "STOP_NAME": "Sandown 1", "STOP_TYPE": "IRT Station", "STOP_STS": "Active", "STOP_DSCR": "Station" }, "geometry": { "type": "Point", "coordinates": [ 18.484148514412514, -33.806991131441784 ] } },
{ "type": "Feature", "properties": { "OBJECTID": 307, "STOP_NAME": "Sandown 2", "STOP_TYPE": "IRT Station", "STOP_STS": "Active", "STOP_DSCR": "Station" }, "geometry": { "type": "Point", "coordinates": [ 18.484319194140063, -33.807147880080429 ] } },
{ "type": "Feature", "properties": { "OBJECTID": 308, "STOP_NAME": "St Bedes 1", "STOP_TYPE": "Existing IRT Stop", "STOP_STS": "Active", "STOP_DSCR": "Totem" }, "geometry": { "type": "Point", "coordinates": [ 18.399518231218572, -33.910487444802172 ] } },
{ "type": "Feature", "properties": { "OBJECTID": 309, "STOP_NAME": "St Bedes 2", "STOP_TYPE": "Existing IRT Stop", "STOP_STS": "Active", "STOP_DSCR": "Totem" }, "geometry": { "type": "Point", "coordinates": [ 18.399428398862781, -33.910427803638171 ] } },
{ "type": "Feature", "properties": { "OBJECTID": 310, "STOP_NAME": "Rhine 1", "STOP_TYPE": "Existing IRT Stop", "STOP_STS": "Active", "STOP_DSCR": "Totem" }, "geometry": { "type": "Point", "coordinates": [ 18.395592592549644, -33.91291035398261 ] } },
{ "type": "Feature", "properties": { "OBJECTID": 311, "STOP_NAME": "Rhine 2", "STOP_TYPE": "Existing IRT Stop", "STOP_STS": "Active", "STOP_DSCR": "Cantilever Shelter" }, "geometry": { "type": "Point", "coordinates": [ 18.395987851764549, -33.912276677253026 ] } },
{ "type": "Feature", "properties": { "OBJECTID": 312, "STOP_NAME": "Albany 1", "STOP_TYPE": "Existing IRT Stop", "STOP_STS": "Active", "STOP_DSCR": "Totem" }, "geometry": { "type": "Point", "coordinates": [ 18.393418669494213, -33.915541928316109 ] } },
{ "type": "Feature", "properties": { "OBJECTID": 313, "STOP_NAME": "Albany 2", "STOP_TYPE": "Existing IRT Stop", "STOP_STS": "Active", "STOP_DSCR": "Full Shelter" }, "geometry": { "type": "Point", "coordinates": [ 18.39369714813828, -33.915102095238453 ] } },
{ "type": "Feature", "properties": { "OBJECTID": 314, "STOP_NAME": "The Glen 1", "STOP_TYPE": "Existing IRT Stop", "STOP_STS": "Active", "STOP_DSCR": "Cantilever Shelter" }, "geometry": { "type": "Point", "coordinates": [ 18.391828651789695, -33.917472691428884 ] } },
{ "type": "Feature", "properties": { "OBJECTID": 315, "STOP_NAME": "The Glen 2", "STOP_TYPE": "Existing IRT Stop", "STOP_STS": "Active", "STOP_DSCR": "Totem" }, "geometry": { "type": "Point", "coordinates": [ 18.392259842621886, -33.916831593281977 ] } },
{ "type": "Feature", "properties": { "OBJECTID": 316, "STOP_NAME": "Irwinton 1", "STOP_TYPE": "Existing IRT Stop", "STOP_STS": "Active", "STOP_DSCR": "Totem" }, "geometry": { "type": "Point", "coordinates": [ 18.389591847200126, -33.920327754265003 ] } },
{ "type": "Feature", "properties": { "OBJECTID": 317, "STOP_NAME": "Irwinton 2", "STOP_TYPE": "Existing IRT Stop", "STOP_STS": "Active", "STOP_DSCR": "Totem" }, "geometry": { "type": "Point", "coordinates": [ 18.390355415441984, -33.919187230735055 ] } },
{ "type": "Feature", "properties": { "OBJECTID": 318, "STOP_NAME": "Royal Ascot 1", "STOP_TYPE": "IRT Station", "STOP_STS": "Active", "STOP_DSCR": "Station" }, "geometry": { "type": "Point", "coordinates": [ 18.503040083666274, -33.863200851734767 ] } },
{ "type": "Feature", "properties": { "OBJECTID": 319, "STOP_NAME": "Royal Ascot 2", "STOP_TYPE": "IRT Station", "STOP_STS": "Active", "STOP_DSCR": "Station" }, "geometry": { "type": "Point", "coordinates": [ 18.5032736457369, -33.863253067318723 ] } },
{ "type": "Feature", "properties": { "OBJECTID": 320, "STOP_NAME": "Fresnaye 1", "STOP_TYPE": "Existing IRT Stop", "STOP_STS": "Active", "STOP_DSCR": "Totem" }, "geometry": { "type": "Point", "coordinates": [ 18.388450985665319, -33.921960240646484 ] } },
{ "type": "Feature", "properties": { "OBJECTID": 321, "STOP_NAME": "Fresnaye 2", "STOP_TYPE": "Existing IRT Stop", "STOP_STS": "Active", "STOP_DSCR": "Full Shelter" }, "geometry": { "type": "Point", "coordinates": [ 18.388585734024275, -33.921639709606268 ] } },
{ "type": "Feature", "properties": { "OBJECTID": 322, "STOP_NAME": "Disandt 1", "STOP_TYPE": "Existing IRT Stop", "STOP_STS": "Active", "STOP_DSCR": "Cantilever Shelter" }, "geometry": { "type": "Point", "coordinates": [ 18.385890788517717, -33.922899466402903 ] } },
{ "type": "Feature", "properties": { "OBJECTID": 323, "STOP_NAME": "Disandt 2", "STOP_TYPE": "Existing IRT Stop", "STOP_STS": "Active", "STOP_DSCR": "Cantilever Shelter" }, "geometry": { "type": "Point", "coordinates": [ 18.386339944659429, -33.923048548142091 ] } },
{ "type": "Feature", "properties": { "OBJECTID": 324, "STOP_NAME": "Brevity Lane 1", "STOP_TYPE": "Existing IRT Stop", "STOP_STS": "Active", "STOP_DSCR": "Full Shelter" }, "geometry": { "type": "Point", "coordinates": [ 18.381929217304567, -33.924390278382866 ] } },
{ "type": "Feature", "properties": { "OBJECTID": 325, "STOP_NAME": "Kloof 1", "STOP_TYPE": "Existing IRT Stop", "STOP_STS": "Active", "STOP_DSCR": "Totem" }, "geometry": { "type": "Point", "coordinates": [ 18.38342940350292, -33.924218835586458 ] } },
{ "type": "Feature", "properties": { "OBJECTID": 326, "STOP_NAME": "Mid Long 1", "STOP_TYPE": "Existing IRT Stop", "STOP_STS": "Active", "STOP_DSCR": "Totem" }, "geometry": { "type": "Point", "coordinates": [ 18.420781353038372, -33.920983735039982 ] } },
{ "type": "Feature", "properties": { "OBJECTID": 327, "STOP_NAME": "Granger 1", "STOP_TYPE": "Existing IRT Stop", "STOP_STS": "Active", "STOP_DSCR": "Full Shelter" }, "geometry": { "type": "Point", "coordinates": [ 18.412202443341499, -33.900862226152029 ] } },
{ "type": "Feature", "properties": { "OBJECTID": 328, "STOP_NAME": "Granger 2", "STOP_TYPE": "Existing IRT Stop", "STOP_STS": "Active", "STOP_DSCR": "Cantilever Shelter" }, "geometry": { "type": "Point", "coordinates": [ 18.412983977196482, -33.90127230831127 ] } },
{ "type": "Feature", "properties": { "OBJECTID": 329, "STOP_NAME": "Annandale 1", "STOP_TYPE": "Existing IRT Stop", "STOP_STS": "Active", "STOP_DSCR": "Totem" }, "geometry": { "type": "Point", "coordinates": [ 18.414843489425312, -33.933051377738749 ] } },
{ "type": "Feature", "properties": { "OBJECTID": 330, "STOP_NAME": "Annandale 2", "STOP_TYPE": "Existing IRT Stop", "STOP_STS": "Active", "STOP_DSCR": "Cantilever Shelter" }, "geometry": { "type": "Point", "coordinates": [ 18.415139934484433, -33.933707259554588 ] } },
{ "type": "Feature", "properties": { "OBJECTID": 331, "STOP_NAME": "Upper Buitenkant 1", "STOP_TYPE": "Existing IRT Stop", "STOP_STS": "Active", "STOP_DSCR": "Full Shelter" }, "geometry": { "type": "Point", "coordinates": [ 18.418778110531225, -33.937716976372933 ] } },
{ "type": "Feature", "properties": { "OBJECTID": 332, "STOP_NAME": "Highlands 1", "STOP_TYPE": "Existing IRT Stop", "STOP_STS": "Active", "STOP_DSCR": "Full Shelter" }, "geometry": { "type": "Point", "coordinates": [ 18.419047604757061, -33.940929084026493 ] } },
{ "type": "Feature", "properties": { "OBJECTID": 333, "STOP_NAME": "Herzlia 1", "STOP_TYPE": "Existing IRT Stop", "STOP_STS": "Active", "STOP_DSCR": "Cantilever Shelter" }, "geometry": { "type": "Point", "coordinates": [ 18.421401190887941, -33.942076767909604 ] } },
{ "type": "Feature", "properties": { "OBJECTID": 334, "STOP_NAME": "Exner 1", "STOP_TYPE": "Existing IRT Stop", "STOP_STS": "Active", "STOP_DSCR": "Cantilever Shelter" }, "geometry": { "type": "Point", "coordinates": [ 18.42311697293971, -33.941160113375759 ] } },
{ "type": "Feature", "properties": { "OBJECTID": 335, "STOP_NAME": "Wexford 1", "STOP_TYPE": "Existing IRT Stop", "STOP_STS": "Active", "STOP_DSCR": "Cantilever Shelter" }, "geometry": { "type": "Point", "coordinates": [ 18.425829885405197, -33.940891821091327 ] } },
{ "type": "Feature", "properties": { "OBJECTID": 336, "STOP_NAME": "St James 1", "STOP_TYPE": "Existing IRT Stop", "STOP_STS": "Active", "STOP_DSCR": "Cantilever Shelter" }, "geometry": { "type": "Point", "coordinates": [ 18.428201438060025, -33.939498183358367 ] } },
{ "type": "Feature", "properties": { "OBJECTID": 337, "STOP_NAME": "Gardenia 1", "STOP_TYPE": "Existing IRT Stop", "STOP_STS": "Active", "STOP_DSCR": "Cantilever Shelter" }, "geometry": { "type": "Point", "coordinates": [ 18.428399067291934, -33.936889707629327 ] } },
{ "type": "Feature", "properties": { "OBJECTID": 338, "STOP_NAME": "Nazareth 1", "STOP_TYPE": "Existing IRT Stop", "STOP_STS": "Active", "STOP_DSCR": "Cantilever Shelter" }, "geometry": { "type": "Point", "coordinates": [ 18.425317846035476, -33.93610714969202 ] } },
{ "type": "Feature", "properties": { "OBJECTID": 339, "STOP_NAME": "Upper Loop 1", "STOP_TYPE": "Existing IRT Stop", "STOP_STS": "Active", "STOP_DSCR": "Totem" }, "geometry": { "type": "Point", "coordinates": [ 18.414026023066391, -33.926037595377885 ] } },
{ "type": "Feature", "properties": { "OBJECTID": 340, "STOP_NAME": "Leeuwen 1", "STOP_TYPE": "Existing IRT Stop", "STOP_STS": "Active", "STOP_DSCR": "Cantilever Shelter" }, "geometry": { "type": "Point", "coordinates": [ 18.416433507612847, -33.923853589207589 ] } },
{ "type": "Feature", "properties": { "OBJECTID": 341, "STOP_NAME": "Church 1", "STOP_TYPE": "Existing IRT Stop", "STOP_STS": "Active", "STOP_DSCR": "Totem" }, "geometry": { "type": "Point", "coordinates": [ 18.418032509444387, -33.922310588259307 ] } },
{ "type": "Feature", "properties": { "OBJECTID": 342, "STOP_NAME": "Mid Loop 1", "STOP_TYPE": "Existing IRT Stop", "STOP_STS": "Active", "STOP_DSCR": "Totem" }, "geometry": { "type": "Point", "coordinates": [ 18.420799320286708, -33.919880492155663 ] } },
{ "type": "Feature", "properties": { "OBJECTID": 343, "STOP_NAME": "Darling 1", "STOP_TYPE": "Existing IRT Stop", "STOP_STS": "Active", "STOP_DSCR": "Totem" }, "geometry": { "type": "Point", "coordinates": [ 18.422200691629783, -33.923920674821133 ] } },
{ "type": "Feature", "properties": { "OBJECTID": 344, "STOP_NAME": "Darling 2", "STOP_TYPE": "Existing IRT Stop", "STOP_STS": "Active", "STOP_DSCR": "Totem" }, "geometry": { "type": "Point", "coordinates": [ 18.422717224118344, -33.924079927447259 ] } },
{ "type": "Feature", "properties": { "OBJECTID": 345, "STOP_NAME": "Hanover Street 1", "STOP_TYPE": "Existing IRT Stop", "STOP_STS": "Active", "STOP_DSCR": "Full Shelter" }, "geometry": { "type": "Point", "coordinates": [ 18.428093640069005, -33.927990480638002 ] } },
{ "type": "Feature", "properties": { "OBJECTID": 346, "STOP_NAME": "Hanover Street 2", "STOP_TYPE": "Existing IRT Stop", "STOP_STS": "Active", "STOP_DSCR": "Full Shelter" }, "geometry": { "type": "Point", "coordinates": [ 18.427931943278256, -33.928087378216546 ] } },
{ "type": "Feature", "properties": { "OBJECTID": 347, "STOP_NAME": "Cput 1", "STOP_TYPE": "Existing IRT Stop", "STOP_STS": "Active", "STOP_DSCR": "Full Shelter" }, "geometry": { "type": "Point", "coordinates": [ 18.430671805037797, -33.929660088122347 ] } },
{ "type": "Feature", "properties": { "OBJECTID": 348, "STOP_NAME": "Cput 2", "STOP_TYPE": "Existing IRT Stop", "STOP_STS": "Active", "STOP_DSCR": "Totem" }, "geometry": { "type": "Point", "coordinates": [ 18.430420276418552, -33.929727170346354 ] } },
{ "type": "Feature", "properties": { "OBJECTID": 349, "STOP_NAME": "District Six 1", "STOP_TYPE": "Existing IRT Stop", "STOP_STS": "Active", "STOP_DSCR": "Full Shelter" }, "geometry": { "type": "Point", "coordinates": [ 18.435136431848026, -33.931419103741717 ] } },
{ "type": "Feature", "properties": { "OBJECTID": 350, "STOP_NAME": "District Six 2", "STOP_TYPE": "Existing IRT Stop", "STOP_STS": "Active", "STOP_DSCR": "Cantilever Shelter" }, "geometry": { "type": "Point", "coordinates": [ 18.43456151036494, -33.931381836582595 ] } },
{ "type": "Feature", "properties": { "OBJECTID": 351, "STOP_NAME": "Zonnebloem 1", "STOP_TYPE": "Existing IRT Stop", "STOP_STS": "Active", "STOP_DSCR": "Full Shelter" }, "geometry": { "type": "Point", "coordinates": [ 18.438720710436407, -33.933058830738759 ] } },
{ "type": "Feature", "properties": { "OBJECTID": 352, "STOP_NAME": "Zonnebloem 2", "STOP_TYPE": "Existing IRT Stop", "STOP_STS": "Active", "STOP_DSCR": "Cantilever Shelter" }, "geometry": { "type": "Point", "coordinates": [ 18.439169866737039, -33.933319694232942 ] } },
{ "type": "Feature", "properties": { "OBJECTID": 353, "STOP_NAME": "Chester West 1", "STOP_TYPE": "Existing IRT Stop", "STOP_STS": "Active", "STOP_DSCR": "Totem" }, "geometry": { "type": "Point", "coordinates": [ 18.441622268331809, -33.934273700275916 ] } },
{ "type": "Feature", "properties": { "OBJECTID": 354, "STOP_NAME": "Coronation West 1", "STOP_TYPE": "Existing IRT Stop", "STOP_STS": "Active", "STOP_DSCR": "Cantilever Shelter" }, "geometry": { "type": "Point", "coordinates": [ 18.443158386466013, -33.934482387317502 ] } },
{ "type": "Feature", "properties": { "OBJECTID": 355, "STOP_NAME": "Coronation East 1", "STOP_TYPE": "Existing IRT Stop", "STOP_STS": "Active", "STOP_DSCR": "Cantilever Shelter" }, "geometry": { "type": "Point", "coordinates": [ 18.446940294664337, -33.934817777101721 ] } },
{ "type": "Feature", "properties": { "OBJECTID": 356, "STOP_NAME": "Chester East 1", "STOP_TYPE": "Existing IRT Stop", "STOP_STS": "Active", "STOP_DSCR": "Totem" }, "geometry": { "type": "Point", "coordinates": [ 18.446589951592941, -33.935570534927237 ] } },
{ "type": "Feature", "properties": { "OBJECTID": 357, "STOP_NAME": "Upper Mountain 1", "STOP_TYPE": "Existing IRT Stop", "STOP_STS": "Active", "STOP_DSCR": "Full Shelter" }, "geometry": { "type": "Point", "coordinates": [ 18.449069301855221, -33.935987902316683 ] } },
{ "type": "Feature", "properties": { "OBJECTID": 358, "STOP_NAME": "Upper Mountain 2", "STOP_TYPE": "Existing IRT Stop", "STOP_STS": "Active", "STOP_DSCR": "Totem" }, "geometry": { "type": "Point", "coordinates": [ 18.449087267551221, -33.937262351936546 ] } },
{ "type": "Feature", "properties": { "OBJECTID": 359, "STOP_NAME": "Upper Roodebloem 1", "STOP_TYPE": "Existing IRT Stop", "STOP_STS": "Active", "STOP_DSCR": "Full Shelter" }, "geometry": { "type": "Point", "coordinates": [ 18.451018645816166, -33.937642448193174 ] } },
{ "type": "Feature", "properties": { "OBJECTID": 360, "STOP_NAME": "Upper Roodebloem 2", "STOP_TYPE": "Existing IRT Stop", "STOP_STS": "Active", "STOP_DSCR": "Cantilever Shelter" }, "geometry": { "type": "Point", "coordinates": [ 18.451171360438536, -33.937411409208011 ] } },
{ "type": "Feature", "properties": { "OBJECTID": 361, "STOP_NAME": "Balfour 1", "STOP_TYPE": "Existing IRT Stop", "STOP_STS": "Active", "STOP_DSCR": "Cantilever Shelter" }, "geometry": { "type": "Point", "coordinates": [ 18.451593568486008, -33.934802870843114 ] } },
{ "type": "Feature", "properties": { "OBJECTID": 362, "STOP_NAME": "Balfour 2", "STOP_TYPE": "Existing IRT Stop", "STOP_STS": "Active", "STOP_DSCR": "Cantilever Shelter" }, "geometry": { "type": "Point", "coordinates": [ 18.451692382266764, -33.934750698801366 ] } },
{ "type": "Feature", "properties": { "OBJECTID": 363, "STOP_NAME": "Lawley 1", "STOP_TYPE": "Existing IRT Stop", "STOP_STS": "Active", "STOP_DSCR": "Totem" }, "geometry": { "type": "Point", "coordinates": [ 18.452914091127294, -33.931791772274991 ] } },
{ "type": "Feature", "properties": { "OBJECTID": 364, "STOP_NAME": "Lawley 2", "STOP_TYPE": "Existing IRT Stop", "STOP_STS": "Active", "STOP_DSCR": "Totem" }, "geometry": { "type": "Point", "coordinates": [ 18.453075787586947, -33.931679972061943 ] } },
{ "type": "Feature", "properties": { "OBJECTID": 365, "STOP_NAME": "Upper Salt River 1", "STOP_TYPE": "Existing IRT Stop", "STOP_STS": "Active", "STOP_DSCR": "Totem" }, "geometry": { "type": "Point", "coordinates": [ 18.457199054952007, -33.929973136212041 ] } },
{ "type": "Feature", "properties": { "OBJECTID": 366, "STOP_NAME": "Upper Salt River 2", "STOP_TYPE": "Existing IRT Stop", "STOP_STS": "Active", "STOP_DSCR": "Cantilever Shelter" }, "geometry": { "type": "Point", "coordinates": [ 18.456992442487692, -33.930278728841564 ] } },
{ "type": "Feature", "properties": { "OBJECTID": 367, "STOP_NAME": "Kent 1", "STOP_TYPE": "Existing IRT Stop", "STOP_STS": "Active", "STOP_DSCR": "Totem" }, "geometry": { "type": "Point", "coordinates": [ 18.458762123527517, -33.92890727756884 ] } },
{ "type": "Feature", "properties": { "OBJECTID": 368, "STOP_NAME": "Kent 2", "STOP_TYPE": "Existing IRT Stop", "STOP_STS": "Active", "STOP_DSCR": "Cantilever Shelter" }, "geometry": { "type": "Point", "coordinates": [ 18.458788971519677, -33.929050644510895 ] } },
{ "type": "Feature", "properties": { "OBJECTID": 369, "STOP_NAME": "Spencer 1", "STOP_TYPE": "Existing IRT Stop", "STOP_STS": "Active", "STOP_DSCR": "Cantilever Shelter" }, "geometry": { "type": "Point", "coordinates": [ 18.464780835868947, -33.929332132317704 ] } },
{ "type": "Feature", "properties": { "OBJECTID": 370, "STOP_NAME": "Salt River Rail 1", "STOP_TYPE": "Existing IRT Stop", "STOP_STS": "Active", "STOP_DSCR": "Cantilever Shelter" }, "geometry": { "type": "Point", "coordinates": [ 18.464385577091541, -33.927699787049761 ] } },
{ "type": "Feature", "properties": { "OBJECTID": 371, "STOP_NAME": "Lower Buitenkant 1", "STOP_TYPE": "Existing IRT Stop", "STOP_STS": "Active", "STOP_DSCR": "Full Shelter" }, "geometry": { "type": "Point", "coordinates": [ 18.424913603792735, -33.926507185977449 ] } },
{ "type": "Feature", "properties": { "OBJECTID": 372, "STOP_NAME": "Lower Buitenkant 2", "STOP_TYPE": "Existing IRT Stop", "STOP_STS": "Active", "STOP_DSCR": "Full Shelter" }, "geometry": { "type": "Point", "coordinates": [ 18.424671058831944, -33.926589178137846 ] } },
{ "type": "Feature", "properties": { "OBJECTID": 373, "STOP_NAME": "Roeland 1", "STOP_TYPE": "Existing IRT Stop", "STOP_STS": "Active", "STOP_DSCR": "Cantilever Shelter" }, "geometry": { "type": "Point", "coordinates": [ 18.421203561544825, -33.929958228680135 ] } },
{ "type": "Feature", "properties": { "OBJECTID": 374, "STOP_NAME": "Roeland 2", "STOP_TYPE": "Existing IRT Stop", "STOP_STS": "Active", "STOP_DSCR": "Full Shelter" }, "geometry": { "type": "Point", "coordinates": [ 18.421196097195889, -33.929718689296656 ] } },
{ "type": "Feature", "properties": { "OBJECTID": 375, "STOP_NAME": "Roodehek 1", "STOP_TYPE": "Existing IRT Stop", "STOP_STS": "Active", "STOP_DSCR": "Temp Pole" }, "geometry": { "type": "Point", "coordinates": [ 18.419874054642872, -33.93228369064127 ] } },
{ "type": "Feature", "properties": { "OBJECTID": 376, "STOP_NAME": "Roodehek 2", "STOP_TYPE": "Existing IRT Stop", "STOP_STS": "Active", "STOP_DSCR": "Full Shelter" }, "geometry": { "type": "Point", "coordinates": [ 18.420129608180041, -33.931568587803817 ] } },
{ "type": "Feature", "properties": { "OBJECTID": 377, "STOP_NAME": "De Waal Park 1", "STOP_TYPE": "Existing IRT Stop", "STOP_STS": "Active", "STOP_DSCR": "Cantilever Shelter" }, "geometry": { "type": "Point", "coordinates": [ 18.414151787042499, -33.937798957195128 ] } },
{ "type": "Feature", "properties": { "OBJECTID": 378, "STOP_NAME": "Upper Orange 1", "STOP_TYPE": "Existing IRT Stop", "STOP_STS": "Active", "STOP_DSCR": "Totem" }, "geometry": { "type": "Point", "coordinates": [ 18.414151786860369, -33.940601170677532 ] } },
{ "type": "Feature", "properties": { "OBJECTID": 379, "STOP_NAME": "Montrose 1", "STOP_TYPE": "Existing IRT Stop", "STOP_STS": "Active", "STOP_DSCR": "Totem" }, "geometry": { "type": "Point", "coordinates": [ 18.411492772834293, -33.941309163268926 ] } },
{ "type": "Feature", "properties": { "OBJECTID": 380, "STOP_NAME": "Molteno 1", "STOP_TYPE": "Existing IRT Stop", "STOP_STS": "Active", "STOP_DSCR": "Cantilever Shelter" }, "geometry": { "type": "Point", "coordinates": [ 18.409058339288485, -33.940437213713743 ] } },
{ "type": "Feature", "properties": { "OBJECTID": 381, "STOP_NAME": "Rayden 1", "STOP_TYPE": "Existing IRT Stop", "STOP_STS": "Active", "STOP_DSCR": "Full Shelter" }, "geometry": { "type": "Point", "coordinates": [ 18.409624277812114, -33.936926973022956 ] } },
{ "type": "Feature", "properties": { "OBJECTID": 382, "STOP_NAME": "Upper Kloof 1", "STOP_TYPE": "Existing IRT Stop with Temporary Pole", "STOP_STS": "Active", "STOP_DSCR": "Temp Pole" }, "geometry": { "type": "Point", "coordinates": [ 18.405247579522278, -33.936054675956314 ] } },
{ "type": "Feature", "properties": { "OBJECTID": 383, "STOP_NAME": "Upper Kloof 2", "STOP_TYPE": "Existing IRT Stop", "STOP_STS": "Active", "STOP_DSCR": "Totem" }, "geometry": { "type": "Point", "coordinates": [ 18.4050641457452, -33.936183791966634 ] } },
{ "type": "Feature", "properties": { "OBJECTID": 384, "STOP_NAME": "Welgemeend 1", "STOP_TYPE": "Existing IRT Stop", "STOP_STS": "Active", "STOP_DSCR": "Totem" }, "geometry": { "type": "Point", "coordinates": [ 18.407171876841225, -33.934392949915321 ] } },
{ "type": "Feature", "properties": { "OBJECTID": 385, "STOP_NAME": "Welgemeend 2", "STOP_TYPE": "Existing IRT Stop", "STOP_STS": "Active", "STOP_DSCR": "Temp Pole" }, "geometry": { "type": "Point", "coordinates": [ 18.406926804864042, -33.934832543028364 ] } },
{ "type": "Feature", "properties": { "OBJECTID": 386, "STOP_NAME": "Lower Reservoir 1", "STOP_TYPE": "Existing IRT Stop", "STOP_STS": "Active", "STOP_DSCR": "Cantilever Shelter" }, "geometry": { "type": "Point", "coordinates": [ 18.412229392533636, -33.935138259405086 ] } },
{ "type": "Feature", "properties": { "OBJECTID": 387, "STOP_NAME": "Salt River Hall 1", "STOP_TYPE": "Existing IRT Stop", "STOP_STS": "Active", "STOP_DSCR": "Totem" }, "geometry": { "type": "Point", "coordinates": [ 18.461852327832069, -33.927416546319421 ] } },
{ "type": "Feature", "properties": { "OBJECTID": 388, "STOP_NAME": "Salt River Hall 2", "STOP_TYPE": "Existing IRT Stop", "STOP_STS": "Active", "STOP_DSCR": "Totem" }, "geometry": { "type": "Point", "coordinates": [ 18.461412154132315, -33.927669972171437 ] } },
{ "type": "Feature", "properties": { "OBJECTID": 389, "STOP_NAME": "Salt River Rail North 1", "STOP_TYPE": "Existing IRT Stop", "STOP_STS": "Active", "STOP_DSCR": "Totem" }, "geometry": { "type": "Point", "coordinates": [ 18.46602949354924, -33.926350656384635 ] } },
{ "type": "Feature", "properties": { "OBJECTID": 390, "STOP_NAME": "Salt River Rail North 2", "STOP_TYPE": "Existing IRT Stop", "STOP_STS": "Active", "STOP_DSCR": "Totem" }, "geometry": { "type": "Point", "coordinates": [ 18.465256942772218, -33.926626446642146 ] } },
{ "type": "Feature", "properties": { "OBJECTID": 391, "STOP_NAME": "Loco 1", "STOP_TYPE": "Existing IRT Stop", "STOP_STS": "Active", "STOP_DSCR": "Totem" }, "geometry": { "type": "Point", "coordinates": [ 18.470656723173853, -33.925484180580298 ] } },
{ "type": "Feature", "properties": { "OBJECTID": 392, "STOP_NAME": "Loco 2", "STOP_TYPE": "Existing IRT Stop", "STOP_STS": "Active", "STOP_DSCR": "Cantilever Shelter" }, "geometry": { "type": "Point", "coordinates": [ 18.470368285143792, -33.925703066376911 ] } },
{ "type": "Feature", "properties": { "OBJECTID": 393, "STOP_NAME": "Coronation 1", "STOP_TYPE": "Existing IRT Stop", "STOP_STS": "Active", "STOP_DSCR": "Cantilever Shelter" }, "geometry": { "type": "Point", "coordinates": [ 18.480869663527887, -33.922981460913924 ] } },
{ "type": "Feature", "properties": { "OBJECTID": 394, "STOP_NAME": "Coronation 2", "STOP_TYPE": "Existing IRT Stop", "STOP_STS": "Active", "STOP_DSCR": "Cantilever Shelter" }, "geometry": { "type": "Point", "coordinates": [ 18.480851697272183, -33.922377675685645 ] } },
{ "type": "Feature", "properties": { "OBJECTID": 395, "STOP_NAME": "Conway 1", "STOP_TYPE": "Existing IRT Stop", "STOP_STS": "Active", "STOP_DSCR": "Cantilever Shelter" }, "geometry": { "type": "Point", "coordinates": [ 18.482504503744373, -33.914007348717142 ] } },
{ "type": "Feature", "properties": { "OBJECTID": 396, "STOP_NAME": "Conway 2", "STOP_TYPE": "Existing IRT Stop", "STOP_STS": "Active", "STOP_DSCR": "Totem" }, "geometry": { "type": "Point", "coordinates": [ 18.482644718212121, -33.914141869943855 ] } },
{ "type": "Feature", "properties": { "OBJECTID": 397, "STOP_NAME": "Fenwick 1", "STOP_TYPE": "Existing IRT Stop", "STOP_STS": "Active", "STOP_DSCR": "Cantilever Shelter" }, "geometry": { "type": "Point", "coordinates": [ 18.484070649429242, -33.910657312885597 ] } },
{ "type": "Feature", "properties": { "OBJECTID": 398, "STOP_NAME": "Fenwick 2", "STOP_TYPE": "Existing IRT Stop", "STOP_STS": "Active", "STOP_DSCR": "Temp Pole" }, "geometry": { "type": "Point", "coordinates": [ 18.484320198877974, -33.910546112861297 ] } },
{ "type": "Feature", "properties": { "OBJECTID": 399, "STOP_NAME": "Sheridan 1", "STOP_TYPE": "Existing IRT Stop", "STOP_STS": "Active", "STOP_DSCR": "Cantilever Shelter" }, "geometry": { "type": "Point", "coordinates": [ 18.485603784320936, -33.907460576363711 ] } },
{ "type": "Feature", "properties": { "OBJECTID": 400, "STOP_NAME": "Sheridan 2", "STOP_TYPE": "Existing IRT Stop", "STOP_STS": "Active", "STOP_DSCR": "Cantilever Shelter" }, "geometry": { "type": "Point", "coordinates": [ 18.485792430939433, -33.907438209993884 ] } },
{ "type": "Feature", "properties": { "OBJECTID": 401, "STOP_NAME": "Narwhal 1", "STOP_TYPE": "Existing IRT Stop", "STOP_STS": "Active", "STOP_DSCR": "Totem" }, "geometry": { "type": "Point", "coordinates": [ 18.488028747347379, -33.902204335041439 ] } },
{ "type": "Feature", "properties": { "OBJECTID": 402, "STOP_NAME": "Narwhal 2", "STOP_TYPE": "Existing IRT Stop", "STOP_STS": "Active", "STOP_DSCR": "Full Shelter" }, "geometry": { "type": "Point", "coordinates": [ 18.488145689438955, -33.902512621120138 ] } },
{ "type": "Feature", "properties": { "OBJECTID": 403, "STOP_NAME": "Dreyer 1", "STOP_TYPE": "Existing IRT Stop", "STOP_STS": "Active", "STOP_DSCR": "Totem" }, "geometry": { "type": "Point", "coordinates": [ 18.489646203265188, -33.898878893336857 ] } },
{ "type": "Feature", "properties": { "OBJECTID": 404, "STOP_NAME": "Dreyer 2", "STOP_TYPE": "Existing IRT Stop", "STOP_STS": "Active", "STOP_DSCR": "Full Shelter" }, "geometry": { "type": "Point", "coordinates": [ 18.489775827331947, -33.899106429830091 ] } },
{ "type": "Feature", "properties": { "OBJECTID": 405, "STOP_NAME": "Tijgerhof 1", "STOP_TYPE": "Existing IRT Stop", "STOP_STS": "Active", "STOP_DSCR": "Cantilever Shelter" }, "geometry": { "type": "Point", "coordinates": [ 18.49476455886683, -33.886734346266167 ] } },
{ "type": "Feature", "properties": { "OBJECTID": 406, "STOP_NAME": "Tijgerhof 2", "STOP_TYPE": "Existing IRT Stop", "STOP_STS": "Active", "STOP_DSCR": "Full Shelter" }, "geometry": { "type": "Point", "coordinates": [ 18.494972845140143, -33.887129893768098 ] } },
{ "type": "Feature", "properties": { "OBJECTID": 407, "STOP_NAME": "Quest 1", "STOP_TYPE": "Existing IRT Stop", "STOP_STS": "Active", "STOP_DSCR": "Full Shelter" }, "geometry": { "type": "Point", "coordinates": [ 18.497371277596223, -33.880966936630522 ] } },
{ "type": "Feature", "properties": { "OBJECTID": 408, "STOP_NAME": "Quest 2", "STOP_TYPE": "Existing IRT Stop", "STOP_STS": "Active", "STOP_DSCR": "Totem" }, "geometry": { "type": "Point", "coordinates": [ 18.497246754228485, -33.880733717984576 ] } },
{ "type": "Feature", "properties": { "OBJECTID": 409, "STOP_NAME": "Zastron 1", "STOP_TYPE": "Existing IRT Stop", "STOP_STS": "Active", "STOP_DSCR": "Full Shelter" }, "geometry": { "type": "Point", "coordinates": [ 18.501324302506234, -33.875433299026241 ] } },
{ "type": "Feature", "properties": { "OBJECTID": 410, "STOP_NAME": "Zastron 2", "STOP_TYPE": "Existing IRT Stop", "STOP_STS": "Active", "STOP_DSCR": "Full Shelter" }, "geometry": { "type": "Point", "coordinates": [ 18.500973958467029, -33.876208955654832 ] } },
{ "type": "Feature", "properties": { "OBJECTID": 411, "STOP_NAME": "Gousblom 2", "STOP_TYPE": "Existing IRT Stop", "STOP_STS": "Active", "STOP_DSCR": "Full Shelter" }, "geometry": { "type": "Point", "coordinates": [ 18.504477389065247, -33.871666786740107 ] } },
{ "type": "Feature", "properties": { "OBJECTID": 412, "STOP_NAME": "Green 1", "STOP_TYPE": "Existing IRT Stop", "STOP_STS": "Active", "STOP_DSCR": "Totem" }, "geometry": { "type": "Point", "coordinates": [ 18.477972694259183, -33.924288284213546 ] } },
{ "type": "Feature", "properties": { "OBJECTID": 413, "STOP_NAME": "Green 2", "STOP_TYPE": "Existing IRT Stop", "STOP_STS": "Active", "STOP_DSCR": "Full Shelter" }, "geometry": { "type": "Point", "coordinates": [ 18.477631066164829, -33.924541131416575 ] } },
{ "type": "Feature", "properties": { "OBJECTID": 414, "STOP_NAME": "Democracy South 1", "STOP_TYPE": "Existing IRT Stop", "STOP_STS": "Active", "STOP_DSCR": "Full Shelter" }, "geometry": { "type": "Point", "coordinates": [ 18.506947755859496, -33.880377991748702 ] } },
{ "type": "Feature", "properties": { "OBJECTID": 415, "STOP_NAME": "Democracy South 2", "STOP_TYPE": "Existing IRT Stop", "STOP_STS": "Active", "STOP_DSCR": "Full Shelter" }, "geometry": { "type": "Point", "coordinates": [ 18.507989801503566, -33.8805196906413 ] } },
{ "type": "Feature", "properties": { "OBJECTID": 416, "STOP_NAME": "Crassula 1", "STOP_TYPE": "Existing IRT Stop", "STOP_STS": "Active", "STOP_DSCR": "Cantilever Shelter" }, "geometry": { "type": "Point", "coordinates": [ 18.503100304044182, -33.873086370222566 ] } },
{ "type": "Feature", "properties": { "OBJECTID": 417, "STOP_NAME": "Crassula 2", "STOP_TYPE": "Existing IRT Stop", "STOP_STS": "Active", "STOP_DSCR": "Full Shelter" }, "geometry": { "type": "Point", "coordinates": [ 18.502306218478768, -33.874558890562646 ] } },
{ "type": "Feature", "properties": { "OBJECTID": 418, "STOP_NAME": "Boundary 1", "STOP_TYPE": "Existing IRT Stop", "STOP_STS": "Active", "STOP_DSCR": "Cantilever Shelter" }, "geometry": { "type": "Point", "coordinates": [ 18.493118391722106, -33.891573961070243 ] } },
{ "type": "Feature", "properties": { "OBJECTID": 419, "STOP_NAME": "Boundary 2", "STOP_TYPE": "Existing IRT Stop", "STOP_STS": "Active", "STOP_DSCR": "Full Shelter" }, "geometry": { "type": "Point", "coordinates": [ 18.493487038527874, -33.891424594678533 ] } },
{ "type": "Feature", "properties": { "OBJECTID": 420, "STOP_NAME": "Madeira 1", "STOP_TYPE": "Existing IRT Stop", "STOP_STS": "Active", "STOP_DSCR": "Temp Pole" }, "geometry": { "type": "Point", "coordinates": [ 18.491254556761231, -33.895588960371548 ] } },
{ "type": "Feature", "properties": { "OBJECTID": 421, "STOP_NAME": "Madeira 2", "STOP_TYPE": "Existing IRT Stop", "STOP_STS": "Active", "STOP_DSCR": "Full Shelter" }, "geometry": { "type": "Point", "coordinates": [ 18.491361196723446, -33.895874491580301 ] } },
{ "type": "Feature", "properties": { "OBJECTID": 422, "STOP_NAME": "Lower Church 1", "STOP_TYPE": "Existing IRT Stop", "STOP_STS": "Active", "STOP_DSCR": "Cantilever Shelter" }, "geometry": { "type": "Point", "coordinates": [ 18.449324983260759, -33.926694848013625 ] } },
{ "type": "Feature", "properties": { "OBJECTID": 423, "STOP_NAME": "Lower Church 2", "STOP_TYPE": "Existing IRT Stop", "STOP_STS": "Active", "STOP_DSCR": "Full Shelter" }, "geometry": { "type": "Point", "coordinates": [ 18.449012265759844, -33.926800395454904 ] } },
{ "type": "Feature", "properties": { "OBJECTID": 424, "STOP_NAME": "Biscuit Mill 1", "STOP_TYPE": "Existing IRT Stop with Temporary Pole", "STOP_STS": "Active", "STOP_DSCR": "Temp Pole" }, "geometry": { "type": "Point", "coordinates": [ 18.457791942477098, -33.927841407140242 ] } },
{ "type": "Feature", "properties": { "OBJECTID": 425, "STOP_NAME": "Biscuit Mill 2", "STOP_TYPE": "Existing IRT Stop with Temporary Pole", "STOP_STS": "Active", "STOP_DSCR": "Temp Pole" }, "geometry": { "type": "Point", "coordinates": [ 18.458088387041755, -33.927983026549995 ] } },
{ "type": "Feature", "properties": { "OBJECTID": 426, "STOP_NAME": "Dublin 1", "STOP_TYPE": "Existing IRT Stop", "STOP_STS": "Active", "STOP_DSCR": "Totem" }, "geometry": { "type": "Point", "coordinates": [ 18.453354266124482, -33.927207840986448 ] } },
{ "type": "Feature", "properties": { "OBJECTID": 427, "STOP_NAME": "Dublin 2", "STOP_TYPE": "Existing IRT Stop", "STOP_STS": "Active", "STOP_DSCR": "Totem" }, "geometry": { "type": "Point", "coordinates": [ 18.453012906098284, -33.927200386826058 ] } },
{ "type": "Feature", "properties": { "OBJECTID": 428, "STOP_NAME": "Davison 1", "STOP_TYPE": "Existing IRT Stop", "STOP_STS": "Active", "STOP_DSCR": "Cantilever Shelter" }, "geometry": { "type": "Point", "coordinates": [ 18.447019032466898, -33.926460469222057 ] } },
{ "type": "Feature", "properties": { "OBJECTID": 429, "STOP_NAME": "Davison 2", "STOP_TYPE": "Existing IRT Stop", "STOP_STS": "Active", "STOP_DSCR": "Totem" }, "geometry": { "type": "Point", "coordinates": [ 18.446358303058688, -33.92649804567202 ] } },
{ "type": "Feature", "properties": { "OBJECTID": 430, "STOP_NAME": "Barron 1", "STOP_TYPE": "Existing IRT Stop with Temporary Pole", "STOP_STS": "Active", "STOP_DSCR": "Temp Pole" }, "geometry": { "type": "Point", "coordinates": [ 18.443481780733542, -33.926246302336061 ] } },
{ "type": "Feature", "properties": { "OBJECTID": 431, "STOP_NAME": "Barron 2", "STOP_TYPE": "Existing IRT Stop with Temporary Pole", "STOP_STS": "Active", "STOP_DSCR": "Temp Pole" }, "geometry": { "type": "Point", "coordinates": [ 18.443239236032028, -33.926298478953385 ] } },
{ "type": "Feature", "properties": { "OBJECTID": 432, "STOP_NAME": "Russel 1", "STOP_TYPE": "Existing IRT Stop", "STOP_STS": "Active", "STOP_DSCR": "Cantilever Shelter" }, "geometry": { "type": "Point", "coordinates": [ 18.435855084423881, -33.926618993382455 ] } },
{ "type": "Feature", "properties": { "OBJECTID": 433, "STOP_NAME": "Russel 2", "STOP_TYPE": "Existing IRT Stop", "STOP_STS": "Active", "STOP_DSCR": "Cantilever Shelter" }, "geometry": { "type": "Point", "coordinates": [ 18.435926949032741, -33.926753161247461 ] } },
{ "type": "Feature", "properties": { "OBJECTID": 434, "STOP_NAME": "Castle 1", "STOP_TYPE": "Existing IRT Stop", "STOP_STS": "Active", "STOP_DSCR": "Full Shelter" }, "geometry": { "type": "Point", "coordinates": [ 18.425819351858785, -33.923762188447242 ] } },
{ "type": "Feature", "properties": { "OBJECTID": 435, "STOP_NAME": "Castle 2", "STOP_TYPE": "Existing IRT Stop", "STOP_STS": "Active", "STOP_DSCR": "Totem" }, "geometry": { "type": "Point", "coordinates": [ 18.425759213960731, -33.924073879039391 ] } },
{ "type": "Feature", "properties": { "OBJECTID": 436, "STOP_NAME": "Adderley Holding 1", "STOP_TYPE": "Existing IRT Stop", "STOP_STS": "Active", "STOP_DSCR": "Temp Pole" }, "geometry": { "type": "Point", "coordinates": [ 18.42737498825392, -33.918136148064683 ] } },
{ "type": "Feature", "properties": { "OBJECTID": 437, "STOP_NAME": "Melkbosch 1", "STOP_TYPE": "Existing IRT Stop with Temporary Pole", "STOP_STS": "Active", "STOP_DSCR": "Temp Pole" }, "geometry": { "type": "Point", "coordinates": [ 18.455600053526446, -33.725562247078422 ] } },
{ "type": "Feature", "properties": { "OBJECTID": 438, "STOP_NAME": "Melkbosch 2", "STOP_TYPE": "Existing IRT Stop with Temporary Pole", "STOP_STS": "Active", "STOP_DSCR": "Temp Pole" }, "geometry": { "type": "Point", "coordinates": [ 18.455725817638839, -33.726212252387178 ] } },
{ "type": "Feature", "properties": { "OBJECTID": 439, "STOP_NAME": "Melkbosch 3", "STOP_TYPE": "Existing IRT Stop with Temporary Pole", "STOP_STS": "Active", "STOP_DSCR": "Temp Pole" }, "geometry": { "type": "Point", "coordinates": [ 18.455150896108716, -33.725958228299859 ] } },
{ "type": "Feature", "properties": { "OBJECTID": 440, "STOP_NAME": "Hol Bay 1", "STOP_TYPE": "Existing IRT Stop", "STOP_STS": "Active", "STOP_DSCR": "Temp Pole" }, "geometry": { "type": "Point", "coordinates": [ 18.44223312208182, -33.745418789008781 ] } },
{ "type": "Feature", "properties": { "OBJECTID": 441, "STOP_NAME": "Hol Bay 2", "STOP_TYPE": "Existing IRT Stop", "STOP_STS": "Active", "STOP_DSCR": "Temp Pole" }, "geometry": { "type": "Point", "coordinates": [ 18.442376853288597, -33.746658735994522 ] } },
{ "type": "Feature", "properties": { "OBJECTID": 442, "STOP_NAME": "Marine 1", "STOP_TYPE": "Existing IRT Stop", "STOP_STS": "Active", "STOP_DSCR": "Totem" }, "geometry": { "type": "Point", "coordinates": [ 18.460444644039917, -33.79249166486585 ] } },
{ "type": "Feature", "properties": { "OBJECTID": 443, "STOP_NAME": "Marine 2", "STOP_TYPE": "Existing IRT Stop", "STOP_STS": "Active", "STOP_DSCR": "Full Shelter" }, "geometry": { "type": "Point", "coordinates": [ 18.460714034939905, -33.792414344118008 ] } },
{ "type": "Feature", "properties": { "OBJECTID": 444, "STOP_NAME": "Water's Edge 1", "STOP_TYPE": "Existing IRT Stop with Temporary Pole", "STOP_STS": "Active", "STOP_DSCR": "Temp Pole" }, "geometry": { "type": "Point", "coordinates": [ 18.456570233465236, -33.788746558127912 ] } },
{ "type": "Feature", "properties": { "OBJECTID": 445, "STOP_NAME": "Water's Edge 2", "STOP_TYPE": "Existing IRT Stop with Temporary Pole", "STOP_STS": "Active", "STOP_DSCR": "Temp Pole" }, "geometry": { "type": "Point", "coordinates": [ 18.456713965246102, -33.788597241336696 ] } },
{ "type": "Feature", "properties": { "OBJECTID": 446, "STOP_NAME": "De Mist 1", "STOP_TYPE": "Existing IRT Stop", "STOP_STS": "Active", "STOP_DSCR": "Totem" }, "geometry": { "type": "Point", "coordinates": [ 18.459552641409811, -33.796040374967177 ] } },
{ "type": "Feature", "properties": { "OBJECTID": 447, "STOP_NAME": "De Mist 2", "STOP_TYPE": "Existing IRT Stop", "STOP_STS": "Active", "STOP_DSCR": "Totem" }, "geometry": { "type": "Point", "coordinates": [ 18.459929934407441, -33.796861543038354 ] } },
{ "type": "Feature", "properties": { "OBJECTID": 448, "STOP_NAME": "Airport 1", "STOP_TYPE": "IRT Station", "STOP_STS": "Active", "STOP_DSCR": "Station" }, "geometry": { "type": "Point", "coordinates": [ 18.595710288884373, -33.969221697815428 ] } },
{ "type": "Feature", "properties": { "OBJECTID": 449, "STOP_NAME": "Popham 1", "STOP_TYPE": "Existing IRT Stop", "STOP_STS": "Active", "STOP_DSCR": "Full Shelter" }, "geometry": { "type": "Point", "coordinates": [ 18.48349274290312, -33.823440757751456 ] } },
{ "type": "Feature", "properties": { "OBJECTID": 450, "STOP_NAME": "Popham 2", "STOP_TYPE": "Existing IRT Stop", "STOP_STS": "Active", "STOP_DSCR": "Full Shelter" }, "geometry": { "type": "Point", "coordinates": [ 18.484489873347847, -33.82347807241694 ] } },
{ "type": "Feature", "properties": { "OBJECTID": 451, "STOP_NAME": "Briza 1", "STOP_TYPE": "Existing IRT Stop", "STOP_STS": "Active", "STOP_DSCR": "Totem" }, "geometry": { "type": "Point", "coordinates": [ 18.491119440114854, -33.822679547347569 ] } },
{ "type": "Feature", "properties": { "OBJECTID": 452, "STOP_NAME": "Briza 2", "STOP_TYPE": "Existing IRT Stop", "STOP_STS": "Active", "STOP_DSCR": "Totem" }, "geometry": { "type": "Point", "coordinates": [ 18.49128113712478, -33.822627307362133 ] } },
{ "type": "Feature", "properties": { "OBJECTID": 453, "STOP_NAME": "Echium 1", "STOP_TYPE": "Existing IRT Stop", "STOP_STS": "Active", "STOP_DSCR": "Totem" }, "geometry": { "type": "Point", "coordinates": [ 18.493639982015019, -33.820670248249861 ] } },
{ "type": "Feature", "properties": { "OBJECTID": 454, "STOP_NAME": "Echium 2", "STOP_TYPE": "Existing IRT Stop", "STOP_STS": "Active", "STOP_DSCR": "Cantilever Shelter" }, "geometry": { "type": "Point", "coordinates": [ 18.494320002382068, -33.820479960969038 ] } },
{ "type": "Feature", "properties": { "OBJECTID": 455, "STOP_NAME": "Sandown East 1", "STOP_TYPE": "Existing IRT Stop with Temporary Pole", "STOP_STS": "Active", "STOP_DSCR": "Temp Pole" }, "geometry": { "type": "Point", "coordinates": [ 18.53230719602568, -33.798048491857564 ] } },
{ "type": "Feature", "properties": { "OBJECTID": 456, "STOP_NAME": "Sandown East 2", "STOP_TYPE": "Existing IRT Stop with Temporary Pole", "STOP_STS": "Active", "STOP_DSCR": "Temp Pole" }, "geometry": { "type": "Point", "coordinates": [ 18.532612622542924, -33.797772284974698 ] } },
{ "type": "Feature", "properties": { "OBJECTID": 457, "STOP_NAME": "Parklands Main South 1", "STOP_TYPE": "Existing IRT Stop", "STOP_STS": "Active", "STOP_DSCR": "Cantilever Shelter" }, "geometry": { "type": "Point", "coordinates": [ 18.495777567637042, -33.818646819709585 ] } },
{ "type": "Feature", "properties": { "OBJECTID": 458, "STOP_NAME": "Parklands Main South 2", "STOP_TYPE": "Existing IRT Stop", "STOP_STS": "Active", "STOP_DSCR": "Cantilever Shelter" }, "geometry": { "type": "Point", "coordinates": [ 18.496097423544764, -33.818372196639821 ] } },
{ "type": "Feature", "properties": { "OBJECTID": 459, "STOP_NAME": "Discovery 1", "STOP_TYPE": "Existing IRT Stop with Temporary Pole", "STOP_STS": "Active", "STOP_DSCR": "Temp Pole" }, "geometry": { "type": "Point", "coordinates": [ 18.528255794180236, -33.799183169099308 ] } },
{ "type": "Feature", "properties": { "OBJECTID": 460, "STOP_NAME": "Discovery 2", "STOP_TYPE": "Existing IRT Stop with Temporary Pole", "STOP_STS": "Active", "STOP_DSCR": "Temp Pole" }, "geometry": { "type": "Point", "coordinates": [ 18.528642069473094, -33.798959220447038 ] } },
{ "type": "Feature", "properties": { "OBJECTID": 461, "STOP_NAME": "Morningfield 1", "STOP_TYPE": "Existing IRT Stop with Temporary Pole", "STOP_STS": "Active", "STOP_DSCR": "Temp Pole" }, "geometry": { "type": "Point", "coordinates": [ 18.521473514363034, -33.800653748441789 ] } },
{ "type": "Feature", "properties": { "OBJECTID": 462, "STOP_NAME": "Morningfield 2", "STOP_TYPE": "Existing IRT Stop with Temporary Pole", "STOP_STS": "Active", "STOP_DSCR": "Temp Pole" }, "geometry": { "type": "Point", "coordinates": [ 18.521590295450281, -33.800608958968255 ] } },
{ "type": "Feature", "properties": { "OBJECTID": 463, "STOP_NAME": "St John's Wood 1", "STOP_TYPE": "Existing IRT Stop", "STOP_STS": "Active", "STOP_DSCR": "Full Shelter" }, "geometry": { "type": "Point", "coordinates": [ 18.498171215152194, -33.815940300063971 ] } },
{ "type": "Feature", "properties": { "OBJECTID": 464, "STOP_NAME": "St John's Wood 2", "STOP_TYPE": "Existing IRT Stop", "STOP_STS": "Active", "STOP_DSCR": "Cantilever Shelter" }, "geometry": { "type": "Point", "coordinates": [ 18.497263916485956, -33.816567228624088 ] } },
{ "type": "Feature", "properties": { "OBJECTID": 465, "STOP_NAME": "Hampstead 1", "STOP_TYPE": "Existing IRT Stop", "STOP_STS": "Active", "STOP_DSCR": "Full Shelter" }, "geometry": { "type": "Point", "coordinates": [ 18.502357363925604, -33.815313365953806 ] } },
{ "type": "Feature", "properties": { "OBJECTID": 466, "STOP_NAME": "Hampstead 2", "STOP_TYPE": "Existing IRT Stop", "STOP_STS": "Active", "STOP_DSCR": "Full Shelter" }, "geometry": { "type": "Point", "coordinates": [ 18.502797539114692, -33.815216339907685 ] } },
{ "type": "Feature", "properties": { "OBJECTID": 467, "STOP_NAME": "Oakdale 1", "STOP_TYPE": "Existing IRT Stop", "STOP_STS": "Active", "STOP_DSCR": "Totem" }, "geometry": { "type": "Point", "coordinates": [ 18.509291236870432, -33.811784617316938 ] } },
{ "type": "Feature", "properties": { "OBJECTID": 468, "STOP_NAME": "Oakdale 2", "STOP_TYPE": "Existing IRT Stop", "STOP_STS": "Active", "STOP_DSCR": "Full Shelter" }, "geometry": { "type": "Point", "coordinates": [ 18.509488698849768, -33.811794314510273 ] } },
{ "type": "Feature", "properties": { "OBJECTID": 469, "STOP_NAME": "Dorchester 1", "STOP_TYPE": "Existing IRT Stop", "STOP_STS": "Active", "STOP_DSCR": "Totem" }, "geometry": { "type": "Point", "coordinates": [ 18.511915438923381, -33.809528939069338 ] } },
{ "type": "Feature", "properties": { "OBJECTID": 470, "STOP_NAME": "Dorchester 2", "STOP_TYPE": "Existing IRT Stop", "STOP_STS": "Active", "STOP_DSCR": "Totem" }, "geometry": { "type": "Point", "coordinates": [ 18.511556112578706, -33.809954387310675 ] } },
{ "type": "Feature", "properties": { "OBJECTID": 471, "STOP_NAME": "Chippenham 1", "STOP_TYPE": "Existing IRT Stop with Temporary Pole", "STOP_STS": "Active", "STOP_DSCR": "Totem" }, "geometry": { "type": "Point", "coordinates": [ 18.514233092719522, -33.807020987941542 ] } },
{ "type": "Feature", "properties": { "OBJECTID": 472, "STOP_NAME": "Chippenham 2", "STOP_TYPE": "Existing IRT Stop with Temporary Pole", "STOP_STS": "Active", "STOP_DSCR": "Cantilever Shelter" }, "geometry": { "type": "Point", "coordinates": [ 18.514313940590863, -33.807073238111833 ] } },
{ "type": "Feature", "properties": { "OBJECTID": 473, "STOP_NAME": "Dartford 1", "STOP_TYPE": "Existing IRT Stop with Temporary Pole", "STOP_STS": "Active", "STOP_DSCR": "Temp Pole" }, "geometry": { "type": "Point", "coordinates": [ 18.520305704180529, -33.803557507300404 ] } },
{ "type": "Feature", "properties": { "OBJECTID": 474, "STOP_NAME": "Dartford 2", "STOP_TYPE": "Existing IRT Stop with Temporary Pole", "STOP_STS": "Active", "STOP_DSCR": "Temp Pole" }, "geometry": { "type": "Point", "coordinates": [ 18.520233839138079, -33.803475397026077 ] } },
{ "type": "Feature", "properties": { "OBJECTID": 475, "STOP_NAME": "Parklands Main North 1", "STOP_TYPE": "Existing IRT Stop", "STOP_STS": "Active", "STOP_DSCR": "Full Shelter" }, "geometry": { "type": "Point", "coordinates": [ 18.518174445825569, -33.804550820911082 ] } },
{ "type": "Feature", "properties": { "OBJECTID": 476, "STOP_NAME": "Parklands Main North 2", "STOP_TYPE": "Existing IRT Stop with Temporary Pole", "STOP_STS": "Active", "STOP_DSCR": "Temp Pole" }, "geometry": { "type": "Point", "coordinates": [ 18.518378202330826, -33.804575379588684 ] } },
{ "type": "Feature", "properties": { "OBJECTID": 477, "STOP_NAME": "Bittern 1", "STOP_TYPE": "Existing IRT Stop", "STOP_STS": "Active", "STOP_DSCR": "Cantilever Shelter" }, "geometry": { "type": "Point", "coordinates": [ 18.513285160105205, -33.824341555871193 ] } },
{ "type": "Feature", "properties": { "OBJECTID": 478, "STOP_NAME": "Bittern 2", "STOP_TYPE": "Existing IRT Stop", "STOP_STS": "Active", "STOP_DSCR": "Extended Shelter" }, "geometry": { "type": "Point", "coordinates": [ 18.513110198431853, -33.824373604825261 ] } },
{ "type": "Feature", "properties": { "OBJECTID": 479, "STOP_NAME": "Gie South 1", "STOP_TYPE": "Existing IRT Stop", "STOP_STS": "Active", "STOP_DSCR": "Cantilever Shelter" }, "geometry": { "type": "Point", "coordinates": [ 18.516676510409471, -33.825246740448002 ] } },
{ "type": "Feature", "properties": { "OBJECTID": 480, "STOP_NAME": "Gie South 2", "STOP_TYPE": "Existing IRT Stop", "STOP_STS": "Active", "STOP_DSCR": "Cantilever Shelter" }, "geometry": { "type": "Point", "coordinates": [ 18.517053803148247, -33.82524674002206 ] } },
{ "type": "Feature", "properties": { "OBJECTID": 481, "STOP_NAME": "Pinto 1", "STOP_TYPE": "Existing IRT Stop", "STOP_STS": "Active", "STOP_DSCR": "Cantilever Shelter" }, "geometry": { "type": "Point", "coordinates": [ 18.518437208321256, -33.821746681689405 ] } },
{ "type": "Feature", "properties": { "OBJECTID": 482, "STOP_NAME": "Pinto 2", "STOP_TYPE": "Existing IRT Stop", "STOP_STS": "Active", "STOP_DSCR": "Cantilever Shelter" }, "geometry": { "type": "Point", "coordinates": [ 18.518500089685553, -33.821791459934211 ] } },
{ "type": "Feature", "properties": { "OBJECTID": 483, "STOP_NAME": "Earlswood 1", "STOP_TYPE": "Existing IRT Stop", "STOP_STS": "Active", "STOP_DSCR": "Cantilever Shelter" }, "geometry": { "type": "Point", "coordinates": [ 18.519317556476025, -33.817216542709446 ] } },
{ "type": "Feature", "properties": { "OBJECTID": 484, "STOP_NAME": "Earlswood 2", "STOP_TYPE": "Existing IRT Stop", "STOP_STS": "Active", "STOP_DSCR": "Cantilever Shelter" }, "geometry": { "type": "Point", "coordinates": [ 18.519380438854625, -33.817358346699834 ] } },
{ "type": "Feature", "properties": { "OBJECTID": 485, "STOP_NAME": "Gie Central 1", "STOP_TYPE": "Existing IRT Stop", "STOP_STS": "Active", "STOP_DSCR": "Full Shelter" }, "geometry": { "type": "Point", "coordinates": [ 18.518751617805158, -33.813566882942588 ] } },
{ "type": "Feature", "properties": { "OBJECTID": 486, "STOP_NAME": "Gie Central 2", "STOP_TYPE": "Existing IRT Stop", "STOP_STS": "Active", "STOP_DSCR": "Full Shelter" }, "geometry": { "type": "Point", "coordinates": [ 18.518760601908021, -33.813447463997946 ] } },
{ "type": "Feature", "properties": { "OBJECTID": 487, "STOP_NAME": "Hamptons 1", "STOP_TYPE": "Existing IRT Stop", "STOP_STS": "Active", "STOP_DSCR": "Full Shelter" }, "geometry": { "type": "Point", "coordinates": [ 18.513963597688498, -33.806207380849727 ] } },
{ "type": "Feature", "properties": { "OBJECTID": 488, "STOP_NAME": "Hamptons 2", "STOP_TYPE": "Existing IRT Stop", "STOP_STS": "Active", "STOP_DSCR": "Full Shelter" }, "geometry": { "type": "Point", "coordinates": [ 18.514143260694304, -33.806259630970644 ] } },
{ "type": "Feature", "properties": { "OBJECTID": 489, "STOP_NAME": "Gie North 1", "STOP_TYPE": "Existing IRT Stop", "STOP_STS": "Active", "STOP_DSCR": "Cantilever Shelter" }, "geometry": { "type": "Point", "coordinates": [ 18.511632937549379, -33.804187460304526 ] } },
{ "type": "Feature", "properties": { "OBJECTID": 490, "STOP_NAME": "Gie North 2", "STOP_TYPE": "Existing IRT Stop", "STOP_STS": "Active", "STOP_DSCR": "Full Shelter" }, "geometry": { "type": "Point", "coordinates": [ 18.511905380783642, -33.80441425719998 ] } },
{ "type": "Feature", "properties": { "OBJECTID": 491, "STOP_NAME": "Wandsworth 1", "STOP_TYPE": "Existing IRT Stop with Temporary Pole", "STOP_STS": "Active", "STOP_DSCR": "Temp Pole" }, "geometry": { "type": "Point", "coordinates": [ 18.5080077679429, -33.800997128161562 ] } },
{ "type": "Feature", "properties": { "OBJECTID": 492, "STOP_NAME": "Wandsworth 2", "STOP_TYPE": "Existing IRT Stop with Temporary Pole", "STOP_STS": "Active", "STOP_DSCR": "Temp Pole" }, "geometry": { "type": "Point", "coordinates": [ 18.506786058902467, -33.800900086386825 ] } },
{ "type": "Feature", "properties": { "OBJECTID": 493, "STOP_NAME": "Parklands Secondary 1", "STOP_TYPE": "Existing IRT Stop", "STOP_STS": "Active", "STOP_DSCR": "Extended Shelter" }, "geometry": { "type": "Point", "coordinates": [ 18.503273646278043, -33.799586274097535 ] } },
{ "type": "Feature", "properties": { "OBJECTID": 494, "STOP_NAME": "Woodlands 1", "STOP_TYPE": "Existing IRT Stop with Temporary Pole", "STOP_STS": "Active", "STOP_DSCR": "Temp Pole" }, "geometry": { "type": "Point", "coordinates": [ 18.497461545674362, -33.801751067046375 ] } },
{ "type": "Feature", "properties": { "OBJECTID": 495, "STOP_NAME": "Woodlands 2", "STOP_TYPE": "Existing IRT Stop with Temporary Pole", "STOP_STS": "Active", "STOP_DSCR": "Temp Pole" }, "geometry": { "type": "Point", "coordinates": [ 18.498359861319052, -33.801519660125443 ] } },
{ "type": "Feature", "properties": { "OBJECTID": 496, "STOP_NAME": "Braselton 1", "STOP_TYPE": "Existing IRT Stop with Temporary Pole", "STOP_STS": "Active", "STOP_DSCR": "Temp Pole" }, "geometry": { "type": "Point", "coordinates": [ 18.493041834831892, -33.802661756037331 ] } },
{ "type": "Feature", "properties": { "OBJECTID": 497, "STOP_NAME": "Braselton 2", "STOP_TYPE": "Existing IRT Stop with Temporary Pole", "STOP_STS": "Active", "STOP_DSCR": "Temp Pole" }, "geometry": { "type": "Point", "coordinates": [ 18.492781324357264, -33.802669221029454 ] } },
{ "type": "Feature", "properties": { "OBJECTID": 498, "STOP_NAME": "Blaauwberg Hospital 3", "STOP_TYPE": "Existing IRT Stop", "STOP_STS": "Active", "STOP_DSCR": "Cantilever Shelter" }, "geometry": { "type": "Point", "coordinates": [ 18.485253440614823, -33.803191742876258 ] } },
{ "type": "Feature", "properties": { "OBJECTID": 499, "STOP_NAME": "Blaauwberg Hospital 2", "STOP_TYPE": "Existing IRT Stop", "STOP_STS": "Active", "STOP_DSCR": "Cantilever Shelter" }, "geometry": { "type": "Point", "coordinates": [ 18.485010896500377, -33.803169348603667 ] } },
{ "type": "Feature", "properties": { "OBJECTID": 500, "STOP_NAME": "Muscadel 1", "STOP_TYPE": "Existing IRT Stop", "STOP_STS": "Active", "STOP_DSCR": "Full Shelter" }, "geometry": { "type": "Point", "coordinates": [ 18.509485339499058, -33.820700980539037 ] } },
{ "type": "Feature", "properties": { "OBJECTID": 501, "STOP_NAME": "Muscadel 2", "STOP_TYPE": "Existing IRT Stop", "STOP_STS": "Active", "STOP_DSCR": "Cantilever Shelter" }, "geometry": { "type": "Point", "coordinates": [ 18.50960717888147, -33.820543610862629 ] } },
{ "type": "Feature", "properties": { "OBJECTID": 502, "STOP_NAME": "Wood Central 1", "STOP_TYPE": "Existing IRT Stop", "STOP_STS": "Active", "STOP_DSCR": "Totem" }, "geometry": { "type": "Point", "coordinates": [ 18.506987989422417, -33.814003036359345 ] } },
{ "type": "Feature", "properties": { "OBJECTID": 503, "STOP_NAME": "Wood Central 2", "STOP_TYPE": "Existing IRT Stop", "STOP_STS": "Active", "STOP_DSCR": "Cantilever Shelter" }, "geometry": { "type": "Point", "coordinates": [ 18.507477762250829, -33.814499837992827 ] } },
{ "type": "Feature", "properties": { "OBJECTID": 504, "STOP_NAME": "Wood North 1", "STOP_TYPE": "Existing IRT Stop", "STOP_STS": "Active", "STOP_DSCR": "Cantilever Shelter" }, "geometry": { "type": "Point", "coordinates": [ 18.503787983052064, -33.805522954398036 ] } },
{ "type": "Feature", "properties": { "OBJECTID": 505, "STOP_NAME": "Wood North 2", "STOP_TYPE": "Existing IRT Stop", "STOP_STS": "Active", "STOP_DSCR": "Full Shelter" }, "geometry": { "type": "Point", "coordinates": [ 18.503973229018243, -33.805676321381668 ] } },
{ "type": "Feature", "properties": { "OBJECTID": 506, "STOP_NAME": "Devonshire 1", "STOP_TYPE": "Existing IRT Stop", "STOP_STS": "Active", "STOP_DSCR": "Full Shelter" }, "geometry": { "type": "Point", "coordinates": [ 18.499186311665675, -33.806983666774599 ] } },
{ "type": "Feature", "properties": { "OBJECTID": 507, "STOP_NAME": "Devonshire 2", "STOP_TYPE": "Existing IRT Stop", "STOP_STS": "Active", "STOP_DSCR": "Full Shelter" }, "geometry": { "type": "Point", "coordinates": [ 18.499806148709336, -33.806692560697961 ] } },
{ "type": "Feature", "properties": { "OBJECTID": 508, "STOP_NAME": "Valderrama 1", "STOP_TYPE": "Existing IRT Stop", "STOP_STS": "Active", "STOP_DSCR": "Totem" }, "geometry": { "type": "Point", "coordinates": [ 18.489799364446529, -33.809833978282462 ] } },
{ "type": "Feature", "properties": { "OBJECTID": 509, "STOP_NAME": "Valderrama 2", "STOP_TYPE": "Existing IRT Stop", "STOP_STS": "Active", "STOP_DSCR": "Full Shelter" }, "geometry": { "type": "Point", "coordinates": [ 18.489917792366196, -33.810000450698617 ] } },
{ "type": "Feature", "properties": { "OBJECTID": 510, "STOP_NAME": "Nantucket 1", "STOP_TYPE": "Existing IRT Stop", "STOP_STS": "Active", "STOP_DSCR": "Totem" }, "geometry": { "type": "Point", "coordinates": [ 18.488525235717582, -33.805850682800134 ] } },
{ "type": "Feature", "properties": { "OBJECTID": 511, "STOP_NAME": "Nantucket 2", "STOP_TYPE": "Existing IRT Stop", "STOP_STS": "Active", "STOP_DSCR": "Cantilever Shelter" }, "geometry": { "type": "Point", "coordinates": [ 18.488726438830184, -33.806055918090976 ] } },
{ "type": "Feature", "properties": { "OBJECTID": 512, "STOP_NAME": "Waterville 1", "STOP_TYPE": "Existing IRT Stop", "STOP_STS": "Active", "STOP_DSCR": "Totem" }, "geometry": { "type": "Point", "coordinates": [ 18.487240132694581, -33.803654618731066 ] } },
{ "type": "Feature", "properties": { "OBJECTID": 513, "STOP_NAME": "Waterville 2", "STOP_TYPE": "Existing IRT Stop", "STOP_STS": "Active", "STOP_DSCR": "Full Shelter" }, "geometry": { "type": "Point", "coordinates": [ 18.487451622697566, -33.803653171645031 ] } },
{ "type": "Feature", "properties": { "OBJECTID": 514, "STOP_NAME": "Oakland Hills 1", "STOP_TYPE": "Existing IRT Stop", "STOP_STS": "Active", "STOP_DSCR": "Totem" }, "geometry": { "type": "Point", "coordinates": [ 18.486672779933556, -33.799810220739829 ] } },
{ "type": "Feature", "properties": { "OBJECTID": 515, "STOP_NAME": "Oakland Hills 2", "STOP_TYPE": "Existing IRT Stop", "STOP_STS": "Active", "STOP_DSCR": "Full Shelter" }, "geometry": { "type": "Point", "coordinates": [ 18.486888776129579, -33.800347200608662 ] } },
{ "type": "Feature", "properties": { "OBJECTID": 516, "STOP_NAME": "Radar 1", "STOP_TYPE": "Existing IRT Stop", "STOP_STS": "Active", "STOP_DSCR": "Cantilever Shelter" }, "geometry": { "type": "Point", "coordinates": [ 18.478354379938704, -33.799877405037599 ] } },
{ "type": "Feature", "properties": { "OBJECTID": 517, "STOP_NAME": "Radar 2", "STOP_TYPE": "Existing IRT Stop", "STOP_STS": "Active", "STOP_DSCR": "Cantilever Shelter" }, "geometry": { "type": "Point", "coordinates": [ 18.478228615928654, -33.799959517932827 ] } },
{ "type": "Feature", "properties": { "OBJECTID": 518, "STOP_NAME": "Blouberg Sands 1", "STOP_TYPE": "Existing IRT Stop", "STOP_STS": "Active", "STOP_DSCR": "Totem" }, "geometry": { "type": "Point", "coordinates": [ 18.475839096821929, -33.804229313897913 ] } },
{ "type": "Feature", "properties": { "OBJECTID": 519, "STOP_NAME": "Blouberg Sands 2", "STOP_TYPE": "Existing IRT Stop", "STOP_STS": "Active", "STOP_DSCR": "Totem" }, "geometry": { "type": "Point", "coordinates": [ 18.475892995553327, -33.803960592048327 ] } },
{ "type": "Feature", "properties": { "OBJECTID": 520, "STOP_NAME": "Cabin 1", "STOP_TYPE": "Existing IRT Stop", "STOP_STS": "Active", "STOP_DSCR": "Full Shelter" }, "geometry": { "type": "Point", "coordinates": [ 18.478202829426067, -33.808319082641233 ] } },
{ "type": "Feature", "properties": { "OBJECTID": 521, "STOP_NAME": "Cabin 2", "STOP_TYPE": "Existing IRT Stop", "STOP_STS": "Active", "STOP_DSCR": "Cantilever Shelter" }, "geometry": { "type": "Point", "coordinates": [ 18.47823026262181, -33.80823131787912 ] } },
{ "type": "Feature", "properties": { "OBJECTID": 522, "STOP_NAME": "West Beach 1", "STOP_TYPE": "Existing IRT Stop", "STOP_STS": "Active", "STOP_DSCR": "Totem" }, "geometry": { "type": "Point", "coordinates": [ 18.478417262002814, -33.810730639346204 ] } },
{ "type": "Feature", "properties": { "OBJECTID": 523, "STOP_NAME": "West Beach 2", "STOP_TYPE": "Existing IRT Stop", "STOP_STS": "Active", "STOP_DSCR": "Totem" }, "geometry": { "type": "Point", "coordinates": [ 18.478911336061266, -33.810536576698439 ] } },
{ "type": "Feature", "properties": { "OBJECTID": 524, "STOP_NAME": "Stirling 1", "STOP_TYPE": "Existing IRT Stop", "STOP_STS": "Active", "STOP_DSCR": "Cantilever Shelter" }, "geometry": { "type": "Point", "coordinates": [ 18.476314340139208, -33.812868847220969 ] } },
{ "type": "Feature", "properties": { "OBJECTID": 525, "STOP_NAME": "Stirling 2", "STOP_TYPE": "Existing IRT Stop", "STOP_STS": "Active", "STOP_DSCR": "Totem" }, "geometry": { "type": "Point", "coordinates": [ 18.476275167913034, -33.812545560218268 ] } },
{ "type": "Feature", "properties": { "OBJECTID": 526, "STOP_NAME": "Blouberg Rise 1", "STOP_TYPE": "Existing IRT Stop", "STOP_STS": "Active", "STOP_DSCR": "Cantilever Shelter" }, "geometry": { "type": "Point", "coordinates": [ 18.478410535982242, -33.814291018984825 ] } },
{ "type": "Feature", "properties": { "OBJECTID": 527, "STOP_NAME": "Blouberg Rise 2", "STOP_TYPE": "Existing IRT Stop", "STOP_STS": "Active", "STOP_DSCR": "Full Shelter" }, "geometry": { "type": "Point", "coordinates": [ 18.478493367359849, -33.814221262458609 ] } },
{ "type": "Feature", "properties": { "OBJECTID": 528, "STOP_NAME": "Viola 1", "STOP_TYPE": "Existing IRT Stop", "STOP_STS": "Active", "STOP_DSCR": "Cantilever Shelter" }, "geometry": { "type": "Point", "coordinates": [ 18.479396426138006, -33.818477842213333 ] } },
{ "type": "Feature", "properties": { "OBJECTID": 529, "STOP_NAME": "Viola 2", "STOP_TYPE": "Existing IRT Stop", "STOP_STS": "Active", "STOP_DSCR": "Cantilever Shelter" }, "geometry": { "type": "Point", "coordinates": [ 18.47911794746555, -33.818679348734435 ] } },
{ "type": "Feature", "properties": { "OBJECTID": 530, "STOP_NAME": "Tritonia 1", "STOP_TYPE": "Existing IRT Stop", "STOP_STS": "Active", "STOP_DSCR": "Full Shelter" }, "geometry": { "type": "Point", "coordinates": [ 18.478300481159572, -33.820731712659693 ] } },
{ "type": "Feature", "properties": { "OBJECTID": 531, "STOP_NAME": "Dunker 1", "STOP_TYPE": "Existing IRT Stop", "STOP_STS": "Active", "STOP_DSCR": "Totem" }, "geometry": { "type": "Point", "coordinates": [ 18.442736179504607, -33.693788202965742 ] } },
{ "type": "Feature", "properties": { "OBJECTID": 532, "STOP_NAME": "Edward 1", "STOP_TYPE": "Existing IRT Stop", "STOP_STS": "Active", "STOP_DSCR": "Totem" }, "geometry": { "type": "Point", "coordinates": [ 18.442709229830921, -33.69171784870219 ] } },
{ "type": "Feature", "properties": { "OBJECTID": 533, "STOP_NAME": "Narcissus 1", "STOP_TYPE": "Existing IRT Stop", "STOP_STS": "Active", "STOP_DSCR": "Totem" }, "geometry": { "type": "Point", "coordinates": [ 18.444380095792816, -33.690140759139844 ] } },
{ "type": "Feature", "properties": { "OBJECTID": 534, "STOP_NAME": "Human 1", "STOP_TYPE": "Existing IRT Stop", "STOP_STS": "Active", "STOP_DSCR": "Totem" }, "geometry": { "type": "Point", "coordinates": [ 18.448413532361435, -33.687599416303989 ] } },
{ "type": "Feature", "properties": { "OBJECTID": 535, "STOP_NAME": "Kemp 1", "STOP_TYPE": "Existing IRT Stop", "STOP_STS": "Active", "STOP_DSCR": "Totem" }, "geometry": { "type": "Point", "coordinates": [ 18.452141539912098, -33.685237393785513 ] } },
{ "type": "Feature", "properties": { "OBJECTID": 536, "STOP_NAME": "Le Sueur 1", "STOP_TYPE": "Existing IRT Stop", "STOP_STS": "Active", "STOP_DSCR": "Totem" }, "geometry": { "type": "Point", "coordinates": [ 18.454899368321673, -33.686971542734796 ] } },
{ "type": "Feature", "properties": { "OBJECTID": 537, "STOP_NAME": "Petrus 1", "STOP_TYPE": "Existing IRT Stop", "STOP_STS": "Active", "STOP_DSCR": "Totem" }, "geometry": { "type": "Point", "coordinates": [ 18.45028202651195, -33.692263471381146 ] } },
{ "type": "Feature", "properties": { "OBJECTID": 538, "STOP_NAME": "Raymond 1", "STOP_TYPE": "Existing IRT Stop", "STOP_STS": "Active", "STOP_DSCR": "Totem" }, "geometry": { "type": "Point", "coordinates": [ 18.447640980431164, -33.692861407979684 ] } },
{ "type": "Feature", "properties": { "OBJECTID": 539, "STOP_NAME": "Waldeck 1", "STOP_TYPE": "Existing IRT Stop", "STOP_STS": "Active", "STOP_DSCR": "Totem" }, "geometry": { "type": "Point", "coordinates": [ 18.445610787568949, -33.694558032996689 ] } },
{ "type": "Feature", "properties": { "OBJECTID": 540, "STOP_NAME": "Hoffe North 1", "STOP_TYPE": "Existing IRT Stop", "STOP_STS": "Active", "STOP_DSCR": "Totem" }, "geometry": { "type": "Point", "coordinates": [ 18.441823961192814, -33.69699612287139 ] } },
{ "type": "Feature", "properties": { "OBJECTID": 541, "STOP_NAME": "Hoffe North 2", "STOP_TYPE": "Existing IRT Stop", "STOP_STS": "Active", "STOP_DSCR": "Full Shelter" }, "geometry": { "type": "Point", "coordinates": [ 18.441827402997632, -33.696708889971788 ] } },
{ "type": "Feature", "properties": { "OBJECTID": 542, "STOP_NAME": "Pelican 1", "STOP_TYPE": "Existing IRT Stop", "STOP_STS": "Active", "STOP_DSCR": "Cantilever Shelter" }, "geometry": { "type": "Point", "coordinates": [ 18.443715075979185, -33.701588331637197 ] } },
{ "type": "Feature", "properties": { "OBJECTID": 543, "STOP_NAME": "Pelican 2", "STOP_TYPE": "Existing IRT Stop", "STOP_STS": "Active", "STOP_DSCR": "Totem" }, "geometry": { "type": "Point", "coordinates": [ 18.443861625150902, -33.701753008378937 ] } },
{ "type": "Feature", "properties": { "OBJECTID": 544, "STOP_NAME": "Riebeeckstrand 1", "STOP_TYPE": "Existing IRT Stop", "STOP_STS": "Active", "STOP_DSCR": "Cantilever Shelter" }, "geometry": { "type": "Point", "coordinates": [ 18.444281280943272, -33.705693638035385 ] } },
{ "type": "Feature", "properties": { "OBJECTID": 545, "STOP_NAME": "Riebeeckstrand 2", "STOP_TYPE": "Existing IRT Stop", "STOP_STS": "Active", "STOP_DSCR": "Cantilever Shelter" }, "geometry": { "type": "Point", "coordinates": [ 18.444281281205591, -33.705387240850165 ] } },
{ "type": "Feature", "properties": { "OBJECTID": 546, "STOP_NAME": "Hoffe South 1", "STOP_TYPE": "Existing IRT Stop", "STOP_STS": "Active", "STOP_DSCR": "Cantilever Shelter" }, "geometry": { "type": "Point", "coordinates": [ 18.446193534517992, -33.711387363507015 ] } },
{ "type": "Feature", "properties": { "OBJECTID": 547, "STOP_NAME": "Hoffe South 2", "STOP_TYPE": "Existing IRT Stop", "STOP_STS": "Active", "STOP_DSCR": "Full Shelter" }, "geometry": { "type": "Point", "coordinates": [ 18.446293321536746, -33.711484127823972 ] } },
{ "type": "Feature", "properties": { "OBJECTID": 548, "STOP_NAME": "Robben 1", "STOP_TYPE": "Existing IRT Stop", "STOP_STS": "Active", "STOP_DSCR": "Totem" }, "geometry": { "type": "Point", "coordinates": [ 18.44563174612712, -33.717001433337934 ] } },
{ "type": "Feature", "properties": { "OBJECTID": 549, "STOP_NAME": "Robben 2", "STOP_TYPE": "Existing IRT Stop", "STOP_STS": "Active", "STOP_DSCR": "Full Shelter" }, "geometry": { "type": "Point", "coordinates": [ 18.446067152163671, -33.718138992616083 ] } },
{ "type": "Feature", "properties": { "OBJECTID": 550, "STOP_NAME": "Atalantes 1", "STOP_TYPE": "Existing IRT Stop", "STOP_STS": "Active", "STOP_DSCR": "Totem" }, "geometry": { "type": "Point", "coordinates": [ 18.447302167030415, -33.723107936331132 ] } },
{ "type": "Feature", "properties": { "OBJECTID": 551, "STOP_NAME": "Atalantes 2", "STOP_TYPE": "Existing IRT Stop", "STOP_STS": "Active", "STOP_DSCR": "Full Shelter" }, "geometry": { "type": "Point", "coordinates": [ 18.447655746478791, -33.724038656839269 ] } },
{ "type": "Feature", "properties": { "OBJECTID": 552, "STOP_NAME": "Atlantic Beach 1", "STOP_TYPE": "Existing IRT Stop", "STOP_STS": "Active", "STOP_DSCR": "Temp Pole" }, "geometry": { "type": "Point", "coordinates": [ 18.447057076251301, -33.732338491340613 ] } },
{ "type": "Feature", "properties": { "OBJECTID": 553, "STOP_NAME": "Atlantic Beach 2", "STOP_TYPE": "Existing IRT Stop", "STOP_STS": "Active", "STOP_DSCR": "Full Shelter" }, "geometry": { "type": "Point", "coordinates": [ 18.447865558749783, -33.732039659980401 ] } },
{ "type": "Feature", "properties": { "OBJECTID": 554, "STOP_NAME": "Brittlestar 1", "STOP_TYPE": "Existing IRT Stop with Temporary Pole", "STOP_STS": "Active", "STOP_DSCR": "Temp Pole" }, "geometry": { "type": "Point", "coordinates": [ 18.452689511911192, -33.734213630386286 ] } },
{ "type": "Feature", "properties": { "OBJECTID": 555, "STOP_NAME": "Brittlestar 2", "STOP_TYPE": "Existing IRT Stop with Temporary Pole", "STOP_STS": "Active", "STOP_DSCR": "Temp Pole" }, "geometry": { "type": "Point", "coordinates": [ 18.452770360461916, -33.734198689328679 ] } },
{ "type": "Feature", "properties": { "OBJECTID": 556, "STOP_NAME": "Berkshire West 1", "STOP_TYPE": "Existing IRT Stop", "STOP_STS": "Active", "STOP_DSCR": "Temp Pole" }, "geometry": { "type": "Point", "coordinates": [ 18.477483013684289, -33.788201550035076 ] } },
{ "type": "Feature", "properties": { "OBJECTID": 557, "STOP_NAME": "Sand 1", "STOP_TYPE": "Existing IRT Stop", "STOP_STS": "Active", "STOP_DSCR": "Red Totem" }, "geometry": { "type": "Point", "coordinates": [ 18.468805288902573, -33.511638488266122 ] } },
{ "type": "Feature", "properties": { "OBJECTID": 558, "STOP_NAME": "Crown 1", "STOP_TYPE": "Existing IRT Stop", "STOP_STS": "Active", "STOP_DSCR": "Full Shelter" }, "geometry": { "type": "Point", "coordinates": [ 18.46395019817621, -33.514019629996014 ] } },
{ "type": "Feature", "properties": { "OBJECTID": 559, "STOP_NAME": "Paradise 1", "STOP_TYPE": "Existing IRT Stop", "STOP_STS": "Active", "STOP_DSCR": "Totem" }, "geometry": { "type": "Point", "coordinates": [ 18.466475436919627, -33.512914721115735 ] } },
{ "type": "Feature", "properties": { "OBJECTID": 560, "STOP_NAME": "Paradise 2", "STOP_TYPE": "Existing IRT Stop", "STOP_STS": "Active", "STOP_DSCR": "Full Shelter" }, "geometry": { "type": "Point", "coordinates": [ 18.466144961068682, -33.51322196745221 ] } },
{ "type": "Feature", "properties": { "OBJECTID": 561, "STOP_NAME": "Goedverwacht 1", "STOP_TYPE": "Existing IRT Stop", "STOP_STS": "Active", "STOP_DSCR": "Totem" }, "geometry": { "type": "Point", "coordinates": [ 18.471004646072991, -33.51308406872829 ] } },
{ "type": "Feature", "properties": { "OBJECTID": 562, "STOP_NAME": "Goedverwacht 2", "STOP_TYPE": "Existing IRT Stop", "STOP_STS": "Active", "STOP_DSCR": "Full Shelter" }, "geometry": { "type": "Point", "coordinates": [ 18.472029902271487, -33.512296443032319 ] } },
{ "type": "Feature", "properties": { "OBJECTID": 563, "STOP_NAME": "Enon 1", "STOP_TYPE": "Existing IRT Stop", "STOP_STS": "Active", "STOP_DSCR": "Full Shelter" }, "geometry": { "type": "Point", "coordinates": [ 18.474877899621749, -33.513301234065125 ] } },
{ "type": "Feature", "properties": { "OBJECTID": 564, "STOP_NAME": "Enon 2", "STOP_TYPE": "Existing IRT Stop", "STOP_STS": "Active", "STOP_DSCR": "Full Shelter" }, "geometry": { "type": "Point", "coordinates": [ 18.474671287300005, -33.512791927575883 ] } },
{ "type": "Feature", "properties": { "OBJECTID": 565, "STOP_NAME": "PM Louw 1", "STOP_TYPE": "Existing IRT Stop", "STOP_STS": "Active", "STOP_DSCR": "Totem" }, "geometry": { "type": "Point", "coordinates": [ 18.477725559085343, -33.517143401748449 ] } },
{ "type": "Feature", "properties": { "OBJECTID": 566, "STOP_NAME": "PM Louw 2", "STOP_TYPE": "Existing IRT Stop", "STOP_STS": "Active", "STOP_DSCR": "Cantilever Shelter" }, "geometry": { "type": "Point", "coordinates": [ 18.477775350134692, -33.517041879275311 ] } },
{ "type": "Feature", "properties": { "OBJECTID": 567, "STOP_NAME": "Silverstream 1", "STOP_TYPE": "Existing IRT Stop", "STOP_STS": "Active", "STOP_DSCR": "Full Shelter" }, "geometry": { "type": "Point", "coordinates": [ 18.482538913585874, -33.520552251295761 ] } },
{ "type": "Feature", "properties": { "OBJECTID": 568, "STOP_NAME": "Silverstream 2", "STOP_TYPE": "Existing IRT Stop", "STOP_STS": "Active", "STOP_DSCR": "Full Shelter" }, "geometry": { "type": "Point", "coordinates": [ 18.48256122835917, -33.520464235126262 ] } },
{ "type": "Feature", "properties": { "OBJECTID": 569, "STOP_NAME": "Grosvenor North 1", "STOP_TYPE": "Existing IRT Stop with Temporary Pole", "STOP_STS": "Active", "STOP_DSCR": "Temp Pole" }, "geometry": { "type": "Point", "coordinates": [ 18.487696858871001, -33.552643547807037 ] } },
{ "type": "Feature", "properties": { "OBJECTID": 570, "STOP_NAME": "Grosvenor North 2", "STOP_TYPE": "Existing IRT Stop with Temporary Pole", "STOP_STS": "Active", "STOP_DSCR": "Temp Pole" }, "geometry": { "type": "Point", "coordinates": [ 18.48789448762043, -33.552890598439177 ] } },
{ "type": "Feature", "properties": { "OBJECTID": 571, "STOP_NAME": "Montreal 1", "STOP_TYPE": "Existing IRT Stop", "STOP_STS": "Active", "STOP_DSCR": "Full Shelter" }, "geometry": { "type": "Point", "coordinates": [ 18.493419127116017, -33.552089554924272 ] } },
{ "type": "Feature", "properties": { "OBJECTID": 572, "STOP_NAME": "Montreal 2", "STOP_TYPE": "Existing IRT Stop", "STOP_STS": "Active", "STOP_DSCR": "Full Shelter" }, "geometry": { "type": "Point", "coordinates": [ 18.493571840659929, -33.552097041625281 ] } },
{ "type": "Feature", "properties": { "OBJECTID": 573, "STOP_NAME": "Charel Uys North 1", "STOP_TYPE": "Existing IRT Stop", "STOP_STS": "Active", "STOP_DSCR": "Totem" }, "geometry": { "type": "Point", "coordinates": [ 18.493841335858157, -33.555727876172924 ] } },
{ "type": "Feature", "properties": { "OBJECTID": 574, "STOP_NAME": "Charel Uys North 2", "STOP_TYPE": "Existing IRT Stop", "STOP_STS": "Active", "STOP_DSCR": "Full Shelter" }, "geometry": { "type": "Point", "coordinates": [ 18.493926108039179, -33.555658414097955 ] } },
{ "type": "Feature", "properties": { "OBJECTID": 575, "STOP_NAME": "Arion 1", "STOP_TYPE": "Existing IRT Stop", "STOP_STS": "Active", "STOP_DSCR": "Full Shelter" }, "geometry": { "type": "Point", "coordinates": [ 18.496141023475239, -33.559119011266716 ] } },
{ "type": "Feature", "properties": { "OBJECTID": 576, "STOP_NAME": "Arion 2", "STOP_TYPE": "Existing IRT Stop", "STOP_STS": "Active", "STOP_DSCR": "Full Shelter" }, "geometry": { "type": "Point", "coordinates": [ 18.496257803622097, -33.559036667178681 ] } },
{ "type": "Feature", "properties": { "OBJECTID": 577, "STOP_NAME": "Atlantis Cemetery 1", "STOP_TYPE": "Existing IRT Stop with Temporary Pole", "STOP_STS": "Active", "STOP_DSCR": "Temp Pole" }, "geometry": { "type": "Point", "coordinates": [ 18.491649446054314, -33.53976604112183 ] } },
{ "type": "Feature", "properties": { "OBJECTID": 578, "STOP_NAME": "Atlantis Cemetery 2", "STOP_TYPE": "Existing IRT Stop with Temporary Pole", "STOP_STS": "Active", "STOP_DSCR": "Temp Pole" }, "geometry": { "type": "Point", "coordinates": [ 18.491694362137704, -33.53957885366254 ] } },
{ "type": "Feature", "properties": { "OBJECTID": 579, "STOP_NAME": "Atlantis Cemetery 3", "STOP_TYPE": "Existing IRT Stop with Temporary Pole", "STOP_STS": "Active", "STOP_DSCR": "Temp Pole" }, "geometry": { "type": "Point", "coordinates": [ 18.491918708928178, -33.539714461198422 ] } },
{ "type": "Feature", "properties": { "OBJECTID": 580, "STOP_NAME": "Pella North 2", "STOP_TYPE": "Existing IRT Stop with Temporary Pole", "STOP_STS": "Active", "STOP_DSCR": "Temp Pole" }, "geometry": { "type": "Point", "coordinates": [ 18.520428299357796, -33.536965526293123 ] } },
{ "type": "Feature", "properties": { "OBJECTID": 581, "STOP_NAME": "Pella Central 2", "STOP_TYPE": "Existing IRT Stop with Temporary Pole", "STOP_STS": "Active", "STOP_DSCR": "Cantilever Shelter" }, "geometry": { "type": "Point", "coordinates": [ 18.520731316206771, -33.53884180726984 ] } },
{ "type": "Feature", "properties": { "OBJECTID": 582, "STOP_NAME": "Pella South 1", "STOP_TYPE": "Existing IRT Stop", "STOP_STS": "Active", "STOP_DSCR": "Totem" }, "geometry": { "type": "Point", "coordinates": [ 18.520131976117455, -33.542347063579932 ] } },
{ "type": "Feature", "properties": { "OBJECTID": 583, "STOP_NAME": "Pella South 2", "STOP_TYPE": "Existing IRT Stop", "STOP_STS": "Active", "STOP_DSCR": "Totem" }, "geometry": { "type": "Point", "coordinates": [ 18.519677414511385, -33.542480822147049 ] } },
{ "type": "Feature", "properties": { "OBJECTID": 584, "STOP_NAME": "Fernande 1", "STOP_TYPE": "Existing IRT Stop with Temporary Pole", "STOP_STS": "Active", "STOP_DSCR": "Temp Pole" }, "geometry": { "type": "Point", "coordinates": [ 18.48820889929944, -33.55536105598906 ] } },
{ "type": "Feature", "properties": { "OBJECTID": 585, "STOP_NAME": "Magnet 1", "STOP_TYPE": "Existing IRT Stop", "STOP_STS": "Active", "STOP_DSCR": "Full Shelter" }, "geometry": { "type": "Point", "coordinates": [ 18.490472653149702, -33.546511997870688 ] } },
{ "type": "Feature", "properties": { "OBJECTID": 586, "STOP_NAME": "Mauritius 1", "STOP_TYPE": "Existing IRT Stop", "STOP_STS": "Active", "STOP_DSCR": "Full Shelter" }, "geometry": { "type": "Point", "coordinates": [ 18.487876521561891, -33.544071235330442 ] } },
{ "type": "Feature", "properties": { "OBJECTID": 587, "STOP_NAME": "Kehrweider 1", "STOP_TYPE": "Existing IRT Stop", "STOP_STS": "Active", "STOP_DSCR": "Full Shelter" }, "geometry": { "type": "Point", "coordinates": [ 18.487499230335626, -33.548129151558307 ] } },
{ "type": "Feature", "properties": { "OBJECTID": 588, "STOP_NAME": "Hermes 1", "STOP_TYPE": "Existing IRT Stop", "STOP_STS": "Active", "STOP_DSCR": "Full Shelter" }, "geometry": { "type": "Point", "coordinates": [ 18.486205655866073, -33.54752272293252 ] } },
{ "type": "Feature", "properties": { "OBJECTID": 589, "STOP_NAME": "Saxonsea Clinic 1", "STOP_TYPE": "Existing IRT Stop", "STOP_STS": "Active", "STOP_DSCR": "Full Shelter" }, "geometry": { "type": "Point", "coordinates": [ 18.488496360405819, -33.550180498824972 ] } },
{ "type": "Feature", "properties": { "OBJECTID": 590, "STOP_NAME": "Saxonsea Clinic 2", "STOP_TYPE": "Existing IRT Stop", "STOP_STS": "Active", "STOP_DSCR": "Full Shelter" }, "geometry": { "type": "Point", "coordinates": [ 18.488613140868566, -33.550262851269785 ] } },
{ "type": "Feature", "properties": { "OBJECTID": 591, "STOP_NAME": "Lisboa 1", "STOP_TYPE": "Existing IRT Stop", "STOP_STS": "Active", "STOP_DSCR": "Cantilever Shelter" }, "geometry": { "type": "Point", "coordinates": [ 18.48413054709539, -33.544632765870162 ] } },
{ "type": "Feature", "properties": { "OBJECTID": 592, "STOP_NAME": "Saxonsea Primary 1", "STOP_TYPE": "Existing IRT Stop", "STOP_STS": "Active", "STOP_DSCR": "Totem" }, "geometry": { "type": "Point", "coordinates": [ 18.48851779789722, -33.555068157085799 ] } },
{ "type": "Feature", "properties": { "OBJECTID": 593, "STOP_NAME": "Saxonsea Primary 2", "STOP_TYPE": "Existing IRT Stop", "STOP_STS": "Active", "STOP_DSCR": "Full Shelter" }, "geometry": { "type": "Point", "coordinates": [ 18.488746119946015, -33.555460697919607 ] } },
{ "type": "Feature", "properties": { "OBJECTID": 594, "STOP_NAME": "Valleyfield 1", "STOP_TYPE": "Existing IRT Stop with Temporary Pole", "STOP_STS": "Active", "STOP_DSCR": "Temp Pole" }, "geometry": { "type": "Point", "coordinates": [ 18.483959866900385, -33.554941831677141 ] } },
{ "type": "Feature", "properties": { "OBJECTID": 595, "STOP_NAME": "Valleyfield 2", "STOP_TYPE": "Existing IRT Stop with Temporary Pole", "STOP_STS": "Active", "STOP_DSCR": "Temp Pole" }, "geometry": { "type": "Point", "coordinates": [ 18.484211396188421, -33.554956803881488 ] } },
{ "type": "Feature", "properties": { "OBJECTID": 596, "STOP_NAME": "Wesfleur Park 1", "STOP_TYPE": "Existing IRT Stop", "STOP_STS": "Active", "STOP_DSCR": "Totem" }, "geometry": { "type": "Point", "coordinates": [ 18.488175054636624, -33.558738923803105 ] } },
{ "type": "Feature", "properties": { "OBJECTID": 597, "STOP_NAME": "Wesfleur Park 2", "STOP_TYPE": "Existing IRT Stop", "STOP_STS": "Active", "STOP_DSCR": "Full Shelter" }, "geometry": { "type": "Point", "coordinates": [ 18.488309781317813, -33.558709193906303 ] } },
{ "type": "Feature", "properties": { "OBJECTID": 598, "STOP_NAME": "Goede Hoop 1", "STOP_TYPE": "Existing IRT Stop with Temporary Pole", "STOP_STS": "Active", "STOP_DSCR": "Temp Pole" }, "geometry": { "type": "Point", "coordinates": [ 18.484615638287526, -33.550749476978922 ] } },
{ "type": "Feature", "properties": { "OBJECTID": 599, "STOP_NAME": "Goede Hoop 2", "STOP_TYPE": "Existing IRT Stop with Temporary Pole", "STOP_STS": "Active", "STOP_DSCR": "Temp Pole" }, "geometry": { "type": "Point", "coordinates": [ 18.48509174501028, -33.550959099643663 ] } },
{ "type": "Feature", "properties": { "OBJECTID": 600, "STOP_NAME": "Knysna 1", "STOP_TYPE": "Existing IRT Stop", "STOP_STS": "Active", "STOP_DSCR": "Cantilever Shelter" }, "geometry": { "type": "Point", "coordinates": [ 18.501629729118662, -33.550180499428954 ] } },
{ "type": "Feature", "properties": { "OBJECTID": 601, "STOP_NAME": "Newlands 1", "STOP_TYPE": "Existing IRT Stop", "STOP_STS": "Active", "STOP_DSCR": "Full Shelter" }, "geometry": { "type": "Point", "coordinates": [ 18.49845867569525, -33.551138775848564 ] } },
{ "type": "Feature", "properties": { "OBJECTID": 602, "STOP_NAME": "Montezuma 1", "STOP_TYPE": "Existing IRT Stop", "STOP_STS": "Active", "STOP_DSCR": "Totem" }, "geometry": { "type": "Point", "coordinates": [ 18.50058768299133, -33.552621089375613 ] } },
{ "type": "Feature", "properties": { "OBJECTID": 603, "STOP_NAME": "Clearwater 1", "STOP_TYPE": "Existing IRT Stop", "STOP_STS": "Active", "STOP_DSCR": "Totem" }, "geometry": { "type": "Point", "coordinates": [ 18.497542394665277, -33.554170753361291 ] } },
{ "type": "Feature", "properties": { "OBJECTID": 604, "STOP_NAME": "Clearwater 2", "STOP_TYPE": "Existing IRT Stop", "STOP_STS": "Active", "STOP_DSCR": "Full Shelter" }, "geometry": { "type": "Point", "coordinates": [ 18.497533410489904, -33.554268074329755 ] } },
{ "type": "Feature", "properties": { "OBJECTID": 605, "STOP_NAME": "Sherwood 1", "STOP_TYPE": "Existing IRT Stop", "STOP_STS": "Active", "STOP_DSCR": "Cantilever Shelter" }, "geometry": { "type": "Point", "coordinates": [ 18.493428110527958, -33.5554583763696 ] } },
{ "type": "Feature", "properties": { "OBJECTID": 606, "STOP_NAME": "Sherwood 2", "STOP_TYPE": "Existing IRT Stop", "STOP_STS": "Active", "STOP_DSCR": "Full Shelter" }, "geometry": { "type": "Point", "coordinates": [ 18.494319788106321, -33.555296593907109 ] } },
{ "type": "Feature", "properties": { "OBJECTID": 607, "STOP_NAME": "Brutus 1", "STOP_TYPE": "Existing IRT Stop", "STOP_STS": "Active", "STOP_DSCR": "Full Shelter" }, "geometry": { "type": "Point", "coordinates": [ 18.491344019419532, -33.557397258820686 ] } },
{ "type": "Feature", "properties": { "OBJECTID": 608, "STOP_NAME": "Brutus 2", "STOP_TYPE": "Existing IRT Stop", "STOP_STS": "Active", "STOP_DSCR": "Full Shelter" }, "geometry": { "type": "Point", "coordinates": [ 18.491568598501836, -33.556760951182049 ] } },
{ "type": "Feature", "properties": { "OBJECTID": 609, "STOP_NAME": "Jacana 1", "STOP_TYPE": "Existing IRT Stop with Temporary Pole", "STOP_STS": "Active", "STOP_DSCR": "Temp Pole" }, "geometry": { "type": "Point", "coordinates": [ 18.501477015347742, -33.570302078013015 ] } },
{ "type": "Feature", "properties": { "OBJECTID": 610, "STOP_NAME": "Jacana 2", "STOP_TYPE": "Existing IRT Stop with Temporary Pole", "STOP_STS": "Active", "STOP_DSCR": "Temp Pole" }, "geometry": { "type": "Point", "coordinates": [ 18.501477015445641, -33.570182321035297 ] } },
{ "type": "Feature", "properties": { "OBJECTID": 611, "STOP_NAME": "Swawel 1", "STOP_TYPE": "Existing IRT Stop with Temporary Pole", "STOP_STS": "Active", "STOP_DSCR": "Temp Pole" }, "geometry": { "type": "Point", "coordinates": [ 18.506597413522538, -33.56908952688304 ] } },
{ "type": "Feature", "properties": { "OBJECTID": 612, "STOP_NAME": "Swawel 2", "STOP_TYPE": "Existing IRT Stop with Temporary Pole", "STOP_STS": "Active", "STOP_DSCR": "Temp Pole" }, "geometry": { "type": "Point", "coordinates": [ 18.506552496967174, -33.568573063621663 ] } },
{ "type": "Feature", "properties": { "OBJECTID": 613, "STOP_NAME": "Robinvale 1", "STOP_TYPE": "Existing IRT Stop with Temporary Pole", "STOP_STS": "Active", "STOP_DSCR": "Temp Pole" }, "geometry": { "type": "Point", "coordinates": [ 18.504701967147813, -33.565870942264937 ] } },
{ "type": "Feature", "properties": { "OBJECTID": 614, "STOP_NAME": "Robinvale 2", "STOP_TYPE": "Existing IRT Stop with Temporary Pole", "STOP_STS": "Active", "STOP_DSCR": "Full Shelter" }, "geometry": { "type": "Point", "coordinates": [ 18.504165005603248, -33.566015914440584 ] } },
{ "type": "Feature", "properties": { "OBJECTID": 615, "STOP_NAME": "Curlew 1", "STOP_TYPE": "Existing IRT Stop", "STOP_STS": "Active", "STOP_DSCR": "Totem" }, "geometry": { "type": "Point", "coordinates": [ 18.499728619186996, -33.565545329862395 ] } },
{ "type": "Feature", "properties": { "OBJECTID": 616, "STOP_NAME": "Curlew 2", "STOP_TYPE": "Existing IRT Stop", "STOP_STS": "Active", "STOP_DSCR": "Full Shelter" }, "geometry": { "type": "Point", "coordinates": [ 18.500023373459062, -33.565898567541105 ] } },
{ "type": "Feature", "properties": { "OBJECTID": 617, "STOP_NAME": "Tortelduif 1", "STOP_TYPE": "Existing IRT Stop with Temporary Pole", "STOP_STS": "Active", "STOP_DSCR": "Temp Pole" }, "geometry": { "type": "Point", "coordinates": [ 18.507046570089571, -33.565040078675167 ] } },
{ "type": "Feature", "properties": { "OBJECTID": 618, "STOP_NAME": "Tortelduif 2", "STOP_TYPE": "Existing IRT Stop with Temporary Pole", "STOP_STS": "Active", "STOP_DSCR": "Temp Pole" }, "geometry": { "type": "Point", "coordinates": [ 18.507567593495676, -33.565092476050033 ] } },
{ "type": "Feature", "properties": { "OBJECTID": 619, "STOP_NAME": "Sampson 1", "STOP_TYPE": "Existing IRT Stop", "STOP_STS": "Active", "STOP_DSCR": "Full Shelter" }, "geometry": { "type": "Point", "coordinates": [ 18.497380698224351, -33.564007102598993 ] } },
{ "type": "Feature", "properties": { "OBJECTID": 620, "STOP_NAME": "Sampson 2", "STOP_TYPE": "Existing IRT Stop", "STOP_STS": "Active", "STOP_DSCR": "Full Shelter" }, "geometry": { "type": "Point", "coordinates": [ 18.497677142329703, -33.564201723084842 ] } },
{ "type": "Feature", "properties": { "OBJECTID": 621, "STOP_NAME": "Patrys 1", "STOP_TYPE": "Existing IRT Stop with Temporary Pole", "STOP_STS": "Active", "STOP_DSCR": "Temp Pole" }, "geometry": { "type": "Point", "coordinates": [ 18.503516191286604, -33.571050557755136 ] } },
{ "type": "Feature", "properties": { "OBJECTID": 622, "STOP_NAME": "Patrys 2", "STOP_TYPE": "Existing IRT Stop with Temporary Pole", "STOP_STS": "Active", "STOP_DSCR": "Temp Pole" }, "geometry": { "type": "Point", "coordinates": [ 18.502770588847742, -33.570751167377054 ] } },
{ "type": "Feature", "properties": { "OBJECTID": 623, "STOP_NAME": "Wesfleur Hospital 1", "STOP_TYPE": "Existing IRT Stop", "STOP_STS": "Active", "STOP_DSCR": "Cantilever Shelter" }, "geometry": { "type": "Point", "coordinates": [ 18.494020998569983, -33.564942769718066 ] } },
{ "type": "Feature", "properties": { "OBJECTID": 624, "STOP_NAME": "Wesfleur Hospital 2", "STOP_TYPE": "Existing IRT Stop", "STOP_STS": "Active", "STOP_DSCR": "Full Shelter" }, "geometry": { "type": "Point", "coordinates": [ 18.494630513568929, -33.564666902740164 ] } },
{ "type": "Feature", "properties": { "OBJECTID": 625, "STOP_NAME": "Malgas 1", "STOP_TYPE": "Existing IRT Stop with Temporary Pole", "STOP_STS": "Active", "STOP_DSCR": "Temp Pole" }, "geometry": { "type": "Point", "coordinates": [ 18.499644452448045, -33.570930801934367 ] } },
{ "type": "Feature", "properties": { "OBJECTID": 626, "STOP_NAME": "Malgas 2", "STOP_TYPE": "Existing IRT Stop with Temporary Pole", "STOP_STS": "Active", "STOP_DSCR": "Temp Pole" }, "geometry": { "type": "Point", "coordinates": [ 18.499159362495313, -33.571028104049574 ] } },
{ "type": "Feature", "properties": { "OBJECTID": 627, "STOP_NAME": "Swift 1", "STOP_TYPE": "Existing IRT Stop with Temporary Pole", "STOP_STS": "Active", "STOP_DSCR": "Temp Pole" }, "geometry": { "type": "Point", "coordinates": [ 18.50893303160197, -33.565601474438218 ] } },
{ "type": "Feature", "properties": { "OBJECTID": 628, "STOP_NAME": "Swift 2", "STOP_TYPE": "Existing IRT Stop with Temporary Pole", "STOP_STS": "Active", "STOP_DSCR": "Temp Pole" }, "geometry": { "type": "Point", "coordinates": [ 18.508852184354495, -33.566215261633957 ] } },
{ "type": "Feature", "properties": { "OBJECTID": 629, "STOP_NAME": "Flamingo Park 1", "STOP_TYPE": "Existing IRT Stop", "STOP_STS": "Active", "STOP_DSCR": "Full Shelter" }, "geometry": { "type": "Point", "coordinates": [ 18.496769843422157, -33.568460789233804 ] } },
{ "type": "Feature", "properties": { "OBJECTID": 630, "STOP_NAME": "Flamingo Park 2", "STOP_TYPE": "Existing IRT Stop", "STOP_STS": "Active", "STOP_DSCR": "Totem" }, "geometry": { "type": "Point", "coordinates": [ 18.496832725364079, -33.568333544208592 ] } },
{ "type": "Feature", "properties": { "OBJECTID": 631, "STOP_NAME": "Reygersdal 1", "STOP_TYPE": "Existing IRT Stop", "STOP_STS": "Active", "STOP_DSCR": "Full Shelter" }, "geometry": { "type": "Point", "coordinates": [ 18.493967099922127, -33.566589519781402 ] } },
{ "type": "Feature", "properties": { "OBJECTID": 632, "STOP_NAME": "Reygersdal 2", "STOP_TYPE": "Existing IRT Stop", "STOP_STS": "Active", "STOP_DSCR": "Full Shelter" }, "geometry": { "type": "Point", "coordinates": [ 18.493940150511918, -33.56671676782917 ] } },
{ "type": "Feature", "properties": { "OBJECTID": 633, "STOP_NAME": "Louwtjie Rothman 1", "STOP_TYPE": "Existing IRT Stop", "STOP_STS": "Active", "STOP_DSCR": "Totem" }, "geometry": { "type": "Point", "coordinates": [ 18.479001167525858, -33.597647331399102 ] } },
{ "type": "Feature", "properties": { "OBJECTID": 634, "STOP_NAME": "Charles Piers 1", "STOP_TYPE": "Existing IRT Stop", "STOP_STS": "Active", "STOP_DSCR": "Totem" }, "geometry": { "type": "Point", "coordinates": [ 18.481381703454204, -33.599098916939909 ] } },
{ "type": "Feature", "properties": { "OBJECTID": 635, "STOP_NAME": "Charles Piers 2", "STOP_TYPE": "Existing IRT Stop", "STOP_STS": "Active", "STOP_DSCR": "Totem" }, "geometry": { "type": "Point", "coordinates": [ 18.481426618003624, -33.598956751833278 ] } },
{ "type": "Feature", "properties": { "OBJECTID": 636, "STOP_NAME": "Industrial 1", "STOP_TYPE": "Existing IRT Stop", "STOP_STS": "Active", "STOP_DSCR": "Totem" }, "geometry": { "type": "Point", "coordinates": [ 18.484202412975595, -33.59674943080342 ] } },
{ "type": "Feature", "properties": { "OBJECTID": 637, "STOP_NAME": "Industrial 2", "STOP_TYPE": "Existing IRT Stop", "STOP_STS": "Active", "STOP_DSCR": "Totem" }, "geometry": { "type": "Point", "coordinates": [ 18.484453940961728, -33.596412716265988 ] } },
{ "type": "Feature", "properties": { "OBJECTID": 638, "STOP_NAME": "Johan Heyns 1", "STOP_TYPE": "Existing IRT Stop", "STOP_STS": "Active", "STOP_DSCR": "Totem" }, "geometry": { "type": "Point", "coordinates": [ 18.489771967145206, -33.592551623256085 ] } },
{ "type": "Feature", "properties": { "OBJECTID": 639, "STOP_NAME": "Johan Heyns 2", "STOP_TYPE": "Existing IRT Stop", "STOP_STS": "Active", "STOP_DSCR": "Totem" }, "geometry": { "type": "Point", "coordinates": [ 18.489637219594179, -33.5925216923684 ] } },
{ "type": "Feature", "properties": { "OBJECTID": 640, "STOP_NAME": "John Dreyer 2", "STOP_TYPE": "Existing IRT Stop", "STOP_STS": "Active", "STOP_DSCR": "Totem" }, "geometry": { "type": "Point", "coordinates": [ 18.491802160469906, -33.588391027682924 ] } },
{ "type": "Feature", "properties": { "OBJECTID": 641, "STOP_NAME": "Birkenhead 1", "STOP_TYPE": "Existing IRT Stop with Temporary Pole", "STOP_STS": "Active", "STOP_DSCR": "Temp Pole" }, "geometry": { "type": "Point", "coordinates": [ 18.455402424499646, -33.736021495176452 ] } },
{ "type": "Feature", "properties": { "OBJECTID": 642, "STOP_NAME": "Birkenhead 2", "STOP_TYPE": "Existing IRT Stop with Temporary Pole", "STOP_STS": "Active", "STOP_DSCR": "Temp Pole" }, "geometry": { "type": "Point", "coordinates": [ 18.455555137830686, -33.736028965434407 ] } },
{ "type": "Feature", "properties": { "OBJECTID": 643, "STOP_NAME": "Charel Uys South 1", "STOP_TYPE": "Existing IRT Stop", "STOP_STS": "Active", "STOP_DSCR": "Totem" }, "geometry": { "type": "Point", "coordinates": [ 18.486097858372087, -33.583279805972168 ] } },
{ "type": "Feature", "properties": { "OBJECTID": 644, "STOP_NAME": "Charel Uys South 2", "STOP_TYPE": "Existing IRT Stop", "STOP_STS": "Active", "STOP_DSCR": "Totem" }, "geometry": { "type": "Point", "coordinates": [ 18.486097857692162, -33.583631538615307 ] } },
{ "type": "Feature", "properties": { "OBJECTID": 645, "STOP_NAME": "Dahlia 1", "STOP_TYPE": "Existing IRT Stop", "STOP_STS": "Active", "STOP_DSCR": "Full Shelter" }, "geometry": { "type": "Point", "coordinates": [ 18.489555044744051, -33.574253598270317 ] } },
{ "type": "Feature", "properties": { "OBJECTID": 646, "STOP_NAME": "Dahlia 2", "STOP_TYPE": "Existing IRT Stop", "STOP_STS": "Active", "STOP_DSCR": "Totem" }, "geometry": { "type": "Point", "coordinates": [ 18.489328339329539, -33.574380477318464 ] } },
{ "type": "Feature", "properties": { "OBJECTID": 647, "STOP_NAME": "Meermin 1", "STOP_TYPE": "Existing IRT Stop", "STOP_STS": "Active", "STOP_DSCR": "Full Shelter" }, "geometry": { "type": "Point", "coordinates": [ 18.493279278573414, -33.565549473173476 ] } },
{ "type": "Feature", "properties": { "OBJECTID": 648, "STOP_NAME": "Grosvenor 1", "STOP_TYPE": "Existing IRT Stop", "STOP_STS": "Active", "STOP_DSCR": "Full Shelter" }, "geometry": { "type": "Point", "coordinates": [ 18.491031196963277, -33.571861299223677 ] } },
{ "type": "Feature", "properties": { "OBJECTID": 649, "STOP_NAME": "Grosvenor 2", "STOP_TYPE": "Existing IRT Stop", "STOP_STS": "Active", "STOP_DSCR": "Totem" }, "geometry": { "type": "Point", "coordinates": [ 18.490418753959581, -33.572487622260276 ] } },
{ "type": "Feature", "properties": { "OBJECTID": 650, "STOP_NAME": "Charel Uys 1", "STOP_TYPE": "Existing IRT Stop", "STOP_STS": "Active", "STOP_DSCR": "Full Shelter" }, "geometry": { "type": "Point", "coordinates": [ 18.492628609691192, -33.569591015885273 ] } },
{ "type": "Feature", "properties": { "OBJECTID": 651, "STOP_NAME": "Charel Uys 2", "STOP_TYPE": "Existing IRT Stop", "STOP_STS": "Active", "STOP_DSCR": "Totem" }, "geometry": { "type": "Point", "coordinates": [ 18.492350132104004, -33.569770652664069 ] } },
{ "type": "Feature", "properties": { "OBJECTID": 652, "STOP_NAME": "Duynefontein 1", "STOP_TYPE": "Existing IRT Stop with Temporary Pole", "STOP_STS": "Active", "STOP_DSCR": "Temp Pole" }, "geometry": { "type": "Point", "coordinates": [ 18.456094126750973, -33.690335093861194 ] } },
{ "type": "Feature", "properties": { "OBJECTID": 653, "STOP_NAME": "Duynefontein 2", "STOP_TYPE": "Existing IRT Stop with Temporary Pole", "STOP_STS": "Active", "STOP_DSCR": "Temp Pole" }, "geometry": { "type": "Point", "coordinates": [ 18.456372604594289, -33.690364991735095 ] } },
{ "type": "Feature", "properties": { "OBJECTID": 654, "STOP_NAME": "Koeberg Power Station 1", "STOP_TYPE": "Existing IRT Stop with Temporary Pole", "STOP_STS": "Active", "STOP_DSCR": "Temp Pole" }, "geometry": { "type": "Point", "coordinates": [ 18.45634565590121, -33.676827771119818 ] } },
{ "type": "Feature", "properties": { "OBJECTID": 655, "STOP_NAME": "Koeberg Power Station 2", "STOP_TYPE": "Existing IRT Stop with Temporary Pole", "STOP_STS": "Active", "STOP_DSCR": "Temp Pole" }, "geometry": { "type": "Point", "coordinates": [ 18.456669048677281, -33.67678291790164 ] } },
{ "type": "Feature", "properties": { "OBJECTID": 656, "STOP_NAME": "Gerwyn Owen 1", "STOP_TYPE": "Existing IRT Stop", "STOP_STS": "Active", "STOP_DSCR": "Totem" }, "geometry": { "type": "Point", "coordinates": [ 18.481534416335279, -33.588301227762393 ] } },
{ "type": "Feature", "properties": { "OBJECTID": 657, "STOP_NAME": "Gerwyn Owen 2", "STOP_TYPE": "Existing IRT Stop", "STOP_STS": "Active", "STOP_DSCR": "Totem" }, "geometry": { "type": "Point", "coordinates": [ 18.481336787237304, -33.588383543910183 ] } },
{ "type": "Feature", "properties": { "OBJECTID": 658, "STOP_NAME": "Melkbosch Village 1", "STOP_TYPE": "Existing IRT Stop with Temporary Pole", "STOP_STS": "Active", "STOP_DSCR": "Temp Pole" }, "geometry": { "type": "Point", "coordinates": [ 18.452303237125395, -33.725450176761903 ] } },
{ "type": "Feature", "properties": { "OBJECTID": 659, "STOP_NAME": "Dawn 1", "STOP_TYPE": "Existing IRT Stop", "STOP_STS": "Active", "STOP_DSCR": "Full Shelter" }, "geometry": { "type": "Point", "coordinates": [ 18.51852704018096, -33.855591981821675 ] } },
{ "type": "Feature", "properties": { "OBJECTID": 660, "STOP_NAME": "Dawn 2", "STOP_TYPE": "Existing IRT Stop", "STOP_STS": "Active", "STOP_DSCR": "Cantilever Shelter" }, "geometry": { "type": "Point", "coordinates": [ 18.517529910446704, -33.854950419180511 ] } },
{ "type": "Feature", "properties": { "OBJECTID": 661, "STOP_NAME": "Esso 1", "STOP_TYPE": "Existing IRT Stop", "STOP_STS": "Active", "STOP_DSCR": "Full Shelter" }, "geometry": { "type": "Point", "coordinates": [ 18.521096221503885, -33.858299922051799 ] } },
{ "type": "Feature", "properties": { "OBJECTID": 662, "STOP_NAME": "Esso 2", "STOP_TYPE": "Existing IRT Stop", "STOP_STS": "Active", "STOP_DSCR": "Cantilever Shelter" }, "geometry": { "type": "Point", "coordinates": [ 18.521410631590562, -33.858396899363022 ] } },
{ "type": "Feature", "properties": { "OBJECTID": 663, "STOP_NAME": "First 1", "STOP_TYPE": "Existing IRT Stop", "STOP_STS": "Active", "STOP_DSCR": "Full Shelter" }, "geometry": { "type": "Point", "coordinates": [ 18.521141137302713, -33.861731347883826 ] } },
{ "type": "Feature", "properties": { "OBJECTID": 664, "STOP_NAME": "First 2", "STOP_TYPE": "Existing IRT Stop", "STOP_STS": "Active", "STOP_DSCR": "Extended Shelter" }, "geometry": { "type": "Point", "coordinates": [ 18.52134775025911, -33.862350482075357 ] } },
{ "type": "Feature", "properties": { "OBJECTID": 665, "STOP_NAME": "Marconi 1", "STOP_TYPE": "Existing IRT Stop", "STOP_STS": "Active", "STOP_DSCR": "Full Shelter" }, "geometry": { "type": "Point", "coordinates": [ 18.519353490022311, -33.86558034855959 ] } },
{ "type": "Feature", "properties": { "OBJECTID": 666, "STOP_NAME": "Marconi 2", "STOP_TYPE": "Existing IRT Stop", "STOP_STS": "Active", "STOP_DSCR": "Full Shelter" }, "geometry": { "type": "Point", "coordinates": [ 18.52000925980327, -33.86514771777081 ] } },
{ "type": "Feature", "properties": { "OBJECTID": 667, "STOP_NAME": "Edison 1", "STOP_TYPE": "Existing IRT Stop", "STOP_STS": "Active", "STOP_DSCR": "Totem" }, "geometry": { "type": "Point", "coordinates": [ 18.518713877908613, -33.881698615345861 ] } },
{ "type": "Feature", "properties": { "OBJECTID": 668, "STOP_NAME": "Edison 2", "STOP_TYPE": "Existing IRT Stop", "STOP_STS": "Active", "STOP_DSCR": "Full Shelter" }, "geometry": { "type": "Point", "coordinates": [ 18.518914271867082, -33.881576072196133 ] } },
{ "type": "Feature", "properties": { "OBJECTID": 669, "STOP_NAME": "Bolt 1", "STOP_TYPE": "Existing IRT Stop with Temporary Pole", "STOP_STS": "Active", "STOP_DSCR": "Full Shelter" }, "geometry": { "type": "Point", "coordinates": [ 18.517796181679209, -33.869894998774988 ] } },
{ "type": "Feature", "properties": { "OBJECTID": 670, "STOP_NAME": "Bolt 2", "STOP_TYPE": "Existing IRT Stop with Temporary Pole", "STOP_STS": "Active", "STOP_DSCR": "Full Shelter" }, "geometry": { "type": "Point", "coordinates": [ 18.518015362335703, -33.868554390642416 ] } },
{ "type": "Feature", "properties": { "OBJECTID": 671, "STOP_NAME": "Victoria 1", "STOP_TYPE": "Existing IRT Stop with Temporary Pole", "STOP_STS": "Active", "STOP_DSCR": "Temp Pole" }, "geometry": { "type": "Point", "coordinates": [ 18.523117430975915, -33.887492476791493 ] } },
{ "type": "Feature", "properties": { "OBJECTID": 672, "STOP_NAME": "Drill 1", "STOP_TYPE": "Existing IRT Stop", "STOP_STS": "Active", "STOP_DSCR": "Cantilever Shelter" }, "geometry": { "type": "Point", "coordinates": [ 18.51939840489764, -33.874918676105729 ] } },
{ "type": "Feature", "properties": { "OBJECTID": 673, "STOP_NAME": "Drill 2", "STOP_TYPE": "Existing IRT Stop", "STOP_STS": "Active", "STOP_DSCR": "Cantilever Shelter" }, "geometry": { "type": "Point", "coordinates": [ 18.519371455730468, -33.874269800237727 ] } },
{ "type": "Feature", "properties": { "OBJECTID": 674, "STOP_NAME": "Soldier 1", "STOP_TYPE": "Existing IRT Stop with Temporary Pole", "STOP_STS": "Active", "STOP_DSCR": "Temp Pole" }, "geometry": { "type": "Point", "coordinates": [ 18.526683741566604, -33.882436330882072 ] } },
{ "type": "Feature", "properties": { "OBJECTID": 675, "STOP_NAME": "Soldier 2", "STOP_TYPE": "Existing IRT Stop with Temporary Pole", "STOP_STS": "Active", "STOP_DSCR": "Temp Pole" }, "geometry": { "type": "Point", "coordinates": [ 18.526818490284217, -33.882421415893617 ] } },
{ "type": "Feature", "properties": { "OBJECTID": 676, "STOP_NAME": "Bosmansdam 1", "STOP_TYPE": "Existing IRT Stop", "STOP_STS": "Active", "STOP_DSCR": "Full Shelter" }, "geometry": { "type": "Point", "coordinates": [ 18.520675733676455, -33.878555530922114 ] } },
{ "type": "Feature", "properties": { "OBJECTID": 677, "STOP_NAME": "Bosmansdam 2", "STOP_TYPE": "Existing IRT Stop", "STOP_STS": "Active", "STOP_DSCR": "Cantilever Shelter" }, "geometry": { "type": "Point", "coordinates": [ 18.520980755055191, -33.878661052774028 ] } },
{ "type": "Feature", "properties": { "OBJECTID": 678, "STOP_NAME": "Emerald 1", "STOP_TYPE": "Existing IRT Stop", "STOP_STS": "Active", "STOP_DSCR": "Totem" }, "geometry": { "type": "Point", "coordinates": [ 18.526593910510847, -33.879453213689878 ] } },
{ "type": "Feature", "properties": { "OBJECTID": 679, "STOP_NAME": "Emerald 2", "STOP_TYPE": "Existing IRT Stop", "STOP_STS": "Active", "STOP_DSCR": "Totem" }, "geometry": { "type": "Point", "coordinates": [ 18.526710691463816, -33.87981865231113 ] } },
{ "type": "Feature", "properties": { "OBJECTID": 680, "STOP_NAME": "Century Gate 1", "STOP_TYPE": "Existing IRT Stop", "STOP_STS": "Active", "STOP_DSCR": "Full Shelter" }, "geometry": { "type": "Point", "coordinates": [ 18.522353862616804, -33.881638357703473 ] } },
{ "type": "Feature", "properties": { "OBJECTID": 681, "STOP_NAME": "Century Gate 2", "STOP_TYPE": "Existing IRT Stop", "STOP_STS": "Active", "STOP_DSCR": "Extended Shelter" }, "geometry": { "type": "Point", "coordinates": [ 18.522847935856507, -33.881809885180012 ] } },
{ "type": "Feature", "properties": { "OBJECTID": 682, "STOP_NAME": "Oasis 1", "STOP_TYPE": "Existing IRT Stop", "STOP_STS": "Active", "STOP_DSCR": "Cantilever Shelter" }, "geometry": { "type": "Point", "coordinates": [ 18.509894230131671, -33.88961775761797 ] } },
{ "type": "Feature", "properties": { "OBJECTID": 683, "STOP_NAME": "Oasis 2", "STOP_TYPE": "Existing IRT Stop", "STOP_STS": "Active", "STOP_DSCR": "Cantilever Shelter" }, "geometry": { "type": "Point", "coordinates": [ 18.510037960533808, -33.889222534702299 ] } },
{ "type": "Feature", "properties": { "OBJECTID": 684, "STOP_NAME": "Estuaries 1", "STOP_TYPE": "Existing IRT Stop", "STOP_STS": "Active", "STOP_DSCR": "Full Shelter" }, "geometry": { "type": "Point", "coordinates": [ 18.520521300110495, -33.884188864202763 ] } },
{ "type": "Feature", "properties": { "OBJECTID": 685, "STOP_NAME": "Estuaries 2", "STOP_TYPE": "Existing IRT Stop", "STOP_STS": "Active", "STOP_DSCR": "Full Shelter" }, "geometry": { "type": "Point", "coordinates": [ 18.520763844727878, -33.884293268969984 ] } },
{ "type": "Feature", "properties": { "OBJECTID": 686, "STOP_NAME": "Central Park 1", "STOP_TYPE": "Existing IRT Stop", "STOP_STS": "Active", "STOP_DSCR": "Cantilever Shelter" }, "geometry": { "type": "Point", "coordinates": [ 18.511511197488485, -33.887440275990826 ] } },
{ "type": "Feature", "properties": { "OBJECTID": 687, "STOP_NAME": "Central Park 2", "STOP_TYPE": "Existing IRT Stop", "STOP_STS": "Active", "STOP_DSCR": "Cantilever Shelter" }, "geometry": { "type": "Point", "coordinates": [ 18.511547130519027, -33.8870226713194 ] } },
{ "type": "Feature", "properties": { "OBJECTID": 688, "STOP_NAME": "Waterview 1", "STOP_TYPE": "Existing IRT Stop", "STOP_STS": "Active", "STOP_DSCR": "Full Shelter" }, "geometry": { "type": "Point", "coordinates": [ 18.52002722641172, -33.886403715863992 ] } },
{ "type": "Feature", "properties": { "OBJECTID": 689, "STOP_NAME": "Waterview 2", "STOP_TYPE": "Existing IRT Stop", "STOP_STS": "Active", "STOP_DSCR": "Full Shelter" }, "geometry": { "type": "Point", "coordinates": [ 18.520332652914405, -33.886776581434027 ] } },
{ "type": "Feature", "properties": { "OBJECTID": 690, "STOP_NAME": "Waterstone 1", "STOP_TYPE": "Existing IRT Stop", "STOP_STS": "Active", "STOP_DSCR": "Full Shelter" }, "geometry": { "type": "Point", "coordinates": [ 18.513846817085888, -33.885598322169727 ] } },
{ "type": "Feature", "properties": { "OBJECTID": 691, "STOP_NAME": "Waterstone 2", "STOP_TYPE": "Existing IRT Stop", "STOP_STS": "Active", "STOP_DSCR": "Full Shelter" }, "geometry": { "type": "Point", "coordinates": [ 18.514610384843564, -33.884927154118145 ] } },
{ "type": "Feature", "properties": { "OBJECTID": 692, "STOP_NAME": "Waterford 1", "STOP_TYPE": "Existing IRT Stop", "STOP_STS": "Active", "STOP_DSCR": "Full Shelter" }, "geometry": { "type": "Point", "coordinates": [ 18.518805516471161, -33.889453703115691 ] } },
{ "type": "Feature", "properties": { "OBJECTID": 693, "STOP_NAME": "Waterford 2", "STOP_TYPE": "Existing IRT Stop", "STOP_STS": "Active", "STOP_DSCR": "Full Shelter" }, "geometry": { "type": "Point", "coordinates": [ 18.519533152541101, -33.889006278984155 ] } },
{ "type": "Feature", "properties": { "OBJECTID": 694, "STOP_NAME": "Studio 1", "STOP_TYPE": "Existing IRT Stop", "STOP_STS": "Active", "STOP_DSCR": "Full Shelter" }, "geometry": { "type": "Point", "coordinates": [ 18.518392291913063, -33.884912238904732 ] } },
{ "type": "Feature", "properties": { "OBJECTID": 695, "STOP_NAME": "Studio 2", "STOP_TYPE": "Existing IRT Stop", "STOP_STS": "Active", "STOP_DSCR": "Full Shelter" }, "geometry": { "type": "Point", "coordinates": [ 18.518050932090961, -33.884606484333773 ] } },
{ "type": "Feature", "properties": { "OBJECTID": 696, "STOP_NAME": "Canal Walk North 1", "STOP_TYPE": "Existing IRT Stop", "STOP_STS": "Active", "STOP_DSCR": "Full Shelter" }, "geometry": { "type": "Point", "coordinates": [ 18.515508700319014, -33.892197853150577 ] } },
{ "type": "Feature", "properties": { "OBJECTID": 697, "STOP_NAME": "Canal Walk North 2", "STOP_TYPE": "Existing IRT Stop", "STOP_STS": "Active", "STOP_DSCR": "Full Shelter" }, "geometry": { "type": "Point", "coordinates": [ 18.515427852358346, -33.892570693059135 ] } },
{ "type": "Feature", "properties": { "OBJECTID": 698, "STOP_NAME": "Sailors Green 1", "STOP_TYPE": "Existing IRT Stop with Temporary Pole", "STOP_STS": "Active", "STOP_DSCR": "Temp Pole" }, "geometry": { "type": "Point", "coordinates": [ 18.525462034134101, -33.885359684686264 ] } },
{ "type": "Feature", "properties": { "OBJECTID": 699, "STOP_NAME": "Sailors Green 2", "STOP_TYPE": "Existing IRT Stop with Temporary Pole", "STOP_STS": "Active", "STOP_DSCR": "Temp Pole" }, "geometry": { "type": "Point", "coordinates": [ 18.525309319711148, -33.885501376005458 ] } },
{ "type": "Feature", "properties": { "OBJECTID": 700, "STOP_NAME": "Canal Walk South 1", "STOP_TYPE": "Existing IRT Stop", "STOP_STS": "Active", "STOP_DSCR": "Full Shelter" }, "geometry": { "type": "Point", "coordinates": [ 18.511681876891306, -33.895717395338188 ] } },
{ "type": "Feature", "properties": { "OBJECTID": 701, "STOP_NAME": "Canal Walk South 2", "STOP_TYPE": "Existing IRT Stop", "STOP_STS": "Active", "STOP_DSCR": "Full Shelter" }, "geometry": { "type": "Point", "coordinates": [ 18.510711696980369, -33.8964779549177 ] } },
{ "type": "Feature", "properties": { "OBJECTID": 702, "STOP_NAME": "Ocean Spirit 1", "STOP_TYPE": "Existing IRT Stop", "STOP_STS": "Active", "STOP_DSCR": "Full Shelter" }, "geometry": { "type": "Point", "coordinates": [ 18.514322924297748, -33.881556323083025 ] } },
{ "type": "Feature", "properties": { "OBJECTID": 703, "STOP_NAME": "Grand Canal 1", "STOP_TYPE": "Existing IRT Stop", "STOP_STS": "Active", "STOP_DSCR": "Full Shelter" }, "geometry": { "type": "Point", "coordinates": [ 18.506148254729688, -33.894047121769795 ] } },
{ "type": "Feature", "properties": { "OBJECTID": 704, "STOP_NAME": "Grand Canal 2", "STOP_TYPE": "Existing IRT Stop", "STOP_STS": "Active", "STOP_DSCR": "Full Shelter" }, "geometry": { "type": "Point", "coordinates": [ 18.505995541515837, -33.894218624994252 ] } },
{ "type": "Feature", "properties": { "OBJECTID": 705, "STOP_NAME": "Mansfield 1", "STOP_TYPE": "Existing IRT Stop", "STOP_STS": "Active", "STOP_DSCR": "Cantilever Shelter" }, "geometry": { "type": "Point", "coordinates": [ 18.495961359679086, -33.882846502389718 ] } },
{ "type": "Feature", "properties": { "OBJECTID": 706, "STOP_NAME": "Mansfield 2", "STOP_TYPE": "Existing IRT Stop", "STOP_STS": "Active", "STOP_DSCR": "Cantilever Shelter" }, "geometry": { "type": "Point", "coordinates": [ 18.495970342756923, -33.882473620011403 ] } },
{ "type": "Feature", "properties": { "OBJECTID": 707, "STOP_NAME": "Century City Rail 1", "STOP_TYPE": "Existing IRT Stop", "STOP_STS": "Active", "STOP_DSCR": "Cantilever Shelter" }, "geometry": { "type": "Point", "coordinates": [ 18.5113924880471, -33.901088242879261 ] } },
{ "type": "Feature", "properties": { "OBJECTID": 708, "STOP_NAME": "Loxton West 1", "STOP_TYPE": "Existing IRT Stop", "STOP_STS": "Active", "STOP_DSCR": "Totem" }, "geometry": { "type": "Point", "coordinates": [ 18.492448947137074, -33.88248853497241 ] } },
{ "type": "Feature", "properties": { "OBJECTID": 709, "STOP_NAME": "Loxton West 2", "STOP_TYPE": "Existing IRT Stop", "STOP_STS": "Active", "STOP_DSCR": "Full Shelter" }, "geometry": { "type": "Point", "coordinates": [ 18.491793176568162, -33.882227517081148 ] } },
{ "type": "Feature", "properties": { "OBJECTID": 710, "STOP_NAME": "Milnerton Lighthouse 1", "STOP_TYPE": "Existing IRT Stop", "STOP_STS": "Active", "STOP_DSCR": "Full Shelter" }, "geometry": { "type": "Point", "coordinates": [ 18.487409397933124, -33.881407167888867 ] } },
{ "type": "Feature", "properties": { "OBJECTID": 711, "STOP_NAME": "Turf Club 1", "STOP_TYPE": "IRT Station", "STOP_STS": "Active", "STOP_DSCR": "Station" }, "geometry": { "type": "Point", "coordinates": [ 18.511367466906769, -33.862134158612797 ] } },
{ "type": "Feature", "properties": { "OBJECTID": 712, "STOP_NAME": "Turf Club 2", "STOP_TYPE": "IRT Station", "STOP_STS": "Active", "STOP_DSCR": "Station" }, "geometry": { "type": "Point", "coordinates": [ 18.511475265485267, -33.86185815873489 ] } },
{ "type": "Feature", "properties": { "OBJECTID": 713, "STOP_NAME": "Namar 1", "STOP_TYPE": "Existing IRT Stop", "STOP_STS": "Active", "STOP_DSCR": "Full Shelter" }, "geometry": { "type": "Point", "coordinates": [ 18.514906828714224, -33.88192175111903 ] } },
{ "type": "Feature", "properties": { "OBJECTID": 714, "STOP_NAME": "Montague Gardens 1", "STOP_TYPE": "IRT Station", "STOP_STS": "Active", "STOP_DSCR": "Station" }, "geometry": { "type": "Point", "coordinates": [ 18.516020739774422, -33.855398022057031 ] } },
{ "type": "Feature", "properties": { "OBJECTID": 715, "STOP_NAME": "Montague Gardens 2", "STOP_TYPE": "IRT Station", "STOP_STS": "Active", "STOP_DSCR": "Station" }, "geometry": { "type": "Point", "coordinates": [ 18.516119555472553, -33.855211520704437 ] } },
{ "type": "Feature", "properties": { "OBJECTID": 716, "STOP_NAME": "Refinery 1", "STOP_TYPE": "IRT Station", "STOP_STS": "Active", "STOP_DSCR": "Station" }, "geometry": { "type": "Point", "coordinates": [ 18.520979440508366, -33.847348275430704 ] } },
{ "type": "Feature", "properties": { "OBJECTID": 717, "STOP_NAME": "Refinery 2", "STOP_TYPE": "IRT Station", "STOP_STS": "Active", "STOP_DSCR": "Station" }, "geometry": { "type": "Point", "coordinates": [ 18.521006389816183, -33.847169216774788 ] } },
{ "type": "Feature", "properties": { "OBJECTID": 718, "STOP_NAME": "Oscar Mpetha 1", "STOP_TYPE": "Existing IRT Stop", "STOP_STS": "Active", "STOP_DSCR": "Cantilever Shelter" }, "geometry": { "type": "Point", "coordinates": [ 18.683547556633584, -34.05635025389126 ] } },
{ "type": "Feature", "properties": { "OBJECTID": 719, "STOP_NAME": "Oscar Mpetha 2", "STOP_TYPE": "Existing IRT Stop", "STOP_STS": "Active", "STOP_DSCR": "Cantilever Shelter" }, "geometry": { "type": "Point", "coordinates": [ 18.684481804702301, -34.056290714873924 ] } },
{ "type": "Feature", "properties": { "OBJECTID": 720, "STOP_NAME": "Ncumo West 1", "STOP_TYPE": "Existing IRT Stop", "STOP_STS": "Active", "STOP_DSCR": "Cantilever Shelter" }, "geometry": { "type": "Point", "coordinates": [ 18.673189103968884, -34.053312039205359 ] } },
{ "type": "Feature", "properties": { "OBJECTID": 721, "STOP_NAME": "Ncumo West 2", "STOP_TYPE": "Existing IRT Stop", "STOP_STS": "Active", "STOP_DSCR": "Full Shelter" }, "geometry": { "type": "Point", "coordinates": [ 18.67353380233488, -34.053470064452355 ] } },
{ "type": "Feature", "properties": { "OBJECTID": 722, "STOP_NAME": "Khwezi 1", "STOP_TYPE": "Existing IRT Stop", "STOP_STS": "Active", "STOP_DSCR": "Full Shelter" }, "geometry": { "type": "Point", "coordinates": [ 18.66903976529856, -34.048326937747333 ] } },
{ "type": "Feature", "properties": { "OBJECTID": 723, "STOP_NAME": "Khwezi 2", "STOP_TYPE": "Existing IRT Stop", "STOP_STS": "Active", "STOP_DSCR": "Totem" }, "geometry": { "type": "Point", "coordinates": [ 18.669618774245865, -34.04867111995943 ] } },
{ "type": "Feature", "properties": { "OBJECTID": 724, "STOP_NAME": "Ngcingcu 1", "STOP_TYPE": "Existing IRT Stop", "STOP_STS": "Active", "STOP_DSCR": "Full Shelter" }, "geometry": { "type": "Point", "coordinates": [ 18.666874825623584, -34.044657394988981 ] } },
{ "type": "Feature", "properties": { "OBJECTID": 725, "STOP_NAME": "Ngcingcu 2", "STOP_TYPE": "Existing IRT Stop", "STOP_STS": "Active", "STOP_DSCR": "Full Shelter" }, "geometry": { "type": "Point", "coordinates": [ 18.667323983307476, -34.045431510434881 ] } },
{ "type": "Feature", "properties": { "OBJECTID": 726, "STOP_NAME": "Makabeni 1", "STOP_TYPE": "Existing IRT Stop", "STOP_STS": "Active", "STOP_DSCR": "Cantilever Shelter" }, "geometry": { "type": "Point", "coordinates": [ 18.660047629521216, -34.043712071398204 ] } },
{ "type": "Feature", "properties": { "OBJECTID": 727, "STOP_NAME": "Makabeni 2", "STOP_TYPE": "Existing IRT Stop", "STOP_STS": "Active", "STOP_DSCR": "Cantilever Shelter" }, "geometry": { "type": "Point", "coordinates": [ 18.660406955587259, -34.043436659642381 ] } },
{ "type": "Feature", "properties": { "OBJECTID": 728, "STOP_NAME": "Mfundisweni 1", "STOP_TYPE": "Existing IRT Stop", "STOP_STS": "Active", "STOP_DSCR": "Full Shelter" }, "geometry": { "type": "Point", "coordinates": [ 18.653696540360027, -34.039141615631074 ] } },
{ "type": "Feature", "properties": { "OBJECTID": 729, "STOP_NAME": "Mfundisweni 2", "STOP_TYPE": "Existing IRT Stop", "STOP_STS": "Active", "STOP_DSCR": "Full Shelter" }, "geometry": { "type": "Point", "coordinates": [ 18.65386721982205, -34.039871118822965 ] } },
{ "type": "Feature", "properties": { "OBJECTID": 730, "STOP_NAME": "Pama West 1", "STOP_TYPE": "Existing IRT Stop", "STOP_STS": "Active", "STOP_DSCR": "Cantilever Shelter" }, "geometry": { "type": "Point", "coordinates": [ 18.652771275478365, -34.030774216670778 ] } },
{ "type": "Feature", "properties": { "OBJECTID": 731, "STOP_NAME": "Pama West 2", "STOP_TYPE": "Existing IRT Stop", "STOP_STS": "Active", "STOP_DSCR": "Cantilever Shelter" }, "geometry": { "type": "Point", "coordinates": [ 18.652897040164127, -34.031801575715825 ] } },
{ "type": "Feature", "properties": { "OBJECTID": 732, "STOP_NAME": "Sigwele 1", "STOP_TYPE": "Existing IRT Stop", "STOP_STS": "Active", "STOP_DSCR": "Cantilever Shelter" }, "geometry": { "type": "Point", "coordinates": [ 18.651774146513002, -34.023157976067139 ] } },
{ "type": "Feature", "properties": { "OBJECTID": 733, "STOP_NAME": "Sigwele 2", "STOP_TYPE": "Existing IRT Stop", "STOP_STS": "Active", "STOP_DSCR": "Cantilever Shelter" }, "geometry": { "type": "Point", "coordinates": [ 18.651908893407469, -34.023187757059425 ] } },
{ "type": "Feature", "properties": { "OBJECTID": 734, "STOP_NAME": "Aliam 1", "STOP_TYPE": "Existing IRT Stop", "STOP_STS": "Active", "STOP_DSCR": "Cantilever Shelter" }, "geometry": { "type": "Point", "coordinates": [ 18.65301382147144, -34.018541739750283 ] } },
{ "type": "Feature", "properties": { "OBJECTID": 735, "STOP_NAME": "Aliam 2", "STOP_TYPE": "Existing IRT Stop", "STOP_STS": "Active", "STOP_DSCR": "Cantilever Shelter" }, "geometry": { "type": "Point", "coordinates": [ 18.652977887529239, -34.01880233968042 ] } },
{ "type": "Feature", "properties": { "OBJECTID": 736, "STOP_NAME": "Jeff Masemola 1", "STOP_TYPE": "Existing IRT Stop", "STOP_STS": "Active", "STOP_DSCR": "Full Shelter" }, "geometry": { "type": "Point", "coordinates": [ 18.657092172308861, -34.014923030372032 ] } },
{ "type": "Feature", "properties": { "OBJECTID": 737, "STOP_NAME": "Jeff Masemola 2", "STOP_TYPE": "Existing IRT Stop", "STOP_STS": "Active", "STOP_DSCR": "Totem" }, "geometry": { "type": "Point", "coordinates": [ 18.656382502928995, -34.016509027271205 ] } },
{ "type": "Feature", "properties": { "OBJECTID": 738, "STOP_NAME": "Mitchells Plain 1", "STOP_TYPE": "IRT Station", "STOP_STS": "Active", "STOP_DSCR": "Station" }, "geometry": { "type": "Point", "coordinates": [ 18.620521756608326, -34.047850576353603 ] } },
{ "type": "Feature", "properties": { "OBJECTID": 739, "STOP_NAME": "Mitchells Plain 2", "STOP_TYPE": "IRT Station", "STOP_STS": "Active", "STOP_DSCR": "Station" }, "geometry": { "type": "Point", "coordinates": [ 18.620485823960486, -34.047753814716572 ] } },
{ "type": "Feature", "properties": { "OBJECTID": 740, "STOP_NAME": "Pontiac 1", "STOP_TYPE": "Existing IRT Stop", "STOP_STS": "Active", "STOP_DSCR": "Full Shelter" }, "geometry": { "type": "Point", "coordinates": [ 18.620970914839319, -34.044478751943743 ] } },
{ "type": "Feature", "properties": { "OBJECTID": 741, "STOP_NAME": "Pontiac 2", "STOP_TYPE": "Existing IRT Stop", "STOP_STS": "Active", "STOP_DSCR": "Full Shelter" }, "geometry": { "type": "Point", "coordinates": [ 18.622273472029466, -34.045610151424924 ] } },
{ "type": "Feature", "properties": { "OBJECTID": 742, "STOP_NAME": "Kerrem 1", "STOP_TYPE": "Existing IRT Stop", "STOP_STS": "Active", "STOP_DSCR": "Full Shelter" }, "geometry": { "type": "Point", "coordinates": [ 18.618967672263352, -34.040578284351206 ] } },
{ "type": "Feature", "properties": { "OBJECTID": 743, "STOP_NAME": "Kerrem 2", "STOP_TYPE": "Existing IRT Stop", "STOP_STS": "Active", "STOP_DSCR": "Full Shelter" }, "geometry": { "type": "Point", "coordinates": [ 18.619093436492463, -34.040131653712336 ] } },
{ "type": "Feature", "properties": { "OBJECTID": 744, "STOP_NAME": "Marguerite 1", "STOP_TYPE": "Existing IRT Stop", "STOP_STS": "Active", "STOP_DSCR": "Full Shelter" }, "geometry": { "type": "Point", "coordinates": [ 18.614179650585282, -34.031392123151107 ] } },
{ "type": "Feature", "properties": { "OBJECTID": 745, "STOP_NAME": "Marguerite 2", "STOP_TYPE": "Existing IRT Stop", "STOP_STS": "Active", "STOP_DSCR": "Full Shelter" }, "geometry": { "type": "Point", "coordinates": [ 18.615338477789468, -34.032426919139034 ] } },
{ "type": "Feature", "properties": { "OBJECTID": 746, "STOP_NAME": "Sesame 1", "STOP_TYPE": "Existing IRT Stop", "STOP_STS": "Active", "STOP_DSCR": "Full Shelter" }, "geometry": { "type": "Point", "coordinates": [ 18.607900427493011, -34.022048612993139 ] } },
{ "type": "Feature", "properties": { "OBJECTID": 747, "STOP_NAME": "Sesame 2", "STOP_TYPE": "Existing IRT Stop", "STOP_STS": "Active", "STOP_DSCR": "Full Shelter" }, "geometry": { "type": "Point", "coordinates": [ 18.608592129877326, -34.022793154147024 ] } },
{ "type": "Feature", "properties": { "OBJECTID": 748, "STOP_NAME": "Adderley 1", "STOP_TYPE": "IRT Station", "STOP_STS": "Active", "STOP_DSCR": "Station" }, "geometry": { "type": "Point", "coordinates": [ 18.425138183149677, -33.920283027756312 ] } },
{ "type": "Feature", "properties": { "OBJECTID": 749, "STOP_NAME": "Adderley 2", "STOP_TYPE": "IRT Station", "STOP_STS": "Active", "STOP_DSCR": "Station" }, "geometry": { "type": "Point", "coordinates": [ 18.425003434706039, -33.920201029698283 ] } },
{ "type": "Feature", "properties": { "OBJECTID": 750, "STOP_NAME": "Adderley 3", "STOP_TYPE": "IRT Station", "STOP_STS": "Active", "STOP_DSCR": "Station" }, "geometry": { "type": "Point", "coordinates": [ 18.424913604165987, -33.920529021639744 ] } },
{ "type": "Feature", "properties": { "OBJECTID": 751, "STOP_NAME": "Adderley 4", "STOP_TYPE": "IRT Station", "STOP_STS": "Active", "STOP_DSCR": "Station" }, "geometry": { "type": "Point", "coordinates": [ 18.424868687735451, -33.920350116878588 ] } },
{ "type": "Feature", "properties": { "OBJECTID": 752, "STOP_NAME": "Adderley 5", "STOP_TYPE": "IRT Station", "STOP_STS": "Active", "STOP_DSCR": "Station" }, "geometry": { "type": "Point", "coordinates": [ 18.424635126296117, -33.920737743049571 ] } },
{ "type": "Feature", "properties": { "OBJECTID": 753, "STOP_NAME": "Adderley 6", "STOP_TYPE": "IRT Station", "STOP_STS": "Active", "STOP_DSCR": "Station" }, "geometry": { "type": "Point", "coordinates": [ 18.424689024610583, -33.920581202410084 ] } },
{ "type": "Feature", "properties": { "OBJECTID": 754, "STOP_NAME": "Kuyasa 1", "STOP_TYPE": "Existing IRT Stop", "STOP_STS": "Active", "STOP_DSCR": "Temp Pole" }, "geometry": { "type": "Point", "coordinates": [ 18.692809188453033, -34.055278537759726 ] } },
{ "type": "Feature", "properties": { "OBJECTID": 755, "STOP_NAME": "Lindela 1", "STOP_TYPE": "Existing IRT Stop", "STOP_STS": "Active", "STOP_DSCR": "Full Shelter" }, "geometry": { "type": "Point", "coordinates": [ 18.697401732618726, -34.057078348150689 ] } },
{ "type": "Feature", "properties": { "OBJECTID": 756, "STOP_NAME": "Lindela 2", "STOP_TYPE": "Existing IRT Stop", "STOP_STS": "Active", "STOP_DSCR": "Totem" }, "geometry": { "type": "Point", "coordinates": [ 18.696806615995943, -34.056753482797419 ] } },
{ "type": "Feature", "properties": { "OBJECTID": 757, "STOP_NAME": "Dibana 1", "STOP_TYPE": "Existing IRT Stop", "STOP_STS": "Active", "STOP_DSCR": "Temp Pole" }, "geometry": { "type": "Point", "coordinates": [ 18.698743579084024, -34.050488919923524 ] } },
{ "type": "Feature", "properties": { "OBJECTID": 758, "STOP_NAME": "Dibana 2", "STOP_TYPE": "Existing IRT Stop", "STOP_STS": "Active", "STOP_DSCR": "Cantilever Shelter" }, "geometry": { "type": "Point", "coordinates": [ 18.698880939980878, -34.050939229906142 ] } },
{ "type": "Feature", "properties": { "OBJECTID": 759, "STOP_NAME": "Tutu 1", "STOP_TYPE": "Existing IRT Stop", "STOP_STS": "Active", "STOP_DSCR": "Cantilever Shelter" }, "geometry": { "type": "Point", "coordinates": [ 18.697956289800089, -34.046972082934587 ] } },
{ "type": "Feature", "properties": { "OBJECTID": 760, "STOP_NAME": "Tutu 2", "STOP_TYPE": "Existing IRT Stop", "STOP_STS": "Active", "STOP_DSCR": "Full Shelter" }, "geometry": { "type": "Point", "coordinates": [ 18.697372629873296, -34.046868071775627 ] } },
{ "type": "Feature", "properties": { "OBJECTID": 761, "STOP_NAME": "D Nyembe 1", "STOP_TYPE": "Existing IRT Stop", "STOP_STS": "Active", "STOP_DSCR": "Full Shelter" }, "geometry": { "type": "Point", "coordinates": [ 18.692586229678117, -34.045239372349279 ] } },
{ "type": "Feature", "properties": { "OBJECTID": 762, "STOP_NAME": "Steve Biko 1", "STOP_TYPE": "Existing IRT Stop", "STOP_STS": "Active", "STOP_DSCR": "Cantilever Shelter" }, "geometry": { "type": "Point", "coordinates": [ 18.685883177029744, -34.043823723802468 ] } },
{ "type": "Feature", "properties": { "OBJECTID": 763, "STOP_NAME": "Steve Biko 2", "STOP_TYPE": "Existing IRT Stop", "STOP_STS": "Active", "STOP_DSCR": "Cantilever Shelter" }, "geometry": { "type": "Point", "coordinates": [ 18.686125721959534, -34.04387582904485 ] } },
{ "type": "Feature", "properties": { "OBJECTID": 764, "STOP_NAME": "Charles Mokoena 1", "STOP_TYPE": "Existing IRT Stop", "STOP_STS": "Active", "STOP_DSCR": "Cantilever Shelter" }, "geometry": { "type": "Point", "coordinates": [ 18.683100557237069, -34.040887677353908 ] } },
{ "type": "Feature", "properties": { "OBJECTID": 765, "STOP_NAME": "Charles Mokoena 2", "STOP_TYPE": "Existing IRT Stop", "STOP_STS": "Active", "STOP_DSCR": "Full Shelter" }, "geometry": { "type": "Point", "coordinates": [ 18.683305880956119, -34.04094419079599 ] } },
{ "type": "Feature", "properties": { "OBJECTID": 766, "STOP_NAME": "Vuyani 1", "STOP_TYPE": "Existing IRT Stop", "STOP_STS": "Active", "STOP_DSCR": "Cantilever Shelter" }, "geometry": { "type": "Point", "coordinates": [ 18.680625855710694, -34.037344811940841 ] } },
{ "type": "Feature", "properties": { "OBJECTID": 767, "STOP_NAME": "Vuyani 2", "STOP_TYPE": "Existing IRT Stop", "STOP_STS": "Active", "STOP_DSCR": "Full Shelter" }, "geometry": { "type": "Point", "coordinates": [ 18.680155464281444, -34.038133727705876 ] } },
{ "type": "Feature", "properties": { "OBJECTID": 768, "STOP_NAME": "Kapteinsklip 1", "STOP_TYPE": "Existing IRT Stop with Temporary Pole", "STOP_STS": "Active", "STOP_DSCR": "Temp Pole" }, "geometry": { "type": "Point", "coordinates": [ 18.621626684977549, -34.0676024568372 ] } },
{ "type": "Feature", "properties": { "OBJECTID": 769, "STOP_NAME": "Kapteinsklip 2", "STOP_TYPE": "Existing IRT Stop with Temporary Pole", "STOP_STS": "Active", "STOP_DSCR": "Temp Pole" }, "geometry": { "type": "Point", "coordinates": [ 18.621429055489337, -34.067862906853875 ] } },
{ "type": "Feature", "properties": { "OBJECTID": 770, "STOP_NAME": "Snowdon 1", "STOP_TYPE": "Existing IRT Stop with Temporary Pole", "STOP_STS": "Active", "STOP_DSCR": "Temp Pole" }, "geometry": { "type": "Point", "coordinates": [ 18.626136227099316, -34.06606950675441 ] } },
{ "type": "Feature", "properties": { "OBJECTID": 771, "STOP_NAME": "Snowdon 2", "STOP_TYPE": "Existing IRT Stop with Temporary Pole", "STOP_STS": "Active", "STOP_DSCR": "Temp Pole" }, "geometry": { "type": "Point", "coordinates": [ 18.626423688408455, -34.066076948369243 ] } },
{ "type": "Feature", "properties": { "OBJECTID": 772, "STOP_NAME": "Paulsberg 1", "STOP_TYPE": "Existing IRT Stop with Temporary Pole", "STOP_STS": "Active", "STOP_DSCR": "Temp Pole" }, "geometry": { "type": "Point", "coordinates": [ 18.631166792586686, -34.063747704083561 ] } },
{ "type": "Feature", "properties": { "OBJECTID": 773, "STOP_NAME": "Paulsberg 2", "STOP_TYPE": "Existing IRT Stop with Temporary Pole", "STOP_STS": "Active", "STOP_DSCR": "Temp Pole" }, "geometry": { "type": "Point", "coordinates": [ 18.631364422347392, -34.063740261777227 ] } },
{ "type": "Feature", "properties": { "OBJECTID": 774, "STOP_NAME": "Langeberg 1", "STOP_TYPE": "Existing IRT Stop with Temporary Pole", "STOP_STS": "Active", "STOP_DSCR": "Temp Pole" }, "geometry": { "type": "Point", "coordinates": [ 18.637607714083636, -34.060592332177606 ] } },
{ "type": "Feature", "properties": { "OBJECTID": 775, "STOP_NAME": "Langeberg 2", "STOP_TYPE": "Existing IRT Stop with Temporary Pole", "STOP_STS": "Active", "STOP_DSCR": "Temp Pole" }, "geometry": { "type": "Point", "coordinates": [ 18.637410083831512, -34.06133653370091 ] } },
{ "type": "Feature", "properties": { "OBJECTID": 776, "STOP_NAME": "Spine 1", "STOP_TYPE": "Existing IRT Stop with Temporary Pole", "STOP_STS": "Active", "STOP_DSCR": "Temp Pole" }, "geometry": { "type": "Point", "coordinates": [ 18.631768664366934, -34.054147266636747 ] } },
{ "type": "Feature", "properties": { "OBJECTID": 777, "STOP_NAME": "Spine 2", "STOP_TYPE": "Existing IRT Stop with Temporary Pole", "STOP_STS": "Active", "STOP_DSCR": "Temp Pole" }, "geometry": { "type": "Point", "coordinates": [ 18.632873592304346, -34.054720346971457 ] } },
{ "type": "Feature", "properties": { "OBJECTID": 778, "STOP_NAME": "Figaro 1", "STOP_TYPE": "Existing IRT Stop with Temporary Pole", "STOP_STS": "Active", "STOP_DSCR": "Temp Pole" }, "geometry": { "type": "Point", "coordinates": [ 18.627187256392407, -34.05023980078132 ] } },
{ "type": "Feature", "properties": { "OBJECTID": 779, "STOP_NAME": "Figaro 2", "STOP_TYPE": "Existing IRT Stop with Temporary Pole", "STOP_STS": "Active", "STOP_DSCR": "Temp Pole" }, "geometry": { "type": "Point", "coordinates": [ 18.627941841111571, -34.050500304684284 ] } },
{ "type": "Feature", "properties": { "OBJECTID": 780, "STOP_NAME": "Imperial 1", "STOP_TYPE": "Existing IRT Stop with Temporary Pole", "STOP_STS": "Active", "STOP_DSCR": "Temp Pole" }, "geometry": { "type": "Point", "coordinates": [ 18.625309776670097, -34.048617219690676 ] } },
{ "type": "Feature", "properties": { "OBJECTID": 781, "STOP_NAME": "Imperial 2", "STOP_TYPE": "Existing IRT Stop with Temporary Pole", "STOP_STS": "Active", "STOP_DSCR": "Temp Pole" }, "geometry": { "type": "Point", "coordinates": [ 18.625489439729066, -34.048408811754285 ] } },
{ "type": "Feature", "properties": { "OBJECTID": 782, "STOP_NAME": "Highlands 1", "STOP_TYPE": "Existing IRT Stop with Temporary Pole", "STOP_STS": "Active", "STOP_DSCR": "Temp Pole" }, "geometry": { "type": "Point", "coordinates": [ 18.609811077617028, -34.02607754642802 ] } },
{ "type": "Feature", "properties": { "OBJECTID": 783, "STOP_NAME": "Highlands 2", "STOP_TYPE": "Existing IRT Stop with Temporary Pole", "STOP_STS": "Active", "STOP_DSCR": "Temp Pole" }, "geometry": { "type": "Point", "coordinates": [ 18.611072515533898, -34.027796873461639 ] } },
{ "type": "Feature", "properties": { "OBJECTID": 784, "STOP_NAME": "Morgenster 1", "STOP_TYPE": "Existing IRT Stop with Temporary Pole", "STOP_STS": "Active", "STOP_DSCR": "Temp Pole" }, "geometry": { "type": "Point", "coordinates": [ 18.616848930249549, -34.036309029630715 ] } },
{ "type": "Feature", "properties": { "OBJECTID": 785, "STOP_NAME": "Morgenster 2", "STOP_TYPE": "Existing IRT Stop with Temporary Pole", "STOP_STS": "Active", "STOP_DSCR": "Temp Pole" }, "geometry": { "type": "Point", "coordinates": [ 18.617652587740935, -34.037098881358979 ] } },
{ "type": "Feature", "properties": { "OBJECTID": 786, "STOP_NAME": "The Castle 1", "STOP_TYPE": "Existing IRT Stop", "STOP_STS": "Active", "STOP_DSCR": "Cantilever Shelter" }, "geometry": { "type": "Point", "coordinates": [ 18.425659204649815, -33.926231394033216 ] } },
{ "type": "Feature", "properties": { "OBJECTID": 787, "STOP_NAME": "The Castle 2", "STOP_TYPE": "Existing IRT Stop", "STOP_STS": "Active", "STOP_DSCR": "Full Shelter" }, "geometry": { "type": "Point", "coordinates": [ 18.425829884548541, -33.926551909441606 ] } },
{ "type": "Feature", "properties": { "OBJECTID": 788, "STOP_NAME": "Buick 1", "STOP_TYPE": "Existing IRT Stop with Temporary Pole", "STOP_STS": "Active", "STOP_DSCR": "Temp Pole" }, "geometry": { "type": "Point", "coordinates": [ 18.620333111053235, -34.042684856706614 ] } },
{ "type": "Feature", "properties": { "OBJECTID": 789, "STOP_NAME": "Bontebok 1", "STOP_TYPE": "Existing IRT Stop with Temporary Pole", "STOP_STS": "Active", "STOP_DSCR": "Temp Pole" }, "geometry": { "type": "Point", "coordinates": [ 18.630268477918634, -34.052867126980971 ] } },
{ "type": "Feature", "properties": { "OBJECTID": 790, "STOP_NAME": "Bontebok 2", "STOP_TYPE": "Existing IRT Stop with Temporary Pole", "STOP_STS": "Active", "STOP_DSCR": "Temp Pole" }, "geometry": { "type": "Point", "coordinates": [ 18.630052881583325, -34.052308920149187 ] } },
{ "type": "Feature", "properties": { "OBJECTID": 791, "STOP_NAME": "Tafelsig Primary 1", "STOP_TYPE": "Existing IRT Stop with Temporary Pole", "STOP_STS": "Active", "STOP_DSCR": "Temp Pole" }, "geometry": { "type": "Point", "coordinates": [ 18.636547701504384, -34.059297404360215 ] } },
{ "type": "Feature", "properties": { "OBJECTID": 792, "STOP_NAME": "Tafelsig Primary 2", "STOP_TYPE": "Existing IRT Stop with Temporary Pole", "STOP_STS": "Active", "STOP_DSCR": "Temp Pole" }, "geometry": { "type": "Point", "coordinates": [ 18.637086690801862, -34.059490899856243 ] } },
{ "type": "Feature", "properties": { "OBJECTID": 793, "STOP_NAME": "Ruwenzori 1", "STOP_TYPE": "Existing IRT Stop with Temporary Pole", "STOP_STS": "Active", "STOP_DSCR": "Temp Pole" }, "geometry": { "type": "Point", "coordinates": [ 18.633906655097299, -34.062222126137627 ] } },
{ "type": "Feature", "properties": { "OBJECTID": 794, "STOP_NAME": "Ruwenzori 2", "STOP_TYPE": "Existing IRT Stop with Temporary Pole", "STOP_STS": "Active", "STOP_DSCR": "Temp Pole" }, "geometry": { "type": "Point", "coordinates": [ 18.633529362433414, -34.062512359787227 ] } },
{ "type": "Feature", "properties": { "OBJECTID": 795, "STOP_NAME": "Dolomites East 1", "STOP_TYPE": "Existing IRT Stop with Temporary Pole", "STOP_STS": "Active", "STOP_DSCR": "Temp Pole" }, "geometry": { "type": "Point", "coordinates": [ 18.629091685295283, -34.064930937871743 ] } },
{ "type": "Feature", "properties": { "OBJECTID": 796, "STOP_NAME": "Dolomites East 2", "STOP_TYPE": "Existing IRT Stop with Temporary Pole", "STOP_STS": "Active", "STOP_DSCR": "Temp Pole" }, "geometry": { "type": "Point", "coordinates": [ 18.628498796957185, -34.065369995986991 ] } },
{ "type": "Feature", "properties": { "OBJECTID": 797, "STOP_NAME": "Dorp 1", "STOP_TYPE": "Existing IRT Stop", "STOP_STS": "Active", "STOP_DSCR": "Totem" }, "geometry": { "type": "Point", "coordinates": [ 18.417610300715001, -33.92395794465191 ] } },
{ "type": "Feature", "properties": { "OBJECTID": 798, "STOP_NAME": "Dolomites West 1", "STOP_TYPE": "Existing IRT Stop with Temporary Pole", "STOP_STS": "Active", "STOP_DSCR": "Temp Pole" }, "geometry": { "type": "Point", "coordinates": [ 18.624716888919725, -34.066382051673394 ] } },
{ "type": "Feature", "properties": { "OBJECTID": 799, "STOP_NAME": "Dolomites West 2", "STOP_TYPE": "Existing IRT Stop with Temporary Pole", "STOP_STS": "Active", "STOP_DSCR": "Temp Pole" }, "geometry": { "type": "Point", "coordinates": [ 18.624231799071786, -34.06644902601284 ] } },
{ "type": "Feature", "properties": { "OBJECTID": 800, "STOP_NAME": "Government Ave 1", "STOP_TYPE": "Existing IRT Stop", "STOP_STS": "Active", "STOP_DSCR": "Cantilever Shelter" }, "geometry": { "type": "Point", "coordinates": [ 18.413792461422833, -33.931530904347582 ] } },
{ "type": "Feature", "properties": { "OBJECTID": 801, "STOP_NAME": "Government Ave 2", "STOP_TYPE": "Existing IRT Stop", "STOP_STS": "Active", "STOP_DSCR": "Full Shelter" }, "geometry": { "type": "Point", "coordinates": [ 18.413163640308813, -33.930956993289684 ] } },
{ "type": "Feature", "properties": { "OBJECTID": 802, "STOP_NAME": "Longmarket 1", "STOP_TYPE": "Existing IRT Stop", "STOP_STS": "Active", "STOP_DSCR": "Totem" }, "geometry": { "type": "Point", "coordinates": [ 18.419146420163084, -33.922586392113537 ] } },
{ "type": "Feature", "properties": { "OBJECTID": 803, "STOP_NAME": "Lower Plein 1", "STOP_TYPE": "Existing IRT Stop with Temporary Pole", "STOP_STS": "Active", "STOP_DSCR": "Temp Pole" }, "geometry": { "type": "Point", "coordinates": [ 18.423880541247463, -33.923890858581835 ] } },
{ "type": "Feature", "properties": { "OBJECTID": 804, "STOP_NAME": "Lower Plein 2", "STOP_TYPE": "Existing IRT Stop with Temporary Pole", "STOP_STS": "Active", "STOP_DSCR": "Temp Pole" }, "geometry": { "type": "Point", "coordinates": [ 18.424203934845597, -33.923085818857487 ] } },
{ "type": "Feature", "properties": { "OBJECTID": 805, "STOP_NAME": "St Georges 1", "STOP_TYPE": "Existing IRT Stop", "STOP_STS": "Active", "STOP_DSCR": "Temp Pole" }, "geometry": { "type": "Point", "coordinates": [ 18.422090414557157, -33.921379040949482 ] } },
{ "type": "Feature", "properties": { "OBJECTID": 806, "STOP_NAME": "Waterfront 3", "STOP_TYPE": "Existing IRT Stop", "STOP_STS": "Active", "STOP_DSCR": "Extended Shelter" }, "geometry": { "type": "Point", "coordinates": [ 18.42079033713674, -33.90215211302931 ] } },
{ "type": "Feature", "properties": { "OBJECTID": 807, "STOP_NAME": "Portswood 1", "STOP_TYPE": "Existing IRT Stop with Temporary Pole", "STOP_STS": "Active", "STOP_DSCR": "Temp Pole" }, "geometry": { "type": "Point", "coordinates": [ 18.418023526023827, -33.905231360443935 ] } },
{ "type": "Feature", "properties": { "OBJECTID": 808, "STOP_NAME": "Portswood 2", "STOP_TYPE": "Existing IRT Stop with Temporary Pole", "STOP_STS": "Active", "STOP_DSCR": "Temp Pole" }, "geometry": { "type": "Point", "coordinates": [ 18.418086408208531, -33.905238815647095 ] } },
{ "type": "Feature", "properties": { "OBJECTID": 809, "STOP_NAME": "Grey 1", "STOP_TYPE": "IRT Station", "STOP_STS": "Active", "STOP_DSCR": "Station" }, "geometry": { "type": "Point", "coordinates": [ 18.496922557395035, -33.826791495990705 ] } },
{ "type": "Feature", "properties": { "OBJECTID": 810, "STOP_NAME": "Grey 2", "STOP_TYPE": "IRT Station", "STOP_STS": "Active", "STOP_DSCR": "Station" }, "geometry": { "type": "Point", "coordinates": [ 18.496617130302852, -33.826910896861889 ] } },
{ "type": "Feature", "properties": { "OBJECTID": 811, "STOP_NAME": "Janssens 1", "STOP_TYPE": "IRT Station", "STOP_STS": "Active", "STOP_DSCR": "Station" }, "geometry": { "type": "Point", "coordinates": [ 18.501638711460902, -33.828060116021994 ] } },
{ "type": "Feature", "properties": { "OBJECTID": 812, "STOP_NAME": "Janssens 2", "STOP_TYPE": "IRT Station", "STOP_STS": "Active", "STOP_DSCR": "Station" }, "geometry": { "type": "Point", "coordinates": [ 18.501360234414772, -33.828157126901331 ] } },
{ "type": "Feature", "properties": { "OBJECTID": 813, "STOP_NAME": "Wood 1", "STOP_TYPE": "IRT Station", "STOP_STS": "Active", "STOP_DSCR": "Station" }, "geometry": { "type": "Point", "coordinates": [ 18.506956739229299, -33.829440651211186 ] } },
{ "type": "Feature", "properties": { "OBJECTID": 814, "STOP_NAME": "Wood 2", "STOP_TYPE": "IRT Station", "STOP_STS": "Active", "STOP_DSCR": "Station" }, "geometry": { "type": "Point", "coordinates": [ 18.5065974128539, -33.829567509954238 ] } },
{ "type": "Feature", "properties": { "OBJECTID": 815, "STOP_NAME": "Wood 3", "STOP_TYPE": "Existing IRT Stop", "STOP_STS": "Active", "STOP_DSCR": "Full Shelter" }, "geometry": { "type": "Point", "coordinates": [ 18.50723521635808, -33.829485425169509 ] } },
{ "type": "Feature", "properties": { "OBJECTID": 816, "STOP_NAME": "Big Bay 1", "STOP_TYPE": "Existing IRT Stop", "STOP_STS": "Active", "STOP_DSCR": "Extended Shelter" }, "geometry": { "type": "Point", "coordinates": [ 18.458835877315167, -33.792803893468154 ] } },
{ "type": "Feature", "properties": { "OBJECTID": 817, "STOP_NAME": "Kleinbaai 1", "STOP_TYPE": "Existing IRT Stop", "STOP_STS": "Active", "STOP_DSCR": "Totem" }, "geometry": { "type": "Point", "coordinates": [ 18.460264359265917, -33.798753928012808 ] } },
{ "type": "Feature", "properties": { "OBJECTID": 818, "STOP_NAME": "Kleinbaai 2", "STOP_TYPE": "Existing IRT Stop", "STOP_STS": "Active", "STOP_DSCR": "Full Shelter" }, "geometry": { "type": "Point", "coordinates": [ 18.460610313482373, -33.799472596981616 ] } },
{ "type": "Feature", "properties": { "OBJECTID": 819, "STOP_NAME": "Bokkombaai 1", "STOP_TYPE": "Existing IRT Stop", "STOP_STS": "Active", "STOP_DSCR": "Full Shelter" }, "geometry": { "type": "Point", "coordinates": [ 18.462803487876542, -33.803525054747631 ] } },
{ "type": "Feature", "properties": { "OBJECTID": 820, "STOP_NAME": "Bokkombaai 2", "STOP_TYPE": "Existing IRT Stop", "STOP_STS": "Active", "STOP_DSCR": "Totem" }, "geometry": { "type": "Point", "coordinates": [ 18.462756134994855, -33.803362100749581 ] } },
{ "type": "Feature", "properties": { "OBJECTID": 821, "STOP_NAME": "Perlemoen 1", "STOP_TYPE": "Existing IRT Stop", "STOP_STS": "Active", "STOP_DSCR": "Totem" }, "geometry": { "type": "Point", "coordinates": [ 18.466649282203001, -33.807505863412999 ] } },
{ "type": "Feature", "properties": { "OBJECTID": 822, "STOP_NAME": "Perlemoen 2", "STOP_TYPE": "Existing IRT Stop", "STOP_STS": "Active", "STOP_DSCR": "Full Shelter" }, "geometry": { "type": "Point", "coordinates": [ 18.46613399014112, -33.806537725817975 ] } },
{ "type": "Feature", "properties": { "OBJECTID": 823, "STOP_NAME": "Shell 1", "STOP_TYPE": "Existing IRT Stop", "STOP_STS": "Active", "STOP_DSCR": "Totem" }, "geometry": { "type": "Point", "coordinates": [ 18.469887931786825, -33.811784860128164 ] } },
{ "type": "Feature", "properties": { "OBJECTID": 824, "STOP_NAME": "Shell 2", "STOP_TYPE": "Existing IRT Stop", "STOP_STS": "Active", "STOP_DSCR": "Full Shelter" }, "geometry": { "type": "Point", "coordinates": [ 18.470082629894769, -33.811791493675216 ] } },
{ "type": "Feature", "properties": { "OBJECTID": 825, "STOP_NAME": "Seal 1", "STOP_TYPE": "Existing IRT Stop", "STOP_STS": "Active", "STOP_DSCR": "Totem" }, "geometry": { "type": "Point", "coordinates": [ 18.472443465515234, -33.815537270977366 ] } },
{ "type": "Feature", "properties": { "OBJECTID": 826, "STOP_NAME": "Seal 2", "STOP_TYPE": "Existing IRT Stop", "STOP_STS": "Active", "STOP_DSCR": "Totem" }, "geometry": { "type": "Point", "coordinates": [ 18.472748893142249, -33.815992543894609 ] } },
{ "type": "Feature", "properties": { "OBJECTID": 827, "STOP_NAME": "Circle East 1", "STOP_TYPE": "IRT Station", "STOP_STS": "Active", "STOP_DSCR": "Station" }, "geometry": { "type": "Point", "coordinates": [ 18.514448688470956, -33.831433059774923 ] } },
{ "type": "Feature", "properties": { "OBJECTID": 828, "STOP_NAME": "Circle East 2", "STOP_TYPE": "IRT Station", "STOP_STS": "Active", "STOP_DSCR": "Station" }, "geometry": { "type": "Point", "coordinates": [ 18.51416122748692, -33.831559916063881 ] } },
{ "type": "Feature", "properties": { "OBJECTID": 829, "STOP_NAME": "Potsdam 1", "STOP_TYPE": "IRT Station", "STOP_STS": "Active", "STOP_DSCR": "Station" }, "geometry": { "type": "Point", "coordinates": [ 18.526027972115003, -33.833582123384033 ] } },
{ "type": "Feature", "properties": { "OBJECTID": 830, "STOP_NAME": "Potsdam 2", "STOP_TYPE": "IRT Station", "STOP_STS": "Active", "STOP_DSCR": "Station" }, "geometry": { "type": "Point", "coordinates": [ 18.526027971631269, -33.8337910561673 ] } },
{ "type": "Feature", "properties": { "OBJECTID": 831, "STOP_NAME": "Killarney 1", "STOP_TYPE": "IRT Station", "STOP_STS": "Active", "STOP_DSCR": "Station" }, "geometry": { "type": "Point", "coordinates": [ 18.530744126857115, -33.824358679242629 ] } },
{ "type": "Feature", "properties": { "OBJECTID": 832, "STOP_NAME": "Killarney 2", "STOP_TYPE": "IRT Station", "STOP_STS": "Active", "STOP_DSCR": "Station" }, "geometry": { "type": "Point", "coordinates": [ 18.530672262050157, -33.824582560612974 ] } },
{ "type": "Feature", "properties": { "OBJECTID": 833, "STOP_NAME": "Garden 1", "STOP_TYPE": "Existing IRT Stop", "STOP_STS": "Active", "STOP_DSCR": "Totem" }, "geometry": { "type": "Point", "coordinates": [ 18.492862171727506, -33.814619254968576 ] } },
{ "type": "Feature", "properties": { "OBJECTID": 834, "STOP_NAME": "Garden 2", "STOP_TYPE": "Existing IRT Stop", "STOP_STS": "Active", "STOP_DSCR": "Totem" }, "geometry": { "type": "Point", "coordinates": [ 18.492934037122016, -33.814208756979539 ] } },
{ "type": "Feature", "properties": { "OBJECTID": 835, "STOP_NAME": "Humewood 1", "STOP_TYPE": "Existing IRT Stop", "STOP_STS": "Active", "STOP_DSCR": "Full Shelter" }, "geometry": { "type": "Point", "coordinates": [ 18.494389307612732, -33.805072797153002 ] } },
{ "type": "Feature", "properties": { "OBJECTID": 836, "STOP_NAME": "Humewood 2", "STOP_TYPE": "Existing IRT Stop", "STOP_STS": "Active", "STOP_DSCR": "Full Shelter" }, "geometry": { "type": "Point", "coordinates": [ 18.494065914425281, -33.805042939082234 ] } },
{ "type": "Feature", "properties": { "OBJECTID": 837, "STOP_NAME": "Link 1", "STOP_TYPE": "Existing IRT Stop", "STOP_STS": "Active", "STOP_DSCR": "Cantilever Shelter" }, "geometry": { "type": "Point", "coordinates": [ 18.496886623728347, -33.816007470703759 ] } },
{ "type": "Feature", "properties": { "OBJECTID": 838, "STOP_NAME": "Marine Circle 1", "STOP_TYPE": "Existing IRT Stop", "STOP_STS": "Active", "STOP_DSCR": "Full Shelter" }, "geometry": { "type": "Point", "coordinates": [ 18.477824373461608, -33.821933255992057 ] } },
{ "type": "Feature", "properties": { "OBJECTID": 839, "STOP_NAME": "Marine Circle 2", "STOP_TYPE": "Existing IRT Stop", "STOP_STS": "Active", "STOP_DSCR": "Full Shelter" }, "geometry": { "type": "Point", "coordinates": [ 18.479090999349427, -33.822089977933921 ] } },
{ "type": "Feature", "properties": { "OBJECTID": 840, "STOP_NAME": "Merlot 1", "STOP_TYPE": "Existing IRT Stop", "STOP_STS": "Active", "STOP_DSCR": "Cantilever Shelter" }, "geometry": { "type": "Point", "coordinates": [ 18.508190560928483, -33.824311253068586 ] } },
{ "type": "Feature", "properties": { "OBJECTID": 841, "STOP_NAME": "Merlot 2", "STOP_TYPE": "Existing IRT Stop", "STOP_STS": "Active", "STOP_DSCR": "Full Shelter" }, "geometry": { "type": "Point", "coordinates": [ 18.508070231847075, -33.824915186436854 ] } },
{ "type": "Feature", "properties": { "OBJECTID": 842, "STOP_NAME": "Michaelis 1", "STOP_TYPE": "Existing IRT Stop", "STOP_STS": "Active", "STOP_DSCR": "Cantilever Shelter" }, "geometry": { "type": "Point", "coordinates": [ 18.413465679921789, -33.928738023876868 ] } },
{ "type": "Feature", "properties": { "OBJECTID": 843, "STOP_NAME": "Michaelis 2", "STOP_TYPE": "Existing IRT Stop", "STOP_STS": "Active", "STOP_DSCR": "Full Shelter" }, "geometry": { "type": "Point", "coordinates": [ 18.413215910602471, -33.928925371398869 ] } },
{ "type": "Feature", "properties": { "OBJECTID": 844, "STOP_NAME": "Parklands College 1", "STOP_TYPE": "Existing IRT Stop", "STOP_STS": "Active", "STOP_DSCR": "Full Shelter" }, "geometry": { "type": "Point", "coordinates": [ 18.509391172784738, -33.816709033650689 ] } },
{ "type": "Feature", "properties": { "OBJECTID": 845, "STOP_NAME": "Parklands College 2", "STOP_TYPE": "Existing IRT Stop", "STOP_STS": "Active", "STOP_DSCR": "Full Shelter" }, "geometry": { "type": "Point", "coordinates": [ 18.509256426067456, -33.816417960127517 ] } },
{ "type": "Feature", "properties": { "OBJECTID": 846, "STOP_NAME": "Parklands Main 1", "STOP_TYPE": "Existing IRT Stop", "STOP_STS": "Active", "STOP_DSCR": "Totem" }, "geometry": { "type": "Point", "coordinates": [ 18.5074597950812, -33.813096669800665 ] } },
{ "type": "Feature", "properties": { "OBJECTID": 847, "STOP_NAME": "Parklands Main 2", "STOP_TYPE": "Existing IRT Stop", "STOP_STS": "Active", "STOP_DSCR": "Totem" }, "geometry": { "type": "Point", "coordinates": [ 18.50763945846899, -33.81312652507323 ] } },
{ "type": "Feature", "properties": { "OBJECTID": 848, "STOP_NAME": "Ravenswood 1", "STOP_TYPE": "Existing IRT Stop", "STOP_STS": "Active", "STOP_DSCR": "Cantilever Shelter" }, "geometry": { "type": "Point", "coordinates": [ 18.504695933148106, -33.809994506541123 ] } },
{ "type": "Feature", "properties": { "OBJECTID": 849, "STOP_NAME": "Ravenswood 2", "STOP_TYPE": "Existing IRT Stop", "STOP_STS": "Active", "STOP_DSCR": "Full Shelter" }, "geometry": { "type": "Point", "coordinates": [ 18.504819960743919, -33.810032043632788 ] } },
{ "type": "Feature", "properties": { "OBJECTID": 850, "STOP_NAME": "Tryall 1", "STOP_TYPE": "Existing IRT Stop", "STOP_STS": "Active", "STOP_DSCR": "Full Shelter" }, "geometry": { "type": "Point", "coordinates": [ 18.483977834180092, -33.797451286820795 ] } },
{ "type": "Feature", "properties": { "OBJECTID": 851, "STOP_NAME": "Tryall 2", "STOP_TYPE": "Existing IRT Stop", "STOP_STS": "Active", "STOP_DSCR": "Full Shelter" }, "geometry": { "type": "Point", "coordinates": [ 18.483932918302067, -33.797563263097743 ] } },
{ "type": "Feature", "properties": { "OBJECTID": 852, "STOP_NAME": "Carmel 1", "STOP_TYPE": "Existing IRT Stop with Temporary Pole", "STOP_STS": "Active", "STOP_DSCR": "Temp Pole" }, "geometry": { "type": "Point", "coordinates": [ 18.50001276232036, -33.562277963146137 ] } },
{ "type": "Feature", "properties": { "OBJECTID": 853, "STOP_NAME": "Carmel 2", "STOP_TYPE": "Existing IRT Stop with Temporary Pole", "STOP_STS": "Active", "STOP_DSCR": "Temp Pole" }, "geometry": { "type": "Point", "coordinates": [ 18.500039711456395, -33.56238276007057 ] } },
{ "type": "Feature", "properties": { "OBJECTID": 854, "STOP_NAME": "Caelian 1", "STOP_TYPE": "Existing IRT Stop with Temporary Pole", "STOP_STS": "Active", "STOP_DSCR": "Temp Pole" }, "geometry": { "type": "Point", "coordinates": [ 18.501800409410681, -33.560009816997535 ] } },
{ "type": "Feature", "properties": { "OBJECTID": 855, "STOP_NAME": "Caelian 2", "STOP_TYPE": "Existing IRT Stop with Temporary Pole", "STOP_STS": "Active", "STOP_DSCR": "Temp Pole" }, "geometry": { "type": "Point", "coordinates": [ 18.501863291194741, -33.559680445232004 ] } },
{ "type": "Feature", "properties": { "OBJECTID": 856, "STOP_NAME": "Malvern 1", "STOP_TYPE": "Existing IRT Stop with Temporary Pole", "STOP_STS": "Active", "STOP_DSCR": "Temp Pole" }, "geometry": { "type": "Point", "coordinates": [ 18.501683628447001, -33.555323624567862 ] } },
{ "type": "Feature", "properties": { "OBJECTID": 857, "STOP_NAME": "Malvern 2", "STOP_TYPE": "Existing IRT Stop with Temporary Pole", "STOP_STS": "Active", "STOP_DSCR": "Temp Pole" }, "geometry": { "type": "Point", "coordinates": [ 18.501459048539864, -33.555136472306351 ] } },
{ "type": "Feature", "properties": { "OBJECTID": 858, "STOP_NAME": "Deerlodge 1", "STOP_TYPE": "Existing IRT Stop with Temporary Pole", "STOP_STS": "Active", "STOP_DSCR": "Temp Pole" }, "geometry": { "type": "Point", "coordinates": [ 18.497686124658582, -33.551281018844712 ] } },
{ "type": "Feature", "properties": { "OBJECTID": 859, "STOP_NAME": "Deerlodge 2", "STOP_TYPE": "Existing IRT Stop with Temporary Pole", "STOP_STS": "Active", "STOP_DSCR": "Temp Pole" }, "geometry": { "type": "Point", "coordinates": [ 18.498036468408074, -33.551528073411021 ] } },
{ "type": "Feature", "properties": { "OBJECTID": 860, "STOP_NAME": "Tsitsikamma 1", "STOP_TYPE": "Existing IRT Stop with Temporary Pole", "STOP_STS": "Active", "STOP_DSCR": "Temp Pole" }, "geometry": { "type": "Point", "coordinates": [ 18.494317443415646, -33.547612564365402 ] } },
{ "type": "Feature", "properties": { "OBJECTID": 861, "STOP_NAME": "Tsitsikamma 2", "STOP_TYPE": "Existing IRT Stop with Temporary Pole", "STOP_STS": "Active", "STOP_DSCR": "Temp Pole" }, "geometry": { "type": "Point", "coordinates": [ 18.494443206569613, -33.547717380345404 ] } },
{ "type": "Feature", "properties": { "OBJECTID": 862, "STOP_NAME": "Frans 1", "STOP_TYPE": "Existing IRT Stop with Temporary Pole", "STOP_STS": "Active", "STOP_DSCR": "Temp Pole" }, "geometry": { "type": "Point", "coordinates": [ 18.480797797931629, -33.513758108848528 ] } },
{ "type": "Feature", "properties": { "OBJECTID": 863, "STOP_NAME": "Frans 2", "STOP_TYPE": "Existing IRT Stop with Temporary Pole", "STOP_STS": "Active", "STOP_DSCR": "Temp Pole" }, "geometry": { "type": "Point", "coordinates": [ 18.480986444347213, -33.513960331216332 ] } },
{ "type": "Feature", "properties": { "OBJECTID": 864, "STOP_NAME": "Johannes 1", "STOP_TYPE": "Existing IRT Stop with Temporary Pole", "STOP_STS": "Active", "STOP_DSCR": "Temp Pole" }, "geometry": { "type": "Point", "coordinates": [ 18.47751894672658, -33.513653251898383 ] } },
{ "type": "Feature", "properties": { "OBJECTID": 865, "STOP_NAME": "Lord Caledon 1", "STOP_TYPE": "Existing IRT Stop with Temporary Pole", "STOP_STS": "Active", "STOP_DSCR": "Temp Pole" }, "geometry": { "type": "Point", "coordinates": [ 18.474311961500305, -33.510732203747537 ] } },
{ "type": "Feature", "properties": { "OBJECTID": 866, "STOP_NAME": "Denne West 1", "STOP_TYPE": "Existing IRT Stop with Temporary Pole", "STOP_STS": "Active", "STOP_DSCR": "Temp Pole" }, "geometry": { "type": "Point", "coordinates": [ 18.474015516772781, -33.508432745200331 ] } },
{ "type": "Feature", "properties": { "OBJECTID": 867, "STOP_NAME": "Denne East 1", "STOP_TYPE": "Existing IRT Stop with Temporary Pole", "STOP_STS": "Active", "STOP_DSCR": "Temp Pole" }, "geometry": { "type": "Point", "coordinates": [ 18.478695739607002, -33.510043121263656 ] } },
{ "type": "Feature", "properties": { "OBJECTID": 868, "STOP_NAME": "Queens Beach 1", "STOP_TYPE": "IRT Station", "STOP_STS": "Active", "STOP_DSCR": "Station" }, "geometry": { "type": "Point", "coordinates": [ 18.37986309171205, -33.921296814055538 ] } },
{ "type": "Feature", "properties": { "OBJECTID": 869, "STOP_NAME": "Queens Beach 2", "STOP_TYPE": "IRT Station", "STOP_STS": "Active", "STOP_DSCR": "Station" }, "geometry": { "type": "Point", "coordinates": [ 18.379593597818094, -33.92145335391249 ] } },
{ "type": "Feature", "properties": { "OBJECTID": 870, "STOP_NAME": "Gardens 1", "STOP_TYPE": "IRT Station", "STOP_STS": "Active", "STOP_DSCR": "Station" }, "geometry": { "type": "Point", "coordinates": [ 18.419326083412042, -33.934251341320639 ] } },
{ "type": "Feature", "properties": { "OBJECTID": 871, "STOP_NAME": "Gardens 2", "STOP_TYPE": "IRT Station", "STOP_STS": "Active", "STOP_DSCR": "Station" }, "geometry": { "type": "Point", "coordinates": [ 18.419577611235876, -33.934065012193372 ] } },
{ "type": "Feature", "properties": { "OBJECTID": 872, "STOP_NAME": "Omuramba 1", "STOP_TYPE": "IRT Station", "STOP_STS": "Active", "STOP_DSCR": "Station" }, "geometry": { "type": "Point", "coordinates": [ 18.51261612516964, -33.868384938154328 ] } },
{ "type": "Feature", "properties": { "OBJECTID": 873, "STOP_NAME": "Omuramba 2", "STOP_TYPE": "IRT Station", "STOP_STS": "Active", "STOP_DSCR": "Station" }, "geometry": { "type": "Point", "coordinates": [ 18.512885620007332, -33.868384937971598 ] } },
{ "type": "Feature", "properties": { "OBJECTID": 874, "STOP_NAME": "Omuramba 3", "STOP_TYPE": "Existing IRT Stop", "STOP_STS": "Active", "STOP_DSCR": "Station" }, "geometry": { "type": "Point", "coordinates": [ 18.513173080329278, -33.868631081193634 ] } },
{ "type": "Feature", "properties": { "OBJECTID": 875, "STOP_NAME": "Omuramba 4", "STOP_TYPE": "Existing IRT Stop", "STOP_STS": "Active", "STOP_DSCR": "Station" }, "geometry": { "type": "Point", "coordinates": [ 18.513235962593267, -33.868556491984464 ] } },
{ "type": "Feature", "properties": { "OBJECTID": 876, "STOP_NAME": "Lobelia 1", "STOP_TYPE": "New IRT Stop with Temporary Pole", "STOP_STS": "Active", "STOP_DSCR": "Full Shelter" }, "geometry": { "type": "Point", "coordinates": [ 18.506336900544216, -33.868929434580714 ] } },
{ "type": "Feature", "properties": { "OBJECTID": 877, "STOP_NAME": "Sanddrift 1", "STOP_TYPE": "IRT Station", "STOP_STS": "Active", "STOP_DSCR": "Station" }, "geometry": { "type": "Point", "coordinates": [ 18.510334404260039, -33.88409937369935 ] } },
{ "type": "Feature", "properties": { "OBJECTID": 878, "STOP_NAME": "Sanddrift 2", "STOP_TYPE": "IRT Station", "STOP_STS": "Active", "STOP_DSCR": "Station" }, "geometry": { "type": "Point", "coordinates": [ 18.510280505261512, -33.883898020564828 ] } },
{ "type": "Feature", "properties": { "OBJECTID": 879, "STOP_NAME": "Century City 1", "STOP_TYPE": "IRT Station", "STOP_STS": "Active", "STOP_DSCR": "Station" }, "geometry": { "type": "Point", "coordinates": [ 18.506552497478669, -33.891377600057794 ] } },
{ "type": "Feature", "properties": { "OBJECTID": 880, "STOP_NAME": "Century City 2", "STOP_TYPE": "IRT Station", "STOP_STS": "Active", "STOP_DSCR": "Station" }, "geometry": { "type": "Point", "coordinates": [ 18.506489615066783, -33.891228463383257 ] } },
{ "type": "Feature", "properties": { "OBJECTID": 881, "STOP_NAME": "Century City 3", "STOP_TYPE": "Existing IRT Stop", "STOP_STS": "Active", "STOP_DSCR": "Station" }, "geometry": { "type": "Point", "coordinates": [ 18.506489615536285, -33.891459625836326 ] } },
{ "type": "Feature", "properties": { "OBJECTID": 882, "STOP_NAME": "Century City 4", "STOP_TYPE": "Existing IRT Stop", "STOP_STS": "Active", "STOP_DSCR": "Station" }, "geometry": { "type": "Point", "coordinates": [ 18.50638181748964, -33.891377599720315 ] } },
{ "type": "Feature", "properties": { "OBJECTID": 883, "STOP_NAME": "Century City 5", "STOP_TYPE": "IRT Station", "STOP_STS": "Active", "STOP_DSCR": "Station" }, "geometry": { "type": "Point", "coordinates": [ 18.506408766049624, -33.891556564905549 ] } },
{ "type": "Feature", "properties": { "OBJECTID": 884, "STOP_NAME": "Century City 6", "STOP_TYPE": "IRT Station", "STOP_STS": "Active", "STOP_DSCR": "Station" }, "geometry": { "type": "Point", "coordinates": [ 18.506247069677769, -33.891481996593157 ] } },
{ "type": "Feature", "properties": { "OBJECTID": 885, "STOP_NAME": "Breakwater 1", "STOP_TYPE": "Existing IRT Stop", "STOP_STS": "Active", "STOP_DSCR": "Totem" }, "geometry": { "type": "Point", "coordinates": [ 18.41937998167991, -33.902852968394825 ] } },
{ "type": "Feature", "properties": { "OBJECTID": 886, "STOP_NAME": "Breakwater 2", "STOP_TYPE": "Existing IRT Stop", "STOP_STS": "Active", "STOP_DSCR": "Totem" }, "geometry": { "type": "Point", "coordinates": [ 18.418957773338082, -33.903389790167061 ] } },
{ "type": "Feature", "properties": { "OBJECTID": 887, "STOP_NAME": "Invermark 1", "STOP_TYPE": "Existing IRT Stop with Temporary Pole", "STOP_STS": "Active", "STOP_DSCR": "Temp Pole" }, "geometry": { "type": "Point", "coordinates": [ 18.407890528503334, -33.943008319262731 ] } },
{ "type": "Feature", "properties": { "OBJECTID": 888, "STOP_NAME": "Chesterfield 1", "STOP_TYPE": "Existing IRT Stop with Temporary Pole", "STOP_STS": "Active", "STOP_DSCR": "Temp Pole" }, "geometry": { "type": "Point", "coordinates": [ 18.40981292379476, -33.94318717468321 ] } },
{ "type": "Feature", "properties": { "OBJECTID": 889, "STOP_NAME": "Marmion 1", "STOP_TYPE": "Existing IRT Stop with Temporary Pole", "STOP_STS": "Active", "STOP_DSCR": "Temp Pole" }, "geometry": { "type": "Point", "coordinates": [ 18.411681420210964, -33.943291507683384 ] } },
{ "type": "Feature", "properties": { "OBJECTID": 890, "STOP_NAME": "Atlantis Station 7", "STOP_TYPE": "IRT Station", "STOP_STS": "Active", "STOP_DSCR": "Station" }, "geometry": { "type": "Point", "coordinates": [ 18.4916674134498, -33.563872366309461 ] } },
{ "type": "Feature", "properties": { "OBJECTID": 891, "STOP_NAME": "Hawking 1", "STOP_TYPE": "Existing IRT Stop with Temporary Pole", "STOP_STS": "Active", "STOP_DSCR": "Temp Pole" }, "geometry": { "type": "Point", "coordinates": [ 18.528794783407964, -33.801355436411797 ] } },
{ "type": "Feature", "properties": { "OBJECTID": 892, "STOP_NAME": "Johan Heyns North 2", "STOP_TYPE": "Existing IRT Stop with Temporary Pole", "STOP_STS": "Active", "STOP_DSCR": "Temp Pole" }, "geometry": { "type": "Point", "coordinates": [ 18.486349385579302, -33.588892404979596 ] } },
{ "type": "Feature", "properties": { "OBJECTID": 893, "STOP_NAME": "Charles Matthews 1", "STOP_TYPE": "Existing IRT Stop", "STOP_STS": "Active", "STOP_DSCR": "Totem" }, "geometry": { "type": "Point", "coordinates": [ 18.481543399127151, -33.591257070792437 ] } },
{ "type": "Feature", "properties": { "OBJECTID": 894, "STOP_NAME": "Charles Matthews 2", "STOP_TYPE": "Existing IRT Stop", "STOP_STS": "Active", "STOP_DSCR": "Totem" }, "geometry": { "type": "Point", "coordinates": [ 18.481471533983662, -33.591361833093217 ] } },
{ "type": "Feature", "properties": { "OBJECTID": 895, "STOP_NAME": "Starke 1", "STOP_TYPE": "Existing IRT Stop", "STOP_STS": "Active", "STOP_DSCR": "Totem" }, "geometry": { "type": "Point", "coordinates": [ 18.487265668102779, -33.57997942666222 ] } },
{ "type": "Feature", "properties": { "OBJECTID": 896, "STOP_NAME": "Starke 2", "STOP_TYPE": "Existing IRT Stop", "STOP_STS": "Active", "STOP_DSCR": "Totem" }, "geometry": { "type": "Point", "coordinates": [ 18.487103970761702, -33.580076718566211 ] } },
{ "type": "Feature", "properties": { "OBJECTID": 897, "STOP_NAME": "Charles Duminy 1", "STOP_TYPE": "Existing IRT Stop", "STOP_STS": "Active", "STOP_DSCR": "Totem" }, "geometry": { "type": "Point", "coordinates": [ 18.484759368519857, -33.579927039238704 ] } },
{ "type": "Feature", "properties": { "OBJECTID": 898, "STOP_NAME": "Charles Duminy 2", "STOP_TYPE": "Existing IRT Stop", "STOP_STS": "Active", "STOP_DSCR": "Totem" }, "geometry": { "type": "Point", "coordinates": [ 18.484193428874114, -33.580196461704546 ] } },
{ "type": "Feature", "properties": { "OBJECTID": 899, "STOP_NAME": "Tom Henshilwood 1", "STOP_TYPE": "Existing IRT Stop", "STOP_STS": "Active", "STOP_DSCR": "Totem" }, "geometry": { "type": "Point", "coordinates": [ 18.482980703958827, -33.583302256957822 ] } },
{ "type": "Feature", "properties": { "OBJECTID": 900, "STOP_NAME": "Tom Henshilwood 2", "STOP_TYPE": "Existing IRT Stop", "STOP_STS": "Active", "STOP_DSCR": "Totem" }, "geometry": { "type": "Point", "coordinates": [ 18.483016636274222, -33.583219936134526 ] } },
{ "type": "Feature", "properties": { "OBJECTID": 901, "STOP_NAME": "John Van Niekerk 1", "STOP_TYPE": "Existing IRT Stop", "STOP_STS": "Active", "STOP_DSCR": "Totem" }, "geometry": { "type": "Point", "coordinates": [ 18.478740655867099, -33.584267650331299 ] } },
{ "type": "Feature", "properties": { "OBJECTID": 902, "STOP_NAME": "John Van Niekerk 2", "STOP_TYPE": "Existing IRT Stop", "STOP_STS": "Active", "STOP_DSCR": "Totem" }, "geometry": { "type": "Point", "coordinates": [ 18.478004037323892, -33.584499641617732 ] } },
{ "type": "Feature", "properties": { "OBJECTID": 903, "STOP_NAME": "Neil Hare 1", "STOP_TYPE": "Existing IRT Stop", "STOP_STS": "Active", "STOP_DSCR": "Totem" }, "geometry": { "type": "Point", "coordinates": [ 18.474500606888352, -33.586999128610394 ] } },
{ "type": "Feature", "properties": { "OBJECTID": 904, "STOP_NAME": "Neil Hare 2", "STOP_TYPE": "Existing IRT Stop", "STOP_STS": "Active", "STOP_DSCR": "Totem" }, "geometry": { "type": "Point", "coordinates": [ 18.474446709507557, -33.587029062874109 ] } },
{ "type": "Feature", "properties": { "OBJECTID": 905, "STOP_NAME": "Berzelia 1", "STOP_TYPE": "Existing IRT Stop", "STOP_STS": "Active", "STOP_DSCR": "Totem" }, "geometry": { "type": "Point", "coordinates": [ 18.492511828799856, -33.577771620288118 ] } },
{ "type": "Feature", "properties": { "OBJECTID": 906, "STOP_NAME": "Berzelia 2", "STOP_TYPE": "Existing IRT Stop", "STOP_STS": "Active", "STOP_DSCR": "Full Shelter" }, "geometry": { "type": "Point", "coordinates": [ 18.492960986987359, -33.577771620219188 ] } },
{ "type": "Feature", "properties": { "OBJECTID": 907, "STOP_NAME": "Bottlebrush 1", "STOP_TYPE": "Existing IRT Stop", "STOP_STS": "Active", "STOP_DSCR": "Full Shelter" }, "geometry": { "type": "Point", "coordinates": [ 18.496715943644499, -33.577591999181706 ] } },
{ "type": "Feature", "properties": { "OBJECTID": 908, "STOP_NAME": "Bottlebrush 2", "STOP_TYPE": "Existing IRT Stop", "STOP_STS": "Active", "STOP_DSCR": "Full Shelter" }, "geometry": { "type": "Point", "coordinates": [ 18.497210018354405, -33.577367472879075 ] } },
{ "type": "Feature", "properties": { "OBJECTID": 909, "STOP_NAME": "Disa 1", "STOP_TYPE": "Existing IRT Stop", "STOP_STS": "Active", "STOP_DSCR": "Full Shelter" }, "geometry": { "type": "Point", "coordinates": [ 18.493805402675996, -33.573542951237727 ] } },
{ "type": "Feature", "properties": { "OBJECTID": 910, "STOP_NAME": "Disa 2", "STOP_TYPE": "Existing IRT Stop", "STOP_STS": "Active", "STOP_DSCR": "Full Shelter" }, "geometry": { "type": "Point", "coordinates": [ 18.494047948427013, -33.573662703575621 ] } },
{ "type": "Feature", "properties": { "OBJECTID": 911, "STOP_NAME": "Alberto 1", "STOP_TYPE": "Existing IRT Stop", "STOP_STS": "Active", "STOP_DSCR": "Full Shelter" }, "geometry": { "type": "Point", "coordinates": [ 18.490203158635605, -33.571866394274416 ] } },
{ "type": "Feature", "properties": { "OBJECTID": 912, "STOP_NAME": "Alberto 2", "STOP_TYPE": "Existing IRT Stop", "STOP_STS": "Active", "STOP_DSCR": "Full Shelter" }, "geometry": { "type": "Point", "coordinates": [ 18.490328922794838, -33.572023573444568 ] } },
{ "type": "Feature", "properties": { "OBJECTID": 913, "STOP_NAME": "Bengal 1", "STOP_TYPE": "Existing IRT Stop", "STOP_STS": "Active", "STOP_DSCR": "Full Shelter" }, "geometry": { "type": "Point", "coordinates": [ 18.486121732739232, -33.57133833602019 ] } },
{ "type": "Feature", "properties": { "OBJECTID": 914, "STOP_NAME": "Bengal 2", "STOP_TYPE": "Existing IRT Stop", "STOP_STS": "Active", "STOP_DSCR": "Totem" }, "geometry": { "type": "Point", "coordinates": [ 18.485970666668205, -33.57143345110557 ] } },
{ "type": "Feature", "properties": { "OBJECTID": 915, "STOP_NAME": "Colebrook 1", "STOP_TYPE": "Existing IRT Stop", "STOP_STS": "Active", "STOP_DSCR": "Full Shelter" }, "geometry": { "type": "Point", "coordinates": [ 18.482262091443641, -33.570820349446038 ] } },
{ "type": "Feature", "properties": { "OBJECTID": 916, "STOP_NAME": "Colebrook 2", "STOP_TYPE": "Existing IRT Stop", "STOP_STS": "Active", "STOP_DSCR": "Totem" }, "geometry": { "type": "Point", "coordinates": [ 18.482180805475792, -33.570898756982629 ] } },
{ "type": "Feature", "properties": { "OBJECTID": 917, "STOP_NAME": "Gothenburg 1", "STOP_TYPE": "Existing IRT Stop", "STOP_STS": "Active", "STOP_DSCR": "Full Shelter" }, "geometry": { "type": "Point", "coordinates": [ 18.483160367168111, -33.56831108934918 ] } },
{ "type": "Feature", "properties": { "OBJECTID": 918, "STOP_NAME": "Gothenburg 2", "STOP_TYPE": "Existing IRT Stop", "STOP_STS": "Active", "STOP_DSCR": "Full Shelter" }, "geometry": { "type": "Point", "coordinates": [ 18.483447827494206, -33.567697316977458 ] } },
{ "type": "Feature", "properties": { "OBJECTID": 919, "STOP_NAME": "Avondale 1", "STOP_TYPE": "Existing IRT Stop with Temporary Pole", "STOP_STS": "Active", "STOP_DSCR": "Temp Pole" }, "geometry": { "type": "Point", "coordinates": [ 18.484193429106366, -33.566155379875347 ] } },
{ "type": "Feature", "properties": { "OBJECTID": 920, "STOP_NAME": "Avondale 2", "STOP_TYPE": "Existing IRT Stop with Temporary Pole", "STOP_STS": "Active", "STOP_DSCR": "Temp Pole" }, "geometry": { "type": "Point", "coordinates": [ 18.484489872865908, -33.56561644456243 ] } },
{ "type": "Feature", "properties": { "OBJECTID": 921, "STOP_NAME": "Parkview 1", "STOP_TYPE": "Existing IRT Stop", "STOP_STS": "Active", "STOP_DSCR": "Full Shelter" }, "geometry": { "type": "Point", "coordinates": [ 18.488379578552887, -33.565601474281692 ] } },
{ "type": "Feature", "properties": { "OBJECTID": 922, "STOP_NAME": "Parkview 2", "STOP_TYPE": "Existing IRT Stop", "STOP_STS": "Active", "STOP_DSCR": "Full Shelter" }, "geometry": { "type": "Point", "coordinates": [ 18.488325679828076, -33.565549077019583 ] } },
{ "type": "Feature", "properties": { "OBJECTID": 923, "STOP_NAME": "Marigold 1", "STOP_TYPE": "Existing IRT Stop with Temporary Pole", "STOP_STS": "Active", "STOP_DSCR": "Temp Pole" }, "geometry": { "type": "Point", "coordinates": [ 18.496212887693208, -33.575197021296781 ] } },
{ "type": "Feature", "properties": { "OBJECTID": 924, "STOP_NAME": "Marigold 2", "STOP_TYPE": "Existing IRT Stop with Temporary Pole", "STOP_STS": "Active", "STOP_DSCR": "Temp Pole" }, "geometry": { "type": "Point", "coordinates": [ 18.496410516504554, -33.575503881259664 ] } },
{ "type": "Feature", "properties": { "OBJECTID": 925, "STOP_NAME": "Nicobar 1", "STOP_TYPE": "Existing IRT Stop", "STOP_STS": "Active", "STOP_DSCR": "Totem" }, "geometry": { "type": "Point", "coordinates": [ 18.491766227181262, -33.566454788271209 ] } },
{ "type": "Feature", "properties": { "OBJECTID": 926, "STOP_NAME": "Nicobar 2", "STOP_TYPE": "Existing IRT Stop", "STOP_STS": "Active", "STOP_DSCR": "Totem" }, "geometry": { "type": "Point", "coordinates": [ 18.491649446383473, -33.566499698818895 ] } },
{ "type": "Feature", "properties": { "OBJECTID": 927, "STOP_NAME": "Moravia 1", "STOP_TYPE": "Existing IRT Stop with Temporary Pole", "STOP_STS": "Active", "STOP_DSCR": "Temp Pole" }, "geometry": { "type": "Point", "coordinates": [ 18.476333171500109, -33.515158677237672 ] } },
{ "type": "Feature", "properties": { "OBJECTID": 928, "STOP_NAME": "Moravia 2", "STOP_TYPE": "Existing IRT Stop with Temporary Pole", "STOP_STS": "Active", "STOP_DSCR": "Temp Pole" }, "geometry": { "type": "Point", "coordinates": [ 18.476360119842862, -33.515076292301806 ] } },
{ "type": "Feature", "properties": { "OBJECTID": 929, "STOP_NAME": "Hoogergeest 1", "STOP_TYPE": "Existing IRT Stop with Temporary Pole", "STOP_STS": "Active", "STOP_DSCR": "Temp Pole" }, "geometry": { "type": "Point", "coordinates": [ 18.483564609048369, -33.553242454730309 ] } },
{ "type": "Feature", "properties": { "OBJECTID": 930, "STOP_NAME": "Hoogergeest 2", "STOP_TYPE": "Existing IRT Stop with Temporary Pole", "STOP_STS": "Active", "STOP_DSCR": "Temp Pole" }, "geometry": { "type": "Point", "coordinates": [ 18.483717321845234, -33.553369723386297 ] } },
{ "type": "Feature", "properties": { "OBJECTID": 931, "STOP_NAME": "Ntlazane", "STOP_TYPE": "Existing IRT Stop with Temporary Pole", "STOP_STS": "Active", "STOP_DSCR": "Temp Pole" }, "geometry": { "type": "Point", "coordinates": [ 18.68915578449527, -34.056328663482837 ] } },
{ "type": "Feature", "properties": { "OBJECTID": 932, "STOP_NAME": "Ntlazane", "STOP_TYPE": "Existing IRT Stop with Temporary Pole", "STOP_STS": "Active", "STOP_DSCR": "Temp Pole" }, "geometry": { "type": "Point", "coordinates": [ 18.689598364211939, -34.05617280864432 ] } },
{ "type": "Feature", "properties": { "OBJECTID": 933, "STOP_NAME": "Woodville 1", "STOP_TYPE": "Existing IRT Stop with Temporary Pole", "STOP_STS": "Active", "STOP_DSCR": "Temp Pole" }, "geometry": { "type": "Point", "coordinates": [ 18.495156069827424, -33.54628963953818 ] } },
{ "type": "Feature", "properties": { "OBJECTID": 934, "STOP_NAME": "Windsor 1", "STOP_TYPE": "Existing IRT Stop with Temporary Pole", "STOP_STS": "Active", "STOP_DSCR": "Temp Pole" }, "geometry": { "type": "Point", "coordinates": [ 18.496302719234599, -33.5478671152676 ] } },
{ "type": "Feature", "properties": { "OBJECTID": 935, "STOP_NAME": "August Kotzenberg 1", "STOP_TYPE": "Existing IRT Stop with Temporary Pole", "STOP_STS": "Active", "STOP_DSCR": "Temp Pole" }, "geometry": { "type": "Point", "coordinates": [ 18.462310468632275, -33.603079427984397 ] } },
{ "type": "Feature", "properties": { "OBJECTID": 936, "STOP_NAME": "Daimler-Benz 1", "STOP_TYPE": "Existing IRT Stop with Temporary Pole", "STOP_STS": "Active", "STOP_DSCR": "Temp Pole" }, "geometry": { "type": "Point", "coordinates": [ 18.467484765071411, -33.609723180609151 ] } },
{ "type": "Feature", "properties": { "OBJECTID": 937, "STOP_NAME": "Daimler-Benz 2", "STOP_TYPE": "Existing IRT Stop with Temporary Pole", "STOP_STS": "Active", "STOP_DSCR": "Temp Pole" }, "geometry": { "type": "Point", "coordinates": [ 18.466864928199204, -33.609775550065194 ] } },
{ "type": "Feature", "properties": { "OBJECTID": 938, "STOP_NAME": "Gideon Basson 1", "STOP_TYPE": "Existing IRT Stop with Temporary Pole", "STOP_STS": "Active", "STOP_DSCR": "Temp Pole" }, "geometry": { "type": "Point", "coordinates": [ 18.474078399454573, -33.60498731521642 ] } },
{ "type": "Feature", "properties": { "OBJECTID": 939, "STOP_NAME": "Gideon Basson 2", "STOP_TYPE": "Existing IRT Stop with Temporary Pole", "STOP_STS": "Active", "STOP_DSCR": "Temp Pole" }, "geometry": { "type": "Point", "coordinates": [ 18.473943651786172, -33.605234215426222 ] } },
{ "type": "Feature", "properties": { "OBJECTID": 940, "STOP_NAME": "Brenton 1", "STOP_TYPE": "Existing IRT Stop with Temporary Pole", "STOP_STS": "Active", "STOP_DSCR": "Temp Pole" }, "geometry": { "type": "Point", "coordinates": [ 18.497721416728695, -33.546713548884064 ] } },
{ "type": "Feature", "properties": { "OBJECTID": 941, "STOP_NAME": "David Cloete 1", "STOP_TYPE": "Existing IRT Stop with Temporary Pole", "STOP_STS": "Active", "STOP_DSCR": "Full Shelter" }, "geometry": { "type": "Point", "coordinates": [ 18.493975881792448, -33.588176102858448 ] } },
{ "type": "Feature", "properties": { "OBJECTID": 942, "STOP_NAME": "David Cloete 2", "STOP_TYPE": "Existing IRT Stop with Temporary Pole", "STOP_STS": "Active", "STOP_DSCR": "Red Totem" }, "geometry": { "type": "Point", "coordinates": [ 18.494212362944012, -33.588368352925514 ] } },
{ "type": "Feature", "properties": { "OBJECTID": 943, "STOP_NAME": "Foreshore 1", "STOP_TYPE": "Existing IRT Stop", "STOP_STS": "Not Active", "STOP_DSCR": "Full Shelter" }, "geometry": { "type": "Point", "coordinates": [ 18.429117718957674, -33.917659056028178 ] } },
{ "type": "Feature", "properties": { "OBJECTID": 944, "STOP_NAME": "Foreshore 2", "STOP_TYPE": "Existing IRT Stop", "STOP_STS": "Not Active", "STOP_DSCR": "Temp Pole" }, "geometry": { "type": "Point", "coordinates": [ 18.429153652115815, -33.917763420095334 ] } },
{ "type": "Feature", "properties": { "OBJECTID": 945, "STOP_NAME": "Stables Turnaround 1", "STOP_TYPE": "Existing IRT Stop with Temporary Pole", "STOP_STS": "Active", "STOP_DSCR": "Temp Pole" }, "geometry": { "type": "Point", "coordinates": [ 18.539601515586124, -33.810797814107985 ] } },
{ "type": "Feature", "properties": { "OBJECTID": 946, "STOP_NAME": "John Dreyer 1", "STOP_TYPE": "Existing IRT Stop", "STOP_STS": "Active", "STOP_DSCR": "Totem" }, "geometry": { "type": "Point", "coordinates": [ 18.492305833037424, -33.587946816911 ] } },
{ "type": "Feature", "properties": { "OBJECTID": 947, "STOP_NAME": "Waterfront 2", "STOP_TYPE": "IRT Station", "STOP_STS": "Active", "STOP_DSCR": "Station" }, "geometry": { "type": "Point", "coordinates": [ 18.420557144197577, -33.902172041796298 ] } },
{ "type": "Feature", "properties": { "OBJECTID": 948, "STOP_NAME": "Phoenix 1", "STOP_TYPE": "IRT Station", "STOP_STS": "Out of Service", "STOP_DSCR": "Station" }, "geometry": { "type": "Point", "coordinates": [ 18.512225561116185, -33.873409730031788 ] } },
{ "type": "Feature", "properties": { "OBJECTID": 949, "STOP_NAME": "Phoenix 2", "STOP_TYPE": "IRT Station", "STOP_STS": "Out of Service", "STOP_DSCR": "Station" }, "geometry": { "type": "Point", "coordinates": [ 18.512204251120263, -33.873440626114927 ] } },
{ "type": "Feature", "properties": { "OBJECTID": 950, "STOP_NAME": "Sanddrift 3", "STOP_TYPE": "IRT Station", "STOP_STS": "Active", "STOP_DSCR": "Station" }, "geometry": { "type": "Point", "coordinates": [ 18.510316437646981, -33.88417394855469 ] } },
{ "type": "Feature", "properties": { "OBJECTID": 951, "STOP_NAME": "Sanddrift 4", "STOP_TYPE": "IRT Station", "STOP_STS": "Active", "STOP_DSCR": "Station" }, "geometry": { "type": "Point", "coordinates": [ 18.510199657419857, -33.884136662079428 ] } },
{ "type": "Feature", "properties": { "OBJECTID": 952, "STOP_NAME": "Du Noon 1", "STOP_TYPE": "IRT Station", "STOP_STS": "Out of Service", "STOP_DSCR": "Station" }, "geometry": { "type": "Point", "coordinates": [ 18.537398767803253, -33.815430819757403 ] } },
{ "type": "Feature", "properties": { "OBJECTID": 953, "STOP_NAME": "Du Noon 2", "STOP_TYPE": "IRT Station", "STOP_STS": "Out of Service", "STOP_DSCR": "Station" }, "geometry": { "type": "Point", "coordinates": [ 18.537421565309689, -33.815442831826346 ] } },
{ "type": "Feature", "properties": { "OBJECTID": 954, "STOP_NAME": "Usasaza 1", "STOP_TYPE": "IRT Station", "STOP_STS": "Out of Service", "STOP_DSCR": "Station" }, "geometry": { "type": "Point", "coordinates": [ 18.539856909598772, -33.812661403453703 ] } },
{ "type": "Feature", "properties": { "OBJECTID": 955, "STOP_NAME": "Usasaza 2", "STOP_TYPE": "IRT Station", "STOP_STS": "Out of Service", "STOP_DSCR": "Station" }, "geometry": { "type": "Point", "coordinates": [ 18.53987511707745, -33.812676738183015 ] } }
]
}
