line,direction,day_type,train_no,station_sequence,station,time,effective_date
Malmesbury Line,Outbound (Cape Town to Malmesbury),Weekday+Saturday,2677_weekday,0,CAPE TOWN,17:30,2024-10-25
Malmesbury Line,Outbound (Cape Town to Malmesbury),Weekday+Saturday,2661_saturday,0,CAPE TOWN,13:50,2024-10-25
Malmesbury Line,Outbound (Cape Town to Malmesbury),Weekday+Saturday,2677_weekday,1,ESPLANADE,17:38,2024-10-25
Malmesbury Line,Outbound (Cape Town to Malmesbury),Weekday+Saturday,2661_saturday,1,ESPLANADE,13:53,2024-10-25
Malmesbury Line,Outbound (Cape Town to Malmesbury),Weekday+Saturday,2677_weekday,2,YSTERPLAAT,17:41,2024-10-25
Malmesbury Line,Outbound (Cape Town to Malmesbury),Weekday+Saturday,2661_saturday,2,YSTERPLAAT,13:58,2024-10-25
Malmesbury Line,Outbound (Cape Town to Malmesbury),Weekday+Saturday,2677_weekday,3,CENTURY CITY,17:50,2024-10-25
Malmesbury Line,Outbound (Cape Town to Malmesbury),Weekday+Saturday,2661_saturday,3,CENTURY CITY,14:06,2024-10-25
Malmesbury Line,Outbound (Cape Town to Malmesbury),Weekday+Saturday,2677_weekday,4,MONTE VISTA,17:54,2024-10-25
Malmesbury Line,Outbound (Cape Town to Malmesbury),Weekday+Saturday,2661_saturday,4,MONTE VISTA,14:13,2024-10-25
Malmesbury Line,Outbound (Cape Town to Malmesbury),Weekday+Saturday,2677_weekday,5,AVONDALE,17:59,2024-10-25
Malmesbury Line,Outbound (Cape Town to Malmesbury),Weekday+Saturday,2661_saturday,5,AVONDALE,14:20,2024-10-25
Malmesbury Line,Outbound (Cape Town to Malmesbury),Weekday+Saturday,2677_weekday,6,OOSTERZEE,18:02,2024-10-25
Malmesbury Line,Outbound (Cape Town to Malmesbury),Weekday+Saturday,2661_saturday,6,OOSTERZEE,14:23,2024-10-25
Malmesbury Line,Outbound (Cape Town to Malmesbury),Weekday+Saturday,2677_weekday,7,BELLVILLE,18:07,2024-10-25
Malmesbury Line,Outbound (Cape Town to Malmesbury),Weekday+Saturday,2661_saturday,7,BELLVILLE,14:31,2024-10-25
Malmesbury Line,Outbound (Cape Town to Malmesbury),Weekday+Saturday,2677_weekday,8,STIKLAND,18:17,2024-10-25
Malmesbury Line,Outbound (Cape Town to Malmesbury),Weekday+Saturday,2661_saturday,8,STIKLAND,14:41,2024-10-25
Malmesbury Line,Outbound (Cape Town to Malmesbury),Weekday+Saturday,2677_weekday,9,BRACKENFELL,18:24,2024-10-25
Malmesbury Line,Outbound (Cape Town to Malmesbury),Weekday+Saturday,2661_saturday,9,BRACKENFELL,14:48,2024-10-25
Malmesbury Line,Outbound (Cape Town to Malmesbury),Weekday+Saturday,2677_weekday,10,EIKENFONTEIN,18:29,2024-10-25
Malmesbury Line,Outbound (Cape Town to Malmesbury),Weekday+Saturday,2661_saturday,10,EIKENFONTEIN,14:53,2024-10-25
Malmesbury Line,Outbound (Cape Town to Malmesbury),Weekday+Saturday,2677_weekday,11,KRAAIFONTEIN,18:40,2024-10-25
Malmesbury Line,Outbound (Cape Town to Malmesbury),Weekday+Saturday,2661_saturday,11,KRAAIFONTEIN,15:00,2024-10-25
Malmesbury Line,Outbound (Cape Town to Malmesbury),Weekday+Saturday,2677_weekday,12,FISANTKRAAL,18:50,2024-10-25
Malmesbury Line,Outbound (Cape Town to Malmesbury),Weekday+Saturday,2661_saturday,12,FISANTKRAAL,15:10,2024-10-25
Malmesbury Line,Outbound (Cape Town to Malmesbury),Weekday+Saturday,2677_weekday,13,MELLISH,18:55,2024-10-25
Malmesbury Line,Outbound (Cape Town to Malmesbury),Weekday+Saturday,2661_saturday,13,MELLISH,15:15,2024-10-25
Malmesbury Line,Outbound (Cape Town to Malmesbury),Weekday+Saturday,2677_weekday,14,MIKPUNT,19:01,2024-10-25
Malmesbury Line,Outbound (Cape Town to Malmesbury),Weekday+Saturday,2661_saturday,14,MIKPUNT,15:21,2024-10-25
Malmesbury Line,Outbound (Cape Town to Malmesbury),Weekday+Saturday,2677_weekday,15,KLIPHEUWEL,19:07,2024-10-25
Malmesbury Line,Outbound (Cape Town to Malmesbury),Weekday+Saturday,2661_saturday,15,KLIPHEUWEL,15:27,2024-10-25
Malmesbury Line,Outbound (Cape Town to Malmesbury),Weekday+Saturday,2677_weekday,16,WINTERVOGEL,19:20,2024-10-25
Malmesbury Line,Outbound (Cape Town to Malmesbury),Weekday+Saturday,2661_saturday,16,WINTERVOGEL,15:40,2024-10-25
Malmesbury Line,Outbound (Cape Town to Malmesbury),Weekday+Saturday,2677_weekday,17,KALBASKRAAL,19:29,2024-10-25
Malmesbury Line,Outbound (Cape Town to Malmesbury),Weekday+Saturday,2661_saturday,17,KALBASKRAAL,15:49,2024-10-25
Malmesbury Line,Outbound (Cape Town to Malmesbury),Weekday+Saturday,2677_weekday,18,ABBOTSDALE,19:42,2024-10-25
Malmesbury Line,Outbound (Cape Town to Malmesbury),Weekday+Saturday,2661_saturday,18,ABBOTSDALE,16:02,2024-10-25
Malmesbury Line,Outbound (Cape Town to Malmesbury),Weekday+Saturday,2677_weekday,19,MALMESBURY,19:50,2024-10-25
Malmesbury Line,Outbound (Cape Town to Malmesbury),Weekday+Saturday,2661_saturday,19,MALMESBURY,16:10,2024-10-25
Malmesbury Line,Inbound (Malmesbury to Cape Town),Weekday+Saturday,2630_weekday,0,MALMESBURY,05:25,2024-10-25
Malmesbury Line,Inbound (Malmesbury to Cape Town),Weekday+Saturday,2632_saturday,0,MALMESBURY,05:25,2024-10-25
Malmesbury Line,Inbound (Malmesbury to Cape Town),Weekday+Saturday,2630_weekday,1,ABBOTSDALE,05:32,2024-10-25
Malmesbury Line,Inbound (Malmesbury to Cape Town),Weekday+Saturday,2632_saturday,1,ABBOTSDALE,05:32,2024-10-25
Malmesbury Line,Inbound (Malmesbury to Cape Town),Weekday+Saturday,2630_weekday,2,KALBASKRAAL,05:46,2024-10-25
Malmesbury Line,Inbound (Malmesbury to Cape Town),Weekday+Saturday,2632_saturday,2,KALBASKRAAL,05:46,2024-10-25
Malmesbury Line,Inbound (Malmesbury to Cape Town),Weekday+Saturday,2630_weekday,3,WINTERVOGEL,05:56,2024-10-25
Malmesbury Line,Inbound (Malmesbury to Cape Town),Weekday+Saturday,2632_saturday,3,WINTERVOGEL,05:56,2024-10-25
Malmesbury Line,Inbound (Malmesbury to Cape Town),Weekday+Saturday,2630_weekday,4,KLIPHEUWEL,06:07,2024-10-25
Malmesbury Line,Inbound (Malmesbury to Cape Town),Weekday+Saturday,2632_saturday,4,KLIPHEUWEL,06:07,2024-10-25
Malmesbury Line,Inbound (Malmesbury to Cape Town),Weekday+Saturday,2630_weekday,5,MIKPUNT,06:12,2024-10-25
Malmesbury Line,Inbound (Malmesbury to Cape Town),Weekday+Saturday,2632_saturday,5,MIKPUNT,06:12,2024-10-25
Malmesbury Line,Inbound (Malmesbury to Cape Town),Weekday+Saturday,2630_weekday,6,MELLISH,06:19,2024-10-25
Malmesbury Line,Inbound (Malmesbury to Cape Town),Weekday+Saturday,2632_saturday,6,MELLISH,06:19,2024-10-25
Malmesbury Line,Inbound (Malmesbury to Cape Town),Weekday+Saturday,2630_weekday,7,FISANTKRAAL,06:25,2024-10-25
Malmesbury Line,Inbound (Malmesbury to Cape Town),Weekday+Saturday,2632_saturday,7,FISANTKRAAL,06:25,2024-10-25
Malmesbury Line,Inbound (Malmesbury to Cape Town),Weekday+Saturday,2630_weekday,8,KRAAIFONTEIN,06:41,2024-10-25
Malmesbury Line,Inbound (Malmesbury to Cape Town),Weekday+Saturday,2632_saturday,8,KRAAIFONTEIN,06:41,2024-10-25
Malmesbury Line,Inbound (Malmesbury to Cape Town),Weekday+Saturday,2630_weekday,9,EIKENFONTEIN,06:46,2024-10-25
Malmesbury Line,Inbound (Malmesbury to Cape Town),Weekday+Saturday,2632_saturday,9,EIKENFONTEIN,06:46,2024-10-25
Malmesbury Line,Inbound (Malmesbury to Cape Town),Weekday+Saturday,2630_weekday,10,BRACKENFELL,06:52,2024-10-25
Malmesbury Line,Inbound (Malmesbury to Cape Town),Weekday+Saturday,2632_saturday,10,BRACKENFELL,06:52,2024-10-25
Malmesbury Line,Inbound (Malmesbury to Cape Town),Weekday+Saturday,2630_weekday,11,STIKLAND,06:59,2024-10-25
Malmesbury Line,Inbound (Malmesbury to Cape Town),Weekday+Saturday,2632_saturday,11,STIKLAND,06:59,2024-10-25
Malmesbury Line,Inbound (Malmesbury to Cape Town),Weekday+Saturday,2630_weekday,12,BELLVILLE,07:07,2024-10-25
Malmesbury Line,Inbound (Malmesbury to Cape Town),Weekday+Saturday,2632_saturday,12,BELLVILLE,07:07,2024-10-25
Malmesbury Line,Inbound (Malmesbury to Cape Town),Weekday+Saturday,2630_weekday,13,OOSTERZEE,07:13,2024-10-25
Malmesbury Line,Inbound (Malmesbury to Cape Town),Weekday+Saturday,2632_saturday,13,OOSTERZEE,07:13,2024-10-25
Malmesbury Line,Inbound (Malmesbury to Cape Town),Weekday+Saturday,2630_weekday,14,AVONDALE,07:20,2024-10-25
Malmesbury Line,Inbound (Malmesbury to Cape Town),Weekday+Saturday,2632_saturday,14,AVONDALE,07:20,2024-10-25
Malmesbury Line,Inbound (Malmesbury to Cape Town),Weekday+Saturday,2630_weekday,15,MONTE VISTA,07:26,2024-10-25
Malmesbury Line,Inbound (Malmesbury to Cape Town),Weekday+Saturday,2632_saturday,15,MONTE VISTA,07:26,2024-10-25
Malmesbury Line,Inbound (Malmesbury to Cape Town),Weekday+Saturday,2630_weekday,16,CENTURY CITY,07:34,2024-10-25
Malmesbury Line,Inbound (Malmesbury to Cape Town),Weekday+Saturday,2632_saturday,16,CENTURY CITY,07:34,2024-10-25
Malmesbury Line,Inbound (Malmesbury to Cape Town),Weekday+Saturday,2630_weekday,17,YSTERPLAAT,07:41,2024-10-25
Malmesbury Line,Inbound (Malmesbury to Cape Town),Weekday+Saturday,2632_saturday,17,YSTERPLAAT,07:41,2024-10-25
Malmesbury Line,Inbound (Malmesbury to Cape Town),Weekday+Saturday,2630_weekday,18,ESPLANADE,07:47,2024-10-25
Malmesbury Line,Inbound (Malmesbury to Cape Town),Weekday+Saturday,2632_saturday,18,ESPLANADE,07:47,2024-10-25
Malmesbury Line,Inbound (Malmesbury to Cape Town),Weekday+Saturday,2630_weekday,19,CAPE TOWN,07:50,2024-10-25
Malmesbury Line,Inbound (Malmesbury to Cape Town),Weekday+Saturday,2632_saturday,19,CAPE TOWN,07:50,2024-10-25
Cape Flats Line,Inbound (Retreat to Cape Town),Weekday,0500,0,RETREAT,05:10,2026-02-02
Cape Flats Line,Inbound (Retreat to Cape Town),Weekday,0502,0,RETREAT,05:45,2026-02-02
Cape Flats Line,Inbound (Retreat to Cape Town),Weekday,0506,0,RETREAT,06:40,2026-02-02
Cape Flats Line,Inbound (Retreat to Cape Town),Weekday,0508,0,RETREAT,07:15,2026-02-02
Cape Flats Line,Inbound (Retreat to Cape Town),Weekday,0510,0,RETREAT,07:45,2026-02-02
Cape Flats Line,Inbound (Retreat to Cape Town),Weekday,0514,0,RETREAT,08:45,2026-02-02
Cape Flats Line,Inbound (Retreat to Cape Town),Weekday,0518,0,RETREAT,10:00,2026-02-02
Cape Flats Line,Inbound (Retreat to Cape Town),Weekday,0520,0,RETREAT,10:40,2026-02-02
Cape Flats Line,Inbound (Retreat to Cape Town),Weekday,0522,0,RETREAT,11:40,2026-02-02
Cape Flats Line,Inbound (Retreat to Cape Town),Weekday,0524,0,RETREAT,13:20,2026-02-02
Cape Flats Line,Inbound (Retreat to Cape Town),Weekday,0526,0,RETREAT,14:40,2026-02-02
Cape Flats Line,Inbound (Retreat to Cape Town),Weekday,0528,0,RETREAT,15:40,2026-02-02
Cape Flats Line,Inbound (Retreat to Cape Town),Weekday,0530,0,RETREAT,16:10,2026-02-02
Cape Flats Line,Inbound (Retreat to Cape Town),Weekday,0532,0,RETREAT,16:40,2026-02-02
Cape Flats Line,Inbound (Retreat to Cape Town),Weekday,0534,0,RETREAT,17:10,2026-02-02
Cape Flats Line,Inbound (Retreat to Cape Town),Weekday,0536,0,RETREAT,17:40,2026-02-02
Cape Flats Line,Inbound (Retreat to Cape Town),Weekday,0538,0,RETREAT,18:10,2026-02-02
Cape Flats Line,Inbound (Retreat to Cape Town),Weekday,0500,1,HEATHFIELD,05:13,2026-02-02
Cape Flats Line,Inbound (Retreat to Cape Town),Weekday,0502,1,HEATHFIELD,05:48,2026-02-02
Cape Flats Line,Inbound (Retreat to Cape Town),Weekday,0504,1,HEATHFIELD,06:05,2026-02-02
Cape Flats Line,Inbound (Retreat to Cape Town),Weekday,0506,1,HEATHFIELD,06:43,2026-02-02
Cape Flats Line,Inbound (Retreat to Cape Town),Weekday,0508,1,HEATHFIELD,07:18,2026-02-02
Cape Flats Line,Inbound (Retreat to Cape Town),Weekday,0510,1,HEATHFIELD,07:48,2026-02-02
Cape Flats Line,Inbound (Retreat to Cape Town),Weekday,0512,1,HEATHFIELD,08:15,2026-02-02
Cape Flats Line,Inbound (Retreat to Cape Town),Weekday,0514,1,HEATHFIELD,08:48,2026-02-02
Cape Flats Line,Inbound (Retreat to Cape Town),Weekday,0516,1,HEATHFIELD,09:20,2026-02-02
Cape Flats Line,Inbound (Retreat to Cape Town),Weekday,0518,1,HEATHFIELD,10:03,2026-02-02
Cape Flats Line,Inbound (Retreat to Cape Town),Weekday,0520,1,HEATHFIELD,10:43,2026-02-02
Cape Flats Line,Inbound (Retreat to Cape Town),Weekday,0522,1,HEATHFIELD,11:43,2026-02-02
Cape Flats Line,Inbound (Retreat to Cape Town),Weekday,0524,1,HEATHFIELD,13:23,2026-02-02
Cape Flats Line,Inbound (Retreat to Cape Town),Weekday,0526,1,HEATHFIELD,14:43,2026-02-02
Cape Flats Line,Inbound (Retreat to Cape Town),Weekday,0528,1,HEATHFIELD,15:43,2026-02-02
Cape Flats Line,Inbound (Retreat to Cape Town),Weekday,0530,1,HEATHFIELD,16:13,2026-02-02
Cape Flats Line,Inbound (Retreat to Cape Town),Weekday,0532,1,HEATHFIELD,16:43,2026-02-02
Cape Flats Line,Inbound (Retreat to Cape Town),Weekday,0534,1,HEATHFIELD,17:13,2026-02-02
Cape Flats Line,Inbound (Retreat to Cape Town),Weekday,0536,1,HEATHFIELD,17:43,2026-02-02
Cape Flats Line,Inbound (Retreat to Cape Town),Weekday,0538,1,HEATHFIELD,18:13,2026-02-02
Cape Flats Line,Inbound (Retreat to Cape Town),Weekday,0500,2,SOUTHFIELD,05:16,2026-02-02
Cape Flats Line,Inbound (Retreat to Cape Town),Weekday,0502,2,SOUTHFIELD,05:51,2026-02-02
Cape Flats Line,Inbound (Retreat to Cape Town),Weekday,0504,2,SOUTHFIELD,06:08,2026-02-02
Cape Flats Line,Inbound (Retreat to Cape Town),Weekday,0506,2,SOUTHFIELD,06:46,2026-02-02
Cape Flats Line,Inbound (Retreat to Cape Town),Weekday,0508,2,SOUTHFIELD,07:21,2026-02-02
Cape Flats Line,Inbound (Retreat to Cape Town),Weekday,0510,2,SOUTHFIELD,07:51,2026-02-02
Cape Flats Line,Inbound (Retreat to Cape Town),Weekday,0512,2,SOUTHFIELD,08:18,2026-02-02
Cape Flats Line,Inbound (Retreat to Cape Town),Weekday,0514,2,SOUTHFIELD,08:51,2026-02-02
Cape Flats Line,Inbound (Retreat to Cape Town),Weekday,0516,2,SOUTHFIELD,09:23,2026-02-02
Cape Flats Line,Inbound (Retreat to Cape Town),Weekday,0518,2,SOUTHFIELD,10:06,2026-02-02
Cape Flats Line,Inbound (Retreat to Cape Town),Weekday,0520,2,SOUTHFIELD,10:46,2026-02-02
Cape Flats Line,Inbound (Retreat to Cape Town),Weekday,0522,2,SOUTHFIELD,11:46,2026-02-02
Cape Flats Line,Inbound (Retreat to Cape Town),Weekday,0524,2,SOUTHFIELD,13:26,2026-02-02
Cape Flats Line,Inbound (Retreat to Cape Town),Weekday,0526,2,SOUTHFIELD,14:46,2026-02-02
Cape Flats Line,Inbound (Retreat to Cape Town),Weekday,0528,2,SOUTHFIELD,15:46,2026-02-02
Cape Flats Line,Inbound (Retreat to Cape Town),Weekday,0530,2,SOUTHFIELD,16:16,2026-02-02
Cape Flats Line,Inbound (Retreat to Cape Town),Weekday,0532,2,SOUTHFIELD,16:46,2026-02-02
Cape Flats Line,Inbound (Retreat to Cape Town),Weekday,0534,2,SOUTHFIELD,17:16,2026-02-02
Cape Flats Line,Inbound (Retreat to Cape Town),Weekday,0536,2,SOUTHFIELD,17:46,2026-02-02
Cape Flats Line,Inbound (Retreat to Cape Town),Weekday,0538,2,SOUTHFIELD,18:16,2026-02-02
Cape Flats Line,Inbound (Retreat to Cape Town),Weekday,0500,3,OTTERY,05:19,2026-02-02
Cape Flats Line,Inbound (Retreat to Cape Town),Weekday,0502,3,OTTERY,05:54,2026-02-02
Cape Flats Line,Inbound (Retreat to Cape Town),Weekday,0504,3,OTTERY,06:11,2026-02-02
Cape Flats Line,Inbound (Retreat to Cape Town),Weekday,0506,3,OTTERY,06:49,2026-02-02
Cape Flats Line,Inbound (Retreat to Cape Town),Weekday,0508,3,OTTERY,07:24,2026-02-02
Cape Flats Line,Inbound (Retreat to Cape Town),Weekday,0510,3,OTTERY,07:54,2026-02-02
Cape Flats Line,Inbound (Retreat to Cape Town),Weekday,0512,3,OTTERY,08:21,2026-02-02
Cape Flats Line,Inbound (Retreat to Cape Town),Weekday,0514,3,OTTERY,08:54,2026-02-02
Cape Flats Line,Inbound (Retreat to Cape Town),Weekday,0516,3,OTTERY,09:26,2026-02-02
Cape Flats Line,Inbound (Retreat to Cape Town),Weekday,0518,3,OTTERY,10:09,2026-02-02
Cape Flats Line,Inbound (Retreat to Cape Town),Weekday,0520,3,OTTERY,10:49,2026-02-02
Cape Flats Line,Inbound (Retreat to Cape Town),Weekday,0522,3,OTTERY,11:49,2026-02-02
Cape Flats Line,Inbound (Retreat to Cape Town),Weekday,0524,3,OTTERY,13:29,2026-02-02
Cape Flats Line,Inbound (Retreat to Cape Town),Weekday,0526,3,OTTERY,14:49,2026-02-02
Cape Flats Line,Inbound (Retreat to Cape Town),Weekday,0528,3,OTTERY,15:49,2026-02-02
Cape Flats Line,Inbound (Retreat to Cape Town),Weekday,0530,3,OTTERY,16:19,2026-02-02
Cape Flats Line,Inbound (Retreat to Cape Town),Weekday,0532,3,OTTERY,16:49,2026-02-02
Cape Flats Line,Inbound (Retreat to Cape Town),Weekday,0534,3,OTTERY,17:19,2026-02-02
Cape Flats Line,Inbound (Retreat to Cape Town),Weekday,0536,3,OTTERY,17:49,2026-02-02
Cape Flats Line,Inbound (Retreat to Cape Town),Weekday,0538,3,OTTERY,18:19,2026-02-02
Cape Flats Line,Inbound (Retreat to Cape Town),Weekday,0500,4,WETTON,05:22,2026-02-02
Cape Flats Line,Inbound (Retreat to Cape Town),Weekday,0502,4,WETTON,05:57,2026-02-02
Cape Flats Line,Inbound (Retreat to Cape Town),Weekday,0504,4,WETTON,06:14,2026-02-02
Cape Flats Line,Inbound (Retreat to Cape Town),Weekday,0506,4,WETTON,06:52,2026-02-02
Cape Flats Line,Inbound (Retreat to Cape Town),Weekday,0508,4,WETTON,07:27,2026-02-02
Cape Flats Line,Inbound (Retreat to Cape Town),Weekday,0510,4,WETTON,07:57,2026-02-02
Cape Flats Line,Inbound (Retreat to Cape Town),Weekday,0512,4,WETTON,08:24,2026-02-02
Cape Flats Line,Inbound (Retreat to Cape Town),Weekday,0514,4,WETTON,08:57,2026-02-02
Cape Flats Line,Inbound (Retreat to Cape Town),Weekday,0516,4,WETTON,09:29,2026-02-02
Cape Flats Line,Inbound (Retreat to Cape Town),Weekday,0518,4,WETTON,10:12,2026-02-02
Cape Flats Line,Inbound (Retreat to Cape Town),Weekday,0520,4,WETTON,10:52,2026-02-02
Cape Flats Line,Inbound (Retreat to Cape Town),Weekday,0522,4,WETTON,11:52,2026-02-02
Cape Flats Line,Inbound (Retreat to Cape Town),Weekday,0524,4,WETTON,13:32,2026-02-02
Cape Flats Line,Inbound (Retreat to Cape Town),Weekday,0526,4,WETTON,14:52,2026-02-02
Cape Flats Line,Inbound (Retreat to Cape Town),Weekday,0528,4,WETTON,15:52,2026-02-02
Cape Flats Line,Inbound (Retreat to Cape Town),Weekday,0530,4,WETTON,16:22,2026-02-02
Cape Flats Line,Inbound (Retreat to Cape Town),Weekday,0532,4,WETTON,16:52,2026-02-02
Cape Flats Line,Inbound (Retreat to Cape Town),Weekday,0534,4,WETTON,17:22,2026-02-02
Cape Flats Line,Inbound (Retreat to Cape Town),Weekday,0536,4,WETTON,17:52,2026-02-02
Cape Flats Line,Inbound (Retreat to Cape Town),Weekday,0538,4,WETTON,18:22,2026-02-02
Cape Flats Line,Inbound (Retreat to Cape Town),Weekday,0500,5,LANSDOWNE,05:24,2026-02-02
Cape Flats Line,Inbound (Retreat to Cape Town),Weekday,0502,5,LANSDOWNE,05:59,2026-02-02
Cape Flats Line,Inbound (Retreat to Cape Town),Weekday,0504,5,LANSDOWNE,06:16,2026-02-02
Cape Flats Line,Inbound (Retreat to Cape Town),Weekday,0506,5,LANSDOWNE,06:54,2026-02-02
Cape Flats Line,Inbound (Retreat to Cape Town),Weekday,0508,5,LANSDOWNE,07:29,2026-02-02
Cape Flats Line,Inbound (Retreat to Cape Town),Weekday,0510,5,LANSDOWNE,07:59,2026-02-02
Cape Flats Line,Inbound (Retreat to Cape Town),Weekday,0512,5,LANSDOWNE,08:26,2026-02-02
Cape Flats Line,Inbound (Retreat to Cape Town),Weekday,0514,5,LANSDOWNE,08:59,2026-02-02
Cape Flats Line,Inbound (Retreat to Cape Town),Weekday,0516,5,LANSDOWNE,09:31,2026-02-02
Cape Flats Line,Inbound (Retreat to Cape Town),Weekday,0518,5,LANSDOWNE,10:14,2026-02-02
Cape Flats Line,Inbound (Retreat to Cape Town),Weekday,0520,5,LANSDOWNE,10:54,2026-02-02
Cape Flats Line,Inbound (Retreat to Cape Town),Weekday,0522,5,LANSDOWNE,11:54,2026-02-02
Cape Flats Line,Inbound (Retreat to Cape Town),Weekday,0524,5,LANSDOWNE,13:34,2026-02-02
Cape Flats Line,Inbound (Retreat to Cape Town),Weekday,0526,5,LANSDOWNE,14:54,2026-02-02
Cape Flats Line,Inbound (Retreat to Cape Town),Weekday,0528,5,LANSDOWNE,15:54,2026-02-02
Cape Flats Line,Inbound (Retreat to Cape Town),Weekday,0530,5,LANSDOWNE,16:24,2026-02-02
Cape Flats Line,Inbound (Retreat to Cape Town),Weekday,0532,5,LANSDOWNE,16:54,2026-02-02
Cape Flats Line,Inbound (Retreat to Cape Town),Weekday,0534,5,LANSDOWNE,17:24,2026-02-02
Cape Flats Line,Inbound (Retreat to Cape Town),Weekday,0536,5,LANSDOWNE,17:54,2026-02-02
Cape Flats Line,Inbound (Retreat to Cape Town),Weekday,0538,5,LANSDOWNE,18:24,2026-02-02
Cape Flats Line,Inbound (Retreat to Cape Town),Weekday,0500,6,CRAWFORD,05:26,2026-02-02
Cape Flats Line,Inbound (Retreat to Cape Town),Weekday,0502,6,CRAWFORD,06:01,2026-02-02
Cape Flats Line,Inbound (Retreat to Cape Town),Weekday,0504,6,CRAWFORD,06:18,2026-02-02
Cape Flats Line,Inbound (Retreat to Cape Town),Weekday,0506,6,CRAWFORD,06:56,2026-02-02
Cape Flats Line,Inbound (Retreat to Cape Town),Weekday,0508,6,CRAWFORD,07:31,2026-02-02
Cape Flats Line,Inbound (Retreat to Cape Town),Weekday,0510,6,CRAWFORD,08:01,2026-02-02
Cape Flats Line,Inbound (Retreat to Cape Town),Weekday,0512,6,CRAWFORD,08:28,2026-02-02
Cape Flats Line,Inbound (Retreat to Cape Town),Weekday,0514,6,CRAWFORD,09:01,2026-02-02
Cape Flats Line,Inbound (Retreat to Cape Town),Weekday,0516,6,CRAWFORD,09:33,2026-02-02
Cape Flats Line,Inbound (Retreat to Cape Town),Weekday,0518,6,CRAWFORD,10:16,2026-02-02
Cape Flats Line,Inbound (Retreat to Cape Town),Weekday,0520,6,CRAWFORD,10:56,2026-02-02
Cape Flats Line,Inbound (Retreat to Cape Town),Weekday,0522,6,CRAWFORD,11:56,2026-02-02
Cape Flats Line,Inbound (Retreat to Cape Town),Weekday,0524,6,CRAWFORD,13:36,2026-02-02
Cape Flats Line,Inbound (Retreat to Cape Town),Weekday,0526,6,CRAWFORD,14:56,2026-02-02
Cape Flats Line,Inbound (Retreat to Cape Town),Weekday,0528,6,CRAWFORD,15:56,2026-02-02
Cape Flats Line,Inbound (Retreat to Cape Town),Weekday,0530,6,CRAWFORD,16:26,2026-02-02
Cape Flats Line,Inbound (Retreat to Cape Town),Weekday,0532,6,CRAWFORD,16:56,2026-02-02
Cape Flats Line,Inbound (Retreat to Cape Town),Weekday,0534,6,CRAWFORD,17:26,2026-02-02
Cape Flats Line,Inbound (Retreat to Cape Town),Weekday,0536,6,CRAWFORD,17:56,2026-02-02
Cape Flats Line,Inbound (Retreat to Cape Town),Weekday,0538,6,CRAWFORD,18:26,2026-02-02
Cape Flats Line,Inbound (Retreat to Cape Town),Weekday,0500,7,ATHLONE,05:29,2026-02-02
Cape Flats Line,Inbound (Retreat to Cape Town),Weekday,0502,7,ATHLONE,06:04,2026-02-02
Cape Flats Line,Inbound (Retreat to Cape Town),Weekday,0504,7,ATHLONE,06:21,2026-02-02
Cape Flats Line,Inbound (Retreat to Cape Town),Weekday,0506,7,ATHLONE,06:59,2026-02-02
Cape Flats Line,Inbound (Retreat to Cape Town),Weekday,0508,7,ATHLONE,07:34,2026-02-02
Cape Flats Line,Inbound (Retreat to Cape Town),Weekday,0510,7,ATHLONE,08:04,2026-02-02
Cape Flats Line,Inbound (Retreat to Cape Town),Weekday,0512,7,ATHLONE,08:31,2026-02-02
Cape Flats Line,Inbound (Retreat to Cape Town),Weekday,0514,7,ATHLONE,09:04,2026-02-02
Cape Flats Line,Inbound (Retreat to Cape Town),Weekday,0516,7,ATHLONE,09:36,2026-02-02
Cape Flats Line,Inbound (Retreat to Cape Town),Weekday,0518,7,ATHLONE,10:19,2026-02-02
Cape Flats Line,Inbound (Retreat to Cape Town),Weekday,0520,7,ATHLONE,10:59,2026-02-02
Cape Flats Line,Inbound (Retreat to Cape Town),Weekday,0522,7,ATHLONE,11:59,2026-02-02
Cape Flats Line,Inbound (Retreat to Cape Town),Weekday,0524,7,ATHLONE,13:39,2026-02-02
Cape Flats Line,Inbound (Retreat to Cape Town),Weekday,0526,7,ATHLONE,14:59,2026-02-02
Cape Flats Line,Inbound (Retreat to Cape Town),Weekday,0528,7,ATHLONE,15:59,2026-02-02
Cape Flats Line,Inbound (Retreat to Cape Town),Weekday,0530,7,ATHLONE,16:29,2026-02-02
Cape Flats Line,Inbound (Retreat to Cape Town),Weekday,0532,7,ATHLONE,16:59,2026-02-02
Cape Flats Line,Inbound (Retreat to Cape Town),Weekday,0534,7,ATHLONE,17:29,2026-02-02
Cape Flats Line,Inbound (Retreat to Cape Town),Weekday,0536,7,ATHLONE,17:59,2026-02-02
Cape Flats Line,Inbound (Retreat to Cape Town),Weekday,0538,7,ATHLONE,18:29,2026-02-02
Cape Flats Line,Inbound (Retreat to Cape Town),Weekday,0500,8,HAZENDAL,05:31,2026-02-02
Cape Flats Line,Inbound (Retreat to Cape Town),Weekday,0502,8,HAZENDAL,06:06,2026-02-02
Cape Flats Line,Inbound (Retreat to Cape Town),Weekday,0504,8,HAZENDAL,06:23,2026-02-02
Cape Flats Line,Inbound (Retreat to Cape Town),Weekday,0506,8,HAZENDAL,07:01,2026-02-02
Cape Flats Line,Inbound (Retreat to Cape Town),Weekday,0508,8,HAZENDAL,07:36,2026-02-02
Cape Flats Line,Inbound (Retreat to Cape Town),Weekday,0510,8,HAZENDAL,08:06,2026-02-02
Cape Flats Line,Inbound (Retreat to Cape Town),Weekday,0512,8,HAZENDAL,08:33,2026-02-02
Cape Flats Line,Inbound (Retreat to Cape Town),Weekday,0514,8,HAZENDAL,09:06,2026-02-02
Cape Flats Line,Inbound (Retreat to Cape Town),Weekday,0516,8,HAZENDAL,09:38,2026-02-02
Cape Flats Line,Inbound (Retreat to Cape Town),Weekday,0518,8,HAZENDAL,10:21,2026-02-02
Cape Flats Line,Inbound (Retreat to Cape Town),Weekday,0520,8,HAZENDAL,11:01,2026-02-02
Cape Flats Line,Inbound (Retreat to Cape Town),Weekday,0522,8,HAZENDAL,12:01,2026-02-02
Cape Flats Line,Inbound (Retreat to Cape Town),Weekday,0524,8,HAZENDAL,13:41,2026-02-02
Cape Flats Line,Inbound (Retreat to Cape Town),Weekday,0526,8,HAZENDAL,15:01,2026-02-02
Cape Flats Line,Inbound (Retreat to Cape Town),Weekday,0528,8,HAZENDAL,16:01,2026-02-02
Cape Flats Line,Inbound (Retreat to Cape Town),Weekday,0530,8,HAZENDAL,16:31,2026-02-02
Cape Flats Line,Inbound (Retreat to Cape Town),Weekday,0532,8,HAZENDAL,17:01,2026-02-02
Cape Flats Line,Inbound (Retreat to Cape Town),Weekday,0534,8,HAZENDAL,17:31,2026-02-02
Cape Flats Line,Inbound (Retreat to Cape Town),Weekday,0536,8,HAZENDAL,18:01,2026-02-02
Cape Flats Line,Inbound (Retreat to Cape Town),Weekday,0538,8,HAZENDAL,18:31,2026-02-02
Cape Flats Line,Inbound (Retreat to Cape Town),Weekday,0500,9,PINELANDS,05:34,2026-02-02
Cape Flats Line,Inbound (Retreat to Cape Town),Weekday,0502,9,PINELANDS,06:09,2026-02-02
Cape Flats Line,Inbound (Retreat to Cape Town),Weekday,0504,9,PINELANDS,06:26,2026-02-02
Cape Flats Line,Inbound (Retreat to Cape Town),Weekday,0506,9,PINELANDS,07:04,2026-02-02
Cape Flats Line,Inbound (Retreat to Cape Town),Weekday,0508,9,PINELANDS,07:39,2026-02-02
Cape Flats Line,Inbound (Retreat to Cape Town),Weekday,0510,9,PINELANDS,08:09,2026-02-02
Cape Flats Line,Inbound (Retreat to Cape Town),Weekday,0512,9,PINELANDS,08:36,2026-02-02
Cape Flats Line,Inbound (Retreat to Cape Town),Weekday,0514,9,PINELANDS,09:09,2026-02-02
Cape Flats Line,Inbound (Retreat to Cape Town),Weekday,0516,9,PINELANDS,09:41,2026-02-02
Cape Flats Line,Inbound (Retreat to Cape Town),Weekday,0518,9,PINELANDS,10:24,2026-02-02
Cape Flats Line,Inbound (Retreat to Cape Town),Weekday,0520,9,PINELANDS,11:04,2026-02-02
Cape Flats Line,Inbound (Retreat to Cape Town),Weekday,0522,9,PINELANDS,12:04,2026-02-02
Cape Flats Line,Inbound (Retreat to Cape Town),Weekday,0524,9,PINELANDS,13:44,2026-02-02
Cape Flats Line,Inbound (Retreat to Cape Town),Weekday,0526,9,PINELANDS,15:04,2026-02-02
Cape Flats Line,Inbound (Retreat to Cape Town),Weekday,0528,9,PINELANDS,16:04,2026-02-02
Cape Flats Line,Inbound (Retreat to Cape Town),Weekday,0530,9,PINELANDS,16:34,2026-02-02
Cape Flats Line,Inbound (Retreat to Cape Town),Weekday,0532,9,PINELANDS,17:04,2026-02-02
Cape Flats Line,Inbound (Retreat to Cape Town),Weekday,0534,9,PINELANDS,17:34,2026-02-02
Cape Flats Line,Inbound (Retreat to Cape Town),Weekday,0536,9,PINELANDS,18:04,2026-02-02
Cape Flats Line,Inbound (Retreat to Cape Town),Weekday,0538,9,PINELANDS,18:34,2026-02-02
Cape Flats Line,Inbound (Retreat to Cape Town),Weekday,0500,10,NDABENI,05:36,2026-02-02
Cape Flats Line,Inbound (Retreat to Cape Town),Weekday,0502,10,NDABENI,06:11,2026-02-02
Cape Flats Line,Inbound (Retreat to Cape Town),Weekday,0504,10,NDABENI,06:28,2026-02-02
Cape Flats Line,Inbound (Retreat to Cape Town),Weekday,0506,10,NDABENI,07:06,2026-02-02
Cape Flats Line,Inbound (Retreat to Cape Town),Weekday,0508,10,NDABENI,07:41,2026-02-02
Cape Flats Line,Inbound (Retreat to Cape Town),Weekday,0510,10,NDABENI,08:11,2026-02-02
Cape Flats Line,Inbound (Retreat to Cape Town),Weekday,0512,10,NDABENI,08:38,2026-02-02
Cape Flats Line,Inbound (Retreat to Cape Town),Weekday,0514,10,NDABENI,09:11,2026-02-02
Cape Flats Line,Inbound (Retreat to Cape Town),Weekday,0516,10,NDABENI,09:43,2026-02-02
Cape Flats Line,Inbound (Retreat to Cape Town),Weekday,0518,10,NDABENI,10:26,2026-02-02
Cape Flats Line,Inbound (Retreat to Cape Town),Weekday,0520,10,NDABENI,11:06,2026-02-02
Cape Flats Line,Inbound (Retreat to Cape Town),Weekday,0522,10,NDABENI,12:06,2026-02-02
Cape Flats Line,Inbound (Retreat to Cape Town),Weekday,0524,10,NDABENI,13:46,2026-02-02
Cape Flats Line,Inbound (Retreat to Cape Town),Weekday,0526,10,NDABENI,15:06,2026-02-02
Cape Flats Line,Inbound (Retreat to Cape Town),Weekday,0528,10,NDABENI,16:06,2026-02-02
Cape Flats Line,Inbound (Retreat to Cape Town),Weekday,0530,10,NDABENI,16:36,2026-02-02
Cape Flats Line,Inbound (Retreat to Cape Town),Weekday,0532,10,NDABENI,17:06,2026-02-02
Cape Flats Line,Inbound (Retreat to Cape Town),Weekday,0534,10,NDABENI,17:36,2026-02-02
Cape Flats Line,Inbound (Retreat to Cape Town),Weekday,0536,10,NDABENI,18:06,2026-02-02
Cape Flats Line,Inbound (Retreat to Cape Town),Weekday,0538,10,NDABENI,18:36,2026-02-02
Cape Flats Line,Inbound (Retreat to Cape Town),Weekday,0500,11,MAITLAND,05:39,2026-02-02
Cape Flats Line,Inbound (Retreat to Cape Town),Weekday,0502,11,MAITLAND,06:14,2026-02-02
Cape Flats Line,Inbound (Retreat to Cape Town),Weekday,0504,11,MAITLAND,06:31,2026-02-02
Cape Flats Line,Inbound (Retreat to Cape Town),Weekday,0506,11,MAITLAND,07:09,2026-02-02
Cape Flats Line,Inbound (Retreat to Cape Town),Weekday,0508,11,MAITLAND,07:44,2026-02-02
Cape Flats Line,Inbound (Retreat to Cape Town),Weekday,0510,11,MAITLAND,08:14,2026-02-02
Cape Flats Line,Inbound (Retreat to Cape Town),Weekday,0512,11,MAITLAND,08:41,2026-02-02
Cape Flats Line,Inbound (Retreat to Cape Town),Weekday,0514,11,MAITLAND,09:14,2026-02-02
Cape Flats Line,Inbound (Retreat to Cape Town),Weekday,0516,11,MAITLAND,09:46,2026-02-02
Cape Flats Line,Inbound (Retreat to Cape Town),Weekday,0518,11,MAITLAND,10:29,2026-02-02
Cape Flats Line,Inbound (Retreat to Cape Town),Weekday,0520,11,MAITLAND,11:09,2026-02-02
Cape Flats Line,Inbound (Retreat to Cape Town),Weekday,0522,11,MAITLAND,12:09,2026-02-02
Cape Flats Line,Inbound (Retreat to Cape Town),Weekday,0524,11,MAITLAND,13:49,2026-02-02
Cape Flats Line,Inbound (Retreat to Cape Town),Weekday,0526,11,MAITLAND,15:09,2026-02-02
Cape Flats Line,Inbound (Retreat to Cape Town),Weekday,0528,11,MAITLAND,16:09,2026-02-02
Cape Flats Line,Inbound (Retreat to Cape Town),Weekday,0530,11,MAITLAND,16:39,2026-02-02
Cape Flats Line,Inbound (Retreat to Cape Town),Weekday,0532,11,MAITLAND,17:09,2026-02-02
Cape Flats Line,Inbound (Retreat to Cape Town),Weekday,0534,11,MAITLAND,17:39,2026-02-02
Cape Flats Line,Inbound (Retreat to Cape Town),Weekday,0536,11,MAITLAND,18:09,2026-02-02
Cape Flats Line,Inbound (Retreat to Cape Town),Weekday,0538,11,MAITLAND,18:39,2026-02-02
Cape Flats Line,Inbound (Retreat to Cape Town),Weekday,0500,12,KOEBERG RD,05:41,2026-02-02
Cape Flats Line,Inbound (Retreat to Cape Town),Weekday,0502,12,KOEBERG RD,06:16,2026-02-02
Cape Flats Line,Inbound (Retreat to Cape Town),Weekday,0504,12,KOEBERG RD,06:33,2026-02-02
Cape Flats Line,Inbound (Retreat to Cape Town),Weekday,0506,12,KOEBERG RD,07:11,2026-02-02
Cape Flats Line,Inbound (Retreat to Cape Town),Weekday,0508,12,KOEBERG RD,07:46,2026-02-02
Cape Flats Line,Inbound (Retreat to Cape Town),Weekday,0510,12,KOEBERG RD,08:16,2026-02-02
Cape Flats Line,Inbound (Retreat to Cape Town),Weekday,0512,12,KOEBERG RD,08:43,2026-02-02
Cape Flats Line,Inbound (Retreat to Cape Town),Weekday,0514,12,KOEBERG RD,09:16,2026-02-02
Cape Flats Line,Inbound (Retreat to Cape Town),Weekday,0516,12,KOEBERG RD,09:48,2026-02-02
Cape Flats Line,Inbound (Retreat to Cape Town),Weekday,0518,12,KOEBERG RD,10:31,2026-02-02
Cape Flats Line,Inbound (Retreat to Cape Town),Weekday,0520,12,KOEBERG RD,11:11,2026-02-02
Cape Flats Line,Inbound (Retreat to Cape Town),Weekday,0522,12,KOEBERG RD,12:11,2026-02-02
Cape Flats Line,Inbound (Retreat to Cape Town),Weekday,0524,12,KOEBERG RD,13:51,2026-02-02
Cape Flats Line,Inbound (Retreat to Cape Town),Weekday,0526,12,KOEBERG RD,15:11,2026-02-02
Cape Flats Line,Inbound (Retreat to Cape Town),Weekday,0528,12,KOEBERG RD,16:11,2026-02-02
Cape Flats Line,Inbound (Retreat to Cape Town),Weekday,0530,12,KOEBERG RD,16:41,2026-02-02
Cape Flats Line,Inbound (Retreat to Cape Town),Weekday,0532,12,KOEBERG RD,17:11,2026-02-02
Cape Flats Line,Inbound (Retreat to Cape Town),Weekday,0534,12,KOEBERG RD,17:41,2026-02-02
Cape Flats Line,Inbound (Retreat to Cape Town),Weekday,0536,12,KOEBERG RD,18:11,2026-02-02
Cape Flats Line,Inbound (Retreat to Cape Town),Weekday,0538,12,KOEBERG RD,18:41,2026-02-02
Cape Flats Line,Inbound (Retreat to Cape Town),Weekday,0500,13,SALT RIVER,05:43,2026-02-02
Cape Flats Line,Inbound (Retreat to Cape Town),Weekday,0502,13,SALT RIVER,06:18,2026-02-02
Cape Flats Line,Inbound (Retreat to Cape Town),Weekday,0504,13,SALT RIVER,06:35,2026-02-02
Cape Flats Line,Inbound (Retreat to Cape Town),Weekday,0506,13,SALT RIVER,07:13,2026-02-02
Cape Flats Line,Inbound (Retreat to Cape Town),Weekday,0508,13,SALT RIVER,07:48,2026-02-02
Cape Flats Line,Inbound (Retreat to Cape Town),Weekday,0510,13,SALT RIVER,08:18,2026-02-02
Cape Flats Line,Inbound (Retreat to Cape Town),Weekday,0512,13,SALT RIVER,08:45,2026-02-02
Cape Flats Line,Inbound (Retreat to Cape Town),Weekday,0514,13,SALT RIVER,09:18,2026-02-02
Cape Flats Line,Inbound (Retreat to Cape Town),Weekday,0516,13,SALT RIVER,09:50,2026-02-02
Cape Flats Line,Inbound (Retreat to Cape Town),Weekday,0518,13,SALT RIVER,10:33,2026-02-02
Cape Flats Line,Inbound (Retreat to Cape Town),Weekday,0520,13,SALT RIVER,11:13,2026-02-02
Cape Flats Line,Inbound (Retreat to Cape Town),Weekday,0522,13,SALT RIVER,12:13,2026-02-02
Cape Flats Line,Inbound (Retreat to Cape Town),Weekday,0524,13,SALT RIVER,13:53,2026-02-02
Cape Flats Line,Inbound (Retreat to Cape Town),Weekday,0526,13,SALT RIVER,15:13,2026-02-02
Cape Flats Line,Inbound (Retreat to Cape Town),Weekday,0528,13,SALT RIVER,16:13,2026-02-02
Cape Flats Line,Inbound (Retreat to Cape Town),Weekday,0530,13,SALT RIVER,16:43,2026-02-02
Cape Flats Line,Inbound (Retreat to Cape Town),Weekday,0532,13,SALT RIVER,17:13,2026-02-02
Cape Flats Line,Inbound (Retreat to Cape Town),Weekday,0534,13,SALT RIVER,17:43,2026-02-02
Cape Flats Line,Inbound (Retreat to Cape Town),Weekday,0536,13,SALT RIVER,18:13,2026-02-02
Cape Flats Line,Inbound (Retreat to Cape Town),Weekday,0538,13,SALT RIVER,18:43,2026-02-02
Cape Flats Line,Inbound (Retreat to Cape Town),Weekday,0500,14,WOODSTOCK,05:47,2026-02-02
Cape Flats Line,Inbound (Retreat to Cape Town),Weekday,0502,14,WOODSTOCK,06:22,2026-02-02
Cape Flats Line,Inbound (Retreat to Cape Town),Weekday,0504,14,WOODSTOCK,06:39,2026-02-02
Cape Flats Line,Inbound (Retreat to Cape Town),Weekday,0506,14,WOODSTOCK,07:17,2026-02-02
Cape Flats Line,Inbound (Retreat to Cape Town),Weekday,0508,14,WOODSTOCK,07:52,2026-02-02
Cape Flats Line,Inbound (Retreat to Cape Town),Weekday,0510,14,WOODSTOCK,08:22,2026-02-02
Cape Flats Line,Inbound (Retreat to Cape Town),Weekday,0512,14,WOODSTOCK,08:49,2026-02-02
Cape Flats Line,Inbound (Retreat to Cape Town),Weekday,0514,14,WOODSTOCK,09:22,2026-02-02
Cape Flats Line,Inbound (Retreat to Cape Town),Weekday,0516,14,WOODSTOCK,09:54,2026-02-02
Cape Flats Line,Inbound (Retreat to Cape Town),Weekday,0518,14,WOODSTOCK,10:37,2026-02-02
Cape Flats Line,Inbound (Retreat to Cape Town),Weekday,0520,14,WOODSTOCK,11:17,2026-02-02
Cape Flats Line,Inbound (Retreat to Cape Town),Weekday,0522,14,WOODSTOCK,12:17,2026-02-02
Cape Flats Line,Inbound (Retreat to Cape Town),Weekday,0524,14,WOODSTOCK,13:57,2026-02-02
Cape Flats Line,Inbound (Retreat to Cape Town),Weekday,0526,14,WOODSTOCK,15:17,2026-02-02
Cape Flats Line,Inbound (Retreat to Cape Town),Weekday,0528,14,WOODSTOCK,16:17,2026-02-02
Cape Flats Line,Inbound (Retreat to Cape Town),Weekday,0530,14,WOODSTOCK,16:47,2026-02-02
Cape Flats Line,Inbound (Retreat to Cape Town),Weekday,0532,14,WOODSTOCK,17:17,2026-02-02
Cape Flats Line,Inbound (Retreat to Cape Town),Weekday,0534,14,WOODSTOCK,17:47,2026-02-02
Cape Flats Line,Inbound (Retreat to Cape Town),Weekday,0536,14,WOODSTOCK,18:17,2026-02-02
Cape Flats Line,Inbound (Retreat to Cape Town),Weekday,0538,14,WOODSTOCK,18:47,2026-02-02
Cape Flats Line,Inbound (Retreat to Cape Town),Weekday,0500,15,CAPE TOWN,05:50,2026-02-02
Cape Flats Line,Inbound (Retreat to Cape Town),Weekday,0502,15,CAPE TOWN,06:25,2026-02-02
Cape Flats Line,Inbound (Retreat to Cape Town),Weekday,0504,15,CAPE TOWN,06:42,2026-02-02
Cape Flats Line,Inbound (Retreat to Cape Town),Weekday,0506,15,CAPE TOWN,07:20,2026-02-02
Cape Flats Line,Inbound (Retreat to Cape Town),Weekday,0508,15,CAPE TOWN,07:55,2026-02-02
Cape Flats Line,Inbound (Retreat to Cape Town),Weekday,0510,15,CAPE TOWN,08:25,2026-02-02
Cape Flats Line,Inbound (Retreat to Cape Town),Weekday,0512,15,CAPE TOWN,08:52,2026-02-02
Cape Flats Line,Inbound (Retreat to Cape Town),Weekday,0514,15,CAPE TOWN,09:25,2026-02-02
Cape Flats Line,Inbound (Retreat to Cape Town),Weekday,0516,15,CAPE TOWN,09:50,2026-02-02
Cape Flats Line,Inbound (Retreat to Cape Town),Weekday,0518,15,CAPE TOWN,10:40,2026-02-02
Cape Flats Line,Inbound (Retreat to Cape Town),Weekday,0520,15,CAPE TOWN,11:20,2026-02-02
Cape Flats Line,Inbound (Retreat to Cape Town),Weekday,0522,15,CAPE TOWN,12:20,2026-02-02
Cape Flats Line,Inbound (Retreat to Cape Town),Weekday,0524,15,CAPE TOWN,14:00,2026-02-02
Cape Flats Line,Inbound (Retreat to Cape Town),Weekday,0526,15,CAPE TOWN,15:20,2026-02-02
Cape Flats Line,Inbound (Retreat to Cape Town),Weekday,0528,15,CAPE TOWN,16:20,2026-02-02
Cape Flats Line,Inbound (Retreat to Cape Town),Weekday,0530,15,CAPE TOWN,16:50,2026-02-02
Cape Flats Line,Inbound (Retreat to Cape Town),Weekday,0532,15,CAPE TOWN,17:20,2026-02-02
Cape Flats Line,Inbound (Retreat to Cape Town),Weekday,0534,15,CAPE TOWN,17:50,2026-02-02
Cape Flats Line,Inbound (Retreat to Cape Town),Weekday,0536,15,CAPE TOWN,18:20,2026-02-02
Cape Flats Line,Inbound (Retreat to Cape Town),Weekday,0538,15,CAPE TOWN,18:50,2026-02-02
Cape Flats Line,Outbound (Cape Town to Retreat),Weekday,0501,0,CAPE TOWN,05:15,2026-02-02
Cape Flats Line,Outbound (Cape Town to Retreat),Weekday,0503,0,CAPE TOWN,05:50,2026-02-02
Cape Flats Line,Outbound (Cape Town to Retreat),Weekday,0505,0,CAPE TOWN,06:25,2026-02-02
Cape Flats Line,Outbound (Cape Town to Retreat),Weekday,0507,0,CAPE TOWN,06:55,2026-02-02
Cape Flats Line,Outbound (Cape Town to Retreat),Weekday,0509,0,CAPE TOWN,07:25,2026-02-02
Cape Flats Line,Outbound (Cape Town to Retreat),Weekday,0511,0,CAPE TOWN,07:55,2026-02-02
Cape Flats Line,Outbound (Cape Town to Retreat),Weekday,0513,0,CAPE TOWN,08:30,2026-02-02
Cape Flats Line,Outbound (Cape Town to Retreat),Weekday,0515,0,CAPE TOWN,08:55,2026-02-02
Cape Flats Line,Outbound (Cape Town to Retreat),Weekday,0517,0,CAPE TOWN,09:30,2026-02-02
Cape Flats Line,Outbound (Cape Town to Retreat),Weekday,0519,0,CAPE TOWN,10:30,2026-02-02
Cape Flats Line,Outbound (Cape Town to Retreat),Weekday,0523,0,CAPE TOWN,12:30,2026-02-02
Cape Flats Line,Outbound (Cape Town to Retreat),Weekday,0525,0,CAPE TOWN,13:50,2026-02-02
Cape Flats Line,Outbound (Cape Town to Retreat),Weekday,0527,0,CAPE TOWN,14:30,2026-02-02
Cape Flats Line,Outbound (Cape Town to Retreat),Weekday,0529,0,CAPE TOWN,15:10,2026-02-02
Cape Flats Line,Outbound (Cape Town to Retreat),Weekday,0531,0,CAPE TOWN,15:45,2026-02-02
Cape Flats Line,Outbound (Cape Town to Retreat),Weekday,0533,0,CAPE TOWN,16:15,2026-02-02
Cape Flats Line,Outbound (Cape Town to Retreat),Weekday,0535,0,CAPE TOWN,16:45,2026-02-02
Cape Flats Line,Outbound (Cape Town to Retreat),Weekday,0537,0,CAPE TOWN,17:15,2026-02-02
Cape Flats Line,Outbound (Cape Town to Retreat),Weekday,0539,0,CAPE TOWN,17:45,2026-02-02
Cape Flats Line,Outbound (Cape Town to Retreat),Weekday,0541,0,CAPE TOWN,18:15,2026-02-02
Cape Flats Line,Outbound (Cape Town to Retreat),Weekday,0543,0,CAPE TOWN,18:45,2026-02-02
Cape Flats Line,Outbound (Cape Town to Retreat),Weekday,0501,1,WOODSTOCK,05:18,2026-02-02
Cape Flats Line,Outbound (Cape Town to Retreat),Weekday,0503,1,WOODSTOCK,05:53,2026-02-02
Cape Flats Line,Outbound (Cape Town to Retreat),Weekday,0505,1,WOODSTOCK,06:28,2026-02-02
Cape Flats Line,Outbound (Cape Town to Retreat),Weekday,0507,1,WOODSTOCK,06:58,2026-02-02
Cape Flats Line,Outbound (Cape Town to Retreat),Weekday,0509,1,WOODSTOCK,07:28,2026-02-02
Cape Flats Line,Outbound (Cape Town to Retreat),Weekday,0511,1,WOODSTOCK,07:58,2026-02-02
Cape Flats Line,Outbound (Cape Town to Retreat),Weekday,0513,1,WOODSTOCK,08:33,2026-02-02
Cape Flats Line,Outbound (Cape Town to Retreat),Weekday,0515,1,WOODSTOCK,08:58,2026-02-02
Cape Flats Line,Outbound (Cape Town to Retreat),Weekday,0517,1,WOODSTOCK,09:33,2026-02-02
Cape Flats Line,Outbound (Cape Town to Retreat),Weekday,0519,1,WOODSTOCK,10:33,2026-02-02
Cape Flats Line,Outbound (Cape Town to Retreat),Weekday,0523,1,WOODSTOCK,12:33,2026-02-02
Cape Flats Line,Outbound (Cape Town to Retreat),Weekday,0525,1,WOODSTOCK,13:53,2026-02-02
Cape Flats Line,Outbound (Cape Town to Retreat),Weekday,0527,1,WOODSTOCK,14:33,2026-02-02
Cape Flats Line,Outbound (Cape Town to Retreat),Weekday,0529,1,WOODSTOCK,15:13,2026-02-02
Cape Flats Line,Outbound (Cape Town to Retreat),Weekday,0531,1,WOODSTOCK,15:48,2026-02-02
Cape Flats Line,Outbound (Cape Town to Retreat),Weekday,0533,1,WOODSTOCK,16:18,2026-02-02
Cape Flats Line,Outbound (Cape Town to Retreat),Weekday,0535,1,WOODSTOCK,16:48,2026-02-02
Cape Flats Line,Outbound (Cape Town to Retreat),Weekday,0537,1,WOODSTOCK,17:18,2026-02-02
Cape Flats Line,Outbound (Cape Town to Retreat),Weekday,0539,1,WOODSTOCK,17:48,2026-02-02
Cape Flats Line,Outbound (Cape Town to Retreat),Weekday,0541,1,WOODSTOCK,18:18,2026-02-02
Cape Flats Line,Outbound (Cape Town to Retreat),Weekday,0543,1,WOODSTOCK,18:48,2026-02-02
Cape Flats Line,Outbound (Cape Town to Retreat),Weekday,0501,2,SALT RIVER,05:21,2026-02-02
Cape Flats Line,Outbound (Cape Town to Retreat),Weekday,0503,2,SALT RIVER,05:56,2026-02-02
Cape Flats Line,Outbound (Cape Town to Retreat),Weekday,0505,2,SALT RIVER,06:31,2026-02-02
Cape Flats Line,Outbound (Cape Town to Retreat),Weekday,0507,2,SALT RIVER,07:01,2026-02-02
Cape Flats Line,Outbound (Cape Town to Retreat),Weekday,0509,2,SALT RIVER,07:31,2026-02-02
Cape Flats Line,Outbound (Cape Town to Retreat),Weekday,0511,2,SALT RIVER,08:01,2026-02-02
Cape Flats Line,Outbound (Cape Town to Retreat),Weekday,0513,2,SALT RIVER,08:36,2026-02-02
Cape Flats Line,Outbound (Cape Town to Retreat),Weekday,0515,2,SALT RIVER,09:01,2026-02-02
Cape Flats Line,Outbound (Cape Town to Retreat),Weekday,0517,2,SALT RIVER,09:36,2026-02-02
Cape Flats Line,Outbound (Cape Town to Retreat),Weekday,0519,2,SALT RIVER,10:36,2026-02-02
Cape Flats Line,Outbound (Cape Town to Retreat),Weekday,0523,2,SALT RIVER,12:36,2026-02-02
Cape Flats Line,Outbound (Cape Town to Retreat),Weekday,0525,2,SALT RIVER,13:56,2026-02-02
Cape Flats Line,Outbound (Cape Town to Retreat),Weekday,0527,2,SALT RIVER,14:36,2026-02-02
Cape Flats Line,Outbound (Cape Town to Retreat),Weekday,0529,2,SALT RIVER,15:16,2026-02-02
Cape Flats Line,Outbound (Cape Town to Retreat),Weekday,0531,2,SALT RIVER,15:51,2026-02-02
Cape Flats Line,Outbound (Cape Town to Retreat),Weekday,0533,2,SALT RIVER,16:21,2026-02-02
Cape Flats Line,Outbound (Cape Town to Retreat),Weekday,0535,2,SALT RIVER,16:51,2026-02-02
Cape Flats Line,Outbound (Cape Town to Retreat),Weekday,0537,2,SALT RIVER,17:21,2026-02-02
Cape Flats Line,Outbound (Cape Town to Retreat),Weekday,0539,2,SALT RIVER,17:51,2026-02-02
Cape Flats Line,Outbound (Cape Town to Retreat),Weekday,0541,2,SALT RIVER,18:21,2026-02-02
Cape Flats Line,Outbound (Cape Town to Retreat),Weekday,0543,2,SALT RIVER,18:51,2026-02-02
Cape Flats Line,Outbound (Cape Town to Retreat),Weekday,0501,3,KOEBERG RD,05:23,2026-02-02
Cape Flats Line,Outbound (Cape Town to Retreat),Weekday,0503,3,KOEBERG RD,05:58,2026-02-02
Cape Flats Line,Outbound (Cape Town to Retreat),Weekday,0505,3,KOEBERG RD,06:33,2026-02-02
Cape Flats Line,Outbound (Cape Town to Retreat),Weekday,0507,3,KOEBERG RD,07:03,2026-02-02
Cape Flats Line,Outbound (Cape Town to Retreat),Weekday,0509,3,KOEBERG RD,07:33,2026-02-02
Cape Flats Line,Outbound (Cape Town to Retreat),Weekday,0511,3,KOEBERG RD,08:03,2026-02-02
Cape Flats Line,Outbound (Cape Town to Retreat),Weekday,0513,3,KOEBERG RD,08:38,2026-02-02
Cape Flats Line,Outbound (Cape Town to Retreat),Weekday,0515,3,KOEBERG RD,09:03,2026-02-02
Cape Flats Line,Outbound (Cape Town to Retreat),Weekday,0517,3,KOEBERG RD,09:38,2026-02-02
Cape Flats Line,Outbound (Cape Town to Retreat),Weekday,0519,3,KOEBERG RD,10:38,2026-02-02
Cape Flats Line,Outbound (Cape Town to Retreat),Weekday,0523,3,KOEBERG RD,12:38,2026-02-02
Cape Flats Line,Outbound (Cape Town to Retreat),Weekday,0525,3,KOEBERG RD,13:58,2026-02-02
Cape Flats Line,Outbound (Cape Town to Retreat),Weekday,0527,3,KOEBERG RD,14:38,2026-02-02
Cape Flats Line,Outbound (Cape Town to Retreat),Weekday,0529,3,KOEBERG RD,15:18,2026-02-02
Cape Flats Line,Outbound (Cape Town to Retreat),Weekday,0531,3,KOEBERG RD,15:53,2026-02-02
Cape Flats Line,Outbound (Cape Town to Retreat),Weekday,0533,3,KOEBERG RD,16:23,2026-02-02
Cape Flats Line,Outbound (Cape Town to Retreat),Weekday,0535,3,KOEBERG RD,16:53,2026-02-02
Cape Flats Line,Outbound (Cape Town to Retreat),Weekday,0537,3,KOEBERG RD,17:23,2026-02-02
Cape Flats Line,Outbound (Cape Town to Retreat),Weekday,0539,3,KOEBERG RD,17:53,2026-02-02
Cape Flats Line,Outbound (Cape Town to Retreat),Weekday,0541,3,KOEBERG RD,18:23,2026-02-02
Cape Flats Line,Outbound (Cape Town to Retreat),Weekday,0543,3,KOEBERG RD,18:53,2026-02-02
Cape Flats Line,Outbound (Cape Town to Retreat),Weekday,0501,4,MAITLAND,05:25,2026-02-02
Cape Flats Line,Outbound (Cape Town to Retreat),Weekday,0503,4,MAITLAND,06:00,2026-02-02
Cape Flats Line,Outbound (Cape Town to Retreat),Weekday,0505,4,MAITLAND,06:35,2026-02-02
Cape Flats Line,Outbound (Cape Town to Retreat),Weekday,0507,4,MAITLAND,07:05,2026-02-02
Cape Flats Line,Outbound (Cape Town to Retreat),Weekday,0509,4,MAITLAND,07:35,2026-02-02
Cape Flats Line,Outbound (Cape Town to Retreat),Weekday,0511,4,MAITLAND,08:05,2026-02-02
Cape Flats Line,Outbound (Cape Town to Retreat),Weekday,0513,4,MAITLAND,08:40,2026-02-02
Cape Flats Line,Outbound (Cape Town to Retreat),Weekday,0515,4,MAITLAND,09:05,2026-02-02
Cape Flats Line,Outbound (Cape Town to Retreat),Weekday,0517,4,MAITLAND,09:40,2026-02-02
Cape Flats Line,Outbound (Cape Town to Retreat),Weekday,0519,4,MAITLAND,10:40,2026-02-02
Cape Flats Line,Outbound (Cape Town to Retreat),Weekday,0523,4,MAITLAND,12:40,2026-02-02
Cape Flats Line,Outbound (Cape Town to Retreat),Weekday,0525,4,MAITLAND,14:00,2026-02-02
Cape Flats Line,Outbound (Cape Town to Retreat),Weekday,0527,4,MAITLAND,14:40,2026-02-02
Cape Flats Line,Outbound (Cape Town to Retreat),Weekday,0529,4,MAITLAND,15:20,2026-02-02
Cape Flats Line,Outbound (Cape Town to Retreat),Weekday,0531,4,MAITLAND,15:55,2026-02-02
Cape Flats Line,Outbound (Cape Town to Retreat),Weekday,0533,4,MAITLAND,16:25,2026-02-02
Cape Flats Line,Outbound (Cape Town to Retreat),Weekday,0535,4,MAITLAND,16:55,2026-02-02
Cape Flats Line,Outbound (Cape Town to Retreat),Weekday,0537,4,MAITLAND,17:25,2026-02-02
Cape Flats Line,Outbound (Cape Town to Retreat),Weekday,0539,4,MAITLAND,17:55,2026-02-02
Cape Flats Line,Outbound (Cape Town to Retreat),Weekday,0541,4,MAITLAND,18:25,2026-02-02
Cape Flats Line,Outbound (Cape Town to Retreat),Weekday,0543,4,MAITLAND,18:55,2026-02-02
Cape Flats Line,Outbound (Cape Town to Retreat),Weekday,0501,5,NDABENI,05:28,2026-02-02
Cape Flats Line,Outbound (Cape Town to Retreat),Weekday,0503,5,NDABENI,06:03,2026-02-02
Cape Flats Line,Outbound (Cape Town to Retreat),Weekday,0505,5,NDABENI,06:38,2026-02-02
Cape Flats Line,Outbound (Cape Town to Retreat),Weekday,0507,5,NDABENI,07:08,2026-02-02
Cape Flats Line,Outbound (Cape Town to Retreat),Weekday,0509,5,NDABENI,07:38,2026-02-02
Cape Flats Line,Outbound (Cape Town to Retreat),Weekday,0511,5,NDABENI,08:08,2026-02-02
Cape Flats Line,Outbound (Cape Town to Retreat),Weekday,0513,5,NDABENI,08:43,2026-02-02
Cape Flats Line,Outbound (Cape Town to Retreat),Weekday,0515,5,NDABENI,09:08,2026-02-02
Cape Flats Line,Outbound (Cape Town to Retreat),Weekday,0517,5,NDABENI,09:43,2026-02-02
Cape Flats Line,Outbound (Cape Town to Retreat),Weekday,0519,5,NDABENI,10:43,2026-02-02
Cape Flats Line,Outbound (Cape Town to Retreat),Weekday,0523,5,NDABENI,12:43,2026-02-02
Cape Flats Line,Outbound (Cape Town to Retreat),Weekday,0525,5,NDABENI,14:03,2026-02-02
Cape Flats Line,Outbound (Cape Town to Retreat),Weekday,0527,5,NDABENI,14:43,2026-02-02
Cape Flats Line,Outbound (Cape Town to Retreat),Weekday,0529,5,NDABENI,15:23,2026-02-02
Cape Flats Line,Outbound (Cape Town to Retreat),Weekday,0531,5,NDABENI,15:58,2026-02-02
Cape Flats Line,Outbound (Cape Town to Retreat),Weekday,0533,5,NDABENI,16:28,2026-02-02
Cape Flats Line,Outbound (Cape Town to Retreat),Weekday,0535,5,NDABENI,16:58,2026-02-02
Cape Flats Line,Outbound (Cape Town to Retreat),Weekday,0537,5,NDABENI,17:28,2026-02-02
Cape Flats Line,Outbound (Cape Town to Retreat),Weekday,0539,5,NDABENI,17:58,2026-02-02
Cape Flats Line,Outbound (Cape Town to Retreat),Weekday,0541,5,NDABENI,18:28,2026-02-02
Cape Flats Line,Outbound (Cape Town to Retreat),Weekday,0543,5,NDABENI,18:58,2026-02-02
Cape Flats Line,Outbound (Cape Town to Retreat),Weekday,0501,6,PINELANDS,05:31,2026-02-02
Cape Flats Line,Outbound (Cape Town to Retreat),Weekday,0503,6,PINELANDS,06:06,2026-02-02
Cape Flats Line,Outbound (Cape Town to Retreat),Weekday,0505,6,PINELANDS,06:41,2026-02-02
Cape Flats Line,Outbound (Cape Town to Retreat),Weekday,0507,6,PINELANDS,07:11,2026-02-02
Cape Flats Line,Outbound (Cape Town to Retreat),Weekday,0509,6,PINELANDS,07:41,2026-02-02
Cape Flats Line,Outbound (Cape Town to Retreat),Weekday,0511,6,PINELANDS,08:11,2026-02-02
Cape Flats Line,Outbound (Cape Town to Retreat),Weekday,0513,6,PINELANDS,08:46,2026-02-02
Cape Flats Line,Outbound (Cape Town to Retreat),Weekday,0515,6,PINELANDS,09:11,2026-02-02
Cape Flats Line,Outbound (Cape Town to Retreat),Weekday,0517,6,PINELANDS,09:46,2026-02-02
Cape Flats Line,Outbound (Cape Town to Retreat),Weekday,0519,6,PINELANDS,10:46,2026-02-02
Cape Flats Line,Outbound (Cape Town to Retreat),Weekday,0523,6,PINELANDS,12:46,2026-02-02
Cape Flats Line,Outbound (Cape Town to Retreat),Weekday,0525,6,PINELANDS,14:06,2026-02-02
Cape Flats Line,Outbound (Cape Town to Retreat),Weekday,0527,6,PINELANDS,14:46,2026-02-02
Cape Flats Line,Outbound (Cape Town to Retreat),Weekday,0529,6,PINELANDS,15:26,2026-02-02
Cape Flats Line,Outbound (Cape Town to Retreat),Weekday,0531,6,PINELANDS,16:01,2026-02-02
Cape Flats Line,Outbound (Cape Town to Retreat),Weekday,0533,6,PINELANDS,16:31,2026-02-02
Cape Flats Line,Outbound (Cape Town to Retreat),Weekday,0535,6,PINELANDS,17:01,2026-02-02
Cape Flats Line,Outbound (Cape Town to Retreat),Weekday,0537,6,PINELANDS,17:31,2026-02-02
Cape Flats Line,Outbound (Cape Town to Retreat),Weekday,0539,6,PINELANDS,18:01,2026-02-02
Cape Flats Line,Outbound (Cape Town to Retreat),Weekday,0541,6,PINELANDS,18:31,2026-02-02
Cape Flats Line,Outbound (Cape Town to Retreat),Weekday,0543,6,PINELANDS,19:01,2026-02-02
Cape Flats Line,Outbound (Cape Town to Retreat),Weekday,0501,7,HAZENDAL,05:33,2026-02-02
Cape Flats Line,Outbound (Cape Town to Retreat),Weekday,0503,7,HAZENDAL,06:08,2026-02-02
Cape Flats Line,Outbound (Cape Town to Retreat),Weekday,0505,7,HAZENDAL,06:43,2026-02-02
Cape Flats Line,Outbound (Cape Town to Retreat),Weekday,0507,7,HAZENDAL,07:13,2026-02-02
Cape Flats Line,Outbound (Cape Town to Retreat),Weekday,0509,7,HAZENDAL,07:43,2026-02-02
Cape Flats Line,Outbound (Cape Town to Retreat),Weekday,0511,7,HAZENDAL,08:13,2026-02-02
Cape Flats Line,Outbound (Cape Town to Retreat),Weekday,0513,7,HAZENDAL,08:48,2026-02-02
Cape Flats Line,Outbound (Cape Town to Retreat),Weekday,0515,7,HAZENDAL,09:13,2026-02-02
Cape Flats Line,Outbound (Cape Town to Retreat),Weekday,0517,7,HAZENDAL,09:48,2026-02-02
Cape Flats Line,Outbound (Cape Town to Retreat),Weekday,0519,7,HAZENDAL,10:48,2026-02-02
Cape Flats Line,Outbound (Cape Town to Retreat),Weekday,0523,7,HAZENDAL,12:48,2026-02-02
Cape Flats Line,Outbound (Cape Town to Retreat),Weekday,0525,7,HAZENDAL,14:08,2026-02-02
Cape Flats Line,Outbound (Cape Town to Retreat),Weekday,0527,7,HAZENDAL,14:48,2026-02-02
Cape Flats Line,Outbound (Cape Town to Retreat),Weekday,0529,7,HAZENDAL,15:28,2026-02-02
Cape Flats Line,Outbound (Cape Town to Retreat),Weekday,0531,7,HAZENDAL,16:03,2026-02-02
Cape Flats Line,Outbound (Cape Town to Retreat),Weekday,0533,7,HAZENDAL,16:33,2026-02-02
Cape Flats Line,Outbound (Cape Town to Retreat),Weekday,0535,7,HAZENDAL,17:03,2026-02-02
Cape Flats Line,Outbound (Cape Town to Retreat),Weekday,0537,7,HAZENDAL,17:33,2026-02-02
Cape Flats Line,Outbound (Cape Town to Retreat),Weekday,0539,7,HAZENDAL,18:03,2026-02-02
Cape Flats Line,Outbound (Cape Town to Retreat),Weekday,0541,7,HAZENDAL,18:33,2026-02-02
Cape Flats Line,Outbound (Cape Town to Retreat),Weekday,0543,7,HAZENDAL,19:03,2026-02-02
Cape Flats Line,Outbound (Cape Town to Retreat),Weekday,0501,8,ATHLONE,05:36,2026-02-02
Cape Flats Line,Outbound (Cape Town to Retreat),Weekday,0503,8,ATHLONE,06:11,2026-02-02
Cape Flats Line,Outbound (Cape Town to Retreat),Weekday,0505,8,ATHLONE,06:46,2026-02-02
Cape Flats Line,Outbound (Cape Town to Retreat),Weekday,0507,8,ATHLONE,07:16,2026-02-02
Cape Flats Line,Outbound (Cape Town to Retreat),Weekday,0509,8,ATHLONE,07:46,2026-02-02
Cape Flats Line,Outbound (Cape Town to Retreat),Weekday,0511,8,ATHLONE,08:16,2026-02-02
Cape Flats Line,Outbound (Cape Town to Retreat),Weekday,0513,8,ATHLONE,08:51,2026-02-02
Cape Flats Line,Outbound (Cape Town to Retreat),Weekday,0515,8,ATHLONE,09:16,2026-02-02
Cape Flats Line,Outbound (Cape Town to Retreat),Weekday,0517,8,ATHLONE,09:51,2026-02-02
Cape Flats Line,Outbound (Cape Town to Retreat),Weekday,0519,8,ATHLONE,10:51,2026-02-02
Cape Flats Line,Outbound (Cape Town to Retreat),Weekday,0523,8,ATHLONE,12:51,2026-02-02
Cape Flats Line,Outbound (Cape Town to Retreat),Weekday,0525,8,ATHLONE,14:11,2026-02-02
Cape Flats Line,Outbound (Cape Town to Retreat),Weekday,0527,8,ATHLONE,14:51,2026-02-02
Cape Flats Line,Outbound (Cape Town to Retreat),Weekday,0529,8,ATHLONE,15:31,2026-02-02
Cape Flats Line,Outbound (Cape Town to Retreat),Weekday,0531,8,ATHLONE,16:06,2026-02-02
Cape Flats Line,Outbound (Cape Town to Retreat),Weekday,0533,8,ATHLONE,16:36,2026-02-02
Cape Flats Line,Outbound (Cape Town to Retreat),Weekday,0535,8,ATHLONE,17:06,2026-02-02
Cape Flats Line,Outbound (Cape Town to Retreat),Weekday,0537,8,ATHLONE,17:36,2026-02-02
Cape Flats Line,Outbound (Cape Town to Retreat),Weekday,0539,8,ATHLONE,18:06,2026-02-02
Cape Flats Line,Outbound (Cape Town to Retreat),Weekday,0541,8,ATHLONE,18:36,2026-02-02
Cape Flats Line,Outbound (Cape Town to Retreat),Weekday,0543,8,ATHLONE,19:06,2026-02-02
Cape Flats Line,Outbound (Cape Town to Retreat),Weekday,0501,9,CRAWFORD,05:38,2026-02-02
Cape Flats Line,Outbound (Cape Town to Retreat),Weekday,0503,9,CRAWFORD,06:13,2026-02-02
Cape Flats Line,Outbound (Cape Town to Retreat),Weekday,0505,9,CRAWFORD,06:48,2026-02-02
Cape Flats Line,Outbound (Cape Town to Retreat),Weekday,0507,9,CRAWFORD,07:18,2026-02-02
Cape Flats Line,Outbound (Cape Town to Retreat),Weekday,0509,9,CRAWFORD,07:48,2026-02-02
Cape Flats Line,Outbound (Cape Town to Retreat),Weekday,0511,9,CRAWFORD,08:18,2026-02-02
Cape Flats Line,Outbound (Cape Town to Retreat),Weekday,0513,9,CRAWFORD,08:53,2026-02-02
Cape Flats Line,Outbound (Cape Town to Retreat),Weekday,0515,9,CRAWFORD,09:18,2026-02-02
Cape Flats Line,Outbound (Cape Town to Retreat),Weekday,0517,9,CRAWFORD,09:53,2026-02-02
Cape Flats Line,Outbound (Cape Town to Retreat),Weekday,0519,9,CRAWFORD,10:53,2026-02-02
Cape Flats Line,Outbound (Cape Town to Retreat),Weekday,0523,9,CRAWFORD,12:53,2026-02-02
Cape Flats Line,Outbound (Cape Town to Retreat),Weekday,0525,9,CRAWFORD,14:13,2026-02-02
Cape Flats Line,Outbound (Cape Town to Retreat),Weekday,0527,9,CRAWFORD,14:53,2026-02-02
Cape Flats Line,Outbound (Cape Town to Retreat),Weekday,0529,9,CRAWFORD,15:33,2026-02-02
Cape Flats Line,Outbound (Cape Town to Retreat),Weekday,0531,9,CRAWFORD,16:08,2026-02-02
Cape Flats Line,Outbound (Cape Town to Retreat),Weekday,0533,9,CRAWFORD,16:38,2026-02-02
Cape Flats Line,Outbound (Cape Town to Retreat),Weekday,0535,9,CRAWFORD,17:08,2026-02-02
Cape Flats Line,Outbound (Cape Town to Retreat),Weekday,0537,9,CRAWFORD,17:38,2026-02-02
Cape Flats Line,Outbound (Cape Town to Retreat),Weekday,0539,9,CRAWFORD,18:08,2026-02-02
Cape Flats Line,Outbound (Cape Town to Retreat),Weekday,0541,9,CRAWFORD,18:38,2026-02-02
Cape Flats Line,Outbound (Cape Town to Retreat),Weekday,0543,9,CRAWFORD,19:08,2026-02-02
Cape Flats Line,Outbound (Cape Town to Retreat),Weekday,0501,10,LANSDOWNE,05:40,2026-02-02
Cape Flats Line,Outbound (Cape Town to Retreat),Weekday,0503,10,LANSDOWNE,06:15,2026-02-02
Cape Flats Line,Outbound (Cape Town to Retreat),Weekday,0505,10,LANSDOWNE,06:50,2026-02-02
Cape Flats Line,Outbound (Cape Town to Retreat),Weekday,0507,10,LANSDOWNE,07:20,2026-02-02
Cape Flats Line,Outbound (Cape Town to Retreat),Weekday,0509,10,LANSDOWNE,07:50,2026-02-02
Cape Flats Line,Outbound (Cape Town to Retreat),Weekday,0511,10,LANSDOWNE,08:20,2026-02-02
Cape Flats Line,Outbound (Cape Town to Retreat),Weekday,0513,10,LANSDOWNE,08:55,2026-02-02
Cape Flats Line,Outbound (Cape Town to Retreat),Weekday,0515,10,LANSDOWNE,09:20,2026-02-02
Cape Flats Line,Outbound (Cape Town to Retreat),Weekday,0517,10,LANSDOWNE,09:55,2026-02-02
Cape Flats Line,Outbound (Cape Town to Retreat),Weekday,0519,10,LANSDOWNE,10:55,2026-02-02
Cape Flats Line,Outbound (Cape Town to Retreat),Weekday,0523,10,LANSDOWNE,12:55,2026-02-02
Cape Flats Line,Outbound (Cape Town to Retreat),Weekday,0525,10,LANSDOWNE,14:15,2026-02-02
Cape Flats Line,Outbound (Cape Town to Retreat),Weekday,0527,10,LANSDOWNE,14:55,2026-02-02
Cape Flats Line,Outbound (Cape Town to Retreat),Weekday,0529,10,LANSDOWNE,15:35,2026-02-02
Cape Flats Line,Outbound (Cape Town to Retreat),Weekday,0531,10,LANSDOWNE,16:10,2026-02-02
Cape Flats Line,Outbound (Cape Town to Retreat),Weekday,0533,10,LANSDOWNE,16:40,2026-02-02
Cape Flats Line,Outbound (Cape Town to Retreat),Weekday,0535,10,LANSDOWNE,17:10,2026-02-02
Cape Flats Line,Outbound (Cape Town to Retreat),Weekday,0537,10,LANSDOWNE,17:40,2026-02-02
Cape Flats Line,Outbound (Cape Town to Retreat),Weekday,0539,10,LANSDOWNE,18:10,2026-02-02
Cape Flats Line,Outbound (Cape Town to Retreat),Weekday,0541,10,LANSDOWNE,18:40,2026-02-02
Cape Flats Line,Outbound (Cape Town to Retreat),Weekday,0543,10,LANSDOWNE,19:10,2026-02-02
Cape Flats Line,Outbound (Cape Town to Retreat),Weekday,0501,11,WETTON,05:43,2026-02-02
Cape Flats Line,Outbound (Cape Town to Retreat),Weekday,0503,11,WETTON,06:18,2026-02-02
Cape Flats Line,Outbound (Cape Town to Retreat),Weekday,0505,11,WETTON,06:53,2026-02-02
Cape Flats Line,Outbound (Cape Town to Retreat),Weekday,0507,11,WETTON,07:23,2026-02-02
Cape Flats Line,Outbound (Cape Town to Retreat),Weekday,0509,11,WETTON,07:53,2026-02-02
Cape Flats Line,Outbound (Cape Town to Retreat),Weekday,0511,11,WETTON,08:23,2026-02-02
Cape Flats Line,Outbound (Cape Town to Retreat),Weekday,0513,11,WETTON,08:58,2026-02-02
Cape Flats Line,Outbound (Cape Town to Retreat),Weekday,0515,11,WETTON,09:23,2026-02-02
Cape Flats Line,Outbound (Cape Town to Retreat),Weekday,0517,11,WETTON,09:58,2026-02-02
Cape Flats Line,Outbound (Cape Town to Retreat),Weekday,0519,11,WETTON,10:58,2026-02-02
Cape Flats Line,Outbound (Cape Town to Retreat),Weekday,0523,11,WETTON,12:58,2026-02-02
Cape Flats Line,Outbound (Cape Town to Retreat),Weekday,0525,11,WETTON,14:18,2026-02-02
Cape Flats Line,Outbound (Cape Town to Retreat),Weekday,0527,11,WETTON,14:58,2026-02-02
Cape Flats Line,Outbound (Cape Town to Retreat),Weekday,0529,11,WETTON,15:38,2026-02-02
Cape Flats Line,Outbound (Cape Town to Retreat),Weekday,0531,11,WETTON,16:13,2026-02-02
Cape Flats Line,Outbound (Cape Town to Retreat),Weekday,0533,11,WETTON,16:43,2026-02-02
Cape Flats Line,Outbound (Cape Town to Retreat),Weekday,0535,11,WETTON,17:13,2026-02-02
Cape Flats Line,Outbound (Cape Town to Retreat),Weekday,0537,11,WETTON,17:43,2026-02-02
Cape Flats Line,Outbound (Cape Town to Retreat),Weekday,0539,11,WETTON,18:13,2026-02-02
Cape Flats Line,Outbound (Cape Town to Retreat),Weekday,0541,11,WETTON,18:43,2026-02-02
Cape Flats Line,Outbound (Cape Town to Retreat),Weekday,0543,11,WETTON,19:13,2026-02-02
Cape Flats Line,Outbound (Cape Town to Retreat),Weekday,0501,12,OTTERY,05:45,2026-02-02
Cape Flats Line,Outbound (Cape Town to Retreat),Weekday,0503,12,OTTERY,06:20,2026-02-02
Cape Flats Line,Outbound (Cape Town to Retreat),Weekday,0505,12,OTTERY,06:55,2026-02-02
Cape Flats Line,Outbound (Cape Town to Retreat),Weekday,0507,12,OTTERY,07:25,2026-02-02
Cape Flats Line,Outbound (Cape Town to Retreat),Weekday,0509,12,OTTERY,07:55,2026-02-02
Cape Flats Line,Outbound (Cape Town to Retreat),Weekday,0511,12,OTTERY,08:25,2026-02-02
Cape Flats Line,Outbound (Cape Town to Retreat),Weekday,0513,12,OTTERY,09:00,2026-02-02
Cape Flats Line,Outbound (Cape Town to Retreat),Weekday,0515,12,OTTERY,09:25,2026-02-02
Cape Flats Line,Outbound (Cape Town to Retreat),Weekday,0517,12,OTTERY,10:00,2026-02-02
Cape Flats Line,Outbound (Cape Town to Retreat),Weekday,0519,12,OTTERY,11:00,2026-02-02
Cape Flats Line,Outbound (Cape Town to Retreat),Weekday,0523,12,OTTERY,13:00,2026-02-02
Cape Flats Line,Outbound (Cape Town to Retreat),Weekday,0525,12,OTTERY,14:20,2026-02-02
Cape Flats Line,Outbound (Cape Town to Retreat),Weekday,0527,12,OTTERY,15:00,2026-02-02
Cape Flats Line,Outbound (Cape Town to Retreat),Weekday,0529,12,OTTERY,15:40,2026-02-02
Cape Flats Line,Outbound (Cape Town to Retreat),Weekday,0531,12,OTTERY,16:15,2026-02-02
Cape Flats Line,Outbound (Cape Town to Retreat),Weekday,0533,12,OTTERY,16:45,2026-02-02
Cape Flats Line,Outbound (Cape Town to Retreat),Weekday,0535,12,OTTERY,17:15,2026-02-02
Cape Flats Line,Outbound (Cape Town to Retreat),Weekday,0537,12,OTTERY,17:45,2026-02-02
Cape Flats Line,Outbound (Cape Town to Retreat),Weekday,0539,12,OTTERY,18:15,2026-02-02
Cape Flats Line,Outbound (Cape Town to Retreat),Weekday,0541,12,OTTERY,18:45,2026-02-02
Cape Flats Line,Outbound (Cape Town to Retreat),Weekday,0543,12,OTTERY,19:15,2026-02-02
Cape Flats Line,Outbound (Cape Town to Retreat),Weekday,0501,13,SOUTHFIELD,05:49,2026-02-02
Cape Flats Line,Outbound (Cape Town to Retreat),Weekday,0503,13,SOUTHFIELD,06:24,2026-02-02
Cape Flats Line,Outbound (Cape Town to Retreat),Weekday,0505,13,SOUTHFIELD,06:59,2026-02-02
Cape Flats Line,Outbound (Cape Town to Retreat),Weekday,0507,13,SOUTHFIELD,07:29,2026-02-02
Cape Flats Line,Outbound (Cape Town to Retreat),Weekday,0509,13,SOUTHFIELD,07:59,2026-02-02
Cape Flats Line,Outbound (Cape Town to Retreat),Weekday,0511,13,SOUTHFIELD,08:29,2026-02-02
Cape Flats Line,Outbound (Cape Town to Retreat),Weekday,0513,13,SOUTHFIELD,09:04,2026-02-02
Cape Flats Line,Outbound (Cape Town to Retreat),Weekday,0515,13,SOUTHFIELD,09:29,2026-02-02
Cape Flats Line,Outbound (Cape Town to Retreat),Weekday,0517,13,SOUTHFIELD,10:04,2026-02-02
Cape Flats Line,Outbound (Cape Town to Retreat),Weekday,0519,13,SOUTHFIELD,11:04,2026-02-02
Cape Flats Line,Outbound (Cape Town to Retreat),Weekday,0523,13,SOUTHFIELD,13:04,2026-02-02
Cape Flats Line,Outbound (Cape Town to Retreat),Weekday,0525,13,SOUTHFIELD,14:24,2026-02-02
Cape Flats Line,Outbound (Cape Town to Retreat),Weekday,0527,13,SOUTHFIELD,15:04,2026-02-02
Cape Flats Line,Outbound (Cape Town to Retreat),Weekday,0529,13,SOUTHFIELD,15:44,2026-02-02
Cape Flats Line,Outbound (Cape Town to Retreat),Weekday,0531,13,SOUTHFIELD,16:19,2026-02-02
Cape Flats Line,Outbound (Cape Town to Retreat),Weekday,0533,13,SOUTHFIELD,16:49,2026-02-02
Cape Flats Line,Outbound (Cape Town to Retreat),Weekday,0535,13,SOUTHFIELD,17:19,2026-02-02
Cape Flats Line,Outbound (Cape Town to Retreat),Weekday,0537,13,SOUTHFIELD,17:49,2026-02-02
Cape Flats Line,Outbound (Cape Town to Retreat),Weekday,0539,13,SOUTHFIELD,18:19,2026-02-02
Cape Flats Line,Outbound (Cape Town to Retreat),Weekday,0541,13,SOUTHFIELD,18:49,2026-02-02
Cape Flats Line,Outbound (Cape Town to Retreat),Weekday,0543,13,SOUTHFIELD,19:19,2026-02-02
Cape Flats Line,Outbound (Cape Town to Retreat),Weekday,0501,14,HEATHFIELD,05:53,2026-02-02
Cape Flats Line,Outbound (Cape Town to Retreat),Weekday,0503,14,HEATHFIELD,06:28,2026-02-02
Cape Flats Line,Outbound (Cape Town to Retreat),Weekday,0505,14,HEATHFIELD,07:03,2026-02-02
Cape Flats Line,Outbound (Cape Town to Retreat),Weekday,0507,14,HEATHFIELD,07:33,2026-02-02
Cape Flats Line,Outbound (Cape Town to Retreat),Weekday,0509,14,HEATHFIELD,08:03,2026-02-02
Cape Flats Line,Outbound (Cape Town to Retreat),Weekday,0511,14,HEATHFIELD,08:33,2026-02-02
Cape Flats Line,Outbound (Cape Town to Retreat),Weekday,0513,14,HEATHFIELD,09:08,2026-02-02
Cape Flats Line,Outbound (Cape Town to Retreat),Weekday,0515,14,HEATHFIELD,09:33,2026-02-02
Cape Flats Line,Outbound (Cape Town to Retreat),Weekday,0517,14,HEATHFIELD,10:08,2026-02-02
Cape Flats Line,Outbound (Cape Town to Retreat),Weekday,0519,14,HEATHFIELD,11:08,2026-02-02
Cape Flats Line,Outbound (Cape Town to Retreat),Weekday,0523,14,HEATHFIELD,13:08,2026-02-02
Cape Flats Line,Outbound (Cape Town to Retreat),Weekday,0525,14,HEATHFIELD,14:28,2026-02-02
Cape Flats Line,Outbound (Cape Town to Retreat),Weekday,0527,14,HEATHFIELD,15:08,2026-02-02
Cape Flats Line,Outbound (Cape Town to Retreat),Weekday,0529,14,HEATHFIELD,15:48,2026-02-02
Cape Flats Line,Outbound (Cape Town to Retreat),Weekday,0531,14,HEATHFIELD,16:23,2026-02-02
Cape Flats Line,Outbound (Cape Town to Retreat),Weekday,0533,14,HEATHFIELD,16:53,2026-02-02
Cape Flats Line,Outbound (Cape Town to Retreat),Weekday,0535,14,HEATHFIELD,17:23,2026-02-02
Cape Flats Line,Outbound (Cape Town to Retreat),Weekday,0537,14,HEATHFIELD,17:53,2026-02-02
Cape Flats Line,Outbound (Cape Town to Retreat),Weekday,0539,14,HEATHFIELD,18:23,2026-02-02
Cape Flats Line,Outbound (Cape Town to Retreat),Weekday,0541,14,HEATHFIELD,18:53,2026-02-02
Cape Flats Line,Outbound (Cape Town to Retreat),Weekday,0543,14,HEATHFIELD,19:23,2026-02-02
Cape Flats Line,Outbound (Cape Town to Retreat),Weekday,0503,15,RETREAT,06:30,2026-02-02
Cape Flats Line,Outbound (Cape Town to Retreat),Weekday,0505,15,RETREAT,07:05,2026-02-02
Cape Flats Line,Outbound (Cape Town to Retreat),Weekday,0507,15,RETREAT,07:35,2026-02-02
Cape Flats Line,Outbound (Cape Town to Retreat),Weekday,0511,15,RETREAT,08:35,2026-02-02
Cape Flats Line,Outbound (Cape Town to Retreat),Weekday,0515,15,RETREAT,09:35,2026-02-02
Cape Flats Line,Outbound (Cape Town to Retreat),Weekday,0517,15,RETREAT,10:10,2026-02-02
Cape Flats Line,Outbound (Cape Town to Retreat),Weekday,0519,15,RETREAT,11:10,2026-02-02
Cape Flats Line,Outbound (Cape Town to Retreat),Weekday,0523,15,RETREAT,13:10,2026-02-02
Cape Flats Line,Outbound (Cape Town to Retreat),Weekday,0525,15,RETREAT,14:30,2026-02-02
Cape Flats Line,Outbound (Cape Town to Retreat),Weekday,0527,15,RETREAT,15:10,2026-02-02
Cape Flats Line,Outbound (Cape Town to Retreat),Weekday,0529,15,RETREAT,15:50,2026-02-02
Cape Flats Line,Outbound (Cape Town to Retreat),Weekday,0531,15,RETREAT,16:25,2026-02-02
Cape Flats Line,Outbound (Cape Town to Retreat),Weekday,0533,15,RETREAT,16:55,2026-02-02
Cape Flats Line,Outbound (Cape Town to Retreat),Weekday,0535,15,RETREAT,17:25,2026-02-02
Cape Flats Line,Outbound (Cape Town to Retreat),Weekday,0537,15,RETREAT,17:55,2026-02-02
Cape Flats Line,Outbound (Cape Town to Retreat),Weekday,0539,15,RETREAT,18:25,2026-02-02
Cape Flats Line,Outbound (Cape Town to Retreat),Weekday,0541,15,RETREAT,18:55,2026-02-02
Cape Flats Line,Outbound (Cape Town to Retreat),Weekday,0543,15,RETREAT,19:25,2026-02-02
Cape Flats Line,Inbound (Retreat to Cape Town),Weekend,0500,0,RETREAT,05:15,2025-10
Cape Flats Line,Inbound (Retreat to Cape Town),Weekend,0502,0,RETREAT,06:22,2025-10
Cape Flats Line,Inbound (Retreat to Cape Town),Weekend,0504,0,RETREAT,07:40,2025-10
Cape Flats Line,Inbound (Retreat to Cape Town),Weekend,0506,0,RETREAT,08:22,2025-10
Cape Flats Line,Inbound (Retreat to Cape Town),Weekend,0508,0,RETREAT,09:40,2025-10
Cape Flats Line,Inbound (Retreat to Cape Town),Weekend,0510,0,RETREAT,10:40,2025-10
Cape Flats Line,Inbound (Retreat to Cape Town),Weekend,0512,0,RETREAT,11:40,2025-10
Cape Flats Line,Inbound (Retreat to Cape Town),Weekend,0514,0,RETREAT,12:40,2025-10
Cape Flats Line,Inbound (Retreat to Cape Town),Weekend,0500,1,HEATHFIELD,05:18,2025-10
Cape Flats Line,Inbound (Retreat to Cape Town),Weekend,0502,1,HEATHFIELD,06:25,2025-10
Cape Flats Line,Inbound (Retreat to Cape Town),Weekend,0504,1,HEATHFIELD,07:43,2025-10
Cape Flats Line,Inbound (Retreat to Cape Town),Weekend,0506,1,HEATHFIELD,08:25,2025-10
Cape Flats Line,Inbound (Retreat to Cape Town),Weekend,0508,1,HEATHFIELD,09:43,2025-10
Cape Flats Line,Inbound (Retreat to Cape Town),Weekend,0510,1,HEATHFIELD,10:43,2025-10
Cape Flats Line,Inbound (Retreat to Cape Town),Weekend,0512,1,HEATHFIELD,11:43,2025-10
Cape Flats Line,Inbound (Retreat to Cape Town),Weekend,0514,1,HEATHFIELD,12:43,2025-10
Cape Flats Line,Inbound (Retreat to Cape Town),Weekend,0500,2,SOUTHFIELD,05:21,2025-10
Cape Flats Line,Inbound (Retreat to Cape Town),Weekend,0502,2,SOUTHFIELD,06:28,2025-10
Cape Flats Line,Inbound (Retreat to Cape Town),Weekend,0504,2,SOUTHFIELD,07:46,2025-10
Cape Flats Line,Inbound (Retreat to Cape Town),Weekend,0506,2,SOUTHFIELD,08:28,2025-10
Cape Flats Line,Inbound (Retreat to Cape Town),Weekend,0508,2,SOUTHFIELD,09:46,2025-10
Cape Flats Line,Inbound (Retreat to Cape Town),Weekend,0510,2,SOUTHFIELD,10:46,2025-10
Cape Flats Line,Inbound (Retreat to Cape Town),Weekend,0512,2,SOUTHFIELD,11:46,2025-10
Cape Flats Line,Inbound (Retreat to Cape Town),Weekend,0514,2,SOUTHFIELD,12:46,2025-10
Cape Flats Line,Inbound (Retreat to Cape Town),Weekend,0500,3,OTTERY,05:24,2025-10
Cape Flats Line,Inbound (Retreat to Cape Town),Weekend,0502,3,OTTERY,06:31,2025-10
Cape Flats Line,Inbound (Retreat to Cape Town),Weekend,0504,3,OTTERY,07:49,2025-10
Cape Flats Line,Inbound (Retreat to Cape Town),Weekend,0506,3,OTTERY,08:31,2025-10
Cape Flats Line,Inbound (Retreat to Cape Town),Weekend,0508,3,OTTERY,09:49,2025-10
Cape Flats Line,Inbound (Retreat to Cape Town),Weekend,0510,3,OTTERY,10:49,2025-10
Cape Flats Line,Inbound (Retreat to Cape Town),Weekend,0512,3,OTTERY,11:49,2025-10
Cape Flats Line,Inbound (Retreat to Cape Town),Weekend,0514,3,OTTERY,12:49,2025-10
Cape Flats Line,Inbound (Retreat to Cape Town),Weekend,0500,4,WETTON,05:27,2025-10
Cape Flats Line,Inbound (Retreat to Cape Town),Weekend,0502,4,WETTON,06:34,2025-10
Cape Flats Line,Inbound (Retreat to Cape Town),Weekend,0504,4,WETTON,07:52,2025-10
Cape Flats Line,Inbound (Retreat to Cape Town),Weekend,0506,4,WETTON,08:34,2025-10
Cape Flats Line,Inbound (Retreat to Cape Town),Weekend,0508,4,WETTON,09:52,2025-10
Cape Flats Line,Inbound (Retreat to Cape Town),Weekend,0510,4,WETTON,10:52,2025-10
Cape Flats Line,Inbound (Retreat to Cape Town),Weekend,0512,4,WETTON,11:52,2025-10
Cape Flats Line,Inbound (Retreat to Cape Town),Weekend,0514,4,WETTON,12:52,2025-10
Cape Flats Line,Inbound (Retreat to Cape Town),Weekend,0500,5,LANSDOWNE,05:29,2025-10
Cape Flats Line,Inbound (Retreat to Cape Town),Weekend,0502,5,LANSDOWNE,06:36,2025-10
Cape Flats Line,Inbound (Retreat to Cape Town),Weekend,0504,5,LANSDOWNE,07:54,2025-10
Cape Flats Line,Inbound (Retreat to Cape Town),Weekend,0506,5,LANSDOWNE,08:36,2025-10
Cape Flats Line,Inbound (Retreat to Cape Town),Weekend,0508,5,LANSDOWNE,09:54,2025-10
Cape Flats Line,Inbound (Retreat to Cape Town),Weekend,0510,5,LANSDOWNE,10:54,2025-10
Cape Flats Line,Inbound (Retreat to Cape Town),Weekend,0512,5,LANSDOWNE,11:54,2025-10
Cape Flats Line,Inbound (Retreat to Cape Town),Weekend,0514,5,LANSDOWNE,12:54,2025-10
Cape Flats Line,Inbound (Retreat to Cape Town),Weekend,0500,6,CRAWFORD,05:31,2025-10
Cape Flats Line,Inbound (Retreat to Cape Town),Weekend,0502,6,CRAWFORD,06:38,2025-10
Cape Flats Line,Inbound (Retreat to Cape Town),Weekend,0504,6,CRAWFORD,07:56,2025-10
Cape Flats Line,Inbound (Retreat to Cape Town),Weekend,0506,6,CRAWFORD,08:38,2025-10
Cape Flats Line,Inbound (Retreat to Cape Town),Weekend,0508,6,CRAWFORD,09:56,2025-10
Cape Flats Line,Inbound (Retreat to Cape Town),Weekend,0510,6,CRAWFORD,10:56,2025-10
Cape Flats Line,Inbound (Retreat to Cape Town),Weekend,0512,6,CRAWFORD,11:56,2025-10
Cape Flats Line,Inbound (Retreat to Cape Town),Weekend,0514,6,CRAWFORD,12:56,2025-10
Cape Flats Line,Inbound (Retreat to Cape Town),Weekend,0500,7,ATHLONE,05:34,2025-10
Cape Flats Line,Inbound (Retreat to Cape Town),Weekend,0502,7,ATHLONE,06:41,2025-10
Cape Flats Line,Inbound (Retreat to Cape Town),Weekend,0504,7,ATHLONE,07:59,2025-10
Cape Flats Line,Inbound (Retreat to Cape Town),Weekend,0506,7,ATHLONE,08:41,2025-10
Cape Flats Line,Inbound (Retreat to Cape Town),Weekend,0508,7,ATHLONE,09:59,2025-10
Cape Flats Line,Inbound (Retreat to Cape Town),Weekend,0510,7,ATHLONE,10:59,2025-10
Cape Flats Line,Inbound (Retreat to Cape Town),Weekend,0512,7,ATHLONE,11:59,2025-10
Cape Flats Line,Inbound (Retreat to Cape Town),Weekend,0514,7,ATHLONE,12:59,2025-10
Cape Flats Line,Inbound (Retreat to Cape Town),Weekend,0500,8,HAZENDAL,05:36,2025-10
Cape Flats Line,Inbound (Retreat to Cape Town),Weekend,0502,8,HAZENDAL,06:43,2025-10
Cape Flats Line,Inbound (Retreat to Cape Town),Weekend,0504,8,HAZENDAL,08:01,2025-10
Cape Flats Line,Inbound (Retreat to Cape Town),Weekend,0506,8,HAZENDAL,08:43,2025-10
Cape Flats Line,Inbound (Retreat to Cape Town),Weekend,0508,8,HAZENDAL,10:01,2025-10
Cape Flats Line,Inbound (Retreat to Cape Town),Weekend,0510,8,HAZENDAL,11:01,2025-10
Cape Flats Line,Inbound (Retreat to Cape Town),Weekend,0512,8,HAZENDAL,12:01,2025-10
Cape Flats Line,Inbound (Retreat to Cape Town),Weekend,0514,8,HAZENDAL,13:01,2025-10
Cape Flats Line,Inbound (Retreat to Cape Town),Weekend,0500,9,PINELANDS,05:39,2025-10
Cape Flats Line,Inbound (Retreat to Cape Town),Weekend,0502,9,PINELANDS,06:46,2025-10
Cape Flats Line,Inbound (Retreat to Cape Town),Weekend,0504,9,PINELANDS,08:04,2025-10
Cape Flats Line,Inbound (Retreat to Cape Town),Weekend,0506,9,PINELANDS,08:46,2025-10
Cape Flats Line,Inbound (Retreat to Cape Town),Weekend,0508,9,PINELANDS,10:04,2025-10
Cape Flats Line,Inbound (Retreat to Cape Town),Weekend,0510,9,PINELANDS,11:04,2025-10
Cape Flats Line,Inbound (Retreat to Cape Town),Weekend,0512,9,PINELANDS,12:04,2025-10
Cape Flats Line,Inbound (Retreat to Cape Town),Weekend,0514,9,PINELANDS,13:04,2025-10
Cape Flats Line,Inbound (Retreat to Cape Town),Weekend,0500,10,NDABENI,05:41,2025-10
Cape Flats Line,Inbound (Retreat to Cape Town),Weekend,0502,10,NDABENI,06:48,2025-10
Cape Flats Line,Inbound (Retreat to Cape Town),Weekend,0504,10,NDABENI,08:06,2025-10
Cape Flats Line,Inbound (Retreat to Cape Town),Weekend,0506,10,NDABENI,08:48,2025-10
Cape Flats Line,Inbound (Retreat to Cape Town),Weekend,0508,10,NDABENI,10:06,2025-10
Cape Flats Line,Inbound (Retreat to Cape Town),Weekend,0510,10,NDABENI,11:06,2025-10
Cape Flats Line,Inbound (Retreat to Cape Town),Weekend,0512,10,NDABENI,12:06,2025-10
Cape Flats Line,Inbound (Retreat to Cape Town),Weekend,0514,10,NDABENI,13:06,2025-10
Cape Flats Line,Inbound (Retreat to Cape Town),Weekend,0500,11,MAITLAND,05:44,2025-10
Cape Flats Line,Inbound (Retreat to Cape Town),Weekend,0502,11,MAITLAND,06:51,2025-10
Cape Flats Line,Inbound (Retreat to Cape Town),Weekend,0504,11,MAITLAND,08:09,2025-10
Cape Flats Line,Inbound (Retreat to Cape Town),Weekend,0506,11,MAITLAND,08:51,2025-10
Cape Flats Line,Inbound (Retreat to Cape Town),Weekend,0508,11,MAITLAND,10:09,2025-10
Cape Flats Line,Inbound (Retreat to Cape Town),Weekend,0510,11,MAITLAND,11:09,2025-10
Cape Flats Line,Inbound (Retreat to Cape Town),Weekend,0512,11,MAITLAND,12:09,2025-10
Cape Flats Line,Inbound (Retreat to Cape Town),Weekend,0514,11,MAITLAND,13:09,2025-10
Cape Flats Line,Inbound (Retreat to Cape Town),Weekend,0500,12,KOEBERG RD,05:46,2025-10
Cape Flats Line,Inbound (Retreat to Cape Town),Weekend,0502,12,KOEBERG RD,06:53,2025-10
Cape Flats Line,Inbound (Retreat to Cape Town),Weekend,0504,12,KOEBERG RD,08:11,2025-10
Cape Flats Line,Inbound (Retreat to Cape Town),Weekend,0506,12,KOEBERG RD,08:53,2025-10
Cape Flats Line,Inbound (Retreat to Cape Town),Weekend,0508,12,KOEBERG RD,10:11,2025-10
Cape Flats Line,Inbound (Retreat to Cape Town),Weekend,0510,12,KOEBERG RD,11:11,2025-10
Cape Flats Line,Inbound (Retreat to Cape Town),Weekend,0512,12,KOEBERG RD,12:11,2025-10
Cape Flats Line,Inbound (Retreat to Cape Town),Weekend,0514,12,KOEBERG RD,13:11,2025-10
Cape Flats Line,Inbound (Retreat to Cape Town),Weekend,0500,13,SALT RIVER,05:48,2025-10
Cape Flats Line,Inbound (Retreat to Cape Town),Weekend,0502,13,SALT RIVER,06:55,2025-10
Cape Flats Line,Inbound (Retreat to Cape Town),Weekend,0504,13,SALT RIVER,08:13,2025-10
Cape Flats Line,Inbound (Retreat to Cape Town),Weekend,0506,13,SALT RIVER,08:55,2025-10
Cape Flats Line,Inbound (Retreat to Cape Town),Weekend,0508,13,SALT RIVER,10:13,2025-10
Cape Flats Line,Inbound (Retreat to Cape Town),Weekend,0510,13,SALT RIVER,11:13,2025-10
Cape Flats Line,Inbound (Retreat to Cape Town),Weekend,0512,13,SALT RIVER,12:13,2025-10
Cape Flats Line,Inbound (Retreat to Cape Town),Weekend,0514,13,SALT RIVER,13:13,2025-10
Cape Flats Line,Inbound (Retreat to Cape Town),Weekend,0500,14,WOODSTOCK,05:52,2025-10
Cape Flats Line,Inbound (Retreat to Cape Town),Weekend,0502,14,WOODSTOCK,06:59,2025-10
Cape Flats Line,Inbound (Retreat to Cape Town),Weekend,0504,14,WOODSTOCK,08:17,2025-10
Cape Flats Line,Inbound (Retreat to Cape Town),Weekend,0506,14,WOODSTOCK,08:59,2025-10
Cape Flats Line,Inbound (Retreat to Cape Town),Weekend,0508,14,WOODSTOCK,10:17,2025-10
Cape Flats Line,Inbound (Retreat to Cape Town),Weekend,0510,14,WOODSTOCK,11:17,2025-10
Cape Flats Line,Inbound (Retreat to Cape Town),Weekend,0512,14,WOODSTOCK,12:17,2025-10
Cape Flats Line,Inbound (Retreat to Cape Town),Weekend,0514,14,WOODSTOCK,13:17,2025-10
Cape Flats Line,Inbound (Retreat to Cape Town),Weekend,0500,15,CAPE TOWN,06:00,2025-10
Cape Flats Line,Inbound (Retreat to Cape Town),Weekend,0502,15,CAPE TOWN,07:07,2025-10
Cape Flats Line,Inbound (Retreat to Cape Town),Weekend,0504,15,CAPE TOWN,08:25,2025-10
Cape Flats Line,Inbound (Retreat to Cape Town),Weekend,0506,15,CAPE TOWN,09:07,2025-10
Cape Flats Line,Inbound (Retreat to Cape Town),Weekend,0508,15,CAPE TOWN,10:25,2025-10
Cape Flats Line,Inbound (Retreat to Cape Town),Weekend,0510,15,CAPE TOWN,11:25,2025-10
Cape Flats Line,Inbound (Retreat to Cape Town),Weekend,0512,15,CAPE TOWN,12:25,2025-10
Cape Flats Line,Inbound (Retreat to Cape Town),Weekend,0514,15,CAPE TOWN,13:25,2025-10
Cape Flats Line,Outbound (Cape Town to Retreat),Weekend,0501,0,CAPE TOWN,05:20,2025-10
Cape Flats Line,Outbound (Cape Town to Retreat),Weekend,0503,0,CAPE TOWN,06:25,2025-10
Cape Flats Line,Outbound (Cape Town to Retreat),Weekend,0505,0,CAPE TOWN,07:30,2025-10
Cape Flats Line,Outbound (Cape Town to Retreat),Weekend,0507,0,CAPE TOWN,08:35,2025-10
Cape Flats Line,Outbound (Cape Town to Retreat),Weekend,0509,0,CAPE TOWN,09:35,2025-10
Cape Flats Line,Outbound (Cape Town to Retreat),Weekend,0511,0,CAPE TOWN,10:50,2025-10
Cape Flats Line,Outbound (Cape Town to Retreat),Weekend,0513,0,CAPE TOWN,11:50,2025-10
Cape Flats Line,Outbound (Cape Town to Retreat),Weekend,0515,0,CAPE TOWN,13:15,2025-10
Cape Flats Line,Outbound (Cape Town to Retreat),Weekend,0501,1,WOODSTOCK,05:23,2025-10
Cape Flats Line,Outbound (Cape Town to Retreat),Weekend,0503,1,WOODSTOCK,06:28,2025-10
Cape Flats Line,Outbound (Cape Town to Retreat),Weekend,0505,1,WOODSTOCK,07:33,2025-10
Cape Flats Line,Outbound (Cape Town to Retreat),Weekend,0507,1,WOODSTOCK,08:38,2025-10
Cape Flats Line,Outbound (Cape Town to Retreat),Weekend,0509,1,WOODSTOCK,09:38,2025-10
Cape Flats Line,Outbound (Cape Town to Retreat),Weekend,0511,1,WOODSTOCK,10:53,2025-10
Cape Flats Line,Outbound (Cape Town to Retreat),Weekend,0513,1,WOODSTOCK,11:53,2025-10
Cape Flats Line,Outbound (Cape Town to Retreat),Weekend,0515,1,WOODSTOCK,13:18,2025-10
Cape Flats Line,Outbound (Cape Town to Retreat),Weekend,0501,2,SALT RIVER,05:26,2025-10
Cape Flats Line,Outbound (Cape Town to Retreat),Weekend,0503,2,SALT RIVER,06:31,2025-10
Cape Flats Line,Outbound (Cape Town to Retreat),Weekend,0505,2,SALT RIVER,07:36,2025-10
Cape Flats Line,Outbound (Cape Town to Retreat),Weekend,0507,2,SALT RIVER,08:41,2025-10
Cape Flats Line,Outbound (Cape Town to Retreat),Weekend,0509,2,SALT RIVER,09:41,2025-10
Cape Flats Line,Outbound (Cape Town to Retreat),Weekend,0511,2,SALT RIVER,10:56,2025-10
Cape Flats Line,Outbound (Cape Town to Retreat),Weekend,0513,2,SALT RIVER,11:56,2025-10
Cape Flats Line,Outbound (Cape Town to Retreat),Weekend,0515,2,SALT RIVER,13:21,2025-10
Cape Flats Line,Outbound (Cape Town to Retreat),Weekend,0501,3,KOEBERG RD,05:28,2025-10
Cape Flats Line,Outbound (Cape Town to Retreat),Weekend,0503,3,KOEBERG RD,06:33,2025-10
Cape Flats Line,Outbound (Cape Town to Retreat),Weekend,0505,3,KOEBERG RD,07:38,2025-10
Cape Flats Line,Outbound (Cape Town to Retreat),Weekend,0507,3,KOEBERG RD,08:43,2025-10
Cape Flats Line,Outbound (Cape Town to Retreat),Weekend,0509,3,KOEBERG RD,09:43,2025-10
Cape Flats Line,Outbound (Cape Town to Retreat),Weekend,0511,3,KOEBERG RD,10:58,2025-10
Cape Flats Line,Outbound (Cape Town to Retreat),Weekend,0513,3,KOEBERG RD,11:58,2025-10
Cape Flats Line,Outbound (Cape Town to Retreat),Weekend,0515,3,KOEBERG RD,13:23,2025-10
Cape Flats Line,Outbound (Cape Town to Retreat),Weekend,0501,4,MAITLAND,05:30,2025-10
Cape Flats Line,Outbound (Cape Town to Retreat),Weekend,0503,4,MAITLAND,06:35,2025-10
Cape Flats Line,Outbound (Cape Town to Retreat),Weekend,0505,4,MAITLAND,07:40,2025-10
Cape Flats Line,Outbound (Cape Town to Retreat),Weekend,0507,4,MAITLAND,08:45,2025-10
Cape Flats Line,Outbound (Cape Town to Retreat),Weekend,0509,4,MAITLAND,09:45,2025-10
Cape Flats Line,Outbound (Cape Town to Retreat),Weekend,0511,4,MAITLAND,11:00,2025-10
Cape Flats Line,Outbound (Cape Town to Retreat),Weekend,0513,4,MAITLAND,12:00,2025-10
Cape Flats Line,Outbound (Cape Town to Retreat),Weekend,0515,4,MAITLAND,13:25,2025-10
Cape Flats Line,Outbound (Cape Town to Retreat),Weekend,0501,5,NDABENI,05:33,2025-10
Cape Flats Line,Outbound (Cape Town to Retreat),Weekend,0503,5,NDABENI,06:38,2025-10
Cape Flats Line,Outbound (Cape Town to Retreat),Weekend,0505,5,NDABENI,07:43,2025-10
Cape Flats Line,Outbound (Cape Town to Retreat),Weekend,0507,5,NDABENI,08:48,2025-10
Cape Flats Line,Outbound (Cape Town to Retreat),Weekend,0509,5,NDABENI,09:48,2025-10
Cape Flats Line,Outbound (Cape Town to Retreat),Weekend,0511,5,NDABENI,11:03,2025-10
Cape Flats Line,Outbound (Cape Town to Retreat),Weekend,0513,5,NDABENI,12:03,2025-10
Cape Flats Line,Outbound (Cape Town to Retreat),Weekend,0515,5,NDABENI,13:28,2025-10
Cape Flats Line,Outbound (Cape Town to Retreat),Weekend,0501,6,PINELANDS,05:36,2025-10
Cape Flats Line,Outbound (Cape Town to Retreat),Weekend,0503,6,PINELANDS,06:41,2025-10
Cape Flats Line,Outbound (Cape Town to Retreat),Weekend,0505,6,PINELANDS,07:46,2025-10
Cape Flats Line,Outbound (Cape Town to Retreat),Weekend,0507,6,PINELANDS,08:51,2025-10
Cape Flats Line,Outbound (Cape Town to Retreat),Weekend,0509,6,PINELANDS,09:51,2025-10
Cape Flats Line,Outbound (Cape Town to Retreat),Weekend,0511,6,PINELANDS,11:06,2025-10
Cape Flats Line,Outbound (Cape Town to Retreat),Weekend,0513,6,PINELANDS,12:06,2025-10
Cape Flats Line,Outbound (Cape Town to Retreat),Weekend,0515,6,PINELANDS,13:31,2025-10
Cape Flats Line,Outbound (Cape Town to Retreat),Weekend,0501,7,HAZENDAL,05:38,2025-10
Cape Flats Line,Outbound (Cape Town to Retreat),Weekend,0503,7,HAZENDAL,06:43,2025-10
Cape Flats Line,Outbound (Cape Town to Retreat),Weekend,0505,7,HAZENDAL,07:48,2025-10
Cape Flats Line,Outbound (Cape Town to Retreat),Weekend,0507,7,HAZENDAL,08:53,2025-10
Cape Flats Line,Outbound (Cape Town to Retreat),Weekend,0509,7,HAZENDAL,09:53,2025-10
Cape Flats Line,Outbound (Cape Town to Retreat),Weekend,0511,7,HAZENDAL,11:08,2025-10
Cape Flats Line,Outbound (Cape Town to Retreat),Weekend,0513,7,HAZENDAL,12:08,2025-10
Cape Flats Line,Outbound (Cape Town to Retreat),Weekend,0515,7,HAZENDAL,13:33,2025-10
Cape Flats Line,Outbound (Cape Town to Retreat),Weekend,0501,8,ATHLONE,05:41,2025-10
Cape Flats Line,Outbound (Cape Town to Retreat),Weekend,0503,8,ATHLONE,06:46,2025-10
Cape Flats Line,Outbound (Cape Town to Retreat),Weekend,0505,8,ATHLONE,07:51,2025-10
Cape Flats Line,Outbound (Cape Town to Retreat),Weekend,0507,8,ATHLONE,08:56,2025-10
Cape Flats Line,Outbound (Cape Town to Retreat),Weekend,0509,8,ATHLONE,09:56,2025-10
Cape Flats Line,Outbound (Cape Town to Retreat),Weekend,0511,8,ATHLONE,11:11,2025-10
Cape Flats Line,Outbound (Cape Town to Retreat),Weekend,0513,8,ATHLONE,12:11,2025-10
Cape Flats Line,Outbound (Cape Town to Retreat),Weekend,0515,8,ATHLONE,13:36,2025-10
Cape Flats Line,Outbound (Cape Town to Retreat),Weekend,0501,9,CRAWFORD,05:43,2025-10
Cape Flats Line,Outbound (Cape Town to Retreat),Weekend,0503,9,CRAWFORD,06:48,2025-10
Cape Flats Line,Outbound (Cape Town to Retreat),Weekend,0505,9,CRAWFORD,07:53,2025-10
Cape Flats Line,Outbound (Cape Town to Retreat),Weekend,0507,9,CRAWFORD,08:58,2025-10
Cape Flats Line,Outbound (Cape Town to Retreat),Weekend,0509,9,CRAWFORD,09:58,2025-10
Cape Flats Line,Outbound (Cape Town to Retreat),Weekend,0511,9,CRAWFORD,11:13,2025-10
Cape Flats Line,Outbound (Cape Town to Retreat),Weekend,0513,9,CRAWFORD,12:13,2025-10
Cape Flats Line,Outbound (Cape Town to Retreat),Weekend,0515,9,CRAWFORD,13:38,2025-10
Cape Flats Line,Outbound (Cape Town to Retreat),Weekend,0501,10,LANSDOWNE,05:45,2025-10
Cape Flats Line,Outbound (Cape Town to Retreat),Weekend,0503,10,LANSDOWNE,06:50,2025-10
Cape Flats Line,Outbound (Cape Town to Retreat),Weekend,0505,10,LANSDOWNE,07:55,2025-10
Cape Flats Line,Outbound (Cape Town to Retreat),Weekend,0507,10,LANSDOWNE,09:00,2025-10
Cape Flats Line,Outbound (Cape Town to Retreat),Weekend,0509,10,LANSDOWNE,10:00,2025-10
Cape Flats Line,Outbound (Cape Town to Retreat),Weekend,0511,10,LANSDOWNE,11:15,2025-10
Cape Flats Line,Outbound (Cape Town to Retreat),Weekend,0513,10,LANSDOWNE,12:15,2025-10
Cape Flats Line,Outbound (Cape Town to Retreat),Weekend,0515,10,LANSDOWNE,13:40,2025-10
Cape Flats Line,Outbound (Cape Town to Retreat),Weekend,0501,11,WETTON,05:48,2025-10
Cape Flats Line,Outbound (Cape Town to Retreat),Weekend,0503,11,WETTON,06:53,2025-10
Cape Flats Line,Outbound (Cape Town to Retreat),Weekend,0505,11,WETTON,07:58,2025-10
Cape Flats Line,Outbound (Cape Town to Retreat),Weekend,0507,11,WETTON,09:03,2025-10
Cape Flats Line,Outbound (Cape Town to Retreat),Weekend,0509,11,WETTON,10:03,2025-10
Cape Flats Line,Outbound (Cape Town to Retreat),Weekend,0511,11,WETTON,11:18,2025-10
Cape Flats Line,Outbound (Cape Town to Retreat),Weekend,0513,11,WETTON,12:18,2025-10
Cape Flats Line,Outbound (Cape Town to Retreat),Weekend,0515,11,WETTON,13:43,2025-10
Cape Flats Line,Outbound (Cape Town to Retreat),Weekend,0501,12,OTTERY,05:50,2025-10
Cape Flats Line,Outbound (Cape Town to Retreat),Weekend,0503,12,OTTERY,06:55,2025-10
Cape Flats Line,Outbound (Cape Town to Retreat),Weekend,0505,12,OTTERY,08:00,2025-10
Cape Flats Line,Outbound (Cape Town to Retreat),Weekend,0507,12,OTTERY,09:05,2025-10
Cape Flats Line,Outbound (Cape Town to Retreat),Weekend,0509,12,OTTERY,10:05,2025-10
Cape Flats Line,Outbound (Cape Town to Retreat),Weekend,0511,12,OTTERY,11:20,2025-10
Cape Flats Line,Outbound (Cape Town to Retreat),Weekend,0513,12,OTTERY,12:20,2025-10
Cape Flats Line,Outbound (Cape Town to Retreat),Weekend,0515,12,OTTERY,13:45,2025-10
Cape Flats Line,Outbound (Cape Town to Retreat),Weekend,0501,13,SOUTHFIELD,05:54,2025-10
Cape Flats Line,Outbound (Cape Town to Retreat),Weekend,0503,13,SOUTHFIELD,06:59,2025-10
Cape Flats Line,Outbound (Cape Town to Retreat),Weekend,0505,13,SOUTHFIELD,08:04,2025-10
Cape Flats Line,Outbound (Cape Town to Retreat),Weekend,0507,13,SOUTHFIELD,09:09,2025-10
Cape Flats Line,Outbound (Cape Town to Retreat),Weekend,0509,13,SOUTHFIELD,10:09,2025-10
Cape Flats Line,Outbound (Cape Town to Retreat),Weekend,0511,13,SOUTHFIELD,11:24,2025-10
Cape Flats Line,Outbound (Cape Town to Retreat),Weekend,0513,13,SOUTHFIELD,12:24,2025-10
Cape Flats Line,Outbound (Cape Town to Retreat),Weekend,0515,13,SOUTHFIELD,13:49,2025-10
Cape Flats Line,Outbound (Cape Town to Retreat),Weekend,0501,14,HEATHFIELD,05:58,2025-10
Cape Flats Line,Outbound (Cape Town to Retreat),Weekend,0503,14,HEATHFIELD,07:03,2025-10
Cape Flats Line,Outbound (Cape Town to Retreat),Weekend,0505,14,HEATHFIELD,08:08,2025-10
Cape Flats Line,Outbound (Cape Town to Retreat),Weekend,0507,14,HEATHFIELD,09:13,2025-10
Cape Flats Line,Outbound (Cape Town to Retreat),Weekend,0509,14,HEATHFIELD,10:13,2025-10
Cape Flats Line,Outbound (Cape Town to Retreat),Weekend,0511,14,HEATHFIELD,11:28,2025-10
Cape Flats Line,Outbound (Cape Town to Retreat),Weekend,0513,14,HEATHFIELD,12:28,2025-10
Cape Flats Line,Outbound (Cape Town to Retreat),Weekend,0515,14,HEATHFIELD,13:53,2025-10
Cape Flats Line,Outbound (Cape Town to Retreat),Weekend,0501,15,RETREAT,06:00,2025-10
Cape Flats Line,Outbound (Cape Town to Retreat),Weekend,0503,15,RETREAT,07:05,2025-10
Cape Flats Line,Outbound (Cape Town to Retreat),Weekend,0505,15,RETREAT,08:10,2025-10
Cape Flats Line,Outbound (Cape Town to Retreat),Weekend,0507,15,RETREAT,09:15,2025-10
Cape Flats Line,Outbound (Cape Town to Retreat),Weekend,0509,15,RETREAT,10:15,2025-10
Cape Flats Line,Outbound (Cape Town to Retreat),Weekend,0511,15,RETREAT,11:30,2025-10
Cape Flats Line,Outbound (Cape Town to Retreat),Weekend,0513,15,RETREAT,12:30,2025-10
Cape Flats Line,Outbound (Cape Town to Retreat),Weekend,0515,15,RETREAT,13:55,2025-10
Northern Line (Monte Vista),Inbound (Bellville to Cape Town),Weekday,3200,0,BELLVILLE,06:05,2025-03-10
Northern Line (Monte Vista),Inbound (Bellville to Cape Town),Weekday,2630,0,BELLVILLE,07:07,2025-03-10
Northern Line (Monte Vista),Inbound (Bellville to Cape Town),Weekday,2800,0,BELLVILLE,07:40,2025-03-10
Northern Line (Monte Vista),Inbound (Bellville to Cape Town),Weekday,2304,0,BELLVILLE,08:05,2025-03-10
Northern Line (Monte Vista),Inbound (Bellville to Cape Town),Weekday,3204,0,BELLVILLE,08:40,2025-03-10
Northern Line (Monte Vista),Inbound (Bellville to Cape Town),Weekday,2802,0,BELLVILLE,09:25,2025-03-10
Northern Line (Monte Vista),Inbound (Bellville to Cape Town),Weekday,2804,0,BELLVILLE,10:00,2025-03-10
Northern Line (Monte Vista),Inbound (Bellville to Cape Town),Weekday,2806,0,BELLVILLE,11:40,2025-03-10
Northern Line (Monte Vista),Inbound (Bellville to Cape Town),Weekday,2808,0,BELLVILLE,13:15,2025-03-10
Northern Line (Monte Vista),Inbound (Bellville to Cape Town),Weekday,2810,0,BELLVILLE,15:05,2025-03-10
Northern Line (Monte Vista),Inbound (Bellville to Cape Town),Weekday,2812,0,BELLVILLE,16:30,2025-03-10
Northern Line (Monte Vista),Inbound (Bellville to Cape Town),Weekday,2814,0,BELLVILLE,17:15,2025-03-10
Northern Line (Monte Vista),Inbound (Bellville to Cape Town),Weekday,2816,0,BELLVILLE,18:55,2025-03-10
Northern Line (Monte Vista),Inbound (Bellville to Cape Town),Weekday,3200,1,OOSTERZEE,06:09,2025-03-10
Northern Line (Monte Vista),Inbound (Bellville to Cape Town),Weekday,2630,1,OOSTERZEE,07:13,2025-03-10
Northern Line (Monte Vista),Inbound (Bellville to Cape Town),Weekday,2800,1,OOSTERZEE,07:44,2025-03-10
Northern Line (Monte Vista),Inbound (Bellville to Cape Town),Weekday,2304,1,OOSTERZEE,08:09,2025-03-10
Northern Line (Monte Vista),Inbound (Bellville to Cape Town),Weekday,3204,1,OOSTERZEE,08:44,2025-03-10
Northern Line (Monte Vista),Inbound (Bellville to Cape Town),Weekday,2802,1,OOSTERZEE,09:29,2025-03-10
Northern Line (Monte Vista),Inbound (Bellville to Cape Town),Weekday,2804,1,OOSTERZEE,10:04,2025-03-10
Northern Line (Monte Vista),Inbound (Bellville to Cape Town),Weekday,2806,1,OOSTERZEE,11:44,2025-03-10
Northern Line (Monte Vista),Inbound (Bellville to Cape Town),Weekday,2808,1,OOSTERZEE,13:19,2025-03-10
Northern Line (Monte Vista),Inbound (Bellville to Cape Town),Weekday,2810,1,OOSTERZEE,15:09,2025-03-10
Northern Line (Monte Vista),Inbound (Bellville to Cape Town),Weekday,2812,1,OOSTERZEE,16:34,2025-03-10
Northern Line (Monte Vista),Inbound (Bellville to Cape Town),Weekday,2814,1,OOSTERZEE,17:19,2025-03-10
Northern Line (Monte Vista),Inbound (Bellville to Cape Town),Weekday,2816,1,OOSTERZEE,18:59,2025-03-10
Northern Line (Monte Vista),Inbound (Bellville to Cape Town),Weekday,3200,2,AVONDALE,06:13,2025-03-10
Northern Line (Monte Vista),Inbound (Bellville to Cape Town),Weekday,2630,2,AVONDALE,07:20,2025-03-10
Northern Line (Monte Vista),Inbound (Bellville to Cape Town),Weekday,2800,2,AVONDALE,07:48,2025-03-10
Northern Line (Monte Vista),Inbound (Bellville to Cape Town),Weekday,2304,2,AVONDALE,08:13,2025-03-10
Northern Line (Monte Vista),Inbound (Bellville to Cape Town),Weekday,3204,2,AVONDALE,08:48,2025-03-10
Northern Line (Monte Vista),Inbound (Bellville to Cape Town),Weekday,2802,2,AVONDALE,09:33,2025-03-10
Northern Line (Monte Vista),Inbound (Bellville to Cape Town),Weekday,2804,2,AVONDALE,10:08,2025-03-10
Northern Line (Monte Vista),Inbound (Bellville to Cape Town),Weekday,2806,2,AVONDALE,11:48,2025-03-10
Northern Line (Monte Vista),Inbound (Bellville to Cape Town),Weekday,2808,2,AVONDALE,13:23,2025-03-10
Northern Line (Monte Vista),Inbound (Bellville to Cape Town),Weekday,2810,2,AVONDALE,15:13,2025-03-10
Northern Line (Monte Vista),Inbound (Bellville to Cape Town),Weekday,2812,2,AVONDALE,16:38,2025-03-10
Northern Line (Monte Vista),Inbound (Bellville to Cape Town),Weekday,2814,2,AVONDALE,17:23,2025-03-10
Northern Line (Monte Vista),Inbound (Bellville to Cape Town),Weekday,2816,2,AVONDALE,19:03,2025-03-10
Northern Line (Monte Vista),Inbound (Bellville to Cape Town),Weekday,3200,3,DE GRENDEL,06:18,2025-03-10
Northern Line (Monte Vista),Inbound (Bellville to Cape Town),Weekday,2800,3,DE GRENDEL,07:53,2025-03-10
Northern Line (Monte Vista),Inbound (Bellville to Cape Town),Weekday,2304,3,DE GRENDEL,08:18,2025-03-10
Northern Line (Monte Vista),Inbound (Bellville to Cape Town),Weekday,3204,3,DE GRENDEL,08:53,2025-03-10
Northern Line (Monte Vista),Inbound (Bellville to Cape Town),Weekday,2802,3,DE GRENDEL,09:38,2025-03-10
Northern Line (Monte Vista),Inbound (Bellville to Cape Town),Weekday,2804,3,DE GRENDEL,10:13,2025-03-10
Northern Line (Monte Vista),Inbound (Bellville to Cape Town),Weekday,2806,3,DE GRENDEL,11:53,2025-03-10
Northern Line (Monte Vista),Inbound (Bellville to Cape Town),Weekday,2808,3,DE GRENDEL,13:28,2025-03-10
Northern Line (Monte Vista),Inbound (Bellville to Cape Town),Weekday,2810,3,DE GRENDEL,15:18,2025-03-10
Northern Line (Monte Vista),Inbound (Bellville to Cape Town),Weekday,2812,3,DE GRENDEL,16:43,2025-03-10
Northern Line (Monte Vista),Inbound (Bellville to Cape Town),Weekday,2814,3,DE GRENDEL,17:28,2025-03-10
Northern Line (Monte Vista),Inbound (Bellville to Cape Town),Weekday,2816,3,DE GRENDEL,19:08,2025-03-10
Northern Line (Monte Vista),Inbound (Bellville to Cape Town),Weekday,3200,4,MONTE VISTA,06:25,2025-03-10
Northern Line (Monte Vista),Inbound (Bellville to Cape Town),Weekday,2630,4,MONTE VISTA,07:26,2025-03-10
Northern Line (Monte Vista),Inbound (Bellville to Cape Town),Weekday,2800,4,MONTE VISTA,08:00,2025-03-10
Northern Line (Monte Vista),Inbound (Bellville to Cape Town),Weekday,2304,4,MONTE VISTA,08:25,2025-03-10
Northern Line (Monte Vista),Inbound (Bellville to Cape Town),Weekday,3204,4,MONTE VISTA,09:00,2025-03-10
Northern Line (Monte Vista),Inbound (Bellville to Cape Town),Weekday,2802,4,MONTE VISTA,09:45,2025-03-10
Northern Line (Monte Vista),Inbound (Bellville to Cape Town),Weekday,2804,4,MONTE VISTA,10:20,2025-03-10
Northern Line (Monte Vista),Inbound (Bellville to Cape Town),Weekday,2806,4,MONTE VISTA,12:00,2025-03-10
Northern Line (Monte Vista),Inbound (Bellville to Cape Town),Weekday,2808,4,MONTE VISTA,13:35,2025-03-10
Northern Line (Monte Vista),Inbound (Bellville to Cape Town),Weekday,2810,4,MONTE VISTA,15:25,2025-03-10
Northern Line (Monte Vista),Inbound (Bellville to Cape Town),Weekday,2812,4,MONTE VISTA,16:50,2025-03-10
Northern Line (Monte Vista),Inbound (Bellville to Cape Town),Weekday,2814,4,MONTE VISTA,17:35,2025-03-10
Northern Line (Monte Vista),Inbound (Bellville to Cape Town),Weekday,2816,4,MONTE VISTA,19:15,2025-03-10
Northern Line (Monte Vista),Inbound (Bellville to Cape Town),Weekday,3200,5,CENTURY CITY,06:37,2025-03-10
Northern Line (Monte Vista),Inbound (Bellville to Cape Town),Weekday,2630,5,CENTURY CITY,07:34,2025-03-10
Northern Line (Monte Vista),Inbound (Bellville to Cape Town),Weekday,2800,5,CENTURY CITY,08:12,2025-03-10
Northern Line (Monte Vista),Inbound (Bellville to Cape Town),Weekday,2304,5,CENTURY CITY,08:37,2025-03-10
Northern Line (Monte Vista),Inbound (Bellville to Cape Town),Weekday,3204,5,CENTURY CITY,09:12,2025-03-10
Northern Line (Monte Vista),Inbound (Bellville to Cape Town),Weekday,2802,5,CENTURY CITY,09:57,2025-03-10
Northern Line (Monte Vista),Inbound (Bellville to Cape Town),Weekday,2804,5,CENTURY CITY,10:32,2025-03-10
Northern Line (Monte Vista),Inbound (Bellville to Cape Town),Weekday,2806,5,CENTURY CITY,12:12,2025-03-10
Northern Line (Monte Vista),Inbound (Bellville to Cape Town),Weekday,2808,5,CENTURY CITY,13:47,2025-03-10
Northern Line (Monte Vista),Inbound (Bellville to Cape Town),Weekday,2810,5,CENTURY CITY,15:37,2025-03-10
Northern Line (Monte Vista),Inbound (Bellville to Cape Town),Weekday,2812,5,CENTURY CITY,17:02,2025-03-10
Northern Line (Monte Vista),Inbound (Bellville to Cape Town),Weekday,2814,5,CENTURY CITY,17:47,2025-03-10
Northern Line (Monte Vista),Inbound (Bellville to Cape Town),Weekday,2816,5,CENTURY CITY,19:27,2025-03-10
Northern Line (Monte Vista),Inbound (Bellville to Cape Town),Weekday,3200,6,YSTERPLAAT,06:48,2025-03-10
Northern Line (Monte Vista),Inbound (Bellville to Cape Town),Weekday,2630,6,YSTERPLAAT,07:41,2025-03-10
Northern Line (Monte Vista),Inbound (Bellville to Cape Town),Weekday,2800,6,YSTERPLAAT,08:23,2025-03-10
Northern Line (Monte Vista),Inbound (Bellville to Cape Town),Weekday,2304,6,YSTERPLAAT,08:48,2025-03-10
Northern Line (Monte Vista),Inbound (Bellville to Cape Town),Weekday,3204,6,YSTERPLAAT,09:23,2025-03-10
Northern Line (Monte Vista),Inbound (Bellville to Cape Town),Weekday,2802,6,YSTERPLAAT,10:08,2025-03-10
Northern Line (Monte Vista),Inbound (Bellville to Cape Town),Weekday,2804,6,YSTERPLAAT,10:43,2025-03-10
Northern Line (Monte Vista),Inbound (Bellville to Cape Town),Weekday,2806,6,YSTERPLAAT,12:23,2025-03-10
Northern Line (Monte Vista),Inbound (Bellville to Cape Town),Weekday,2808,6,YSTERPLAAT,13:58,2025-03-10
Northern Line (Monte Vista),Inbound (Bellville to Cape Town),Weekday,2810,6,YSTERPLAAT,15:48,2025-03-10
Northern Line (Monte Vista),Inbound (Bellville to Cape Town),Weekday,2812,6,YSTERPLAAT,17:13,2025-03-10
Northern Line (Monte Vista),Inbound (Bellville to Cape Town),Weekday,2814,6,YSTERPLAAT,17:58,2025-03-10
Northern Line (Monte Vista),Inbound (Bellville to Cape Town),Weekday,2816,6,YSTERPLAAT,19:38,2025-03-10
Northern Line (Monte Vista),Inbound (Bellville to Cape Town),Weekday,3200,7,ESPLANADE,06:55,2025-03-10
Northern Line (Monte Vista),Inbound (Bellville to Cape Town),Weekday,2630,7,ESPLANADE,07:47,2025-03-10
Northern Line (Monte Vista),Inbound (Bellville to Cape Town),Weekday,2800,7,ESPLANADE,08:30,2025-03-10
Northern Line (Monte Vista),Inbound (Bellville to Cape Town),Weekday,2304,7,ESPLANADE,08:55,2025-03-10
Northern Line (Monte Vista),Inbound (Bellville to Cape Town),Weekday,3204,7,ESPLANADE,09:30,2025-03-10
Northern Line (Monte Vista),Inbound (Bellville to Cape Town),Weekday,2802,7,ESPLANADE,10:15,2025-03-10
Northern Line (Monte Vista),Inbound (Bellville to Cape Town),Weekday,2804,7,ESPLANADE,10:50,2025-03-10
Northern Line (Monte Vista),Inbound (Bellville to Cape Town),Weekday,2806,7,ESPLANADE,12:30,2025-03-10
Northern Line (Monte Vista),Inbound (Bellville to Cape Town),Weekday,2808,7,ESPLANADE,14:05,2025-03-10
Northern Line (Monte Vista),Inbound (Bellville to Cape Town),Weekday,2810,7,ESPLANADE,15:55,2025-03-10
Northern Line (Monte Vista),Inbound (Bellville to Cape Town),Weekday,2812,7,ESPLANADE,17:20,2025-03-10
Northern Line (Monte Vista),Inbound (Bellville to Cape Town),Weekday,2814,7,ESPLANADE,18:05,2025-03-10
Northern Line (Monte Vista),Inbound (Bellville to Cape Town),Weekday,2816,7,ESPLANADE,19:45,2025-03-10
Northern Line (Monte Vista),Inbound (Bellville to Cape Town),Weekday,3200,8,CAPE TOWN,07:00,2025-03-10
Northern Line (Monte Vista),Inbound (Bellville to Cape Town),Weekday,2630,8,CAPE TOWN,07:55,2025-03-10
Northern Line (Monte Vista),Inbound (Bellville to Cape Town),Weekday,2800,8,CAPE TOWN,08:35,2025-03-10
Northern Line (Monte Vista),Inbound (Bellville to Cape Town),Weekday,2304,8,CAPE TOWN,09:00,2025-03-10
Northern Line (Monte Vista),Inbound (Bellville to Cape Town),Weekday,3204,8,CAPE TOWN,09:35,2025-03-10
Northern Line (Monte Vista),Inbound (Bellville to Cape Town),Weekday,2802,8,CAPE TOWN,10:20,2025-03-10
Northern Line (Monte Vista),Inbound (Bellville to Cape Town),Weekday,2804,8,CAPE TOWN,10:55,2025-03-10
Northern Line (Monte Vista),Inbound (Bellville to Cape Town),Weekday,2806,8,CAPE TOWN,12:35,2025-03-10
Northern Line (Monte Vista),Inbound (Bellville to Cape Town),Weekday,2808,8,CAPE TOWN,14:10,2025-03-10
Northern Line (Monte Vista),Inbound (Bellville to Cape Town),Weekday,2810,8,CAPE TOWN,16:00,2025-03-10
Northern Line (Monte Vista),Inbound (Bellville to Cape Town),Weekday,2812,8,CAPE TOWN,17:25,2025-03-10
Northern Line (Monte Vista),Inbound (Bellville to Cape Town),Weekday,2814,8,CAPE TOWN,18:10,2025-03-10
Northern Line (Monte Vista),Inbound (Bellville to Cape Town),Weekday,2816,8,CAPE TOWN,19:50,2025-03-10
Northern Line (Monte Vista),Outbound (Cape Town to Bellville),Weekday,2801,0,CAPE TOWN,05:55,2025-03-10
Northern Line (Monte Vista),Outbound (Cape Town to Bellville),Weekday,3203,0,CAPE TOWN,06:35,2025-03-10
Northern Line (Monte Vista),Outbound (Cape Town to Bellville),Weekday,2803,0,CAPE TOWN,07:40,2025-03-10
Northern Line (Monte Vista),Outbound (Cape Town to Bellville),Weekday,2805,0,CAPE TOWN,08:45,2025-03-10
Northern Line (Monte Vista),Outbound (Cape Town to Bellville),Weekday,2807,0,CAPE TOWN,10:30,2025-03-10
Northern Line (Monte Vista),Outbound (Cape Town to Bellville),Weekday,2809,0,CAPE TOWN,12:00,2025-03-10
Northern Line (Monte Vista),Outbound (Cape Town to Bellville),Weekday,2811,0,CAPE TOWN,14:00,2025-03-10
Northern Line (Monte Vista),Outbound (Cape Town to Bellville),Weekday,2813,0,CAPE TOWN,14:55,2025-03-10
Northern Line (Monte Vista),Outbound (Cape Town to Bellville),Weekday,2815,0,CAPE TOWN,16:10,2025-03-10
Northern Line (Monte Vista),Outbound (Cape Town to Bellville),Weekday,3207,0,CAPE TOWN,16:54,2025-03-10
Northern Line (Monte Vista),Outbound (Cape Town to Bellville),Weekday,2677,0,CAPE TOWN,17:30,2025-03-10
Northern Line (Monte Vista),Outbound (Cape Town to Bellville),Weekday,2817,0,CAPE TOWN,17:50,2025-03-10
Northern Line (Monte Vista),Outbound (Cape Town to Bellville),Weekday,2801,1,ESPLANADE,06:00,2025-03-10
Northern Line (Monte Vista),Outbound (Cape Town to Bellville),Weekday,3203,1,ESPLANADE,06:40,2025-03-10
Northern Line (Monte Vista),Outbound (Cape Town to Bellville),Weekday,2803,1,ESPLANADE,07:45,2025-03-10
Northern Line (Monte Vista),Outbound (Cape Town to Bellville),Weekday,2805,1,ESPLANADE,08:50,2025-03-10
Northern Line (Monte Vista),Outbound (Cape Town to Bellville),Weekday,2807,1,ESPLANADE,10:35,2025-03-10
Northern Line (Monte Vista),Outbound (Cape Town to Bellville),Weekday,2809,1,ESPLANADE,12:05,2025-03-10
Northern Line (Monte Vista),Outbound (Cape Town to Bellville),Weekday,2811,1,ESPLANADE,14:05,2025-03-10
Northern Line (Monte Vista),Outbound (Cape Town to Bellville),Weekday,2813,1,ESPLANADE,15:00,2025-03-10
Northern Line (Monte Vista),Outbound (Cape Town to Bellville),Weekday,2815,1,ESPLANADE,16:15,2025-03-10
Northern Line (Monte Vista),Outbound (Cape Town to Bellville),Weekday,3207,1,ESPLANADE,16:59,2025-03-10
Northern Line (Monte Vista),Outbound (Cape Town to Bellville),Weekday,2677,1,ESPLANADE,17:38,2025-03-10
Northern Line (Monte Vista),Outbound (Cape Town to Bellville),Weekday,2817,1,ESPLANADE,17:55,2025-03-10
Northern Line (Monte Vista),Outbound (Cape Town to Bellville),Weekday,2801,2,YSTERPLAAT,06:07,2025-03-10
Northern Line (Monte Vista),Outbound (Cape Town to Bellville),Weekday,3203,2,YSTERPLAAT,06:47,2025-03-10
Northern Line (Monte Vista),Outbound (Cape Town to Bellville),Weekday,2803,2,YSTERPLAAT,07:52,2025-03-10
Northern Line (Monte Vista),Outbound (Cape Town to Bellville),Weekday,2805,2,YSTERPLAAT,08:57,2025-03-10
Northern Line (Monte Vista),Outbound (Cape Town to Bellville),Weekday,2807,2,YSTERPLAAT,10:42,2025-03-10
Northern Line (Monte Vista),Outbound (Cape Town to Bellville),Weekday,2809,2,YSTERPLAAT,12:12,2025-03-10
Northern Line (Monte Vista),Outbound (Cape Town to Bellville),Weekday,2811,2,YSTERPLAAT,14:12,2025-03-10
Northern Line (Monte Vista),Outbound (Cape Town to Bellville),Weekday,2813,2,YSTERPLAAT,15:07,2025-03-10
Northern Line (Monte Vista),Outbound (Cape Town to Bellville),Weekday,2815,2,YSTERPLAAT,16:22,2025-03-10
Northern Line (Monte Vista),Outbound (Cape Town to Bellville),Weekday,3207,2,YSTERPLAAT,17:06,2025-03-10
Northern Line (Monte Vista),Outbound (Cape Town to Bellville),Weekday,2677,2,YSTERPLAAT,17:41,2025-03-10
Northern Line (Monte Vista),Outbound (Cape Town to Bellville),Weekday,2817,2,YSTERPLAAT,18:02,2025-03-10
Northern Line (Monte Vista),Outbound (Cape Town to Bellville),Weekday,2801,3,CENTURY CITY,06:18,2025-03-10
Northern Line (Monte Vista),Outbound (Cape Town to Bellville),Weekday,3203,3,CENTURY CITY,06:58,2025-03-10
Northern Line (Monte Vista),Outbound (Cape Town to Bellville),Weekday,2803,3,CENTURY CITY,08:03,2025-03-10
Northern Line (Monte Vista),Outbound (Cape Town to Bellville),Weekday,2805,3,CENTURY CITY,09:08,2025-03-10
Northern Line (Monte Vista),Outbound (Cape Town to Bellville),Weekday,2807,3,CENTURY CITY,10:53,2025-03-10
Northern Line (Monte Vista),Outbound (Cape Town to Bellville),Weekday,2809,3,CENTURY CITY,12:23,2025-03-10
Northern Line (Monte Vista),Outbound (Cape Town to Bellville),Weekday,2811,3,CENTURY CITY,14:23,2025-03-10
Northern Line (Monte Vista),Outbound (Cape Town to Bellville),Weekday,2813,3,CENTURY CITY,15:18,2025-03-10
Northern Line (Monte Vista),Outbound (Cape Town to Bellville),Weekday,2815,3,CENTURY CITY,16:33,2025-03-10
Northern Line (Monte Vista),Outbound (Cape Town to Bellville),Weekday,3207,3,CENTURY CITY,17:17,2025-03-10
Northern Line (Monte Vista),Outbound (Cape Town to Bellville),Weekday,2677,3,CENTURY CITY,17:50,2025-03-10
Northern Line (Monte Vista),Outbound (Cape Town to Bellville),Weekday,2817,3,CENTURY CITY,18:13,2025-03-10
Northern Line (Monte Vista),Outbound (Cape Town to Bellville),Weekday,2801,4,MONTE VISTA,06:30,2025-03-10
Northern Line (Monte Vista),Outbound (Cape Town to Bellville),Weekday,3203,4,MONTE VISTA,07:10,2025-03-10
Northern Line (Monte Vista),Outbound (Cape Town to Bellville),Weekday,2803,4,MONTE VISTA,08:15,2025-03-10
Northern Line (Monte Vista),Outbound (Cape Town to Bellville),Weekday,2805,4,MONTE VISTA,09:20,2025-03-10
Northern Line (Monte Vista),Outbound (Cape Town to Bellville),Weekday,2807,4,MONTE VISTA,11:05,2025-03-10
Northern Line (Monte Vista),Outbound (Cape Town to Bellville),Weekday,2809,4,MONTE VISTA,12:35,2025-03-10
Northern Line (Monte Vista),Outbound (Cape Town to Bellville),Weekday,2811,4,MONTE VISTA,14:35,2025-03-10
Northern Line (Monte Vista),Outbound (Cape Town to Bellville),Weekday,2813,4,MONTE VISTA,15:30,2025-03-10
Northern Line (Monte Vista),Outbound (Cape Town to Bellville),Weekday,2815,4,MONTE VISTA,16:45,2025-03-10
Northern Line (Monte Vista),Outbound (Cape Town to Bellville),Weekday,3207,4,MONTE VISTA,17:29,2025-03-10
Northern Line (Monte Vista),Outbound (Cape Town to Bellville),Weekday,2677,4,MONTE VISTA,17:54,2025-03-10
Northern Line (Monte Vista),Outbound (Cape Town to Bellville),Weekday,2817,4,MONTE VISTA,18:25,2025-03-10
Northern Line (Monte Vista),Outbound (Cape Town to Bellville),Weekday,2801,5,DE GRENDEL,06:37,2025-03-10
Northern Line (Monte Vista),Outbound (Cape Town to Bellville),Weekday,3203,5,DE GRENDEL,07:17,2025-03-10
Northern Line (Monte Vista),Outbound (Cape Town to Bellville),Weekday,2803,5,DE GRENDEL,08:22,2025-03-10
Northern Line (Monte Vista),Outbound (Cape Town to Bellville),Weekday,2805,5,DE GRENDEL,09:27,2025-03-10
Northern Line (Monte Vista),Outbound (Cape Town to Bellville),Weekday,2807,5,DE GRENDEL,11:12,2025-03-10
Northern Line (Monte Vista),Outbound (Cape Town to Bellville),Weekday,2809,5,DE GRENDEL,12:42,2025-03-10
Northern Line (Monte Vista),Outbound (Cape Town to Bellville),Weekday,2811,5,DE GRENDEL,14:42,2025-03-10
Northern Line (Monte Vista),Outbound (Cape Town to Bellville),Weekday,2813,5,DE GRENDEL,15:37,2025-03-10
Northern Line (Monte Vista),Outbound (Cape Town to Bellville),Weekday,2815,5,DE GRENDEL,16:52,2025-03-10
Northern Line (Monte Vista),Outbound (Cape Town to Bellville),Weekday,3207,5,DE GRENDEL,17:36,2025-03-10
Northern Line (Monte Vista),Outbound (Cape Town to Bellville),Weekday,2817,5,DE GRENDEL,18:32,2025-03-10
Northern Line (Monte Vista),Outbound (Cape Town to Bellville),Weekday,2801,6,AVONDALE,06:41,2025-03-10
Northern Line (Monte Vista),Outbound (Cape Town to Bellville),Weekday,3203,6,AVONDALE,07:21,2025-03-10
Northern Line (Monte Vista),Outbound (Cape Town to Bellville),Weekday,2803,6,AVONDALE,08:26,2025-03-10
Northern Line (Monte Vista),Outbound (Cape Town to Bellville),Weekday,2805,6,AVONDALE,09:31,2025-03-10
Northern Line (Monte Vista),Outbound (Cape Town to Bellville),Weekday,2807,6,AVONDALE,11:16,2025-03-10
Northern Line (Monte Vista),Outbound (Cape Town to Bellville),Weekday,2809,6,AVONDALE,12:46,2025-03-10
Northern Line (Monte Vista),Outbound (Cape Town to Bellville),Weekday,2811,6,AVONDALE,14:46,2025-03-10
Northern Line (Monte Vista),Outbound (Cape Town to Bellville),Weekday,2813,6,AVONDALE,15:41,2025-03-10
Northern Line (Monte Vista),Outbound (Cape Town to Bellville),Weekday,2815,6,AVONDALE,16:56,2025-03-10
Northern Line (Monte Vista),Outbound (Cape Town to Bellville),Weekday,3207,6,AVONDALE,17:40,2025-03-10
Northern Line (Monte Vista),Outbound (Cape Town to Bellville),Weekday,2677,6,AVONDALE,17:59,2025-03-10
Northern Line (Monte Vista),Outbound (Cape Town to Bellville),Weekday,2817,6,AVONDALE,18:36,2025-03-10
Northern Line (Monte Vista),Outbound (Cape Town to Bellville),Weekday,2801,7,OOSTERZEE,06:45,2025-03-10
Northern Line (Monte Vista),Outbound (Cape Town to Bellville),Weekday,3203,7,OOSTERZEE,07:25,2025-03-10
Northern Line (Monte Vista),Outbound (Cape Town to Bellville),Weekday,2803,7,OOSTERZEE,08:30,2025-03-10
Northern Line (Monte Vista),Outbound (Cape Town to Bellville),Weekday,2805,7,OOSTERZEE,09:35,2025-03-10
Northern Line (Monte Vista),Outbound (Cape Town to Bellville),Weekday,2807,7,OOSTERZEE,11:20,2025-03-10
Northern Line (Monte Vista),Outbound (Cape Town to Bellville),Weekday,2809,7,OOSTERZEE,12:50,2025-03-10
Northern Line (Monte Vista),Outbound (Cape Town to Bellville),Weekday,2811,7,OOSTERZEE,14:50,2025-03-10
Northern Line (Monte Vista),Outbound (Cape Town to Bellville),Weekday,2813,7,OOSTERZEE,15:45,2025-03-10
Northern Line (Monte Vista),Outbound (Cape Town to Bellville),Weekday,2815,7,OOSTERZEE,17:00,2025-03-10
Northern Line (Monte Vista),Outbound (Cape Town to Bellville),Weekday,3207,7,OOSTERZEE,17:44,2025-03-10
Northern Line (Monte Vista),Outbound (Cape Town to Bellville),Weekday,2677,7,OOSTERZEE,18:02,2025-03-10
Northern Line (Monte Vista),Outbound (Cape Town to Bellville),Weekday,2817,7,OOSTERZEE,18:40,2025-03-10
Northern Line (Monte Vista),Outbound (Cape Town to Bellville),Weekday,2801,8,BELLVILLE,06:50,2025-03-10
Northern Line (Monte Vista),Outbound (Cape Town to Bellville),Weekday,3203,8,BELLVILLE,07:30,2025-03-10
Northern Line (Monte Vista),Outbound (Cape Town to Bellville),Weekday,2803,8,BELLVILLE,08:35,2025-03-10
Northern Line (Monte Vista),Outbound (Cape Town to Bellville),Weekday,2805,8,BELLVILLE,09:40,2025-03-10
Northern Line (Monte Vista),Outbound (Cape Town to Bellville),Weekday,2807,8,BELLVILLE,11:25,2025-03-10
Northern Line (Monte Vista),Outbound (Cape Town to Bellville),Weekday,2809,8,BELLVILLE,12:55,2025-03-10
Northern Line (Monte Vista),Outbound (Cape Town to Bellville),Weekday,2811,8,BELLVILLE,14:55,2025-03-10
Northern Line (Monte Vista),Outbound (Cape Town to Bellville),Weekday,2813,8,BELLVILLE,15:50,2025-03-10
Northern Line (Monte Vista),Outbound (Cape Town to Bellville),Weekday,2815,8,BELLVILLE,17:05,2025-03-10
Northern Line (Monte Vista),Outbound (Cape Town to Bellville),Weekday,3207,8,BELLVILLE,17:49,2025-03-10
Northern Line (Monte Vista),Outbound (Cape Town to Bellville),Weekday,2677,8,BELLVILLE,18:06,2025-03-10
Northern Line (Monte Vista),Outbound (Cape Town to Bellville),Weekday,2817,8,BELLVILLE,18:45,2025-03-10
Northern Line (Monte Vista),Inbound (Bellville to Cape Town),Weekend,2800,0,BELLVILLE,06:50,2024-12-28
Northern Line (Monte Vista),Inbound (Bellville to Cape Town),Weekend,2632,0,BELLVILLE,07:07,2024-12-28
Northern Line (Monte Vista),Inbound (Bellville to Cape Town),Weekend,2802,0,BELLVILLE,09:00,2024-12-28
Northern Line (Monte Vista),Inbound (Bellville to Cape Town),Weekend,2804,0,BELLVILLE,11:10,2024-12-28
Northern Line (Monte Vista),Inbound (Bellville to Cape Town),Weekend,2806,0,BELLVILLE,13:20,2024-12-28
Northern Line (Monte Vista),Inbound (Bellville to Cape Town),Weekend,2508,0,BELLVILLE,12:55,2024-12-28
Northern Line (Monte Vista),Inbound (Bellville to Cape Town),Weekend,2800,1,OOSTERZEE,06:54,2024-12-28
Northern Line (Monte Vista),Inbound (Bellville to Cape Town),Weekend,2632,1,OOSTERZEE,07:11,2024-12-28
Northern Line (Monte Vista),Inbound (Bellville to Cape Town),Weekend,2802,1,OOSTERZEE,09:04,2024-12-28
Northern Line (Monte Vista),Inbound (Bellville to Cape Town),Weekend,2804,1,OOSTERZEE,11:14,2024-12-28
Northern Line (Monte Vista),Inbound (Bellville to Cape Town),Weekend,2806,1,OOSTERZEE,13:24,2024-12-28
Northern Line (Monte Vista),Inbound (Bellville to Cape Town),Weekend,2508,1,OOSTERZEE,12:59,2024-12-28
Northern Line (Monte Vista),Inbound (Bellville to Cape Town),Weekend,2800,2,AVONDALE,06:58,2024-12-28
Northern Line (Monte Vista),Inbound (Bellville to Cape Town),Weekend,2632,2,AVONDALE,07:18,2024-12-28
Northern Line (Monte Vista),Inbound (Bellville to Cape Town),Weekend,2802,2,AVONDALE,09:08,2024-12-28
Northern Line (Monte Vista),Inbound (Bellville to Cape Town),Weekend,2804,2,AVONDALE,11:18,2024-12-28
Northern Line (Monte Vista),Inbound (Bellville to Cape Town),Weekend,2806,2,AVONDALE,13:28,2024-12-28
Northern Line (Monte Vista),Inbound (Bellville to Cape Town),Weekend,2508,2,AVONDALE,13:03,2024-12-28
Northern Line (Monte Vista),Inbound (Bellville to Cape Town),Weekend,2800,3,DE GRENDEL,07:03,2024-12-28
Northern Line (Monte Vista),Inbound (Bellville to Cape Town),Weekend,2802,3,DE GRENDEL,09:13,2024-12-28
Northern Line (Monte Vista),Inbound (Bellville to Cape Town),Weekend,2804,3,DE GRENDEL,11:23,2024-12-28
Northern Line (Monte Vista),Inbound (Bellville to Cape Town),Weekend,2806,3,DE GRENDEL,13:33,2024-12-28
Northern Line (Monte Vista),Inbound (Bellville to Cape Town),Weekend,2508,3,DE GRENDEL,13:08,2024-12-28
Northern Line (Monte Vista),Inbound (Bellville to Cape Town),Weekend,2800,4,CENTURY CITY,07:22,2024-12-28
Northern Line (Monte Vista),Inbound (Bellville to Cape Town),Weekend,2632,4,CENTURY CITY,07:31,2024-12-28
Northern Line (Monte Vista),Inbound (Bellville to Cape Town),Weekend,2802,4,CENTURY CITY,09:32,2024-12-28
Northern Line (Monte Vista),Inbound (Bellville to Cape Town),Weekend,2804,4,CENTURY CITY,11:42,2024-12-28
Northern Line (Monte Vista),Inbound (Bellville to Cape Town),Weekend,2806,4,CENTURY CITY,13:52,2024-12-28
Northern Line (Monte Vista),Inbound (Bellville to Cape Town),Weekend,2508,4,CENTURY CITY,13:27,2024-12-28
Northern Line (Monte Vista),Inbound (Bellville to Cape Town),Weekend,2800,5,YSTERPLAAT,07:33,2024-12-28
Northern Line (Monte Vista),Inbound (Bellville to Cape Town),Weekend,2632,5,YSTERPLAAT,07:39,2024-12-28
Northern Line (Monte Vista),Inbound (Bellville to Cape Town),Weekend,2802,5,YSTERPLAAT,09:43,2024-12-28
Northern Line (Monte Vista),Inbound (Bellville to Cape Town),Weekend,2804,5,YSTERPLAAT,11:53,2024-12-28
Northern Line (Monte Vista),Inbound (Bellville to Cape Town),Weekend,2806,5,YSTERPLAAT,14:03,2024-12-28
Northern Line (Monte Vista),Inbound (Bellville to Cape Town),Weekend,2508,5,YSTERPLAAT,13:38,2024-12-28
Northern Line (Monte Vista),Inbound (Bellville to Cape Town),Weekend,2800,6,ESPLANADE,07:40,2024-12-28
Northern Line (Monte Vista),Inbound (Bellville to Cape Town),Weekend,2632,6,ESPLANADE,07:42,2024-12-28
Northern Line (Monte Vista),Inbound (Bellville to Cape Town),Weekend,2802,6,ESPLANADE,09:50,2024-12-28
Northern Line (Monte Vista),Inbound (Bellville to Cape Town),Weekend,2804,6,ESPLANADE,12:00,2024-12-28
Northern Line (Monte Vista),Inbound (Bellville to Cape Town),Weekend,2806,6,ESPLANADE,14:10,2024-12-28
Northern Line (Monte Vista),Inbound (Bellville to Cape Town),Weekend,2508,6,ESPLANADE,13:45,2024-12-28
Northern Line (Monte Vista),Inbound (Bellville to Cape Town),Weekend,2800,7,CAPE TOWN,07:45,2024-12-28
Northern Line (Monte Vista),Inbound (Bellville to Cape Town),Weekend,2632,7,CAPE TOWN,07:50,2024-12-28
Northern Line (Monte Vista),Inbound (Bellville to Cape Town),Weekend,2802,7,CAPE TOWN,09:55,2024-12-28
Northern Line (Monte Vista),Inbound (Bellville to Cape Town),Weekend,2804,7,CAPE TOWN,12:05,2024-12-28
Northern Line (Monte Vista),Inbound (Bellville to Cape Town),Weekend,2806,7,CAPE TOWN,14:15,2024-12-28
Northern Line (Monte Vista),Inbound (Bellville to Cape Town),Weekend,2508,7,CAPE TOWN,13:50,2024-12-28
Northern Line (Monte Vista),Outbound (Cape Town to Bellville),Weekend,2801,0,CAPE TOWN,05:45,2024-12-28
Northern Line (Monte Vista),Outbound (Cape Town to Bellville),Weekend,2803,0,CAPE TOWN,07:55,2024-12-28
Northern Line (Monte Vista),Outbound (Cape Town to Bellville),Weekend,2805,0,CAPE TOWN,10:05,2024-12-28
Northern Line (Monte Vista),Outbound (Cape Town to Bellville),Weekend,2807,0,CAPE TOWN,12:15,2024-12-28
Northern Line (Monte Vista),Outbound (Cape Town to Bellville),Weekend,2661,0,CAPE TOWN,13:50,2024-12-28
Northern Line (Monte Vista),Outbound (Cape Town to Bellville),Weekend,2801,1,ESPLANADE,05:50,2024-12-28
Northern Line (Monte Vista),Outbound (Cape Town to Bellville),Weekend,2803,1,ESPLANADE,08:00,2024-12-28
Northern Line (Monte Vista),Outbound (Cape Town to Bellville),Weekend,2805,1,ESPLANADE,10:10,2024-12-28
Northern Line (Monte Vista),Outbound (Cape Town to Bellville),Weekend,2807,1,ESPLANADE,12:20,2024-12-28
Northern Line (Monte Vista),Outbound (Cape Town to Bellville),Weekend,2661,1,ESPLANADE,13:53,2024-12-28
Northern Line (Monte Vista),Outbound (Cape Town to Bellville),Weekend,2801,2,YSTERPLAAT,05:57,2024-12-28
Northern Line (Monte Vista),Outbound (Cape Town to Bellville),Weekend,2803,2,YSTERPLAAT,08:07,2024-12-28
Northern Line (Monte Vista),Outbound (Cape Town to Bellville),Weekend,2805,2,YSTERPLAAT,10:17,2024-12-28
Northern Line (Monte Vista),Outbound (Cape Town to Bellville),Weekend,2807,2,YSTERPLAAT,12:27,2024-12-28
Northern Line (Monte Vista),Outbound (Cape Town to Bellville),Weekend,2661,2,YSTERPLAAT,13:58,2024-12-28
Northern Line (Monte Vista),Outbound (Cape Town to Bellville),Weekend,2801,3,CENTURY CITY,06:08,2024-12-28
Northern Line (Monte Vista),Outbound (Cape Town to Bellville),Weekend,2803,3,CENTURY CITY,08:18,2024-12-28
Northern Line (Monte Vista),Outbound (Cape Town to Bellville),Weekend,2805,3,CENTURY CITY,10:28,2024-12-28
Northern Line (Monte Vista),Outbound (Cape Town to Bellville),Weekend,2807,3,CENTURY CITY,12:38,2024-12-28
Northern Line (Monte Vista),Outbound (Cape Town to Bellville),Weekend,2661,3,CENTURY CITY,14:06,2024-12-28
Northern Line (Monte Vista),Outbound (Cape Town to Bellville),Weekend,2801,4,MONTE VISTA,06:20,2024-12-28
Northern Line (Monte Vista),Outbound (Cape Town to Bellville),Weekend,2803,4,MONTE VISTA,08:30,2024-12-28
Northern Line (Monte Vista),Outbound (Cape Town to Bellville),Weekend,2805,4,MONTE VISTA,10:40,2024-12-28
Northern Line (Monte Vista),Outbound (Cape Town to Bellville),Weekend,2807,4,MONTE VISTA,12:50,2024-12-28
Northern Line (Monte Vista),Outbound (Cape Town to Bellville),Weekend,2661,4,MONTE VISTA,14:13,2024-12-28
Northern Line (Monte Vista),Outbound (Cape Town to Bellville),Weekend,2801,5,DE GRENDEL,06:27,2024-12-28
Northern Line (Monte Vista),Outbound (Cape Town to Bellville),Weekend,2803,5,DE GRENDEL,08:37,2024-12-28
Northern Line (Monte Vista),Outbound (Cape Town to Bellville),Weekend,2805,5,DE GRENDEL,10:47,2024-12-28
Northern Line (Monte Vista),Outbound (Cape Town to Bellville),Weekend,2807,5,DE GRENDEL,12:57,2024-12-28
Northern Line (Monte Vista),Outbound (Cape Town to Bellville),Weekend,2801,6,AVONDALE,06:31,2024-12-28
Northern Line (Monte Vista),Outbound (Cape Town to Bellville),Weekend,2803,6,AVONDALE,08:41,2024-12-28
Northern Line (Monte Vista),Outbound (Cape Town to Bellville),Weekend,2805,6,AVONDALE,10:51,2024-12-28
Northern Line (Monte Vista),Outbound (Cape Town to Bellville),Weekend,2807,6,AVONDALE,13:01,2024-12-28
Northern Line (Monte Vista),Outbound (Cape Town to Bellville),Weekend,2661,6,AVONDALE,14:20,2024-12-28
Northern Line (Monte Vista),Outbound (Cape Town to Bellville),Weekend,2801,7,OOSTERZEE,06:35,2024-12-28
Northern Line (Monte Vista),Outbound (Cape Town to Bellville),Weekend,2803,7,OOSTERZEE,08:45,2024-12-28
Northern Line (Monte Vista),Outbound (Cape Town to Bellville),Weekend,2805,7,OOSTERZEE,10:55,2024-12-28
Northern Line (Monte Vista),Outbound (Cape Town to Bellville),Weekend,2807,7,OOSTERZEE,13:05,2024-12-28
Northern Line (Monte Vista),Outbound (Cape Town to Bellville),Weekend,2661,7,OOSTERZEE,14:23,2024-12-28
Northern Line (Monte Vista),Outbound (Cape Town to Bellville),Weekend,2801,8,BELLVILLE,06:40,2024-12-28
Northern Line (Monte Vista),Outbound (Cape Town to Bellville),Weekend,2803,8,BELLVILLE,08:50,2024-12-28
Northern Line (Monte Vista),Outbound (Cape Town to Bellville),Weekend,2805,8,BELLVILLE,11:00,2024-12-28
Northern Line (Monte Vista),Outbound (Cape Town to Bellville),Weekend,2807,8,BELLVILLE,13:10,2024-12-28
Northern Line (Monte Vista),Outbound (Cape Town to Bellville),Weekend,2661,8,BELLVILLE,14:26,2024-12-28
Northern Line,Inbound (Wellington to Cape Town),Weekday,3500,0,WELLINGTON,04:15,2025-11-24
Northern Line,Inbound (Wellington to Cape Town),Weekday,3504,0,WELLINGTON,06:00,2025-11-24
Northern Line,Inbound (Wellington to Cape Town),Weekday,3500,1,MBEKWENI,04:28,2025-11-24
Northern Line,Inbound (Wellington to Cape Town),Weekday,3504,1,MBEKWENI,06:13,2025-11-24
Northern Line,Inbound (Wellington to Cape Town),Weekday,3500,2,DAL JOSAFAT,04:37,2025-11-24
Northern Line,Inbound (Wellington to Cape Town),Weekday,3504,2,DAL JOSAFAT,06:22,2025-11-24
Northern Line,Inbound (Wellington to Cape Town),Weekday,3500,3,HUGUENOT,04:43,2025-11-24
Northern Line,Inbound (Wellington to Cape Town),Weekday,3504,3,HUGUENOT,06:28,2025-11-24
Northern Line,Inbound (Wellington to Cape Town),Weekday,3500,4,PAARL,04:54,2025-11-24
Northern Line,Inbound (Wellington to Cape Town),Weekday,3504,4,PAARL,06:39,2025-11-24
Northern Line,Inbound (Wellington to Cape Town),Weekday,3500,5,KLAPMUTS,05:09,2025-11-24
Northern Line,Inbound (Wellington to Cape Town),Weekday,3504,5,KLAPMUTS,06:54,2025-11-24
Northern Line,Inbound (Wellington to Cape Town),Weekday,3500,6,MULDERSVLEI,05:24,2025-11-24
Northern Line,Inbound (Wellington to Cape Town),Weekday,3504,6,MULDERSVLEI,07:09,2025-11-24
Northern Line,Inbound (Wellington to Cape Town),Weekday,2500,7,KRAAIFONTEIN,04:30,2025-11-24
Northern Line,Inbound (Wellington to Cape Town),Weekday,3500,7,KRAAIFONTEIN,05:35,2025-11-24
Northern Line,Inbound (Wellington to Cape Town),Weekday,2504,7,KRAAIFONTEIN,06:05,2025-11-24
Northern Line,Inbound (Wellington to Cape Town),Weekday,2630,7,KRAAIFONTEIN,06:41,2025-11-24
Northern Line,Inbound (Wellington to Cape Town),Weekday,3504,7,KRAAIFONTEIN,07:21,2025-11-24
Northern Line,Inbound (Wellington to Cape Town),Weekday,2506,7,KRAAIFONTEIN,07:55,2025-11-24
Northern Line,Inbound (Wellington to Cape Town),Weekday,2508,7,KRAAIFONTEIN,08:50,2025-11-24
Northern Line,Inbound (Wellington to Cape Town),Weekday,2510,7,KRAAIFONTEIN,09:35,2025-11-24
Northern Line,Inbound (Wellington to Cape Town),Weekday,2562,7,KRAAIFONTEIN,10:50,2025-11-24
Northern Line,Inbound (Wellington to Cape Town),Weekday,3506,7,KRAAIFONTEIN,11:21,2025-11-24
Northern Line,Inbound (Wellington to Cape Town),Weekday,2514,7,KRAAIFONTEIN,13:10,2025-11-24
Northern Line,Inbound (Wellington to Cape Town),Weekday,2516,7,KRAAIFONTEIN,14:25,2025-11-24
Northern Line,Inbound (Wellington to Cape Town),Weekday,2518,7,KRAAIFONTEIN,15:25,2025-11-24
Northern Line,Inbound (Wellington to Cape Town),Weekday,3508,7,KRAAIFONTEIN,16:01,2025-11-24
Northern Line,Inbound (Wellington to Cape Town),Weekday,2520,7,KRAAIFONTEIN,16:30,2025-11-24
Northern Line,Inbound (Wellington to Cape Town),Weekday,2524,7,KRAAIFONTEIN,17:30,2025-11-24
Northern Line,Inbound (Wellington to Cape Town),Weekday,2526,7,KRAAIFONTEIN,18:05,2025-11-24
Northern Line,Inbound (Wellington to Cape Town),Weekday,2500,8,EIKENFONTEIN,04:35,2025-11-24
Northern Line,Inbound (Wellington to Cape Town),Weekday,3500,8,EIKENFONTEIN,05:41,2025-11-24
Northern Line,Inbound (Wellington to Cape Town),Weekday,2504,8,EIKENFONTEIN,06:10,2025-11-24
Northern Line,Inbound (Wellington to Cape Town),Weekday,2630,8,EIKENFONTEIN,06:46,2025-11-24
Northern Line,Inbound (Wellington to Cape Town),Weekday,3504,8,EIKENFONTEIN,07:26,2025-11-24
Northern Line,Inbound (Wellington to Cape Town),Weekday,2506,8,EIKENFONTEIN,08:00,2025-11-24
Northern Line,Inbound (Wellington to Cape Town),Weekday,2508,8,EIKENFONTEIN,08:55,2025-11-24
Northern Line,Inbound (Wellington to Cape Town),Weekday,2510,8,EIKENFONTEIN,09:40,2025-11-24
Northern Line,Inbound (Wellington to Cape Town),Weekday,2562,8,EIKENFONTEIN,10:55,2025-11-24
Northern Line,Inbound (Wellington to Cape Town),Weekday,3506,8,EIKENFONTEIN,11:26,2025-11-24
Northern Line,Inbound (Wellington to Cape Town),Weekday,2514,8,EIKENFONTEIN,13:15,2025-11-24
Northern Line,Inbound (Wellington to Cape Town),Weekday,2516,8,EIKENFONTEIN,14:30,2025-11-24
Northern Line,Inbound (Wellington to Cape Town),Weekday,2518,8,EIKENFONTEIN,15:30,2025-11-24
Northern Line,Inbound (Wellington to Cape Town),Weekday,3508,8,EIKENFONTEIN,16:06,2025-11-24
Northern Line,Inbound (Wellington to Cape Town),Weekday,2520,8,EIKENFONTEIN,16:35,2025-11-24
Northern Line,Inbound (Wellington to Cape Town),Weekday,2524,8,EIKENFONTEIN,17:35,2025-11-24
Northern Line,Inbound (Wellington to Cape Town),Weekday,2526,8,EIKENFONTEIN,18:10,2025-11-24
Northern Line,Inbound (Wellington to Cape Town),Weekday,2500,9,BRACKENFELL,04:41,2025-11-24
Northern Line,Inbound (Wellington to Cape Town),Weekday,3500,9,BRACKENFELL,05:47,2025-11-24
Northern Line,Inbound (Wellington to Cape Town),Weekday,2504,9,BRACKENFELL,06:16,2025-11-24
Northern Line,Inbound (Wellington to Cape Town),Weekday,2630,9,BRACKENFELL,06:52,2025-11-24
Northern Line,Inbound (Wellington to Cape Town),Weekday,3504,9,BRACKENFELL,07:32,2025-11-24
Northern Line,Inbound (Wellington to Cape Town),Weekday,2506,9,BRACKENFELL,08:06,2025-11-24
Northern Line,Inbound (Wellington to Cape Town),Weekday,2508,9,BRACKENFELL,09:01,2025-11-24
Northern Line,Inbound (Wellington to Cape Town),Weekday,2510,9,BRACKENFELL,09:46,2025-11-24
Northern Line,Inbound (Wellington to Cape Town),Weekday,2562,9,BRACKENFELL,11:01,2025-11-24
Northern Line,Inbound (Wellington to Cape Town),Weekday,3506,9,BRACKENFELL,11:32,2025-11-24
Northern Line,Inbound (Wellington to Cape Town),Weekday,2514,9,BRACKENFELL,13:21,2025-11-24
Northern Line,Inbound (Wellington to Cape Town),Weekday,2516,9,BRACKENFELL,14:36,2025-11-24
Northern Line,Inbound (Wellington to Cape Town),Weekday,2518,9,BRACKENFELL,15:36,2025-11-24
Northern Line,Inbound (Wellington to Cape Town),Weekday,3508,9,BRACKENFELL,16:12,2025-11-24
Northern Line,Inbound (Wellington to Cape Town),Weekday,2520,9,BRACKENFELL,16:41,2025-11-24
Northern Line,Inbound (Wellington to Cape Town),Weekday,2524,9,BRACKENFELL,17:41,2025-11-24
Northern Line,Inbound (Wellington to Cape Town),Weekday,2526,9,BRACKENFELL,18:16,2025-11-24
Northern Line,Inbound (Wellington to Cape Town),Weekday,2500,10,STIKLAND,04:49,2025-11-24
Northern Line,Inbound (Wellington to Cape Town),Weekday,3500,10,STIKLAND,05:54,2025-11-24
Northern Line,Inbound (Wellington to Cape Town),Weekday,2504,10,STIKLAND,06:24,2025-11-24
Northern Line,Inbound (Wellington to Cape Town),Weekday,2630,10,STIKLAND,07:00,2025-11-24
Northern Line,Inbound (Wellington to Cape Town),Weekday,3504,10,STIKLAND,07:40,2025-11-24
Northern Line,Inbound (Wellington to Cape Town),Weekday,2506,10,STIKLAND,08:14,2025-11-24
Northern Line,Inbound (Wellington to Cape Town),Weekday,2508,10,STIKLAND,09:09,2025-11-24
Northern Line,Inbound (Wellington to Cape Town),Weekday,2510,10,STIKLAND,09:54,2025-11-24
Northern Line,Inbound (Wellington to Cape Town),Weekday,2562,10,STIKLAND,11:09,2025-11-24
Northern Line,Inbound (Wellington to Cape Town),Weekday,3506,10,STIKLAND,11:40,2025-11-24
Northern Line,Inbound (Wellington to Cape Town),Weekday,2514,10,STIKLAND,13:29,2025-11-24
Northern Line,Inbound (Wellington to Cape Town),Weekday,2516,10,STIKLAND,14:44,2025-11-24
Northern Line,Inbound (Wellington to Cape Town),Weekday,2518,10,STIKLAND,15:44,2025-11-24
Northern Line,Inbound (Wellington to Cape Town),Weekday,3508,10,STIKLAND,16:20,2025-11-24
Northern Line,Inbound (Wellington to Cape Town),Weekday,2520,10,STIKLAND,16:49,2025-11-24
Northern Line,Inbound (Wellington to Cape Town),Weekday,2524,10,STIKLAND,17:49,2025-11-24
Northern Line,Inbound (Wellington to Cape Town),Weekday,2526,10,STIKLAND,18:24,2025-11-24
Northern Line,Inbound (Wellington to Cape Town),Weekday,3400,11,DU TOIT,05:32,2025-11-24
Northern Line,Inbound (Wellington to Cape Town),Weekday,3402,11,DU TOIT,06:53,2025-11-24
Northern Line,Inbound (Wellington to Cape Town),Weekday,3206,11,DU TOIT,08:20,2025-11-24
Northern Line,Inbound (Wellington to Cape Town),Weekday,3408,11,DU TOIT,14:05,2025-11-24
Northern Line,Inbound (Wellington to Cape Town),Weekday,3412,11,DU TOIT,17:30,2025-11-24
Northern Line,Inbound (Wellington to Cape Town),Weekday,3400,12,STELLENBOSCH,05:43,2025-11-24
Northern Line,Inbound (Wellington to Cape Town),Weekday,3402,12,STELLENBOSCH,07:04,2025-11-24
Northern Line,Inbound (Wellington to Cape Town),Weekday,3206,12,STELLENBOSCH,08:31,2025-11-24
Northern Line,Inbound (Wellington to Cape Town),Weekday,3408,12,STELLENBOSCH,14:16,2025-11-24
Northern Line,Inbound (Wellington to Cape Town),Weekday,3412,12,STELLENBOSCH,17:41,2025-11-24
Northern Line,Inbound (Wellington to Cape Town),Weekday,3400,13,VLOTTENBURG,05:50,2025-11-24
Northern Line,Inbound (Wellington to Cape Town),Weekday,3402,13,VLOTTENBURG,07:11,2025-11-24
Northern Line,Inbound (Wellington to Cape Town),Weekday,3206,13,VLOTTENBURG,08:38,2025-11-24
Northern Line,Inbound (Wellington to Cape Town),Weekday,3408,13,VLOTTENBURG,14:23,2025-11-24
Northern Line,Inbound (Wellington to Cape Town),Weekday,3412,13,VLOTTENBURG,17:48,2025-11-24
Northern Line,Inbound (Wellington to Cape Town),Weekday,3400,14,LYNEDOCH,06:02,2025-11-24
Northern Line,Inbound (Wellington to Cape Town),Weekday,3402,14,LYNEDOCH,07:23,2025-11-24
Northern Line,Inbound (Wellington to Cape Town),Weekday,3206,14,LYNEDOCH,08:50,2025-11-24
Northern Line,Inbound (Wellington to Cape Town),Weekday,3408,14,LYNEDOCH,14:35,2025-11-24
Northern Line,Inbound (Wellington to Cape Town),Weekday,3412,14,LYNEDOCH,18:00,2025-11-24
Northern Line,Inbound (Wellington to Cape Town),Weekday,3200,15,STRAND,05:05,2025-11-24
Northern Line,Inbound (Wellington to Cape Town),Weekday,3234,15,STRAND,05:30,2025-11-24
Northern Line,Inbound (Wellington to Cape Town),Weekday,3202,15,STRAND,06:15,2025-11-24
Northern Line,Inbound (Wellington to Cape Town),Weekday,3204,15,STRAND,07:45,2025-11-24
Northern Line,Inbound (Wellington to Cape Town),Weekday,3206,15,STRAND,08:45,2025-11-24
Northern Line,Inbound (Wellington to Cape Town),Weekday,3208,15,STRAND,10:10,2025-11-24
Northern Line,Inbound (Wellington to Cape Town),Weekday,3210,15,STRAND,11:20,2025-11-24
Northern Line,Inbound (Wellington to Cape Town),Weekday,3212,15,STRAND,13:40,2025-11-24
Northern Line,Inbound (Wellington to Cape Town),Weekday,2518,15,STRAND,15:25,2025-11-24
Northern Line,Inbound (Wellington to Cape Town),Weekday,3410,15,STRAND,16:30,2025-11-24
Northern Line,Inbound (Wellington to Cape Town),Weekday,3218,15,STRAND,18:00,2025-11-24
Northern Line,Inbound (Wellington to Cape Town),Weekday,3200,16,VAN DER STEL,05:08,2025-11-24
Northern Line,Inbound (Wellington to Cape Town),Weekday,3234,16,VAN DER STEL,05:33,2025-11-24
Northern Line,Inbound (Wellington to Cape Town),Weekday,3202,16,VAN DER STEL,06:18,2025-11-24
Northern Line,Inbound (Wellington to Cape Town),Weekday,3204,16,VAN DER STEL,07:48,2025-11-24
Northern Line,Inbound (Wellington to Cape Town),Weekday,3206,16,VAN DER STEL,08:48,2025-11-24
Northern Line,Inbound (Wellington to Cape Town),Weekday,3208,16,VAN DER STEL,10:13,2025-11-24
Northern Line,Inbound (Wellington to Cape Town),Weekday,3210,16,VAN DER STEL,11:23,2025-11-24
Northern Line,Inbound (Wellington to Cape Town),Weekday,3212,16,VAN DER STEL,13:43,2025-11-24
Northern Line,Inbound (Wellington to Cape Town),Weekday,2518,16,VAN DER STEL,15:28,2025-11-24
Northern Line,Inbound (Wellington to Cape Town),Weekday,3410,16,VAN DER STEL,16:33,2025-11-24
Northern Line,Inbound (Wellington to Cape Town),Weekday,3218,16,VAN DER STEL,18:03,2025-11-24
Northern Line,Inbound (Wellington to Cape Town),Weekday,3200,17,SOMERSET WEST,05:11,2025-11-24
Northern Line,Inbound (Wellington to Cape Town),Weekday,3234,17,SOMERSET WEST,05:36,2025-11-24
Northern Line,Inbound (Wellington to Cape Town),Weekday,3202,17,SOMERSET WEST,06:21,2025-11-24
Northern Line,Inbound (Wellington to Cape Town),Weekday,3204,17,SOMERSET WEST,07:51,2025-11-24
Northern Line,Inbound (Wellington to Cape Town),Weekday,3206,17,SOMERSET WEST,08:51,2025-11-24
Northern Line,Inbound (Wellington to Cape Town),Weekday,3208,17,SOMERSET WEST,10:16,2025-11-24
Northern Line,Inbound (Wellington to Cape Town),Weekday,3210,17,SOMERSET WEST,11:26,2025-11-24
Northern Line,Inbound (Wellington to Cape Town),Weekday,3212,17,SOMERSET WEST,13:46,2025-11-24
Northern Line,Inbound (Wellington to Cape Town),Weekday,2518,17,SOMERSET WEST,15:31,2025-11-24
Northern Line,Inbound (Wellington to Cape Town),Weekday,3410,17,SOMERSET WEST,16:36,2025-11-24
Northern Line,Inbound (Wellington to Cape Town),Weekday,3218,17,SOMERSET WEST,18:06,2025-11-24
Northern Line,Inbound (Wellington to Cape Town),Weekday,3200,18,FAURE,05:27,2025-11-24
Northern Line,Inbound (Wellington to Cape Town),Weekday,3234,18,FAURE,05:52,2025-11-24
Northern Line,Inbound (Wellington to Cape Town),Weekday,3202,18,FAURE,06:37,2025-11-24
Northern Line,Inbound (Wellington to Cape Town),Weekday,3204,18,FAURE,08:07,2025-11-24
Northern Line,Inbound (Wellington to Cape Town),Weekday,3206,18,FAURE,09:07,2025-11-24
Northern Line,Inbound (Wellington to Cape Town),Weekday,3208,18,FAURE,10:32,2025-11-24
Northern Line,Inbound (Wellington to Cape Town),Weekday,3210,18,FAURE,11:42,2025-11-24
Northern Line,Inbound (Wellington to Cape Town),Weekday,3212,18,FAURE,14:02,2025-11-24
Northern Line,Inbound (Wellington to Cape Town),Weekday,2518,18,FAURE,15:47,2025-11-24
Northern Line,Inbound (Wellington to Cape Town),Weekday,3410,18,FAURE,16:52,2025-11-24
Northern Line,Inbound (Wellington to Cape Town),Weekday,3218,18,FAURE,18:22,2025-11-24
Northern Line,Inbound (Wellington to Cape Town),Weekday,2300,19,EERSTE RIVER,04:55,2025-11-24
Northern Line,Inbound (Wellington to Cape Town),Weekday,3200,19,EERSTE RIVER,05:30,2025-11-24
Northern Line,Inbound (Wellington to Cape Town),Weekday,3234,19,EERSTE RIVER,05:55,2025-11-24
Northern Line,Inbound (Wellington to Cape Town),Weekday,3400,19,EERSTE RIVER,06:05,2025-11-24
Northern Line,Inbound (Wellington to Cape Town),Weekday,3202,19,EERSTE RIVER,06:40,2025-11-24
Northern Line,Inbound (Wellington to Cape Town),Weekday,3402,19,EERSTE RIVER,07:26,2025-11-24
Northern Line,Inbound (Wellington to Cape Town),Weekday,2304,19,EERSTE RIVER,07:35,2025-11-24
Northern Line,Inbound (Wellington to Cape Town),Weekday,3204,19,EERSTE RIVER,08:10,2025-11-24
Northern Line,Inbound (Wellington to Cape Town),Weekday,3404,19,EERSTE RIVER,08:53,2025-11-24
Northern Line,Inbound (Wellington to Cape Town),Weekday,3206,19,EERSTE RIVER,09:10,2025-11-24
Northern Line,Inbound (Wellington to Cape Town),Weekday,2306,19,EERSTE RIVER,10:10,2025-11-24
Northern Line,Inbound (Wellington to Cape Town),Weekday,3208,19,EERSTE RIVER,10:35,2025-11-24
Northern Line,Inbound (Wellington to Cape Town),Weekday,3210,19,EERSTE RIVER,11:45,2025-11-24
Northern Line,Inbound (Wellington to Cape Town),Weekday,2308,19,EERSTE RIVER,12:30,2025-11-24
Northern Line,Inbound (Wellington to Cape Town),Weekday,3212,19,EERSTE RIVER,14:05,2025-11-24
Northern Line,Inbound (Wellington to Cape Town),Weekday,3408,19,EERSTE RIVER,14:38,2025-11-24
Northern Line,Inbound (Wellington to Cape Town),Weekday,2310,19,EERSTE RIVER,14:45,2025-11-24
Northern Line,Inbound (Wellington to Cape Town),Weekday,3214,19,EERSTE RIVER,15:50,2025-11-24
Northern Line,Inbound (Wellington to Cape Town),Weekday,3410,19,EERSTE RIVER,16:23,2025-11-24
Northern Line,Inbound (Wellington to Cape Town),Weekday,3216,19,EERSTE RIVER,16:55,2025-11-24
Northern Line,Inbound (Wellington to Cape Town),Weekday,3412,19,EERSTE RIVER,18:03,2025-11-24
Northern Line,Inbound (Wellington to Cape Town),Weekday,2300,20,MELTONROSE,05:01,2025-11-24
Northern Line,Inbound (Wellington to Cape Town),Weekday,3200,20,MELTONROSE,05:36,2025-11-24
Northern Line,Inbound (Wellington to Cape Town),Weekday,3400,20,MELTONROSE,06:11,2025-11-24
Northern Line,Inbound (Wellington to Cape Town),Weekday,3202,20,MELTONROSE,06:46,2025-11-24
Northern Line,Inbound (Wellington to Cape Town),Weekday,3402,20,MELTONROSE,07:41,2025-11-24
Northern Line,Inbound (Wellington to Cape Town),Weekday,3204,20,MELTONROSE,08:16,2025-11-24
Northern Line,Inbound (Wellington to Cape Town),Weekday,3206,20,MELTONROSE,09:16,2025-11-24
Northern Line,Inbound (Wellington to Cape Town),Weekday,2306,20,MELTONROSE,10:16,2025-11-24
Northern Line,Inbound (Wellington to Cape Town),Weekday,3208,20,MELTONROSE,10:41,2025-11-24
Northern Line,Inbound (Wellington to Cape Town),Weekday,3210,20,MELTONROSE,11:51,2025-11-24
Northern Line,Inbound (Wellington to Cape Town),Weekday,2308,20,MELTONROSE,12:36,2025-11-24
Northern Line,Inbound (Wellington to Cape Town),Weekday,3212,20,MELTONROSE,14:11,2025-11-24
Northern Line,Inbound (Wellington to Cape Town),Weekday,2310,20,MELTONROSE,14:51,2025-11-24
Northern Line,Inbound (Wellington to Cape Town),Weekday,3214,20,MELTONROSE,15:56,2025-11-24
Northern Line,Inbound (Wellington to Cape Town),Weekday,3410,20,MELTONROSE,17:01,2025-11-24
Northern Line,Inbound (Wellington to Cape Town),Weekday,2526,20,MELTONROSE,18:31,2025-11-24
Northern Line,Inbound (Wellington to Cape Town),Weekday,3218,20,MELTONROSE,18:31,2025-11-24
Northern Line,Inbound (Wellington to Cape Town),Weekday,2300,21,BLACKHEATH,05:08,2025-11-24
Northern Line,Inbound (Wellington to Cape Town),Weekday,3200,21,BLACKHEATH,05:43,2025-11-24
Northern Line,Inbound (Wellington to Cape Town),Weekday,3400,21,BLACKHEATH,06:18,2025-11-24
Northern Line,Inbound (Wellington to Cape Town),Weekday,3202,21,BLACKHEATH,06:53,2025-11-24
Northern Line,Inbound (Wellington to Cape Town),Weekday,3402,21,BLACKHEATH,07:48,2025-11-24
Northern Line,Inbound (Wellington to Cape Town),Weekday,3204,21,BLACKHEATH,08:23,2025-11-24
Northern Line,Inbound (Wellington to Cape Town),Weekday,3206,21,BLACKHEATH,09:23,2025-11-24
Northern Line,Inbound (Wellington to Cape Town),Weekday,2306,21,BLACKHEATH,10:23,2025-11-24
Northern Line,Inbound (Wellington to Cape Town),Weekday,3208,21,BLACKHEATH,10:48,2025-11-24
Northern Line,Inbound (Wellington to Cape Town),Weekday,3210,21,BLACKHEATH,11:58,2025-11-24
Northern Line,Inbound (Wellington to Cape Town),Weekday,2308,21,BLACKHEATH,12:43,2025-11-24
Northern Line,Inbound (Wellington to Cape Town),Weekday,3212,21,BLACKHEATH,14:18,2025-11-24
Northern Line,Inbound (Wellington to Cape Town),Weekday,2310,21,BLACKHEATH,14:58,2025-11-24
Northern Line,Inbound (Wellington to Cape Town),Weekday,3214,21,BLACKHEATH,16:03,2025-11-24
Northern Line,Inbound (Wellington to Cape Town),Weekday,3410,21,BLACKHEATH,17:08,2025-11-24
Northern Line,Inbound (Wellington to Cape Town),Weekday,2526,21,BLACKHEATH,18:38,2025-11-24
Northern Line,Inbound (Wellington to Cape Town),Weekday,3218,21,BLACKHEATH,18:38,2025-11-24
Northern Line,Inbound (Wellington to Cape Town),Weekday,2300,22,KUILS RIVER,05:17,2025-11-24
Northern Line,Inbound (Wellington to Cape Town),Weekday,3200,22,KUILS RIVER,05:52,2025-11-24
Northern Line,Inbound (Wellington to Cape Town),Weekday,3400,22,KUILS RIVER,06:27,2025-11-24
Northern Line,Inbound (Wellington to Cape Town),Weekday,3202,22,KUILS RIVER,07:02,2025-11-24
Northern Line,Inbound (Wellington to Cape Town),Weekday,3402,22,KUILS RIVER,07:57,2025-11-24
Northern Line,Inbound (Wellington to Cape Town),Weekday,3204,22,KUILS RIVER,08:32,2025-11-24
Northern Line,Inbound (Wellington to Cape Town),Weekday,3206,22,KUILS RIVER,09:32,2025-11-24
Northern Line,Inbound (Wellington to Cape Town),Weekday,2306,22,KUILS RIVER,10:32,2025-11-24
Northern Line,Inbound (Wellington to Cape Town),Weekday,3208,22,KUILS RIVER,10:57,2025-11-24
Northern Line,Inbound (Wellington to Cape Town),Weekday,3210,22,KUILS RIVER,12:07,2025-11-24
Northern Line,Inbound (Wellington to Cape Town),Weekday,2308,22,KUILS RIVER,12:52,2025-11-24
Northern Line,Inbound (Wellington to Cape Town),Weekday,3212,22,KUILS RIVER,14:27,2025-11-24
Northern Line,Inbound (Wellington to Cape Town),Weekday,2310,22,KUILS RIVER,15:07,2025-11-24
Northern Line,Inbound (Wellington to Cape Town),Weekday,3214,22,KUILS RIVER,16:12,2025-11-24
Northern Line,Inbound (Wellington to Cape Town),Weekday,3410,22,KUILS RIVER,17:17,2025-11-24
Northern Line,Inbound (Wellington to Cape Town),Weekday,2526,22,KUILS RIVER,18:47,2025-11-24
Northern Line,Inbound (Wellington to Cape Town),Weekday,3218,22,KUILS RIVER,18:47,2025-11-24
Northern Line,Inbound (Wellington to Cape Town),Weekday,2500,23,BELLVILLE (ARR),04:55,2025-11-24
Northern Line,Inbound (Wellington to Cape Town),Weekday,2300,23,BELLVILLE (ARR),05:30,2025-11-24
Northern Line,Inbound (Wellington to Cape Town),Weekday,3500,23,BELLVILLE (ARR),06:00,2025-11-24
Northern Line,Inbound (Wellington to Cape Town),Weekday,3200,23,BELLVILLE (ARR),06:05,2025-11-24
Northern Line,Inbound (Wellington to Cape Town),Weekday,2504,23,BELLVILLE (ARR),06:30,2025-11-24
Northern Line,Inbound (Wellington to Cape Town),Weekday,3400,23,BELLVILLE (ARR),06:40,2025-11-24
Northern Line,Inbound (Wellington to Cape Town),Weekday,2630,23,BELLVILLE (ARR),07:06,2025-11-24
Northern Line,Inbound (Wellington to Cape Town),Weekday,3202,23,BELLVILLE (ARR),07:15,2025-11-24
Northern Line,Inbound (Wellington to Cape Town),Weekday,3504,23,BELLVILLE (ARR),07:46,2025-11-24
Northern Line,Inbound (Wellington to Cape Town),Weekday,2304,23,BELLVILLE (ARR),08:10,2025-11-24
Northern Line,Inbound (Wellington to Cape Town),Weekday,2506,23,BELLVILLE (ARR),08:20,2025-11-24
Northern Line,Inbound (Wellington to Cape Town),Weekday,3204,23,BELLVILLE (ARR),08:45,2025-11-24
Northern Line,Inbound (Wellington to Cape Town),Weekday,2508,23,BELLVILLE (ARR),09:15,2025-11-24
Northern Line,Inbound (Wellington to Cape Town),Weekday,3206,23,BELLVILLE (ARR),09:45,2025-11-24
Northern Line,Inbound (Wellington to Cape Town),Weekday,2510,23,BELLVILLE (ARR),10:00,2025-11-24
Northern Line,Inbound (Wellington to Cape Town),Weekday,2306,23,BELLVILLE (ARR),10:45,2025-11-24
Northern Line,Inbound (Wellington to Cape Town),Weekday,3208,23,BELLVILLE (ARR),11:10,2025-11-24
Northern Line,Inbound (Wellington to Cape Town),Weekday,2562,23,BELLVILLE (ARR),11:15,2025-11-24
Northern Line,Inbound (Wellington to Cape Town),Weekday,3506,23,BELLVILLE (ARR),11:46,2025-11-24
Northern Line,Inbound (Wellington to Cape Town),Weekday,3210,23,BELLVILLE (ARR),12:20,2025-11-24
Northern Line,Inbound (Wellington to Cape Town),Weekday,2308,23,BELLVILLE (ARR),13:05,2025-11-24
Northern Line,Inbound (Wellington to Cape Town),Weekday,2514,23,BELLVILLE (ARR),13:35,2025-11-24
Northern Line,Inbound (Wellington to Cape Town),Weekday,3212,23,BELLVILLE (ARR),14:40,2025-11-24
Northern Line,Inbound (Wellington to Cape Town),Weekday,2516,23,BELLVILLE (ARR),14:50,2025-11-24
Northern Line,Inbound (Wellington to Cape Town),Weekday,2310,23,BELLVILLE (ARR),15:20,2025-11-24
Northern Line,Inbound (Wellington to Cape Town),Weekday,2518,23,BELLVILLE (ARR),15:50,2025-11-24
Northern Line,Inbound (Wellington to Cape Town),Weekday,3214,23,BELLVILLE (ARR),16:25,2025-11-24
Northern Line,Inbound (Wellington to Cape Town),Weekday,3508,23,BELLVILLE (ARR),16:26,2025-11-24
Northern Line,Inbound (Wellington to Cape Town),Weekday,2520,23,BELLVILLE (ARR),16:55,2025-11-24
Northern Line,Inbound (Wellington to Cape Town),Weekday,3216,23,BELLVILLE (ARR),17:30,2025-11-24
Northern Line,Inbound (Wellington to Cape Town),Weekday,2524,23,BELLVILLE (ARR),17:55,2025-11-24
Northern Line,Inbound (Wellington to Cape Town),Weekday,2526,23,BELLVILLE (ARR),18:30,2025-11-24
Northern Line,Inbound (Wellington to Cape Town),Weekday,3218,23,BELLVILLE (ARR),19:00,2025-11-24
Northern Line,Inbound (Wellington to Cape Town),Weekday,2500,24,BELLVILLE (DEP),04:56,2025-11-24
Northern Line,Inbound (Wellington to Cape Town),Weekday,2300,24,BELLVILLE (DEP),05:31,2025-11-24
Northern Line,Inbound (Wellington to Cape Town),Weekday,3500,24,BELLVILLE (DEP),06:01,2025-11-24
Northern Line,Inbound (Wellington to Cape Town),Weekday,3400,24,BELLVILLE (DEP),06:41,2025-11-24
Northern Line,Inbound (Wellington to Cape Town),Weekday,2630,24,BELLVILLE (DEP),07:07,2025-11-24
Northern Line,Inbound (Wellington to Cape Town),Weekday,3202,24,BELLVILLE (DEP),07:16,2025-11-24
Northern Line,Inbound (Wellington to Cape Town),Weekday,3504,24,BELLVILLE (DEP),07:47,2025-11-24
Northern Line,Inbound (Wellington to Cape Town),Weekday,2506,24,BELLVILLE (DEP),08:21,2025-11-24
Northern Line,Inbound (Wellington to Cape Town),Weekday,2508,24,BELLVILLE (DEP),09:16,2025-11-24
Northern Line,Inbound (Wellington to Cape Town),Weekday,2510,24,BELLVILLE (DEP),10:01,2025-11-24
Northern Line,Inbound (Wellington to Cape Town),Weekday,2306,24,BELLVILLE (DEP),10:46,2025-11-24
Northern Line,Inbound (Wellington to Cape Town),Weekday,2562,24,BELLVILLE (DEP),11:16,2025-11-24
Northern Line,Inbound (Wellington to Cape Town),Weekday,3506,24,BELLVILLE (DEP),11:47,2025-11-24
Northern Line,Inbound (Wellington to Cape Town),Weekday,3210,24,BELLVILLE (DEP),12:21,2025-11-24
Northern Line,Inbound (Wellington to Cape Town),Weekday,2308,24,BELLVILLE (DEP),13:06,2025-11-24
Northern Line,Inbound (Wellington to Cape Town),Weekday,2514,24,BELLVILLE (DEP),13:36,2025-11-24
Northern Line,Inbound (Wellington to Cape Town),Weekday,2516,24,BELLVILLE (DEP),14:51,2025-11-24
Northern Line,Inbound (Wellington to Cape Town),Weekday,2310,24,BELLVILLE (DEP),15:21,2025-11-24
Northern Line,Inbound (Wellington to Cape Town),Weekday,2518,24,BELLVILLE (DEP),15:51,2025-11-24
Northern Line,Inbound (Wellington to Cape Town),Weekday,3214,24,BELLVILLE (DEP),16:26,2025-11-24
Northern Line,Inbound (Wellington to Cape Town),Weekday,2520,24,BELLVILLE (DEP),16:56,2025-11-24
Northern Line,Inbound (Wellington to Cape Town),Weekday,3216,24,BELLVILLE (DEP),17:31,2025-11-24
Northern Line,Inbound (Wellington to Cape Town),Weekday,2526,24,BELLVILLE (DEP),18:31,2025-11-24
Northern Line,Inbound (Wellington to Cape Town),Weekday,3218,24,BELLVILLE (DEP),19:01,2025-11-24
Northern Line,Inbound (Wellington to Cape Town),Weekday,2500,25,TYGERBERG,05:01,2025-11-24
Northern Line,Inbound (Wellington to Cape Town),Weekday,2300,25,TYGERBERG,05:37,2025-11-24
Northern Line,Inbound (Wellington to Cape Town),Weekday,3500,25,TYGERBERG,06:07,2025-11-24
Northern Line,Inbound (Wellington to Cape Town),Weekday,3400,25,TYGERBERG,06:47,2025-11-24
Northern Line,Inbound (Wellington to Cape Town),Weekday,3202,25,TYGERBERG,07:22,2025-11-24
Northern Line,Inbound (Wellington to Cape Town),Weekday,3504,25,TYGERBERG,07:52,2025-11-24
Northern Line,Inbound (Wellington to Cape Town),Weekday,2506,25,TYGERBERG,08:26,2025-11-24
Northern Line,Inbound (Wellington to Cape Town),Weekday,2508,25,TYGERBERG,09:21,2025-11-24
Northern Line,Inbound (Wellington to Cape Town),Weekday,2510,25,TYGERBERG,10:06,2025-11-24
Northern Line,Inbound (Wellington to Cape Town),Weekday,2306,25,TYGERBERG,10:52,2025-11-24
Northern Line,Inbound (Wellington to Cape Town),Weekday,2562,25,TYGERBERG,11:21,2025-11-24
Northern Line,Inbound (Wellington to Cape Town),Weekday,3506,25,TYGERBERG,11:52,2025-11-24
Northern Line,Inbound (Wellington to Cape Town),Weekday,3210,25,TYGERBERG,12:27,2025-11-24
Northern Line,Inbound (Wellington to Cape Town),Weekday,2308,25,TYGERBERG,13:12,2025-11-24
Northern Line,Inbound (Wellington to Cape Town),Weekday,2514,25,TYGERBERG,13:41,2025-11-24
Northern Line,Inbound (Wellington to Cape Town),Weekday,2516,25,TYGERBERG,14:56,2025-11-24
Northern Line,Inbound (Wellington to Cape Town),Weekday,2310,25,TYGERBERG,15:27,2025-11-24
Northern Line,Inbound (Wellington to Cape Town),Weekday,2518,25,TYGERBERG,15:56,2025-11-24
Northern Line,Inbound (Wellington to Cape Town),Weekday,3214,25,TYGERBERG,16:32,2025-11-24
Northern Line,Inbound (Wellington to Cape Town),Weekday,2520,25,TYGERBERG,17:01,2025-11-24
Northern Line,Inbound (Wellington to Cape Town),Weekday,3216,25,TYGERBERG,17:36,2025-11-24
Northern Line,Inbound (Wellington to Cape Town),Weekday,2526,25,TYGERBERG,18:36,2025-11-24
Northern Line,Inbound (Wellington to Cape Town),Weekday,3218,25,TYGERBERG,19:06,2025-11-24
Northern Line,Inbound (Wellington to Cape Town),Weekday,2500,26,PAROW,05:05,2025-11-24
Northern Line,Inbound (Wellington to Cape Town),Weekday,2300,26,PAROW,05:40,2025-11-24
Northern Line,Inbound (Wellington to Cape Town),Weekday,3500,26,PAROW,06:10,2025-11-24
Northern Line,Inbound (Wellington to Cape Town),Weekday,3400,26,PAROW,06:50,2025-11-24
Northern Line,Inbound (Wellington to Cape Town),Weekday,3202,26,PAROW,07:25,2025-11-24
Northern Line,Inbound (Wellington to Cape Town),Weekday,3504,26,PAROW,07:55,2025-11-24
Northern Line,Inbound (Wellington to Cape Town),Weekday,2506,26,PAROW,08:30,2025-11-24
Northern Line,Inbound (Wellington to Cape Town),Weekday,2508,26,PAROW,09:25,2025-11-24
Northern Line,Inbound (Wellington to Cape Town),Weekday,2510,26,PAROW,10:10,2025-11-24
Northern Line,Inbound (Wellington to Cape Town),Weekday,2306,26,PAROW,10:55,2025-11-24
Northern Line,Inbound (Wellington to Cape Town),Weekday,2562,26,PAROW,11:24,2025-11-24
Northern Line,Inbound (Wellington to Cape Town),Weekday,3506,26,PAROW,11:56,2025-11-24
Northern Line,Inbound (Wellington to Cape Town),Weekday,3210,26,PAROW,12:30,2025-11-24
Northern Line,Inbound (Wellington to Cape Town),Weekday,2308,26,PAROW,13:15,2025-11-24
Northern Line,Inbound (Wellington to Cape Town),Weekday,2514,26,PAROW,13:45,2025-11-24
Northern Line,Inbound (Wellington to Cape Town),Weekday,2516,26,PAROW,15:00,2025-11-24
Northern Line,Inbound (Wellington to Cape Town),Weekday,2310,26,PAROW,15:30,2025-11-24
Northern Line,Inbound (Wellington to Cape Town),Weekday,2518,26,PAROW,16:00,2025-11-24
Northern Line,Inbound (Wellington to Cape Town),Weekday,3214,26,PAROW,16:35,2025-11-24
Northern Line,Inbound (Wellington to Cape Town),Weekday,2520,26,PAROW,17:05,2025-11-24
Northern Line,Inbound (Wellington to Cape Town),Weekday,3216,26,PAROW,17:39,2025-11-24
Northern Line,Inbound (Wellington to Cape Town),Weekday,2526,26,PAROW,18:40,2025-11-24
Northern Line,Inbound (Wellington to Cape Town),Weekday,3218,26,PAROW,19:09,2025-11-24
Northern Line,Inbound (Wellington to Cape Town),Weekday,2500,27,ELSIES RIVER,05:06,2025-11-24
Northern Line,Inbound (Wellington to Cape Town),Weekday,2300,27,ELSIES RIVER,05:42,2025-11-24
Northern Line,Inbound (Wellington to Cape Town),Weekday,3500,27,ELSIES RIVER,06:12,2025-11-24
Northern Line,Inbound (Wellington to Cape Town),Weekday,3400,27,ELSIES RIVER,06:52,2025-11-24
Northern Line,Inbound (Wellington to Cape Town),Weekday,3202,27,ELSIES RIVER,07:27,2025-11-24
Northern Line,Inbound (Wellington to Cape Town),Weekday,3504,27,ELSIES RIVER,07:57,2025-11-24
Northern Line,Inbound (Wellington to Cape Town),Weekday,2506,27,ELSIES RIVER,08:31,2025-11-24
Northern Line,Inbound (Wellington to Cape Town),Weekday,2508,27,ELSIES RIVER,09:26,2025-11-24
Northern Line,Inbound (Wellington to Cape Town),Weekday,2510,27,ELSIES RIVER,10:11,2025-11-24
Northern Line,Inbound (Wellington to Cape Town),Weekday,2306,27,ELSIES RIVER,10:57,2025-11-24
Northern Line,Inbound (Wellington to Cape Town),Weekday,2562,27,ELSIES RIVER,11:26,2025-11-24
Northern Line,Inbound (Wellington to Cape Town),Weekday,3506,27,ELSIES RIVER,11:57,2025-11-24
Northern Line,Inbound (Wellington to Cape Town),Weekday,3210,27,ELSIES RIVER,12:32,2025-11-24
Northern Line,Inbound (Wellington to Cape Town),Weekday,2308,27,ELSIES RIVER,13:17,2025-11-24
Northern Line,Inbound (Wellington to Cape Town),Weekday,2514,27,ELSIES RIVER,13:46,2025-11-24
Northern Line,Inbound (Wellington to Cape Town),Weekday,2516,27,ELSIES RIVER,15:01,2025-11-24
Northern Line,Inbound (Wellington to Cape Town),Weekday,2310,27,ELSIES RIVER,15:32,2025-11-24
Northern Line,Inbound (Wellington to Cape Town),Weekday,2518,27,ELSIES RIVER,16:01,2025-11-24
Northern Line,Inbound (Wellington to Cape Town),Weekday,3214,27,ELSIES RIVER,16:37,2025-11-24
Northern Line,Inbound (Wellington to Cape Town),Weekday,2520,27,ELSIES RIVER,17:06,2025-11-24
Northern Line,Inbound (Wellington to Cape Town),Weekday,3216,27,ELSIES RIVER,17:41,2025-11-24
Northern Line,Inbound (Wellington to Cape Town),Weekday,2526,27,ELSIES RIVER,18:41,2025-11-24
Northern Line,Inbound (Wellington to Cape Town),Weekday,3218,27,ELSIES RIVER,19:11,2025-11-24
Northern Line,Inbound (Wellington to Cape Town),Weekday,2500,28,VASCO,05:10,2025-11-24
Northern Line,Inbound (Wellington to Cape Town),Weekday,2300,28,VASCO,05:45,2025-11-24
Northern Line,Inbound (Wellington to Cape Town),Weekday,3500,28,VASCO,06:15,2025-11-24
Northern Line,Inbound (Wellington to Cape Town),Weekday,3400,28,VASCO,06:55,2025-11-24
Northern Line,Inbound (Wellington to Cape Town),Weekday,3202,28,VASCO,07:30,2025-11-24
Northern Line,Inbound (Wellington to Cape Town),Weekday,3504,28,VASCO,08:01,2025-11-24
Northern Line,Inbound (Wellington to Cape Town),Weekday,2506,28,VASCO,08:35,2025-11-24
Northern Line,Inbound (Wellington to Cape Town),Weekday,2508,28,VASCO,09:30,2025-11-24
Northern Line,Inbound (Wellington to Cape Town),Weekday,2510,28,VASCO,10:15,2025-11-24
Northern Line,Inbound (Wellington to Cape Town),Weekday,2306,28,VASCO,11:00,2025-11-24
Northern Line,Inbound (Wellington to Cape Town),Weekday,2562,28,VASCO,11:30,2025-11-24
Northern Line,Inbound (Wellington to Cape Town),Weekday,3506,28,VASCO,12:01,2025-11-24
Northern Line,Inbound (Wellington to Cape Town),Weekday,3210,28,VASCO,12:35,2025-11-24
Northern Line,Inbound (Wellington to Cape Town),Weekday,2308,28,VASCO,13:20,2025-11-24
Northern Line,Inbound (Wellington to Cape Town),Weekday,2514,28,VASCO,13:50,2025-11-24
Northern Line,Inbound (Wellington to Cape Town),Weekday,2516,28,VASCO,15:05,2025-11-24
Northern Line,Inbound (Wellington to Cape Town),Weekday,2310,28,VASCO,15:35,2025-11-24
Northern Line,Inbound (Wellington to Cape Town),Weekday,2518,28,VASCO,16:05,2025-11-24
Northern Line,Inbound (Wellington to Cape Town),Weekday,3214,28,VASCO,16:40,2025-11-24
Northern Line,Inbound (Wellington to Cape Town),Weekday,2520,28,VASCO,17:10,2025-11-24
Northern Line,Inbound (Wellington to Cape Town),Weekday,3216,28,VASCO,17:45,2025-11-24
Northern Line,Inbound (Wellington to Cape Town),Weekday,2526,28,VASCO,18:45,2025-11-24
Northern Line,Inbound (Wellington to Cape Town),Weekday,3218,28,VASCO,19:15,2025-11-24
Northern Line,Inbound (Wellington to Cape Town),Weekday,2500,29,GOODWOOD,05:13,2025-11-24
Northern Line,Inbound (Wellington to Cape Town),Weekday,2300,29,GOODWOOD,05:48,2025-11-24
Northern Line,Inbound (Wellington to Cape Town),Weekday,3500,29,GOODWOOD,06:19,2025-11-24
Northern Line,Inbound (Wellington to Cape Town),Weekday,3400,29,GOODWOOD,06:58,2025-11-24
Northern Line,Inbound (Wellington to Cape Town),Weekday,3202,29,GOODWOOD,07:33,2025-11-24
Northern Line,Inbound (Wellington to Cape Town),Weekday,3504,29,GOODWOOD,08:04,2025-11-24
Northern Line,Inbound (Wellington to Cape Town),Weekday,2506,29,GOODWOOD,08:38,2025-11-24
Northern Line,Inbound (Wellington to Cape Town),Weekday,2508,29,GOODWOOD,09:33,2025-11-24
Northern Line,Inbound (Wellington to Cape Town),Weekday,2510,29,GOODWOOD,10:18,2025-11-24
Northern Line,Inbound (Wellington to Cape Town),Weekday,2306,29,GOODWOOD,11:03,2025-11-24
Northern Line,Inbound (Wellington to Cape Town),Weekday,2562,29,GOODWOOD,11:33,2025-11-24
Northern Line,Inbound (Wellington to Cape Town),Weekday,3506,29,GOODWOOD,12:04,2025-11-24
Northern Line,Inbound (Wellington to Cape Town),Weekday,3210,29,GOODWOOD,12:38,2025-11-24
Northern Line,Inbound (Wellington to Cape Town),Weekday,2308,29,GOODWOOD,13:23,2025-11-24
Northern Line,Inbound (Wellington to Cape Town),Weekday,2514,29,GOODWOOD,13:53,2025-11-24
Northern Line,Inbound (Wellington to Cape Town),Weekday,2516,29,GOODWOOD,15:08,2025-11-24
Northern Line,Inbound (Wellington to Cape Town),Weekday,2310,29,GOODWOOD,15:38,2025-11-24
Northern Line,Inbound (Wellington to Cape Town),Weekday,2518,29,GOODWOOD,16:08,2025-11-24
Northern Line,Inbound (Wellington to Cape Town),Weekday,3214,29,GOODWOOD,16:43,2025-11-24
Northern Line,Inbound (Wellington to Cape Town),Weekday,2520,29,GOODWOOD,17:13,2025-11-24
Northern Line,Inbound (Wellington to Cape Town),Weekday,3216,29,GOODWOOD,17:48,2025-11-24
Northern Line,Inbound (Wellington to Cape Town),Weekday,2526,29,GOODWOOD,18:48,2025-11-24
Northern Line,Inbound (Wellington to Cape Town),Weekday,3218,29,GOODWOOD,19:18,2025-11-24
Northern Line,Inbound (Wellington to Cape Town),Weekday,2500,30,THORNTON,05:19,2025-11-24
Northern Line,Inbound (Wellington to Cape Town),Weekday,2300,30,THORNTON,05:54,2025-11-24
Northern Line,Inbound (Wellington to Cape Town),Weekday,3500,30,THORNTON,06:24,2025-11-24
Northern Line,Inbound (Wellington to Cape Town),Weekday,3400,30,THORNTON,07:04,2025-11-24
Northern Line,Inbound (Wellington to Cape Town),Weekday,3202,30,THORNTON,07:39,2025-11-24
Northern Line,Inbound (Wellington to Cape Town),Weekday,3504,30,THORNTON,08:09,2025-11-24
Northern Line,Inbound (Wellington to Cape Town),Weekday,2506,30,THORNTON,08:44,2025-11-24
Northern Line,Inbound (Wellington to Cape Town),Weekday,2508,30,THORNTON,09:39,2025-11-24
Northern Line,Inbound (Wellington to Cape Town),Weekday,2510,30,THORNTON,10:24,2025-11-24
Northern Line,Inbound (Wellington to Cape Town),Weekday,2306,30,THORNTON,11:09,2025-11-24
Northern Line,Inbound (Wellington to Cape Town),Weekday,2562,30,THORNTON,11:38,2025-11-24
Northern Line,Inbound (Wellington to Cape Town),Weekday,3506,30,THORNTON,12:10,2025-11-24
Northern Line,Inbound (Wellington to Cape Town),Weekday,3210,30,THORNTON,12:44,2025-11-24
Northern Line,Inbound (Wellington to Cape Town),Weekday,2308,30,THORNTON,13:29,2025-11-24
Northern Line,Inbound (Wellington to Cape Town),Weekday,2514,30,THORNTON,13:59,2025-11-24
Northern Line,Inbound (Wellington to Cape Town),Weekday,2516,30,THORNTON,15:14,2025-11-24
Northern Line,Inbound (Wellington to Cape Town),Weekday,2310,30,THORNTON,15:44,2025-11-24
Northern Line,Inbound (Wellington to Cape Town),Weekday,2518,30,THORNTON,16:14,2025-11-24
Northern Line,Inbound (Wellington to Cape Town),Weekday,3214,30,THORNTON,16:49,2025-11-24
Northern Line,Inbound (Wellington to Cape Town),Weekday,2520,30,THORNTON,17:19,2025-11-24
Northern Line,Inbound (Wellington to Cape Town),Weekday,3216,30,THORNTON,17:53,2025-11-24
Northern Line,Inbound (Wellington to Cape Town),Weekday,2526,30,THORNTON,18:54,2025-11-24
Northern Line,Inbound (Wellington to Cape Town),Weekday,3218,30,THORNTON,19:23,2025-11-24
Northern Line,Inbound (Wellington to Cape Town),Weekday,2500,31,MUTUAL,05:26,2025-11-24
Northern Line,Inbound (Wellington to Cape Town),Weekday,2300,31,MUTUAL,06:01,2025-11-24
Northern Line,Inbound (Wellington to Cape Town),Weekday,3500,31,MUTUAL,06:32,2025-11-24
Northern Line,Inbound (Wellington to Cape Town),Weekday,3400,31,MUTUAL,07:11,2025-11-24
Northern Line,Inbound (Wellington to Cape Town),Weekday,3202,31,MUTUAL,07:46,2025-11-24
Northern Line,Inbound (Wellington to Cape Town),Weekday,3504,31,MUTUAL,08:17,2025-11-24
Northern Line,Inbound (Wellington to Cape Town),Weekday,2506,31,MUTUAL,08:51,2025-11-24
Northern Line,Inbound (Wellington to Cape Town),Weekday,2508,31,MUTUAL,09:46,2025-11-24
Northern Line,Inbound (Wellington to Cape Town),Weekday,2510,31,MUTUAL,10:31,2025-11-24
Northern Line,Inbound (Wellington to Cape Town),Weekday,2306,31,MUTUAL,11:16,2025-11-24
Northern Line,Inbound (Wellington to Cape Town),Weekday,2562,31,MUTUAL,11:46,2025-11-24
Northern Line,Inbound (Wellington to Cape Town),Weekday,3506,31,MUTUAL,12:17,2025-11-24
Northern Line,Inbound (Wellington to Cape Town),Weekday,3210,31,MUTUAL,12:51,2025-11-24
Northern Line,Inbound (Wellington to Cape Town),Weekday,2308,31,MUTUAL,13:36,2025-11-24
Northern Line,Inbound (Wellington to Cape Town),Weekday,2514,31,MUTUAL,14:06,2025-11-24
Northern Line,Inbound (Wellington to Cape Town),Weekday,2516,31,MUTUAL,15:21,2025-11-24
Northern Line,Inbound (Wellington to Cape Town),Weekday,2310,31,MUTUAL,15:51,2025-11-24
Northern Line,Inbound (Wellington to Cape Town),Weekday,2518,31,MUTUAL,16:21,2025-11-24
Northern Line,Inbound (Wellington to Cape Town),Weekday,3214,31,MUTUAL,16:56,2025-11-24
Northern Line,Inbound (Wellington to Cape Town),Weekday,2520,31,MUTUAL,17:26,2025-11-24
Northern Line,Inbound (Wellington to Cape Town),Weekday,3216,31,MUTUAL,18:01,2025-11-24
Northern Line,Inbound (Wellington to Cape Town),Weekday,2526,31,MUTUAL,19:01,2025-11-24
Northern Line,Inbound (Wellington to Cape Town),Weekday,3218,31,MUTUAL,19:31,2025-11-24
Northern Line,Inbound (Wellington to Cape Town),Weekday,2500,32,WOLTEMADE,05:27,2025-11-24
Northern Line,Inbound (Wellington to Cape Town),Weekday,2300,32,WOLTEMADE,06:02,2025-11-24
Northern Line,Inbound (Wellington to Cape Town),Weekday,3500,32,WOLTEMADE,06:32,2025-11-24
Northern Line,Inbound (Wellington to Cape Town),Weekday,3400,32,WOLTEMADE,07:12,2025-11-24
Northern Line,Inbound (Wellington to Cape Town),Weekday,3202,32,WOLTEMADE,07:47,2025-11-24
Northern Line,Inbound (Wellington to Cape Town),Weekday,3504,32,WOLTEMADE,08:17,2025-11-24
Northern Line,Inbound (Wellington to Cape Town),Weekday,2506,32,WOLTEMADE,08:52,2025-11-24
Northern Line,Inbound (Wellington to Cape Town),Weekday,2508,32,WOLTEMADE,09:47,2025-11-24
Northern Line,Inbound (Wellington to Cape Town),Weekday,2510,32,WOLTEMADE,10:32,2025-11-24
Northern Line,Inbound (Wellington to Cape Town),Weekday,2306,32,WOLTEMADE,11:17,2025-11-24
Northern Line,Inbound (Wellington to Cape Town),Weekday,2562,32,WOLTEMADE,11:46,2025-11-24
Northern Line,Inbound (Wellington to Cape Town),Weekday,3506,32,WOLTEMADE,12:18,2025-11-24
Northern Line,Inbound (Wellington to Cape Town),Weekday,3210,32,WOLTEMADE,12:52,2025-11-24
Northern Line,Inbound (Wellington to Cape Town),Weekday,2308,32,WOLTEMADE,13:37,2025-11-24
Northern Line,Inbound (Wellington to Cape Town),Weekday,2514,32,WOLTEMADE,14:07,2025-11-24
Northern Line,Inbound (Wellington to Cape Town),Weekday,2516,32,WOLTEMADE,15:22,2025-11-24
Northern Line,Inbound (Wellington to Cape Town),Weekday,2310,32,WOLTEMADE,15:52,2025-11-24
Northern Line,Inbound (Wellington to Cape Town),Weekday,2518,32,WOLTEMADE,16:22,2025-11-24
Northern Line,Inbound (Wellington to Cape Town),Weekday,3214,32,WOLTEMADE,16:57,2025-11-24
Northern Line,Inbound (Wellington to Cape Town),Weekday,2520,32,WOLTEMADE,17:27,2025-11-24
Northern Line,Inbound (Wellington to Cape Town),Weekday,3216,32,WOLTEMADE,18:01,2025-11-24
Northern Line,Inbound (Wellington to Cape Town),Weekday,2526,32,WOLTEMADE,19:02,2025-11-24
Northern Line,Inbound (Wellington to Cape Town),Weekday,3218,32,WOLTEMADE,19:31,2025-11-24
Northern Line,Inbound (Wellington to Cape Town),Weekday,2500,33,MAITLAND,05:29,2025-11-24
Northern Line,Inbound (Wellington to Cape Town),Weekday,2300,33,MAITLAND,06:05,2025-11-24
Northern Line,Inbound (Wellington to Cape Town),Weekday,3500,33,MAITLAND,06:35,2025-11-24
Northern Line,Inbound (Wellington to Cape Town),Weekday,3400,33,MAITLAND,07:15,2025-11-24
Northern Line,Inbound (Wellington to Cape Town),Weekday,3202,33,MAITLAND,07:50,2025-11-24
Northern Line,Inbound (Wellington to Cape Town),Weekday,3504,33,MAITLAND,08:20,2025-11-24
Northern Line,Inbound (Wellington to Cape Town),Weekday,2506,33,MAITLAND,08:54,2025-11-24
Northern Line,Inbound (Wellington to Cape Town),Weekday,2508,33,MAITLAND,09:49,2025-11-24
Northern Line,Inbound (Wellington to Cape Town),Weekday,2510,33,MAITLAND,10:34,2025-11-24
Northern Line,Inbound (Wellington to Cape Town),Weekday,2306,33,MAITLAND,11:20,2025-11-24
Northern Line,Inbound (Wellington to Cape Town),Weekday,2562,33,MAITLAND,11:49,2025-11-24
Northern Line,Inbound (Wellington to Cape Town),Weekday,3506,33,MAITLAND,12:20,2025-11-24
Northern Line,Inbound (Wellington to Cape Town),Weekday,3210,33,MAITLAND,12:55,2025-11-24
Northern Line,Inbound (Wellington to Cape Town),Weekday,2308,33,MAITLAND,13:40,2025-11-24
Northern Line,Inbound (Wellington to Cape Town),Weekday,2514,33,MAITLAND,14:09,2025-11-24
Northern Line,Inbound (Wellington to Cape Town),Weekday,2516,33,MAITLAND,15:24,2025-11-24
Northern Line,Inbound (Wellington to Cape Town),Weekday,2310,33,MAITLAND,15:55,2025-11-24
Northern Line,Inbound (Wellington to Cape Town),Weekday,2518,33,MAITLAND,16:24,2025-11-24
Northern Line,Inbound (Wellington to Cape Town),Weekday,3214,33,MAITLAND,17:00,2025-11-24
Northern Line,Inbound (Wellington to Cape Town),Weekday,2520,33,MAITLAND,17:29,2025-11-24
Northern Line,Inbound (Wellington to Cape Town),Weekday,3216,33,MAITLAND,18:04,2025-11-24
Northern Line,Inbound (Wellington to Cape Town),Weekday,2526,33,MAITLAND,19:04,2025-11-24
Northern Line,Inbound (Wellington to Cape Town),Weekday,3218,33,MAITLAND,19:34,2025-11-24
Northern Line,Inbound (Wellington to Cape Town),Weekday,2500,34,KOEBERG RD,05:32,2025-11-24
Northern Line,Inbound (Wellington to Cape Town),Weekday,2300,34,KOEBERG RD,06:08,2025-11-24
Northern Line,Inbound (Wellington to Cape Town),Weekday,3500,34,KOEBERG RD,06:38,2025-11-24
Northern Line,Inbound (Wellington to Cape Town),Weekday,3400,34,KOEBERG RD,07:18,2025-11-24
Northern Line,Inbound (Wellington to Cape Town),Weekday,3202,34,KOEBERG RD,07:53,2025-11-24
Northern Line,Inbound (Wellington to Cape Town),Weekday,3504,34,KOEBERG RD,08:23,2025-11-24
Northern Line,Inbound (Wellington to Cape Town),Weekday,2506,34,KOEBERG RD,08:57,2025-11-24
Northern Line,Inbound (Wellington to Cape Town),Weekday,2508,34,KOEBERG RD,09:52,2025-11-24
Northern Line,Inbound (Wellington to Cape Town),Weekday,2510,34,KOEBERG RD,10:37,2025-11-24
Northern Line,Inbound (Wellington to Cape Town),Weekday,2306,34,KOEBERG RD,11:23,2025-11-24
Northern Line,Inbound (Wellington to Cape Town),Weekday,2562,34,KOEBERG RD,11:52,2025-11-24
Northern Line,Inbound (Wellington to Cape Town),Weekday,3506,34,KOEBERG RD,12:23,2025-11-24
Northern Line,Inbound (Wellington to Cape Town),Weekday,3210,34,KOEBERG RD,12:58,2025-11-24
Northern Line,Inbound (Wellington to Cape Town),Weekday,2308,34,KOEBERG RD,13:43,2025-11-24
Northern Line,Inbound (Wellington to Cape Town),Weekday,2514,34,KOEBERG RD,14:12,2025-11-24
Northern Line,Inbound (Wellington to Cape Town),Weekday,2516,34,KOEBERG RD,15:27,2025-11-24
Northern Line,Inbound (Wellington to Cape Town),Weekday,2310,34,KOEBERG RD,15:58,2025-11-24
Northern Line,Inbound (Wellington to Cape Town),Weekday,2518,34,KOEBERG RD,16:27,2025-11-24
Northern Line,Inbound (Wellington to Cape Town),Weekday,3214,34,KOEBERG RD,17:03,2025-11-24
Northern Line,Inbound (Wellington to Cape Town),Weekday,2520,34,KOEBERG RD,17:32,2025-11-24
Northern Line,Inbound (Wellington to Cape Town),Weekday,3216,34,KOEBERG RD,18:07,2025-11-24
Northern Line,Inbound (Wellington to Cape Town),Weekday,2526,34,KOEBERG RD,19:07,2025-11-24
Northern Line,Inbound (Wellington to Cape Town),Weekday,3218,34,KOEBERG RD,19:37,2025-11-24
Northern Line,Inbound (Wellington to Cape Town),Weekday,2500,35,SALT RIVER,05:36,2025-11-24
Northern Line,Inbound (Wellington to Cape Town),Weekday,2300,35,SALT RIVER,06:11,2025-11-24
Northern Line,Inbound (Wellington to Cape Town),Weekday,3500,35,SALT RIVER,06:41,2025-11-24
Northern Line,Inbound (Wellington to Cape Town),Weekday,3400,35,SALT RIVER,07:21,2025-11-24
Northern Line,Inbound (Wellington to Cape Town),Weekday,3202,35,SALT RIVER,07:56,2025-11-24
Northern Line,Inbound (Wellington to Cape Town),Weekday,3504,35,SALT RIVER,08:27,2025-11-24
Northern Line,Inbound (Wellington to Cape Town),Weekday,2506,35,SALT RIVER,09:01,2025-11-24
Northern Line,Inbound (Wellington to Cape Town),Weekday,2508,35,SALT RIVER,09:56,2025-11-24
Northern Line,Inbound (Wellington to Cape Town),Weekday,2510,35,SALT RIVER,10:41,2025-11-24
Northern Line,Inbound (Wellington to Cape Town),Weekday,2306,35,SALT RIVER,11:26,2025-11-24
Northern Line,Inbound (Wellington to Cape Town),Weekday,2562,35,SALT RIVER,11:56,2025-11-24
Northern Line,Inbound (Wellington to Cape Town),Weekday,3506,35,SALT RIVER,12:27,2025-11-24
Northern Line,Inbound (Wellington to Cape Town),Weekday,3210,35,SALT RIVER,13:01,2025-11-24
Northern Line,Inbound (Wellington to Cape Town),Weekday,2308,35,SALT RIVER,13:46,2025-11-24
Northern Line,Inbound (Wellington to Cape Town),Weekday,2514,35,SALT RIVER,14:16,2025-11-24
Northern Line,Inbound (Wellington to Cape Town),Weekday,2516,35,SALT RIVER,15:31,2025-11-24
Northern Line,Inbound (Wellington to Cape Town),Weekday,2310,35,SALT RIVER,16:01,2025-11-24
Northern Line,Inbound (Wellington to Cape Town),Weekday,2518,35,SALT RIVER,16:31,2025-11-24
Northern Line,Inbound (Wellington to Cape Town),Weekday,3214,35,SALT RIVER,17:06,2025-11-24
Northern Line,Inbound (Wellington to Cape Town),Weekday,2520,35,SALT RIVER,17:36,2025-11-24
Northern Line,Inbound (Wellington to Cape Town),Weekday,3216,35,SALT RIVER,18:11,2025-11-24
Northern Line,Inbound (Wellington to Cape Town),Weekday,2526,35,SALT RIVER,19:11,2025-11-24
Northern Line,Inbound (Wellington to Cape Town),Weekday,3218,35,SALT RIVER,19:41,2025-11-24
Northern Line,Inbound (Wellington to Cape Town),Weekday,2500,36,WOODSTOCK,05:40,2025-11-24
Northern Line,Inbound (Wellington to Cape Town),Weekday,2300,36,WOODSTOCK,06:15,2025-11-24
Northern Line,Inbound (Wellington to Cape Town),Weekday,3500,36,WOODSTOCK,06:45,2025-11-24
Northern Line,Inbound (Wellington to Cape Town),Weekday,3400,36,WOODSTOCK,07:25,2025-11-24
Northern Line,Inbound (Wellington to Cape Town),Weekday,3202,36,WOODSTOCK,08:00,2025-11-24
Northern Line,Inbound (Wellington to Cape Town),Weekday,3504,36,WOODSTOCK,08:30,2025-11-24
Northern Line,Inbound (Wellington to Cape Town),Weekday,2506,36,WOODSTOCK,09:05,2025-11-24
Northern Line,Inbound (Wellington to Cape Town),Weekday,2508,36,WOODSTOCK,10:00,2025-11-24
Northern Line,Inbound (Wellington to Cape Town),Weekday,2510,36,WOODSTOCK,10:45,2025-11-24
Northern Line,Inbound (Wellington to Cape Town),Weekday,2306,36,WOODSTOCK,11:30,2025-11-24
Northern Line,Inbound (Wellington to Cape Town),Weekday,2562,36,WOODSTOCK,11:59,2025-11-24
Northern Line,Inbound (Wellington to Cape Town),Weekday,3506,36,WOODSTOCK,12:31,2025-11-24
Northern Line,Inbound (Wellington to Cape Town),Weekday,3210,36,WOODSTOCK,13:05,2025-11-24
Northern Line,Inbound (Wellington to Cape Town),Weekday,2308,36,WOODSTOCK,13:50,2025-11-24
Northern Line,Inbound (Wellington to Cape Town),Weekday,2514,36,WOODSTOCK,14:20,2025-11-24
Northern Line,Inbound (Wellington to Cape Town),Weekday,2516,36,WOODSTOCK,15:35,2025-11-24
Northern Line,Inbound (Wellington to Cape Town),Weekday,2310,36,WOODSTOCK,16:05,2025-11-24
Northern Line,Inbound (Wellington to Cape Town),Weekday,2518,36,WOODSTOCK,16:35,2025-11-24
Northern Line,Inbound (Wellington to Cape Town),Weekday,3214,36,WOODSTOCK,17:10,2025-11-24
Northern Line,Inbound (Wellington to Cape Town),Weekday,2520,36,WOODSTOCK,17:40,2025-11-24
Northern Line,Inbound (Wellington to Cape Town),Weekday,3216,36,WOODSTOCK,18:14,2025-11-24
Northern Line,Inbound (Wellington to Cape Town),Weekday,2526,36,WOODSTOCK,19:15,2025-11-24
Northern Line,Inbound (Wellington to Cape Town),Weekday,3218,36,WOODSTOCK,19:44,2025-11-24
Northern Line,Inbound (Wellington to Cape Town),Weekday,2500,37,CAPE TOWN,05:45,2025-11-24
Northern Line,Inbound (Wellington to Cape Town),Weekday,2300,37,CAPE TOWN,06:20,2025-11-24
Northern Line,Inbound (Wellington to Cape Town),Weekday,3500,37,CAPE TOWN,06:50,2025-11-24
Northern Line,Inbound (Wellington to Cape Town),Weekday,3200,37,CAPE TOWN,07:00,2025-11-24
Northern Line,Inbound (Wellington to Cape Town),Weekday,3400,37,CAPE TOWN,07:30,2025-11-24
Northern Line,Inbound (Wellington to Cape Town),Weekday,2630,37,CAPE TOWN,07:55,2025-11-24
Northern Line,Inbound (Wellington to Cape Town),Weekday,3202,37,CAPE TOWN,08:05,2025-11-24
Northern Line,Inbound (Wellington to Cape Town),Weekday,3504,37,CAPE TOWN,08:35,2025-11-24
Northern Line,Inbound (Wellington to Cape Town),Weekday,2304,37,CAPE TOWN,09:05,2025-11-24
Northern Line,Inbound (Wellington to Cape Town),Weekday,2506,37,CAPE TOWN,09:10,2025-11-24
Northern Line,Inbound (Wellington to Cape Town),Weekday,3204,37,CAPE TOWN,09:40,2025-11-24
Northern Line,Inbound (Wellington to Cape Town),Weekday,2508,37,CAPE TOWN,10:05,2025-11-24
Northern Line,Inbound (Wellington to Cape Town),Weekday,2510,37,CAPE TOWN,10:50,2025-11-24
Northern Line,Inbound (Wellington to Cape Town),Weekday,2306,37,CAPE TOWN,11:35,2025-11-24
Northern Line,Inbound (Wellington to Cape Town),Weekday,2562,37,CAPE TOWN,12:05,2025-11-24
Northern Line,Inbound (Wellington to Cape Town),Weekday,3506,37,CAPE TOWN,12:36,2025-11-24
Northern Line,Inbound (Wellington to Cape Town),Weekday,3210,37,CAPE TOWN,13:10,2025-11-24
Northern Line,Inbound (Wellington to Cape Town),Weekday,2308,37,CAPE TOWN,13:55,2025-11-24
Northern Line,Inbound (Wellington to Cape Town),Weekday,2514,37,CAPE TOWN,14:25,2025-11-24
Northern Line,Inbound (Wellington to Cape Town),Weekday,2516,37,CAPE TOWN,15:40,2025-11-24
Northern Line,Inbound (Wellington to Cape Town),Weekday,2518,37,CAPE TOWN,16:10,2025-11-24
Northern Line,Inbound (Wellington to Cape Town),Weekday,3214,37,CAPE TOWN,16:40,2025-11-24
Northern Line,Inbound (Wellington to Cape Town),Weekday,3508,37,CAPE TOWN,17:15,2025-11-24
Northern Line,Inbound (Wellington to Cape Town),Weekday,2520,37,CAPE TOWN,17:45,2025-11-24
Northern Line,Inbound (Wellington to Cape Town),Weekday,3216,37,CAPE TOWN,18:20,2025-11-24
Northern Line,Inbound (Wellington to Cape Town),Weekday,2526,37,CAPE TOWN,19:20,2025-11-24
Northern Line,Inbound (Wellington to Cape Town),Weekday,3218,37,CAPE TOWN,19:50,2025-11-24
Northern Line,Outbound (Cape Town to Wellington),Weekday,2501,0,CAPE TOWN,05:20,2025-11-24
Northern Line,Outbound (Cape Town to Wellington),Weekday,2303,0,CAPE TOWN,05:55,2025-11-24
Northern Line,Outbound (Cape Town to Wellington),Weekday,2505,0,CAPE TOWN,06:30,2025-11-24
Northern Line,Outbound (Cape Town to Wellington),Weekday,3203,0,CAPE TOWN,06:40,2025-11-24
Northern Line,Outbound (Cape Town to Wellington),Weekday,2507,0,CAPE TOWN,07:10,2025-11-24
Northern Line,Outbound (Cape Town to Wellington),Weekday,3205,0,CAPE TOWN,07:55,2025-11-24
Northern Line,Outbound (Cape Town to Wellington),Weekday,2305,0,CAPE TOWN,08:30,2025-11-24
Northern Line,Outbound (Cape Town to Wellington),Weekday,2561,0,CAPE TOWN,09:10,2025-11-24
Northern Line,Outbound (Cape Town to Wellington),Weekday,3503,0,CAPE TOWN,10:10,2025-11-24
Northern Line,Outbound (Cape Town to Wellington),Weekday,2307,0,CAPE TOWN,10:55,2025-11-24
Northern Line,Outbound (Cape Town to Wellington),Weekday,2513,0,CAPE TOWN,11:30,2025-11-24
Northern Line,Outbound (Cape Town to Wellington),Weekday,2501,1,WOODSTOCK,05:23,2025-11-24
Northern Line,Outbound (Cape Town to Wellington),Weekday,2303,1,WOODSTOCK,05:58,2025-11-24
Northern Line,Outbound (Cape Town to Wellington),Weekday,2505,1,WOODSTOCK,06:33,2025-11-24
Northern Line,Outbound (Cape Town to Wellington),Weekday,2507,1,WOODSTOCK,07:13,2025-11-24
Northern Line,Outbound (Cape Town to Wellington),Weekday,3205,1,WOODSTOCK,07:58,2025-11-24
Northern Line,Outbound (Cape Town to Wellington),Weekday,2305,1,WOODSTOCK,08:33,2025-11-24
Northern Line,Outbound (Cape Town to Wellington),Weekday,2561,1,WOODSTOCK,09:13,2025-11-24
Northern Line,Outbound (Cape Town to Wellington),Weekday,3503,1,WOODSTOCK,10:13,2025-11-24
Northern Line,Outbound (Cape Town to Wellington),Weekday,2307,1,WOODSTOCK,10:58,2025-11-24
Northern Line,Outbound (Cape Town to Wellington),Weekday,2513,1,WOODSTOCK,11:33,2025-11-24
Northern Line,Outbound (Cape Town to Wellington),Weekday,2501,2,SALT RIVER,05:27,2025-11-24
Northern Line,Outbound (Cape Town to Wellington),Weekday,2303,2,SALT RIVER,06:02,2025-11-24
Northern Line,Outbound (Cape Town to Wellington),Weekday,2505,2,SALT RIVER,06:37,2025-11-24
Northern Line,Outbound (Cape Town to Wellington),Weekday,2507,2,SALT RIVER,07:17,2025-11-24
Northern Line,Outbound (Cape Town to Wellington),Weekday,3205,2,SALT RIVER,08:02,2025-11-24
Northern Line,Outbound (Cape Town to Wellington),Weekday,2305,2,SALT RIVER,08:37,2025-11-24
Northern Line,Outbound (Cape Town to Wellington),Weekday,2561,2,SALT RIVER,09:17,2025-11-24
Northern Line,Outbound (Cape Town to Wellington),Weekday,3503,2,SALT RIVER,10:17,2025-11-24
Northern Line,Outbound (Cape Town to Wellington),Weekday,2307,2,SALT RIVER,11:02,2025-11-24
Northern Line,Outbound (Cape Town to Wellington),Weekday,2513,2,SALT RIVER,11:37,2025-11-24
Northern Line,Outbound (Cape Town to Wellington),Weekday,2501,3,KOEBERG RD,05:30,2025-11-24
Northern Line,Outbound (Cape Town to Wellington),Weekday,2303,3,KOEBERG RD,06:05,2025-11-24
Northern Line,Outbound (Cape Town to Wellington),Weekday,2505,3,KOEBERG RD,06:40,2025-11-24
Northern Line,Outbound (Cape Town to Wellington),Weekday,2507,3,KOEBERG RD,07:20,2025-11-24
Northern Line,Outbound (Cape Town to Wellington),Weekday,3205,3,KOEBERG RD,08:05,2025-11-24
Northern Line,Outbound (Cape Town to Wellington),Weekday,2305,3,KOEBERG RD,08:40,2025-11-24
Northern Line,Outbound (Cape Town to Wellington),Weekday,2561,3,KOEBERG RD,09:20,2025-11-24
Northern Line,Outbound (Cape Town to Wellington),Weekday,3503,3,KOEBERG RD,10:20,2025-11-24
Northern Line,Outbound (Cape Town to Wellington),Weekday,2307,3,KOEBERG RD,11:05,2025-11-24
Northern Line,Outbound (Cape Town to Wellington),Weekday,2513,3,KOEBERG RD,11:40,2025-11-24
Northern Line,Outbound (Cape Town to Wellington),Weekday,2501,4,MAITLAND,05:33,2025-11-24
Northern Line,Outbound (Cape Town to Wellington),Weekday,2303,4,MAITLAND,06:08,2025-11-24
Northern Line,Outbound (Cape Town to Wellington),Weekday,2505,4,MAITLAND,06:43,2025-11-24
Northern Line,Outbound (Cape Town to Wellington),Weekday,2507,4,MAITLAND,07:23,2025-11-24
Northern Line,Outbound (Cape Town to Wellington),Weekday,3205,4,MAITLAND,08:08,2025-11-24
Northern Line,Outbound (Cape Town to Wellington),Weekday,2305,4,MAITLAND,08:43,2025-11-24
Northern Line,Outbound (Cape Town to Wellington),Weekday,2561,4,MAITLAND,09:23,2025-11-24
Northern Line,Outbound (Cape Town to Wellington),Weekday,3503,4,MAITLAND,10:23,2025-11-24
Northern Line,Outbound (Cape Town to Wellington),Weekday,2307,4,MAITLAND,11:08,2025-11-24
Northern Line,Outbound (Cape Town to Wellington),Weekday,2513,4,MAITLAND,11:43,2025-11-24
Northern Line,Outbound (Cape Town to Wellington),Weekday,2501,5,WOLTEMADE,05:36,2025-11-24
Northern Line,Outbound (Cape Town to Wellington),Weekday,2303,5,WOLTEMADE,06:11,2025-11-24
Northern Line,Outbound (Cape Town to Wellington),Weekday,2505,5,WOLTEMADE,06:46,2025-11-24
Northern Line,Outbound (Cape Town to Wellington),Weekday,2507,5,WOLTEMADE,07:26,2025-11-24
Northern Line,Outbound (Cape Town to Wellington),Weekday,3205,5,WOLTEMADE,08:11,2025-11-24
Northern Line,Outbound (Cape Town to Wellington),Weekday,2305,5,WOLTEMADE,08:46,2025-11-24
Northern Line,Outbound (Cape Town to Wellington),Weekday,2561,5,WOLTEMADE,09:26,2025-11-24
Northern Line,Outbound (Cape Town to Wellington),Weekday,3503,5,WOLTEMADE,10:26,2025-11-24
Northern Line,Outbound (Cape Town to Wellington),Weekday,2307,5,WOLTEMADE,11:11,2025-11-24
Northern Line,Outbound (Cape Town to Wellington),Weekday,2513,5,WOLTEMADE,11:46,2025-11-24
Northern Line,Outbound (Cape Town to Wellington),Weekday,2501,6,MUTUAL,05:38,2025-11-24
Northern Line,Outbound (Cape Town to Wellington),Weekday,2303,6,MUTUAL,06:13,2025-11-24
Northern Line,Outbound (Cape Town to Wellington),Weekday,2505,6,MUTUAL,06:48,2025-11-24
Northern Line,Outbound (Cape Town to Wellington),Weekday,2507,6,MUTUAL,07:28,2025-11-24
Northern Line,Outbound (Cape Town to Wellington),Weekday,3205,6,MUTUAL,08:13,2025-11-24
Northern Line,Outbound (Cape Town to Wellington),Weekday,2305,6,MUTUAL,08:48,2025-11-24
Northern Line,Outbound (Cape Town to Wellington),Weekday,2561,6,MUTUAL,09:28,2025-11-24
Northern Line,Outbound (Cape Town to Wellington),Weekday,3503,6,MUTUAL,10:28,2025-11-24
Northern Line,Outbound (Cape Town to Wellington),Weekday,2307,6,MUTUAL,11:13,2025-11-24
Northern Line,Outbound (Cape Town to Wellington),Weekday,2513,6,MUTUAL,11:48,2025-11-24
Northern Line,Outbound (Cape Town to Wellington),Weekday,2501,7,THORNTON,05:41,2025-11-24
Northern Line,Outbound (Cape Town to Wellington),Weekday,2303,7,THORNTON,06:16,2025-11-24
Northern Line,Outbound (Cape Town to Wellington),Weekday,2505,7,THORNTON,06:51,2025-11-24
Northern Line,Outbound (Cape Town to Wellington),Weekday,2507,7,THORNTON,07:31,2025-11-24
Northern Line,Outbound (Cape Town to Wellington),Weekday,3205,7,THORNTON,08:16,2025-11-24
Northern Line,Outbound (Cape Town to Wellington),Weekday,2305,7,THORNTON,08:51,2025-11-24
Northern Line,Outbound (Cape Town to Wellington),Weekday,2561,7,THORNTON,09:31,2025-11-24
Northern Line,Outbound (Cape Town to Wellington),Weekday,3503,7,THORNTON,10:31,2025-11-24
Northern Line,Outbound (Cape Town to Wellington),Weekday,2307,7,THORNTON,11:16,2025-11-24
Northern Line,Outbound (Cape Town to Wellington),Weekday,2513,7,THORNTON,11:51,2025-11-24
Northern Line,Outbound (Cape Town to Wellington),Weekday,2501,8,GOODWOOD,05:46,2025-11-24
Northern Line,Outbound (Cape Town to Wellington),Weekday,2303,8,GOODWOOD,06:21,2025-11-24
Northern Line,Outbound (Cape Town to Wellington),Weekday,2505,8,GOODWOOD,06:56,2025-11-24
Northern Line,Outbound (Cape Town to Wellington),Weekday,2507,8,GOODWOOD,07:36,2025-11-24
Northern Line,Outbound (Cape Town to Wellington),Weekday,3205,8,GOODWOOD,08:21,2025-11-24
Northern Line,Outbound (Cape Town to Wellington),Weekday,2305,8,GOODWOOD,08:56,2025-11-24
Northern Line,Outbound (Cape Town to Wellington),Weekday,2561,8,GOODWOOD,09:36,2025-11-24
Northern Line,Outbound (Cape Town to Wellington),Weekday,3503,8,GOODWOOD,10:36,2025-11-24
Northern Line,Outbound (Cape Town to Wellington),Weekday,2307,8,GOODWOOD,11:21,2025-11-24
Northern Line,Outbound (Cape Town to Wellington),Weekday,2513,8,GOODWOOD,11:56,2025-11-24
Northern Line,Outbound (Cape Town to Wellington),Weekday,2501,9,VASCO,05:53,2025-11-24
Northern Line,Outbound (Cape Town to Wellington),Weekday,2303,9,VASCO,06:28,2025-11-24
Northern Line,Outbound (Cape Town to Wellington),Weekday,2505,9,VASCO,07:03,2025-11-24
Northern Line,Outbound (Cape Town to Wellington),Weekday,2507,9,VASCO,07:43,2025-11-24
Northern Line,Outbound (Cape Town to Wellington),Weekday,3205,9,VASCO,08:28,2025-11-24
Northern Line,Outbound (Cape Town to Wellington),Weekday,2305,9,VASCO,09:03,2025-11-24
Northern Line,Outbound (Cape Town to Wellington),Weekday,2561,9,VASCO,09:43,2025-11-24
Northern Line,Outbound (Cape Town to Wellington),Weekday,3503,9,VASCO,10:43,2025-11-24
Northern Line,Outbound (Cape Town to Wellington),Weekday,2307,9,VASCO,11:28,2025-11-24
Northern Line,Outbound (Cape Town to Wellington),Weekday,2513,9,VASCO,12:03,2025-11-24
Northern Line,Outbound (Cape Town to Wellington),Weekday,2501,10,ELSIES RIVER,05:56,2025-11-24
Northern Line,Outbound (Cape Town to Wellington),Weekday,2303,10,ELSIES RIVER,06:31,2025-11-24
Northern Line,Outbound (Cape Town to Wellington),Weekday,2505,10,ELSIES RIVER,07:06,2025-11-24
Northern Line,Outbound (Cape Town to Wellington),Weekday,2507,10,ELSIES RIVER,07:46,2025-11-24
Northern Line,Outbound (Cape Town to Wellington),Weekday,3205,10,ELSIES RIVER,08:31,2025-11-24
Northern Line,Outbound (Cape Town to Wellington),Weekday,2305,10,ELSIES RIVER,09:06,2025-11-24
Northern Line,Outbound (Cape Town to Wellington),Weekday,2561,10,ELSIES RIVER,09:46,2025-11-24
Northern Line,Outbound (Cape Town to Wellington),Weekday,3503,10,ELSIES RIVER,10:46,2025-11-24
Northern Line,Outbound (Cape Town to Wellington),Weekday,2307,10,ELSIES RIVER,11:31,2025-11-24
Northern Line,Outbound (Cape Town to Wellington),Weekday,2513,10,ELSIES RIVER,12:06,2025-11-24
Northern Line,Outbound (Cape Town to Wellington),Weekday,2501,11,PAROW,06:00,2025-11-24
Northern Line,Outbound (Cape Town to Wellington),Weekday,2303,11,PAROW,06:35,2025-11-24
Northern Line,Outbound (Cape Town to Wellington),Weekday,2505,11,PAROW,07:10,2025-11-24
Northern Line,Outbound (Cape Town to Wellington),Weekday,2507,11,PAROW,07:50,2025-11-24
Northern Line,Outbound (Cape Town to Wellington),Weekday,3205,11,PAROW,08:35,2025-11-24
Northern Line,Outbound (Cape Town to Wellington),Weekday,2305,11,PAROW,09:10,2025-11-24
Northern Line,Outbound (Cape Town to Wellington),Weekday,2561,11,PAROW,09:50,2025-11-24
Northern Line,Outbound (Cape Town to Wellington),Weekday,3503,11,PAROW,10:50,2025-11-24
Northern Line,Outbound (Cape Town to Wellington),Weekday,2307,11,PAROW,11:35,2025-11-24
Northern Line,Outbound (Cape Town to Wellington),Weekday,2513,11,PAROW,12:10,2025-11-24
Northern Line,Outbound (Cape Town to Wellington),Weekday,2501,12,TYGERBERG,06:05,2025-11-24
Northern Line,Outbound (Cape Town to Wellington),Weekday,2303,12,TYGERBERG,06:40,2025-11-24
Northern Line,Outbound (Cape Town to Wellington),Weekday,2505,12,TYGERBERG,07:15,2025-11-24
Northern Line,Outbound (Cape Town to Wellington),Weekday,2507,12,TYGERBERG,07:55,2025-11-24
Northern Line,Outbound (Cape Town to Wellington),Weekday,3205,12,TYGERBERG,08:40,2025-11-24
Northern Line,Outbound (Cape Town to Wellington),Weekday,2305,12,TYGERBERG,09:15,2025-11-24
Northern Line,Outbound (Cape Town to Wellington),Weekday,2561,12,TYGERBERG,09:55,2025-11-24
Northern Line,Outbound (Cape Town to Wellington),Weekday,3503,12,TYGERBERG,10:55,2025-11-24
Northern Line,Outbound (Cape Town to Wellington),Weekday,2307,12,TYGERBERG,11:40,2025-11-24
Northern Line,Outbound (Cape Town to Wellington),Weekday,2513,12,TYGERBERG,12:15,2025-11-24
Northern Line,Outbound (Cape Town to Wellington),Weekday,2501,13,BELLVILLE (ARR),06:10,2025-11-24
Northern Line,Outbound (Cape Town to Wellington),Weekday,2303,13,BELLVILLE (ARR),06:45,2025-11-24
Northern Line,Outbound (Cape Town to Wellington),Weekday,2505,13,BELLVILLE (ARR),07:20,2025-11-24
Northern Line,Outbound (Cape Town to Wellington),Weekday,3203,13,BELLVILLE (ARR),07:35,2025-11-24
Northern Line,Outbound (Cape Town to Wellington),Weekday,2507,13,BELLVILLE (ARR),08:00,2025-11-24
Northern Line,Outbound (Cape Town to Wellington),Weekday,3205,13,BELLVILLE (ARR),08:45,2025-11-24
Northern Line,Outbound (Cape Town to Wellington),Weekday,2305,13,BELLVILLE (ARR),09:20,2025-11-24
Northern Line,Outbound (Cape Town to Wellington),Weekday,2561,13,BELLVILLE (ARR),10:00,2025-11-24
Northern Line,Outbound (Cape Town to Wellington),Weekday,3503,13,BELLVILLE (ARR),11:00,2025-11-24
Northern Line,Outbound (Cape Town to Wellington),Weekday,2307,13,BELLVILLE (ARR),11:45,2025-11-24
Northern Line,Outbound (Cape Town to Wellington),Weekday,2513,13,BELLVILLE (ARR),12:20,2025-11-24
Northern Line,Outbound (Cape Town to Wellington),Weekday,2501,14,BELLVILLE (DEP),06:11,2025-11-24
Northern Line,Outbound (Cape Town to Wellington),Weekday,3201,14,BELLVILLE (DEP),06:20,2025-11-24
Northern Line,Outbound (Cape Town to Wellington),Weekday,2303,14,BELLVILLE (DEP),06:46,2025-11-24
Northern Line,Outbound (Cape Town to Wellington),Weekday,2503,14,BELLVILLE (DEP),06:55,2025-11-24
Northern Line,Outbound (Cape Town to Wellington),Weekday,2505,14,BELLVILLE (DEP),07:21,2025-11-24
Northern Line,Outbound (Cape Town to Wellington),Weekday,3203,14,BELLVILLE (DEP),07:35,2025-11-24
Northern Line,Outbound (Cape Town to Wellington),Weekday,2507,14,BELLVILLE (DEP),08:01,2025-11-24
Northern Line,Outbound (Cape Town to Wellington),Weekday,3205,14,BELLVILLE (DEP),08:46,2025-11-24
Northern Line,Outbound (Cape Town to Wellington),Weekday,2305,14,BELLVILLE (DEP),09:21,2025-11-24
Northern Line,Outbound (Cape Town to Wellington),Weekday,2561,14,BELLVILLE (DEP),10:01,2025-11-24
Northern Line,Outbound (Cape Town to Wellington),Weekday,3207,14,BELLVILLE (DEP),10:10,2025-11-24
Northern Line,Outbound (Cape Town to Wellington),Weekday,3503,14,BELLVILLE (DEP),11:01,2025-11-24
Northern Line,Outbound (Cape Town to Wellington),Weekday,2307,14,BELLVILLE (DEP),11:46,2025-11-24
Northern Line,Outbound (Cape Town to Wellington),Weekday,2513,14,BELLVILLE (DEP),12:21,2025-11-24
Northern Line,Outbound (Cape Town to Wellington),Weekday,3209,14,BELLVILLE (DEP),12:30,2025-11-24
Northern Line,Outbound (Cape Town to Wellington),Weekday,3201,15,KUILS RIVER,06:32,2025-11-24
Northern Line,Outbound (Cape Town to Wellington),Weekday,2303,15,KUILS RIVER,06:58,2025-11-24
Northern Line,Outbound (Cape Town to Wellington),Weekday,2505,15,KUILS RIVER,07:47,2025-11-24
Northern Line,Outbound (Cape Town to Wellington),Weekday,2507,15,KUILS RIVER,08:58,2025-11-24
Northern Line,Outbound (Cape Town to Wellington),Weekday,3205,15,KUILS RIVER,09:33,2025-11-24
Northern Line,Outbound (Cape Town to Wellington),Weekday,2561,15,KUILS RIVER,10:22,2025-11-24
Northern Line,Outbound (Cape Town to Wellington),Weekday,3503,15,KUILS RIVER,11:58,2025-11-24
Northern Line,Outbound (Cape Town to Wellington),Weekday,2513,15,KUILS RIVER,12:42,2025-11-24
Northern Line,Outbound (Cape Town to Wellington),Weekday,3201,16,BLACKHEATH,06:41,2025-11-24
Northern Line,Outbound (Cape Town to Wellington),Weekday,2303,16,BLACKHEATH,07:07,2025-11-24
Northern Line,Outbound (Cape Town to Wellington),Weekday,2505,16,BLACKHEATH,07:56,2025-11-24
Northern Line,Outbound (Cape Town to Wellington),Weekday,2507,16,BLACKHEATH,09:07,2025-11-24
Northern Line,Outbound (Cape Town to Wellington),Weekday,3205,16,BLACKHEATH,09:42,2025-11-24
Northern Line,Outbound (Cape Town to Wellington),Weekday,2561,16,BLACKHEATH,10:31,2025-11-24
Northern Line,Outbound (Cape Town to Wellington),Weekday,3503,16,BLACKHEATH,12:07,2025-11-24
Northern Line,Outbound (Cape Town to Wellington),Weekday,2513,16,BLACKHEATH,12:51,2025-11-24
Northern Line,Outbound (Cape Town to Wellington),Weekday,3201,17,MELTONROSE,06:49,2025-11-24
Northern Line,Outbound (Cape Town to Wellington),Weekday,2303,17,MELTONROSE,07:15,2025-11-24
Northern Line,Outbound (Cape Town to Wellington),Weekday,2505,17,MELTONROSE,08:04,2025-11-24
Northern Line,Outbound (Cape Town to Wellington),Weekday,2507,17,MELTONROSE,09:15,2025-11-24
Northern Line,Outbound (Cape Town to Wellington),Weekday,3205,17,MELTONROSE,09:50,2025-11-24
Northern Line,Outbound (Cape Town to Wellington),Weekday,2561,17,MELTONROSE,10:39,2025-11-24
Northern Line,Outbound (Cape Town to Wellington),Weekday,3503,17,MELTONROSE,12:15,2025-11-24
Northern Line,Outbound (Cape Town to Wellington),Weekday,2513,17,MELTONROSE,12:59,2025-11-24
Northern Line,Outbound (Cape Town to Wellington),Weekday,3401,18,EERSTE RIVER,04:40,2025-11-24
Northern Line,Outbound (Cape Town to Wellington),Weekday,3403,18,EERSTE RIVER,06:10,2025-11-24
Northern Line,Outbound (Cape Town to Wellington),Weekday,3201,18,EERSTE RIVER,06:55,2025-11-24
Northern Line,Outbound (Cape Town to Wellington),Weekday,3405,18,EERSTE RIVER,07:38,2025-11-24
Northern Line,Outbound (Cape Town to Wellington),Weekday,3203,18,EERSTE RIVER,08:10,2025-11-24
Northern Line,Outbound (Cape Town to Wellington),Weekday,3205,18,EERSTE RIVER,09:21,2025-11-24
Northern Line,Outbound (Cape Town to Wellington),Weekday,3207,18,EERSTE RIVER,10:45,2025-11-24
Northern Line,Outbound (Cape Town to Wellington),Weekday,3209,18,EERSTE RIVER,13:05,2025-11-24
Northern Line,Outbound (Cape Town to Wellington),Weekday,3407,18,EERSTE RIVER,13:15,2025-11-24
Northern Line,Outbound (Cape Town to Wellington),Weekday,2303,19,FAURE,06:58,2025-11-24
Northern Line,Outbound (Cape Town to Wellington),Weekday,3203,19,FAURE,08:13,2025-11-24
Northern Line,Outbound (Cape Town to Wellington),Weekday,2305,19,FAURE,09:24,2025-11-24
Northern Line,Outbound (Cape Town to Wellington),Weekday,2307,19,FAURE,10:48,2025-11-24
Northern Line,Outbound (Cape Town to Wellington),Weekday,3209,19,FAURE,13:08,2025-11-24
Northern Line,Outbound (Cape Town to Wellington),Weekday,2303,20,SOMERSET WEST,07:14,2025-11-24
Northern Line,Outbound (Cape Town to Wellington),Weekday,3203,20,SOMERSET WEST,08:29,2025-11-24
Northern Line,Outbound (Cape Town to Wellington),Weekday,2305,20,SOMERSET WEST,09:40,2025-11-24
Northern Line,Outbound (Cape Town to Wellington),Weekday,2307,20,SOMERSET WEST,11:04,2025-11-24
Northern Line,Outbound (Cape Town to Wellington),Weekday,3209,20,SOMERSET WEST,13:24,2025-11-24
Northern Line,Outbound (Cape Town to Wellington),Weekday,2303,21,VAN DER STEL,07:17,2025-11-24
Northern Line,Outbound (Cape Town to Wellington),Weekday,3203,21,VAN DER STEL,08:32,2025-11-24
Northern Line,Outbound (Cape Town to Wellington),Weekday,2305,21,VAN DER STEL,09:43,2025-11-24
Northern Line,Outbound (Cape Town to Wellington),Weekday,2307,21,VAN DER STEL,11:07,2025-11-24
Northern Line,Outbound (Cape Town to Wellington),Weekday,3209,21,VAN DER STEL,13:27,2025-11-24
Northern Line,Outbound (Cape Town to Wellington),Weekday,2303,22,STRAND,07:20,2025-11-24
Northern Line,Outbound (Cape Town to Wellington),Weekday,3203,22,STRAND,08:35,2025-11-24
Northern Line,Outbound (Cape Town to Wellington),Weekday,2305,22,STRAND,09:46,2025-11-24
Northern Line,Outbound (Cape Town to Wellington),Weekday,2307,22,STRAND,11:10,2025-11-24
Northern Line,Outbound (Cape Town to Wellington),Weekday,3209,22,STRAND,13:30,2025-11-24
Northern Line,Outbound (Cape Town to Wellington),Weekday,3401,23,LYNEDOCH,04:48,2025-11-24
Northern Line,Outbound (Cape Town to Wellington),Weekday,3403,23,LYNEDOCH,06:18,2025-11-24
Northern Line,Outbound (Cape Town to Wellington),Weekday,3405,23,LYNEDOCH,07:46,2025-11-24
Northern Line,Outbound (Cape Town to Wellington),Weekday,3407,23,LYNEDOCH,13:23,2025-11-24
Northern Line,Outbound (Cape Town to Wellington),Weekday,3401,24,VLOTTENBURG,05:00,2025-11-24
Northern Line,Outbound (Cape Town to Wellington),Weekday,3403,24,VLOTTENBURG,06:30,2025-11-24
Northern Line,Outbound (Cape Town to Wellington),Weekday,3405,24,VLOTTENBURG,07:58,2025-11-24
Northern Line,Outbound (Cape Town to Wellington),Weekday,3407,24,VLOTTENBURG,13:35,2025-11-24
Northern Line,Outbound (Cape Town to Wellington),Weekday,3401,25,STELLENBOSCH,05:08,2025-11-24
Northern Line,Outbound (Cape Town to Wellington),Weekday,3403,25,STELLENBOSCH,06:38,2025-11-24
Northern Line,Outbound (Cape Town to Wellington),Weekday,3405,25,STELLENBOSCH,08:06,2025-11-24
Northern Line,Outbound (Cape Town to Wellington),Weekday,3407,25,STELLENBOSCH,13:43,2025-11-24
Northern Line,Outbound (Cape Town to Wellington),Weekday,3401,26,DU TOIT,05:13,2025-11-24
Northern Line,Outbound (Cape Town to Wellington),Weekday,3403,26,DU TOIT,06:43,2025-11-24
Northern Line,Outbound (Cape Town to Wellington),Weekday,3405,26,DU TOIT,08:11,2025-11-24
Northern Line,Outbound (Cape Town to Wellington),Weekday,3407,26,DU TOIT,13:48,2025-11-24
Northern Line,Outbound (Cape Town to Wellington),Weekday,3201,27,STIKLAND,06:20,2025-11-24
Northern Line,Outbound (Cape Town to Wellington),Weekday,2503,27,STIKLAND,07:04,2025-11-24
Northern Line,Outbound (Cape Town to Wellington),Weekday,3203,27,STIKLAND,07:30,2025-11-24
Northern Line,Outbound (Cape Town to Wellington),Weekday,3501,27,STIKLAND,08:10,2025-11-24
Northern Line,Outbound (Cape Town to Wellington),Weekday,3503,27,STIKLAND,10:10,2025-11-24
Northern Line,Outbound (Cape Town to Wellington),Weekday,2513,27,STIKLAND,11:10,2025-11-24
Northern Line,Outbound (Cape Town to Wellington),Weekday,3209,27,STIKLAND,12:30,2025-11-24
Northern Line,Outbound (Cape Town to Wellington),Weekday,3201,28,BRACKENFELL,06:28,2025-11-24
Northern Line,Outbound (Cape Town to Wellington),Weekday,2503,28,BRACKENFELL,07:12,2025-11-24
Northern Line,Outbound (Cape Town to Wellington),Weekday,3203,28,BRACKENFELL,07:38,2025-11-24
Northern Line,Outbound (Cape Town to Wellington),Weekday,3501,28,BRACKENFELL,08:18,2025-11-24
Northern Line,Outbound (Cape Town to Wellington),Weekday,3503,28,BRACKENFELL,10:18,2025-11-24
Northern Line,Outbound (Cape Town to Wellington),Weekday,2513,28,BRACKENFELL,11:18,2025-11-24
Northern Line,Outbound (Cape Town to Wellington),Weekday,3209,28,BRACKENFELL,12:38,2025-11-24
Northern Line,Outbound (Cape Town to Wellington),Weekday,3201,29,EIKENFONTEIN,06:33,2025-11-24
Northern Line,Outbound (Cape Town to Wellington),Weekday,2503,29,EIKENFONTEIN,07:17,2025-11-24
Northern Line,Outbound (Cape Town to Wellington),Weekday,3203,29,EIKENFONTEIN,07:43,2025-11-24
Northern Line,Outbound (Cape Town to Wellington),Weekday,3501,29,EIKENFONTEIN,08:23,2025-11-24
Northern Line,Outbound (Cape Town to Wellington),Weekday,3503,29,EIKENFONTEIN,10:23,2025-11-24
Northern Line,Outbound (Cape Town to Wellington),Weekday,2513,29,EIKENFONTEIN,11:23,2025-11-24
Northern Line,Outbound (Cape Town to Wellington),Weekday,3209,29,EIKENFONTEIN,12:43,2025-11-24
Northern Line,Outbound (Cape Town to Wellington),Weekday,2507,30,KRAAIFONTEIN,07:46,2025-11-24
Northern Line,Outbound (Cape Town to Wellington),Weekday,3503,30,KRAAIFONTEIN,11:27,2025-11-24
Northern Line,Outbound (Cape Town to Wellington),Weekday,2507,31,MULDERSVLEI,07:57,2025-11-24
Northern Line,Outbound (Cape Town to Wellington),Weekday,3503,31,MULDERSVLEI,11:38,2025-11-24
Northern Line,Outbound (Cape Town to Wellington),Weekday,2507,32,KLAPMUTS,08:12,2025-11-24
Northern Line,Outbound (Cape Town to Wellington),Weekday,3503,32,KLAPMUTS,11:53,2025-11-24
Northern Line,Outbound (Cape Town to Wellington),Weekday,2507,33,PAARL,08:26,2025-11-24
Northern Line,Outbound (Cape Town to Wellington),Weekday,3503,33,PAARL,12:07,2025-11-24
Northern Line,Outbound (Cape Town to Wellington),Weekday,2507,34,HUGUENOT,08:35,2025-11-24
Northern Line,Outbound (Cape Town to Wellington),Weekday,3503,34,HUGUENOT,12:16,2025-11-24
Northern Line,Outbound (Cape Town to Wellington),Weekday,2507,35,DAL JOSAFAT,08:43,2025-11-24
Northern Line,Outbound (Cape Town to Wellington),Weekday,3503,35,DAL JOSAFAT,12:24,2025-11-24
Northern Line,Outbound (Cape Town to Wellington),Weekday,2507,36,MBEKWENI,08:52,2025-11-24
Northern Line,Outbound (Cape Town to Wellington),Weekday,3503,36,MBEKWENI,12:33,2025-11-24
Northern Line,Outbound (Cape Town to Wellington),Weekday,2507,37,WELLINGTON,09:06,2025-11-24
Northern Line,Outbound (Cape Town to Wellington),Weekday,3503,37,WELLINGTON,12:47,2025-11-24
Northern Line,Outbound (Cape Town to Wellington),Weekday,2309,0,CAPE TOWN,12:15,2025-11-24
Northern Line,Outbound (Cape Town to Wellington),Weekday,2515,0,CAPE TOWN,12:45,2025-11-24
Northern Line,Outbound (Cape Town to Wellington),Weekday,3211,0,CAPE TOWN,13:25,2025-11-24
Northern Line,Outbound (Cape Town to Wellington),Weekday,2517,0,CAPE TOWN,14:00,2025-11-24
Northern Line,Outbound (Cape Town to Wellington),Weekday,2563,0,CAPE TOWN,14:35,2025-11-24
Northern Line,Outbound (Cape Town to Wellington),Weekday,3509,0,CAPE TOWN,15:10,2025-11-24
Northern Line,Outbound (Cape Town to Wellington),Weekday,3215,0,CAPE TOWN,15:45,2025-11-24
Northern Line,Outbound (Cape Town to Wellington),Weekday,2519,0,CAPE TOWN,16:18,2025-11-24
Northern Line,Outbound (Cape Town to Wellington),Weekday,2567,0,CAPE TOWN,16:50,2025-11-24
Northern Line,Outbound (Cape Town to Wellington),Weekday,3217,0,CAPE TOWN,16:54,2025-11-24
Northern Line,Outbound (Cape Town to Wellington),Weekday,2677,0,CAPE TOWN,17:30,2025-11-24
Northern Line,Outbound (Cape Town to Wellington),Weekday,2315,0,CAPE TOWN,17:35,2025-11-24
Northern Line,Outbound (Cape Town to Wellington),Weekday,3219,0,CAPE TOWN,18:10,2025-11-24
Northern Line,Outbound (Cape Town to Wellington),Weekday,2523,0,CAPE TOWN,18:42,2025-11-24
Northern Line,Outbound (Cape Town to Wellington),Weekday,2309,1,WOODSTOCK,12:18,2025-11-24
Northern Line,Outbound (Cape Town to Wellington),Weekday,2515,1,WOODSTOCK,12:48,2025-11-24
Northern Line,Outbound (Cape Town to Wellington),Weekday,3211,1,WOODSTOCK,13:28,2025-11-24
Northern Line,Outbound (Cape Town to Wellington),Weekday,2517,1,WOODSTOCK,14:03,2025-11-24
Northern Line,Outbound (Cape Town to Wellington),Weekday,2563,1,WOODSTOCK,14:38,2025-11-24
Northern Line,Outbound (Cape Town to Wellington),Weekday,3509,1,WOODSTOCK,15:13,2025-11-24
Northern Line,Outbound (Cape Town to Wellington),Weekday,3215,1,WOODSTOCK,15:48,2025-11-24
Northern Line,Outbound (Cape Town to Wellington),Weekday,2519,1,WOODSTOCK,16:21,2025-11-24
Northern Line,Outbound (Cape Town to Wellington),Weekday,2567,1,WOODSTOCK,16:53,2025-11-24
Northern Line,Outbound (Cape Town to Wellington),Weekday,2315,1,WOODSTOCK,17:38,2025-11-24
Northern Line,Outbound (Cape Town to Wellington),Weekday,3219,1,WOODSTOCK,18:13,2025-11-24
Northern Line,Outbound (Cape Town to Wellington),Weekday,2523,1,WOODSTOCK,18:45,2025-11-24
Northern Line,Outbound (Cape Town to Wellington),Weekday,2309,2,SALT RIVER,12:22,2025-11-24
Northern Line,Outbound (Cape Town to Wellington),Weekday,2515,2,SALT RIVER,12:52,2025-11-24
Northern Line,Outbound (Cape Town to Wellington),Weekday,3211,2,SALT RIVER,13:32,2025-11-24
Northern Line,Outbound (Cape Town to Wellington),Weekday,2517,2,SALT RIVER,14:07,2025-11-24
Northern Line,Outbound (Cape Town to Wellington),Weekday,2563,2,SALT RIVER,14:42,2025-11-24
Northern Line,Outbound (Cape Town to Wellington),Weekday,3509,2,SALT RIVER,15:17,2025-11-24
Northern Line,Outbound (Cape Town to Wellington),Weekday,3215,2,SALT RIVER,15:52,2025-11-24
Northern Line,Outbound (Cape Town to Wellington),Weekday,2519,2,SALT RIVER,16:25,2025-11-24
Northern Line,Outbound (Cape Town to Wellington),Weekday,2567,2,SALT RIVER,16:57,2025-11-24
Northern Line,Outbound (Cape Town to Wellington),Weekday,2315,2,SALT RIVER,17:42,2025-11-24
Northern Line,Outbound (Cape Town to Wellington),Weekday,3219,2,SALT RIVER,18:17,2025-11-24
Northern Line,Outbound (Cape Town to Wellington),Weekday,2523,2,SALT RIVER,18:49,2025-11-24
Northern Line,Outbound (Cape Town to Wellington),Weekday,2309,3,KOEBERG RD,12:25,2025-11-24
Northern Line,Outbound (Cape Town to Wellington),Weekday,2515,3,KOEBERG RD,12:55,2025-11-24
Northern Line,Outbound (Cape Town to Wellington),Weekday,3211,3,KOEBERG RD,13:35,2025-11-24
Northern Line,Outbound (Cape Town to Wellington),Weekday,2517,3,KOEBERG RD,14:10,2025-11-24
Northern Line,Outbound (Cape Town to Wellington),Weekday,2563,3,KOEBERG RD,14:45,2025-11-24
Northern Line,Outbound (Cape Town to Wellington),Weekday,3509,3,KOEBERG RD,15:20,2025-11-24
Northern Line,Outbound (Cape Town to Wellington),Weekday,3215,3,KOEBERG RD,15:55,2025-11-24
Northern Line,Outbound (Cape Town to Wellington),Weekday,2519,3,KOEBERG RD,16:28,2025-11-24
Northern Line,Outbound (Cape Town to Wellington),Weekday,2567,3,KOEBERG RD,17:00,2025-11-24
Northern Line,Outbound (Cape Town to Wellington),Weekday,2315,3,KOEBERG RD,17:45,2025-11-24
Northern Line,Outbound (Cape Town to Wellington),Weekday,3219,3,KOEBERG RD,18:20,2025-11-24
Northern Line,Outbound (Cape Town to Wellington),Weekday,2523,3,KOEBERG RD,18:52,2025-11-24
Northern Line,Outbound (Cape Town to Wellington),Weekday,2309,4,MAITLAND,12:28,2025-11-24
Northern Line,Outbound (Cape Town to Wellington),Weekday,2515,4,MAITLAND,12:58,2025-11-24
Northern Line,Outbound (Cape Town to Wellington),Weekday,3211,4,MAITLAND,13:38,2025-11-24
Northern Line,Outbound (Cape Town to Wellington),Weekday,2517,4,MAITLAND,14:13,2025-11-24
Northern Line,Outbound (Cape Town to Wellington),Weekday,2563,4,MAITLAND,14:48,2025-11-24
Northern Line,Outbound (Cape Town to Wellington),Weekday,3509,4,MAITLAND,15:23,2025-11-24
Northern Line,Outbound (Cape Town to Wellington),Weekday,3215,4,MAITLAND,15:58,2025-11-24
Northern Line,Outbound (Cape Town to Wellington),Weekday,2519,4,MAITLAND,16:31,2025-11-24
Northern Line,Outbound (Cape Town to Wellington),Weekday,2567,4,MAITLAND,17:03,2025-11-24
Northern Line,Outbound (Cape Town to Wellington),Weekday,2315,4,MAITLAND,17:48,2025-11-24
Northern Line,Outbound (Cape Town to Wellington),Weekday,3219,4,MAITLAND,18:23,2025-11-24
Northern Line,Outbound (Cape Town to Wellington),Weekday,2523,4,MAITLAND,18:55,2025-11-24
Northern Line,Outbound (Cape Town to Wellington),Weekday,2309,5,WOLTEMADE,12:31,2025-11-24
Northern Line,Outbound (Cape Town to Wellington),Weekday,2515,5,WOLTEMADE,13:01,2025-11-24
Northern Line,Outbound (Cape Town to Wellington),Weekday,3211,5,WOLTEMADE,13:41,2025-11-24
Northern Line,Outbound (Cape Town to Wellington),Weekday,2517,5,WOLTEMADE,14:16,2025-11-24
Northern Line,Outbound (Cape Town to Wellington),Weekday,2563,5,WOLTEMADE,14:51,2025-11-24
Northern Line,Outbound (Cape Town to Wellington),Weekday,3509,5,WOLTEMADE,15:26,2025-11-24
Northern Line,Outbound (Cape Town to Wellington),Weekday,3215,5,WOLTEMADE,16:01,2025-11-24
Northern Line,Outbound (Cape Town to Wellington),Weekday,2519,5,WOLTEMADE,16:34,2025-11-24
Northern Line,Outbound (Cape Town to Wellington),Weekday,2567,5,WOLTEMADE,17:06,2025-11-24
Northern Line,Outbound (Cape Town to Wellington),Weekday,2315,5,WOLTEMADE,17:51,2025-11-24
Northern Line,Outbound (Cape Town to Wellington),Weekday,3219,5,WOLTEMADE,18:26,2025-11-24
Northern Line,Outbound (Cape Town to Wellington),Weekday,2523,5,WOLTEMADE,18:58,2025-11-24
Northern Line,Outbound (Cape Town to Wellington),Weekday,2309,6,MUTUAL,12:33,2025-11-24
Northern Line,Outbound (Cape Town to Wellington),Weekday,2515,6,MUTUAL,13:03,2025-11-24
Northern Line,Outbound (Cape Town to Wellington),Weekday,3211,6,MUTUAL,13:43,2025-11-24
Northern Line,Outbound (Cape Town to Wellington),Weekday,2517,6,MUTUAL,14:18,2025-11-24
Northern Line,Outbound (Cape Town to Wellington),Weekday,2563,6,MUTUAL,14:53,2025-11-24
Northern Line,Outbound (Cape Town to Wellington),Weekday,3509,6,MUTUAL,15:28,2025-11-24
Northern Line,Outbound (Cape Town to Wellington),Weekday,3215,6,MUTUAL,16:03,2025-11-24
Northern Line,Outbound (Cape Town to Wellington),Weekday,2519,6,MUTUAL,16:36,2025-11-24
Northern Line,Outbound (Cape Town to Wellington),Weekday,2567,6,MUTUAL,17:08,2025-11-24
Northern Line,Outbound (Cape Town to Wellington),Weekday,2315,6,MUTUAL,17:53,2025-11-24
Northern Line,Outbound (Cape Town to Wellington),Weekday,3219,6,MUTUAL,18:28,2025-11-24
Northern Line,Outbound (Cape Town to Wellington),Weekday,2523,6,MUTUAL,19:00,2025-11-24
Northern Line,Outbound (Cape Town to Wellington),Weekday,2309,7,THORNTON,12:36,2025-11-24
Northern Line,Outbound (Cape Town to Wellington),Weekday,2515,7,THORNTON,13:06,2025-11-24
Northern Line,Outbound (Cape Town to Wellington),Weekday,3211,7,THORNTON,13:46,2025-11-24
Northern Line,Outbound (Cape Town to Wellington),Weekday,2517,7,THORNTON,14:21,2025-11-24
Northern Line,Outbound (Cape Town to Wellington),Weekday,2563,7,THORNTON,14:56,2025-11-24
Northern Line,Outbound (Cape Town to Wellington),Weekday,3509,7,THORNTON,15:31,2025-11-24
Northern Line,Outbound (Cape Town to Wellington),Weekday,3215,7,THORNTON,16:06,2025-11-24
Northern Line,Outbound (Cape Town to Wellington),Weekday,2519,7,THORNTON,16:39,2025-11-24
Northern Line,Outbound (Cape Town to Wellington),Weekday,2567,7,THORNTON,17:11,2025-11-24
Northern Line,Outbound (Cape Town to Wellington),Weekday,2315,7,THORNTON,17:56,2025-11-24
Northern Line,Outbound (Cape Town to Wellington),Weekday,3219,7,THORNTON,18:31,2025-11-24
Northern Line,Outbound (Cape Town to Wellington),Weekday,2523,7,THORNTON,19:03,2025-11-24
Northern Line,Outbound (Cape Town to Wellington),Weekday,2309,8,GOODWOOD,12:41,2025-11-24
Northern Line,Outbound (Cape Town to Wellington),Weekday,2515,8,GOODWOOD,13:11,2025-11-24
Northern Line,Outbound (Cape Town to Wellington),Weekday,3211,8,GOODWOOD,13:51,2025-11-24
Northern Line,Outbound (Cape Town to Wellington),Weekday,2517,8,GOODWOOD,14:26,2025-11-24
Northern Line,Outbound (Cape Town to Wellington),Weekday,2563,8,GOODWOOD,15:01,2025-11-24
Northern Line,Outbound (Cape Town to Wellington),Weekday,3509,8,GOODWOOD,15:36,2025-11-24
Northern Line,Outbound (Cape Town to Wellington),Weekday,3215,8,GOODWOOD,16:11,2025-11-24
Northern Line,Outbound (Cape Town to Wellington),Weekday,2519,8,GOODWOOD,16:44,2025-11-24
Northern Line,Outbound (Cape Town to Wellington),Weekday,2567,8,GOODWOOD,17:16,2025-11-24
Northern Line,Outbound (Cape Town to Wellington),Weekday,2315,8,GOODWOOD,18:01,2025-11-24
Northern Line,Outbound (Cape Town to Wellington),Weekday,3219,8,GOODWOOD,18:36,2025-11-24
Northern Line,Outbound (Cape Town to Wellington),Weekday,2523,8,GOODWOOD,19:08,2025-11-24
Northern Line,Outbound (Cape Town to Wellington),Weekday,2309,9,VASCO,12:48,2025-11-24
Northern Line,Outbound (Cape Town to Wellington),Weekday,2515,9,VASCO,13:18,2025-11-24
Northern Line,Outbound (Cape Town to Wellington),Weekday,3211,9,VASCO,13:58,2025-11-24
Northern Line,Outbound (Cape Town to Wellington),Weekday,2517,9,VASCO,14:33,2025-11-24
Northern Line,Outbound (Cape Town to Wellington),Weekday,2563,9,VASCO,15:08,2025-11-24
Northern Line,Outbound (Cape Town to Wellington),Weekday,3509,9,VASCO,15:43,2025-11-24
Northern Line,Outbound (Cape Town to Wellington),Weekday,3215,9,VASCO,16:18,2025-11-24
Northern Line,Outbound (Cape Town to Wellington),Weekday,2519,9,VASCO,16:51,2025-11-24
Northern Line,Outbound (Cape Town to Wellington),Weekday,2567,9,VASCO,17:23,2025-11-24
Northern Line,Outbound (Cape Town to Wellington),Weekday,2315,9,VASCO,18:08,2025-11-24
Northern Line,Outbound (Cape Town to Wellington),Weekday,3219,9,VASCO,18:43,2025-11-24
Northern Line,Outbound (Cape Town to Wellington),Weekday,2523,9,VASCO,19:15,2025-11-24
Northern Line,Outbound (Cape Town to Wellington),Weekday,2309,10,ELSIES RIVER,12:51,2025-11-24
Northern Line,Outbound (Cape Town to Wellington),Weekday,2515,10,ELSIES RIVER,13:21,2025-11-24
Northern Line,Outbound (Cape Town to Wellington),Weekday,3211,10,ELSIES RIVER,14:01,2025-11-24
Northern Line,Outbound (Cape Town to Wellington),Weekday,2517,10,ELSIES RIVER,14:36,2025-11-24
Northern Line,Outbound (Cape Town to Wellington),Weekday,2563,10,ELSIES RIVER,15:11,2025-11-24
Northern Line,Outbound (Cape Town to Wellington),Weekday,3509,10,ELSIES RIVER,15:46,2025-11-24
Northern Line,Outbound (Cape Town to Wellington),Weekday,3215,10,ELSIES RIVER,16:21,2025-11-24
Northern Line,Outbound (Cape Town to Wellington),Weekday,2519,10,ELSIES RIVER,16:54,2025-11-24
Northern Line,Outbound (Cape Town to Wellington),Weekday,2567,10,ELSIES RIVER,17:26,2025-11-24
Northern Line,Outbound (Cape Town to Wellington),Weekday,2315,10,ELSIES RIVER,18:11,2025-11-24
Northern Line,Outbound (Cape Town to Wellington),Weekday,3219,10,ELSIES RIVER,18:46,2025-11-24
Northern Line,Outbound (Cape Town to Wellington),Weekday,2523,10,ELSIES RIVER,19:18,2025-11-24
Northern Line,Outbound (Cape Town to Wellington),Weekday,2309,11,PAROW,12:55,2025-11-24
Northern Line,Outbound (Cape Town to Wellington),Weekday,2515,11,PAROW,13:25,2025-11-24
Northern Line,Outbound (Cape Town to Wellington),Weekday,3211,11,PAROW,14:05,2025-11-24
Northern Line,Outbound (Cape Town to Wellington),Weekday,2517,11,PAROW,14:40,2025-11-24
Northern Line,Outbound (Cape Town to Wellington),Weekday,2563,11,PAROW,15:15,2025-11-24
Northern Line,Outbound (Cape Town to Wellington),Weekday,3509,11,PAROW,15:50,2025-11-24
Northern Line,Outbound (Cape Town to Wellington),Weekday,3215,11,PAROW,16:25,2025-11-24
Northern Line,Outbound (Cape Town to Wellington),Weekday,2519,11,PAROW,16:58,2025-11-24
Northern Line,Outbound (Cape Town to Wellington),Weekday,2567,11,PAROW,17:30,2025-11-24
Northern Line,Outbound (Cape Town to Wellington),Weekday,2315,11,PAROW,18:15,2025-11-24
Northern Line,Outbound (Cape Town to Wellington),Weekday,3219,11,PAROW,18:50,2025-11-24
Northern Line,Outbound (Cape Town to Wellington),Weekday,2523,11,PAROW,19:22,2025-11-24
Northern Line,Outbound (Cape Town to Wellington),Weekday,2309,12,TYGERBERG,13:00,2025-11-24
Northern Line,Outbound (Cape Town to Wellington),Weekday,2515,12,TYGERBERG,13:30,2025-11-24
Northern Line,Outbound (Cape Town to Wellington),Weekday,3211,12,TYGERBERG,14:10,2025-11-24
Northern Line,Outbound (Cape Town to Wellington),Weekday,2517,12,TYGERBERG,14:45,2025-11-24
Northern Line,Outbound (Cape Town to Wellington),Weekday,2563,12,TYGERBERG,15:20,2025-11-24
Northern Line,Outbound (Cape Town to Wellington),Weekday,3509,12,TYGERBERG,15:55,2025-11-24
Northern Line,Outbound (Cape Town to Wellington),Weekday,3215,12,TYGERBERG,16:30,2025-11-24
Northern Line,Outbound (Cape Town to Wellington),Weekday,2519,12,TYGERBERG,17:03,2025-11-24
Northern Line,Outbound (Cape Town to Wellington),Weekday,2567,12,TYGERBERG,17:35,2025-11-24
Northern Line,Outbound (Cape Town to Wellington),Weekday,2315,12,TYGERBERG,18:20,2025-11-24
Northern Line,Outbound (Cape Town to Wellington),Weekday,3219,12,TYGERBERG,18:55,2025-11-24
Northern Line,Outbound (Cape Town to Wellington),Weekday,2523,12,TYGERBERG,19:27,2025-11-24
Northern Line,Outbound (Cape Town to Wellington),Weekday,2309,13,BELLVILLE (ARR),13:05,2025-11-24
Northern Line,Outbound (Cape Town to Wellington),Weekday,2515,13,BELLVILLE (ARR),13:35,2025-11-24
Northern Line,Outbound (Cape Town to Wellington),Weekday,3211,13,BELLVILLE (ARR),14:15,2025-11-24
Northern Line,Outbound (Cape Town to Wellington),Weekday,2517,13,BELLVILLE (ARR),14:50,2025-11-24
Northern Line,Outbound (Cape Town to Wellington),Weekday,2563,13,BELLVILLE (ARR),15:25,2025-11-24
Northern Line,Outbound (Cape Town to Wellington),Weekday,3509,13,BELLVILLE (ARR),16:00,2025-11-24
Northern Line,Outbound (Cape Town to Wellington),Weekday,3215,13,BELLVILLE (ARR),16:35,2025-11-24
Northern Line,Outbound (Cape Town to Wellington),Weekday,2519,13,BELLVILLE (ARR),17:08,2025-11-24
Northern Line,Outbound (Cape Town to Wellington),Weekday,2567,13,BELLVILLE (ARR),17:40,2025-11-24
Northern Line,Outbound (Cape Town to Wellington),Weekday,3217,13,BELLVILLE (ARR),17:49,2025-11-24
Northern Line,Outbound (Cape Town to Wellington),Weekday,2677,13,BELLVILLE (ARR),18:06,2025-11-24
Northern Line,Outbound (Cape Town to Wellington),Weekday,2315,13,BELLVILLE (ARR),18:25,2025-11-24
Northern Line,Outbound (Cape Town to Wellington),Weekday,3219,13,BELLVILLE (ARR),19:00,2025-11-24
Northern Line,Outbound (Cape Town to Wellington),Weekday,2523,13,BELLVILLE (ARR),19:32,2025-11-24
Northern Line,Inbound (Wellington to Cape Town),Weekend,3500,0,WELLINGTON,04:50,2024-12-28
Northern Line,Inbound (Wellington to Cape Town),Weekend,3500,1,MBEKWENI,05:03,2024-12-28
Northern Line,Inbound (Wellington to Cape Town),Weekend,3500,2,DAL JOSAFAT,05:12,2024-12-28
Northern Line,Inbound (Wellington to Cape Town),Weekend,3500,3,HUGUENOT,05:18,2024-12-28
Northern Line,Inbound (Wellington to Cape Town),Weekend,3500,4,PAARL,05:28,2024-12-28
Northern Line,Inbound (Wellington to Cape Town),Weekend,3500,5,KLAPMUTS,05:43,2024-12-28
Northern Line,Inbound (Wellington to Cape Town),Weekend,3500,6,MULDERSVLEI,05:58,2024-12-28
Northern Line,Inbound (Wellington to Cape Town),Weekend,3500,7,KRAAIFONTEIN,06:10,2024-12-28
Northern Line,Inbound (Wellington to Cape Town),Weekend,2632,7,KRAAIFONTEIN,06:36,2024-12-28
Northern Line,Inbound (Wellington to Cape Town),Weekend,2500,8,EIKENFONTEIN,05:30,2024-12-28
Northern Line,Inbound (Wellington to Cape Town),Weekend,3500,8,EIKENFONTEIN,06:16,2024-12-28
Northern Line,Inbound (Wellington to Cape Town),Weekend,2632,8,EIKENFONTEIN,06:42,2024-12-28
Northern Line,Inbound (Wellington to Cape Town),Weekend,2502,8,EIKENFONTEIN,07:15,2024-12-28
Northern Line,Inbound (Wellington to Cape Town),Weekend,2504,8,EIKENFONTEIN,09:15,2024-12-28
Northern Line,Inbound (Wellington to Cape Town),Weekend,2500,9,BRACKENFELL,05:35,2024-12-28
Northern Line,Inbound (Wellington to Cape Town),Weekend,3500,9,BRACKENFELL,06:21,2024-12-28
Northern Line,Inbound (Wellington to Cape Town),Weekend,2632,9,BRACKENFELL,06:47,2024-12-28
Northern Line,Inbound (Wellington to Cape Town),Weekend,2502,9,BRACKENFELL,07:20,2024-12-28
Northern Line,Inbound (Wellington to Cape Town),Weekend,2504,9,BRACKENFELL,09:20,2024-12-28
Northern Line,Inbound (Wellington to Cape Town),Weekend,2500,10,STIKLAND,05:43,2024-12-28
Northern Line,Inbound (Wellington to Cape Town),Weekend,3500,10,STIKLAND,06:29,2024-12-28
Northern Line,Inbound (Wellington to Cape Town),Weekend,2632,10,STIKLAND,06:55,2024-12-28
Northern Line,Inbound (Wellington to Cape Town),Weekend,2502,10,STIKLAND,07:28,2024-12-28
Northern Line,Inbound (Wellington to Cape Town),Weekend,2504,10,STIKLAND,09:28,2024-12-28
Northern Line,Inbound (Wellington to Cape Town),Weekend,3200,11,STRAND,05:15,2024-12-28
Northern Line,Inbound (Wellington to Cape Town),Weekend,2302,11,STRAND,07:10,2024-12-28
Northern Line,Inbound (Wellington to Cape Town),Weekend,3204,11,STRAND,09:10,2024-12-28
Northern Line,Inbound (Wellington to Cape Town),Weekend,3200,12,VAN DER STEL,05:22,2024-12-28
Northern Line,Inbound (Wellington to Cape Town),Weekend,2302,12,VAN DER STEL,07:17,2024-12-28
Northern Line,Inbound (Wellington to Cape Town),Weekend,3204,12,VAN DER STEL,09:17,2024-12-28
Northern Line,Inbound (Wellington to Cape Town),Weekend,3200,13,SOMERSET WEST,05:28,2024-12-28
Northern Line,Inbound (Wellington to Cape Town),Weekend,2302,13,SOMERSET WEST,07:23,2024-12-28
Northern Line,Inbound (Wellington to Cape Town),Weekend,3204,13,SOMERSET WEST,09:23,2024-12-28
Northern Line,Inbound (Wellington to Cape Town),Weekend,3200,14,FAURE,05:52,2024-12-28
Northern Line,Inbound (Wellington to Cape Town),Weekend,2302,14,FAURE,07:47,2024-12-28
Northern Line,Inbound (Wellington to Cape Town),Weekend,3204,14,FAURE,09:47,2024-12-28
Northern Line,Inbound (Wellington to Cape Town),Weekend,3200,15,EERSTE RIVER,06:00,2024-12-28
Northern Line,Inbound (Wellington to Cape Town),Weekend,2300,15,EERSTE RIVER,06:12,2024-12-28
Northern Line,Inbound (Wellington to Cape Town),Weekend,2502,15,EERSTE RIVER,07:55,2024-12-28
Northern Line,Inbound (Wellington to Cape Town),Weekend,3202,15,EERSTE RIVER,08:12,2024-12-28
Northern Line,Inbound (Wellington to Cape Town),Weekend,2504,15,EERSTE RIVER,09:55,2024-12-28
Northern Line,Inbound (Wellington to Cape Town),Weekend,3202,16,MELTONROSE,06:18,2024-12-28
Northern Line,Inbound (Wellington to Cape Town),Weekend,3204,16,MELTONROSE,08:18,2024-12-28
Northern Line,Inbound (Wellington to Cape Town),Weekend,3202,17,BLACKHEATH,06:25,2024-12-28
Northern Line,Inbound (Wellington to Cape Town),Weekend,3204,17,BLACKHEATH,08:25,2024-12-28
Northern Line,Inbound (Wellington to Cape Town),Weekend,3202,18,KUILS RIVER,06:34,2024-12-28
Northern Line,Inbound (Wellington to Cape Town),Weekend,3204,18,KUILS RIVER,08:34,2024-12-28
Northern Line,Inbound (Wellington to Cape Town),Weekend,2500,19,BELLVILLE,05:51,2024-12-28
Northern Line,Inbound (Wellington to Cape Town),Weekend,2800,19,BELLVILLE,06:50,2024-12-28
Northern Line,Inbound (Wellington to Cape Town),Weekend,2300,19,BELLVILLE,06:48,2024-12-28
Northern Line,Inbound (Wellington to Cape Town),Weekend,2632,19,BELLVILLE,07:03,2024-12-28
Northern Line,Inbound (Wellington to Cape Town),Weekend,2502,19,BELLVILLE,07:36,2024-12-28
Northern Line,Inbound (Wellington to Cape Town),Weekend,2802,19,BELLVILLE,08:48,2024-12-28
Northern Line,Inbound (Wellington to Cape Town),Weekend,2504,19,BELLVILLE,09:00,2024-12-28
Northern Line,Inbound (Wellington to Cape Town),Weekend,3204,19,BELLVILLE,09:36,2024-12-28
Northern Line,Inbound (Wellington to Cape Town),Weekend,2500,20,TYGERBERG,05:56,2024-12-28
Northern Line,Inbound (Wellington to Cape Town),Weekend,2300,20,TYGERBERG,06:53,2024-12-28
Northern Line,Inbound (Wellington to Cape Town),Weekend,2502,20,TYGERBERG,07:41,2024-12-28
Northern Line,Inbound (Wellington to Cape Town),Weekend,2802,20,TYGERBERG,08:53,2024-12-28
Northern Line,Inbound (Wellington to Cape Town),Weekend,2504,20,TYGERBERG,09:41,2024-12-28
Northern Line,Inbound (Wellington to Cape Town),Weekend,2500,21,PAROW,05:56,2024-12-28
Northern Line,Inbound (Wellington to Cape Town),Weekend,2300,21,PAROW,06:54,2024-12-28
Northern Line,Inbound (Wellington to Cape Town),Weekend,2502,21,PAROW,07:41,2024-12-28
Northern Line,Inbound (Wellington to Cape Town),Weekend,2802,21,PAROW,08:54,2024-12-28
Northern Line,Inbound (Wellington to Cape Town),Weekend,2504,21,PAROW,09:41,2024-12-28
Northern Line,Inbound (Wellington to Cape Town),Weekend,2500,22,ELSIES RIVER,06:02,2024-12-28
Northern Line,Inbound (Wellington to Cape Town),Weekend,2300,22,ELSIES RIVER,07:00,2024-12-28
Northern Line,Inbound (Wellington to Cape Town),Weekend,2502,22,ELSIES RIVER,07:47,2024-12-28
Northern Line,Inbound (Wellington to Cape Town),Weekend,2802,22,ELSIES RIVER,09:00,2024-12-28
Northern Line,Inbound (Wellington to Cape Town),Weekend,2504,22,ELSIES RIVER,09:47,2024-12-28
Northern Line,Inbound (Wellington to Cape Town),Weekend,2500,23,VASCO,06:06,2024-12-28
Northern Line,Inbound (Wellington to Cape Town),Weekend,2300,23,VASCO,07:04,2024-12-28
Northern Line,Inbound (Wellington to Cape Town),Weekend,2502,23,VASCO,07:51,2024-12-28
Northern Line,Inbound (Wellington to Cape Town),Weekend,2802,23,VASCO,09:04,2024-12-28
Northern Line,Inbound (Wellington to Cape Town),Weekend,2504,23,VASCO,09:51,2024-12-28
Northern Line,Inbound (Wellington to Cape Town),Weekend,2500,24,GOODWOOD,06:09,2024-12-28
Northern Line,Inbound (Wellington to Cape Town),Weekend,2300,24,GOODWOOD,07:06,2024-12-28
Northern Line,Inbound (Wellington to Cape Town),Weekend,2502,24,GOODWOOD,07:54,2024-12-28
Northern Line,Inbound (Wellington to Cape Town),Weekend,2802,24,GOODWOOD,09:06,2024-12-28
Northern Line,Inbound (Wellington to Cape Town),Weekend,2504,24,GOODWOOD,09:54,2024-12-28
Northern Line,Inbound (Wellington to Cape Town),Weekend,2500,25,THORNTON,06:14,2024-12-28
Northern Line,Inbound (Wellington to Cape Town),Weekend,2300,25,THORNTON,07:12,2024-12-28
Northern Line,Inbound (Wellington to Cape Town),Weekend,2502,25,THORNTON,07:59,2024-12-28
Northern Line,Inbound (Wellington to Cape Town),Weekend,2802,25,THORNTON,09:12,2024-12-28
Northern Line,Inbound (Wellington to Cape Town),Weekend,2504,25,THORNTON,09:59,2024-12-28
Northern Line,Inbound (Wellington to Cape Town),Weekend,2500,26,MUTUAL,06:21,2024-12-28
Northern Line,Inbound (Wellington to Cape Town),Weekend,2300,26,MUTUAL,07:19,2024-12-28
Northern Line,Inbound (Wellington to Cape Town),Weekend,2502,26,MUTUAL,08:06,2024-12-28
Northern Line,Inbound (Wellington to Cape Town),Weekend,2802,26,MUTUAL,09:19,2024-12-28
Northern Line,Inbound (Wellington to Cape Town),Weekend,2504,26,MUTUAL,10:06,2024-12-28
Northern Line,Inbound (Wellington to Cape Town),Weekend,2500,27,MAITLAND,06:25,2024-12-28
Northern Line,Inbound (Wellington to Cape Town),Weekend,2300,27,MAITLAND,07:22,2024-12-28
Northern Line,Inbound (Wellington to Cape Town),Weekend,2502,27,MAITLAND,08:10,2024-12-28
Northern Line,Inbound (Wellington to Cape Town),Weekend,2802,27,MAITLAND,09:22,2024-12-28
Northern Line,Inbound (Wellington to Cape Town),Weekend,2504,27,MAITLAND,10:10,2024-12-28
Northern Line,Inbound (Wellington to Cape Town),Weekend,2500,28,KOEBERG RD,06:28,2024-12-28
Northern Line,Inbound (Wellington to Cape Town),Weekend,2300,28,KOEBERG RD,07:25,2024-12-28
Northern Line,Inbound (Wellington to Cape Town),Weekend,2502,28,KOEBERG RD,08:13,2024-12-28
Northern Line,Inbound (Wellington to Cape Town),Weekend,2802,28,KOEBERG RD,09:25,2024-12-28
Northern Line,Inbound (Wellington to Cape Town),Weekend,2504,28,KOEBERG RD,10:13,2024-12-28
Northern Line,Inbound (Wellington to Cape Town),Weekend,2500,29,SALT RIVER,06:30,2024-12-28
Northern Line,Inbound (Wellington to Cape Town),Weekend,2300,29,SALT RIVER,07:27,2024-12-28
Northern Line,Inbound (Wellington to Cape Town),Weekend,2502,29,SALT RIVER,08:15,2024-12-28
Northern Line,Inbound (Wellington to Cape Town),Weekend,2802,29,SALT RIVER,09:27,2024-12-28
Northern Line,Inbound (Wellington to Cape Town),Weekend,2504,29,SALT RIVER,10:15,2024-12-28
Northern Line,Outbound (Cape Town to Wellington),Weekend,2501,0,CAPE TOWN,05:20,2024-12-28
Northern Line,Outbound (Cape Town to Wellington),Weekend,2801,0,CAPE TOWN,06:05,2024-12-28
Northern Line,Outbound (Cape Town to Wellington),Weekend,3501,0,CAPE TOWN,07:00,2024-12-28
Northern Line,Outbound (Cape Town to Wellington),Weekend,2503,0,CAPE TOWN,07:55,2024-12-28
Northern Line,Outbound (Cape Town to Wellington),Weekend,2803,0,CAPE TOWN,08:10,2024-12-28
Northern Line,Outbound (Cape Town to Wellington),Weekend,3205,0,CAPE TOWN,09:00,2024-12-28
Northern Line,Outbound (Cape Town to Wellington),Weekend,2505,0,CAPE TOWN,10:05,2024-12-28
Northern Line,Outbound (Cape Town to Wellington),Weekend,2805,0,CAPE TOWN,10:20,2024-12-28
Northern Line,Outbound (Cape Town to Wellington),Weekend,3207,0,CAPE TOWN,11:05,2024-12-28
Northern Line,Outbound (Cape Town to Wellington),Weekend,2507,0,CAPE TOWN,12:10,2024-12-28
Northern Line,Outbound (Cape Town to Wellington),Weekend,2307,0,CAPE TOWN,12:15,2024-12-28
Northern Line,Outbound (Cape Town to Wellington),Weekend,2661,0,CAPE TOWN,13:50,2024-12-28
Northern Line,Outbound (Cape Town to Wellington),Weekend,2501,1,WOODSTOCK,05:23,2024-12-28
Northern Line,Outbound (Cape Town to Wellington),Weekend,2801,1,WOODSTOCK,06:08,2024-12-28
Northern Line,Outbound (Cape Town to Wellington),Weekend,3501,1,WOODSTOCK,07:03,2024-12-28
Northern Line,Outbound (Cape Town to Wellington),Weekend,2803,1,WOODSTOCK,08:13,2024-12-28
Northern Line,Outbound (Cape Town to Wellington),Weekend,2505,1,WOODSTOCK,09:03,2024-12-28
Northern Line,Outbound (Cape Town to Wellington),Weekend,2305,1,WOODSTOCK,10:23,2024-12-28
Northern Line,Outbound (Cape Town to Wellington),Weekend,2507,1,WOODSTOCK,11:08,2024-12-28
Northern Line,Outbound (Cape Town to Wellington),Weekend,2307,1,WOODSTOCK,12:13,2024-12-28
Northern Line,Outbound (Cape Town to Wellington),Weekend,2501,2,SALT RIVER,05:26,2024-12-28
Northern Line,Outbound (Cape Town to Wellington),Weekend,2801,2,SALT RIVER,06:11,2024-12-28
Northern Line,Outbound (Cape Town to Wellington),Weekend,3501,2,SALT RIVER,07:06,2024-12-28
Northern Line,Outbound (Cape Town to Wellington),Weekend,2803,2,SALT RIVER,08:16,2024-12-28
Northern Line,Outbound (Cape Town to Wellington),Weekend,2505,2,SALT RIVER,09:06,2024-12-28
Northern Line,Outbound (Cape Town to Wellington),Weekend,2305,2,SALT RIVER,10:26,2024-12-28
Northern Line,Outbound (Cape Town to Wellington),Weekend,2507,2,SALT RIVER,11:11,2024-12-28
Northern Line,Outbound (Cape Town to Wellington),Weekend,2307,2,SALT RIVER,12:16,2024-12-28
Northern Line,Outbound (Cape Town to Wellington),Weekend,2501,3,KOEBERG RD,05:30,2024-12-28
Northern Line,Outbound (Cape Town to Wellington),Weekend,2801,3,KOEBERG RD,06:15,2024-12-28
Northern Line,Outbound (Cape Town to Wellington),Weekend,3501,3,KOEBERG RD,07:10,2024-12-28
Northern Line,Outbound (Cape Town to Wellington),Weekend,2803,3,KOEBERG RD,08:20,2024-12-28
Northern Line,Outbound (Cape Town to Wellington),Weekend,2505,3,KOEBERG RD,09:10,2024-12-28
Northern Line,Outbound (Cape Town to Wellington),Weekend,2305,3,KOEBERG RD,10:30,2024-12-28
Northern Line,Outbound (Cape Town to Wellington),Weekend,2507,3,KOEBERG RD,11:15,2024-12-28
Northern Line,Outbound (Cape Town to Wellington),Weekend,2307,3,KOEBERG RD,12:20,2024-12-28
Northern Line,Outbound (Cape Town to Wellington),Weekend,2501,4,MAITLAND,05:32,2024-12-28
Northern Line,Outbound (Cape Town to Wellington),Weekend,2801,4,MAITLAND,06:17,2024-12-28
Northern Line,Outbound (Cape Town to Wellington),Weekend,3501,4,MAITLAND,07:12,2024-12-28
Northern Line,Outbound (Cape Town to Wellington),Weekend,2803,4,MAITLAND,08:22,2024-12-28
Northern Line,Outbound (Cape Town to Wellington),Weekend,2505,4,MAITLAND,09:12,2024-12-28
Northern Line,Outbound (Cape Town to Wellington),Weekend,2305,4,MAITLAND,10:32,2024-12-28
Northern Line,Outbound (Cape Town to Wellington),Weekend,2507,4,MAITLAND,11:17,2024-12-28
Northern Line,Outbound (Cape Town to Wellington),Weekend,2307,4,MAITLAND,12:22,2024-12-28
Northern Line,Outbound (Cape Town to Wellington),Weekend,2501,5,MUTUAL,05:38,2024-12-28
Northern Line,Outbound (Cape Town to Wellington),Weekend,2801,5,MUTUAL,06:23,2024-12-28
Northern Line,Outbound (Cape Town to Wellington),Weekend,3501,5,MUTUAL,07:18,2024-12-28
Northern Line,Outbound (Cape Town to Wellington),Weekend,2803,5,MUTUAL,08:28,2024-12-28
Northern Line,Outbound (Cape Town to Wellington),Weekend,2505,5,MUTUAL,09:18,2024-12-28
Northern Line,Outbound (Cape Town to Wellington),Weekend,2305,5,MUTUAL,10:38,2024-12-28
Northern Line,Outbound (Cape Town to Wellington),Weekend,2507,5,MUTUAL,11:23,2024-12-28
Northern Line,Outbound (Cape Town to Wellington),Weekend,2307,5,MUTUAL,12:28,2024-12-28
Northern Line,Outbound (Cape Town to Wellington),Weekend,2501,6,THORNTON,05:40,2024-12-28
Northern Line,Outbound (Cape Town to Wellington),Weekend,2801,6,THORNTON,06:25,2024-12-28
Northern Line,Outbound (Cape Town to Wellington),Weekend,3501,6,THORNTON,07:20,2024-12-28
Northern Line,Outbound (Cape Town to Wellington),Weekend,2803,6,THORNTON,08:30,2024-12-28
Northern Line,Outbound (Cape Town to Wellington),Weekend,2505,6,THORNTON,09:20,2024-12-28
Northern Line,Outbound (Cape Town to Wellington),Weekend,2305,6,THORNTON,10:40,2024-12-28
Northern Line,Outbound (Cape Town to Wellington),Weekend,2507,6,THORNTON,11:25,2024-12-28
Northern Line,Outbound (Cape Town to Wellington),Weekend,2307,6,THORNTON,12:30,2024-12-28
Northern Line,Outbound (Cape Town to Wellington),Weekend,2501,7,GOODWOOD,05:46,2024-12-28
Northern Line,Outbound (Cape Town to Wellington),Weekend,2801,7,GOODWOOD,06:31,2024-12-28
Northern Line,Outbound (Cape Town to Wellington),Weekend,3501,7,GOODWOOD,07:26,2024-12-28
Northern Line,Outbound (Cape Town to Wellington),Weekend,2803,7,GOODWOOD,08:36,2024-12-28
Northern Line,Outbound (Cape Town to Wellington),Weekend,2505,7,GOODWOOD,09:26,2024-12-28
Northern Line,Outbound (Cape Town to Wellington),Weekend,2305,7,GOODWOOD,10:46,2024-12-28
Northern Line,Outbound (Cape Town to Wellington),Weekend,2507,7,GOODWOOD,11:31,2024-12-28
Northern Line,Outbound (Cape Town to Wellington),Weekend,2307,7,GOODWOOD,12:36,2024-12-28
Northern Line,Outbound (Cape Town to Wellington),Weekend,2501,8,VASCO,05:52,2024-12-28
Northern Line,Outbound (Cape Town to Wellington),Weekend,2801,8,VASCO,06:37,2024-12-28
Northern Line,Outbound (Cape Town to Wellington),Weekend,3501,8,VASCO,07:32,2024-12-28
Northern Line,Outbound (Cape Town to Wellington),Weekend,2803,8,VASCO,08:42,2024-12-28
Northern Line,Outbound (Cape Town to Wellington),Weekend,2505,8,VASCO,09:32,2024-12-28
Northern Line,Outbound (Cape Town to Wellington),Weekend,2305,8,VASCO,10:52,2024-12-28
Northern Line,Outbound (Cape Town to Wellington),Weekend,2507,8,VASCO,11:37,2024-12-28
Northern Line,Outbound (Cape Town to Wellington),Weekend,2307,8,VASCO,12:42,2024-12-28
Northern Line,Outbound (Cape Town to Wellington),Weekend,2501,9,ELSIES RIVER,05:56,2024-12-28
Northern Line,Outbound (Cape Town to Wellington),Weekend,2801,9,ELSIES RIVER,06:41,2024-12-28
Northern Line,Outbound (Cape Town to Wellington),Weekend,3501,9,ELSIES RIVER,07:36,2024-12-28
Northern Line,Outbound (Cape Town to Wellington),Weekend,2803,9,ELSIES RIVER,08:46,2024-12-28
Northern Line,Outbound (Cape Town to Wellington),Weekend,2505,9,ELSIES RIVER,09:36,2024-12-28
Northern Line,Outbound (Cape Town to Wellington),Weekend,2305,9,ELSIES RIVER,10:56,2024-12-28
Northern Line,Outbound (Cape Town to Wellington),Weekend,2507,9,ELSIES RIVER,11:41,2024-12-28
Northern Line,Outbound (Cape Town to Wellington),Weekend,2307,9,ELSIES RIVER,12:46,2024-12-28
Northern Line,Outbound (Cape Town to Wellington),Weekend,2501,10,PAROW,05:59,2024-12-28
Northern Line,Outbound (Cape Town to Wellington),Weekend,2801,10,PAROW,06:44,2024-12-28
Northern Line,Outbound (Cape Town to Wellington),Weekend,3501,10,PAROW,07:39,2024-12-28
Northern Line,Outbound (Cape Town to Wellington),Weekend,2803,10,PAROW,08:49,2024-12-28
Northern Line,Outbound (Cape Town to Wellington),Weekend,2505,10,PAROW,09:39,2024-12-28
Northern Line,Outbound (Cape Town to Wellington),Weekend,2305,10,PAROW,10:59,2024-12-28
Northern Line,Outbound (Cape Town to Wellington),Weekend,2507,10,PAROW,11:44,2024-12-28
Northern Line,Outbound (Cape Town to Wellington),Weekend,2307,10,PAROW,12:49,2024-12-28
Northern Line,Outbound (Cape Town to Wellington),Weekend,2501,11,TYGERBERG,06:05,2024-12-28
Northern Line,Outbound (Cape Town to Wellington),Weekend,2801,11,TYGERBERG,06:50,2024-12-28
Northern Line,Outbound (Cape Town to Wellington),Weekend,3501,11,TYGERBERG,07:45,2024-12-28
Northern Line,Outbound (Cape Town to Wellington),Weekend,2803,11,TYGERBERG,08:55,2024-12-28
Northern Line,Outbound (Cape Town to Wellington),Weekend,2505,11,TYGERBERG,09:45,2024-12-28
Northern Line,Outbound (Cape Town to Wellington),Weekend,2305,11,TYGERBERG,11:05,2024-12-28
Northern Line,Outbound (Cape Town to Wellington),Weekend,2507,11,TYGERBERG,11:50,2024-12-28
Northern Line,Outbound (Cape Town to Wellington),Weekend,2307,11,TYGERBERG,12:55,2024-12-28
Northern Line,Outbound (Cape Town to Wellington),Weekend,2501,12,BELLVILLE,06:11,2024-12-28
Northern Line,Outbound (Cape Town to Wellington),Weekend,2801,12,BELLVILLE,06:56,2024-12-28
Northern Line,Outbound (Cape Town to Wellington),Weekend,3203,12,BELLVILLE,15:10,2024-12-28
Northern Line,Outbound (Cape Town to Wellington),Weekend,2503,12,BELLVILLE,07:51,2024-12-28
Northern Line,Outbound (Cape Town to Wellington),Weekend,2303,12,BELLVILLE,09:01,2024-12-28
Northern Line,Outbound (Cape Town to Wellington),Weekend,2505,12,BELLVILLE,09:51,2024-12-28
Northern Line,Outbound (Cape Town to Wellington),Weekend,2305,12,BELLVILLE,11:11,2024-12-28
Northern Line,Outbound (Cape Town to Wellington),Weekend,2507,12,BELLVILLE,11:56,2024-12-28
Northern Line,Outbound (Cape Town to Wellington),Weekend,2307,12,BELLVILLE,13:01,2024-12-28
Northern Line,Outbound (Cape Town to Wellington),Weekend,3503,12,BELLVILLE,13:10,2024-12-28
Northern Line,Outbound (Cape Town to Wellington),Weekend,3209,12,BELLVILLE,13:20,2024-12-28
Northern Line,Outbound (Cape Town to Wellington),Weekend,2661,12,BELLVILLE,14:31,2024-12-28
Northern Line,Outbound (Cape Town to Wellington),Weekend,2503,13,KUILS RIVER,07:08,2024-12-28
Northern Line,Outbound (Cape Town to Wellington),Weekend,2505,13,KUILS RIVER,09:13,2024-12-28
Northern Line,Outbound (Cape Town to Wellington),Weekend,2507,13,KUILS RIVER,11:23,2024-12-28
Northern Line,Outbound (Cape Town to Wellington),Weekend,3503,13,KUILS RIVER,13:13,2024-12-28
Northern Line,Outbound (Cape Town to Wellington),Weekend,2503,14,BLACKHEATH,07:17,2024-12-28
Northern Line,Outbound (Cape Town to Wellington),Weekend,2505,14,BLACKHEATH,09:22,2024-12-28
Northern Line,Outbound (Cape Town to Wellington),Weekend,2507,14,BLACKHEATH,11:32,2024-12-28
Northern Line,Outbound (Cape Town to Wellington),Weekend,3503,14,BLACKHEATH,13:22,2024-12-28
Northern Line,Outbound (Cape Town to Wellington),Weekend,2503,15,MELTONROSE,07:25,2024-12-28
Northern Line,Outbound (Cape Town to Wellington),Weekend,2505,15,MELTONROSE,09:30,2024-12-28
Northern Line,Outbound (Cape Town to Wellington),Weekend,2507,15,MELTONROSE,11:40,2024-12-28
Northern Line,Outbound (Cape Town to Wellington),Weekend,3503,15,MELTONROSE,13:30,2024-12-28
Northern Line,Outbound (Cape Town to Wellington),Weekend,2503,16,EERSTE RIVER,07:31,2024-12-28
Northern Line,Outbound (Cape Town to Wellington),Weekend,2807,16,EERSTE RIVER,13:36,2024-12-28
Northern Line,Outbound (Cape Town to Wellington),Weekend,3201,17,EERSTE RIVER 2,06:10,2024-12-28
Northern Line,Outbound (Cape Town to Wellington),Weekend,3203,17,EERSTE RIVER 2,08:05,2024-12-28
Northern Line,Outbound (Cape Town to Wellington),Weekend,2303,17,EERSTE RIVER 2,10:05,2024-12-28
Northern Line,Outbound (Cape Town to Wellington),Weekend,2305,17,EERSTE RIVER 2,12:05,2024-12-28
Northern Line,Outbound (Cape Town to Wellington),Weekend,3503,17,EERSTE RIVER 2,13:55,2024-12-28
Northern Line,Outbound (Cape Town to Wellington),Weekend,3201,18,FAURE,06:18,2024-12-28
Northern Line,Outbound (Cape Town to Wellington),Weekend,3203,18,FAURE,08:13,2024-12-28
Northern Line,Outbound (Cape Town to Wellington),Weekend,2303,18,FAURE,10:13,2024-12-28
Northern Line,Outbound (Cape Town to Wellington),Weekend,2305,18,FAURE,12:13,2024-12-28
Northern Line,Outbound (Cape Town to Wellington),Weekend,3503,18,FAURE,14:03,2024-12-28
Northern Line,Outbound (Cape Town to Wellington),Weekend,3201,19,SOMERSET WEST,06:42,2024-12-28
Northern Line,Outbound (Cape Town to Wellington),Weekend,3203,19,SOMERSET WEST,08:37,2024-12-28
Northern Line,Outbound (Cape Town to Wellington),Weekend,2303,19,SOMERSET WEST,10:37,2024-12-28
Northern Line,Outbound (Cape Town to Wellington),Weekend,2305,19,SOMERSET WEST,12:37,2024-12-28
Northern Line,Outbound (Cape Town to Wellington),Weekend,3503,19,SOMERSET WEST,14:27,2024-12-28
Northern Line,Outbound (Cape Town to Wellington),Weekend,3201,20,STRAND,06:55,2024-12-28
Northern Line,Outbound (Cape Town to Wellington),Weekend,3203,20,STRAND,08:50,2024-12-28
Northern Line,Outbound (Cape Town to Wellington),Weekend,2303,20,STRAND,10:50,2024-12-28
Northern Line,Outbound (Cape Town to Wellington),Weekend,2305,20,STRAND,12:50,2024-12-28
Northern Line,Outbound (Cape Town to Wellington),Weekend,3503,20,STRAND,14:40,2024-12-28
Northern Line,Outbound (Cape Town to Wellington),Weekend,2501,21,STIKLAND,06:20,2024-12-28
Northern Line,Outbound (Cape Town to Wellington),Weekend,3501,21,STIKLAND,15:19,2024-12-28
Northern Line,Outbound (Cape Town to Wellington),Weekend,2503,21,STIKLAND,08:00,2024-12-28
Northern Line,Outbound (Cape Town to Wellington),Weekend,3205,21,STIKLAND,10:00,2024-12-28
Northern Line,Outbound (Cape Town to Wellington),Weekend,2507,21,STIKLAND,12:05,2024-12-28
Northern Line,Outbound (Cape Town to Wellington),Weekend,3503,21,STIKLAND,13:29,2024-12-28
Northern Line,Outbound (Cape Town to Wellington),Weekend,2661,21,STIKLAND,14:40,2024-12-28
Northern Line,Outbound (Cape Town to Wellington),Weekend,2501,22,BRACKENFELL,06:27,2024-12-28
Northern Line,Outbound (Cape Town to Wellington),Weekend,3501,22,BRACKENFELL,15:26,2024-12-28
Northern Line,Outbound (Cape Town to Wellington),Weekend,2503,22,BRACKENFELL,08:07,2024-12-28
Northern Line,Outbound (Cape Town to Wellington),Weekend,3205,22,BRACKENFELL,10:07,2024-12-28
Northern Line,Outbound (Cape Town to Wellington),Weekend,2507,22,BRACKENFELL,12:12,2024-12-28
Northern Line,Outbound (Cape Town to Wellington),Weekend,3503,22,BRACKENFELL,13:36,2024-12-28
Northern Line,Outbound (Cape Town to Wellington),Weekend,2661,22,BRACKENFELL,14:47,2024-12-28
Northern Line,Outbound (Cape Town to Wellington),Weekend,2501,23,EIKENFONTEIN,06:32,2024-12-28
Northern Line,Outbound (Cape Town to Wellington),Weekend,3501,23,EIKENFONTEIN,15:31,2024-12-28
Northern Line,Outbound (Cape Town to Wellington),Weekend,2503,23,EIKENFONTEIN,08:12,2024-12-28
Northern Line,Outbound (Cape Town to Wellington),Weekend,3205,23,EIKENFONTEIN,10:12,2024-12-28
Northern Line,Outbound (Cape Town to Wellington),Weekend,2507,23,EIKENFONTEIN,12:17,2024-12-28
Northern Line,Outbound (Cape Town to Wellington),Weekend,3503,23,EIKENFONTEIN,13:41,2024-12-28
Northern Line,Outbound (Cape Town to Wellington),Weekend,2661,23,EIKENFONTEIN,14:52,2024-12-28
Northern Line,Outbound (Cape Town to Wellington),Weekend,2501,24,KRAAIFONTEIN,06:36,2024-12-28
Northern Line,Outbound (Cape Town to Wellington),Weekend,3501,24,KRAAIFONTEIN,15:35,2024-12-28
Northern Line,Outbound (Cape Town to Wellington),Weekend,2503,24,KRAAIFONTEIN,08:16,2024-12-28
Northern Line,Outbound (Cape Town to Wellington),Weekend,3205,24,KRAAIFONTEIN,10:16,2024-12-28
Northern Line,Outbound (Cape Town to Wellington),Weekend,2507,24,KRAAIFONTEIN,12:21,2024-12-28
Northern Line,Outbound (Cape Town to Wellington),Weekend,3503,24,KRAAIFONTEIN,13:45,2024-12-28
Northern Line,Outbound (Cape Town to Wellington),Weekend,2661,24,KRAAIFONTEIN,14:56,2024-12-28
Northern Line,Outbound (Cape Town to Wellington),Weekend,3501,25,MULDERSVLEI,15:47,2024-12-28
Northern Line,Outbound (Cape Town to Wellington),Weekend,3503,25,MULDERSVLEI,13:57,2024-12-28
Northern Line,Outbound (Cape Town to Wellington),Weekend,3501,26,KLAPMUTS,16:01,2024-12-28
Northern Line,Outbound (Cape Town to Wellington),Weekend,3503,26,KLAPMUTS,14:11,2024-12-28
Northern Line,Outbound (Cape Town to Wellington),Weekend,3501,27,PAARL,16:16,2024-12-28
Northern Line,Outbound (Cape Town to Wellington),Weekend,3503,27,PAARL,14:26,2024-12-28
Northern Line,Outbound (Cape Town to Wellington),Weekend,3501,28,HUGUENOT,16:24,2024-12-28
Northern Line,Outbound (Cape Town to Wellington),Weekend,3503,28,HUGUENOT,14:34,2024-12-28
Northern Line,Outbound (Cape Town to Wellington),Weekend,3501,29,DAL JOSAFAT,16:33,2024-12-28
Northern Line,Outbound (Cape Town to Wellington),Weekend,3503,29,DAL JOSAFAT,14:43,2024-12-28
Northern Line,Outbound (Cape Town to Wellington),Weekend,3501,30,MBEKWENI,16:42,2024-12-28
Northern Line,Outbound (Cape Town to Wellington),Weekend,3503,30,MBEKWENI,14:52,2024-12-28
Northern Line,Outbound (Cape Town to Wellington),Weekend,3501,31,WELLINGTON,16:56,2024-12-28
Northern Line,Outbound (Cape Town to Wellington),Weekend,3503,31,WELLINGTON,15:06,2024-12-28
Southern Line,Inbound (Simon's Town to Cape Town),Weekday,0100,0,SIMON'S TOWN,04:25,2026-02-02
Southern Line,Inbound (Simon's Town to Cape Town),Weekday,0102,0,SIMON'S TOWN,..,2026-02-02
Southern Line,Inbound (Simon's Town to Cape Town),Weekday,0104,0,SIMON'S TOWN,..,2026-02-02
Southern Line,Inbound (Simon's Town to Cape Town),Weekday,0106,0,SIMON'S TOWN,..,2026-02-02
Southern Line,Inbound (Simon's Town to Cape Town),Weekday,0108,0,SIMON'S TOWN,05:25,2026-02-02
Southern Line,Inbound (Simon's Town to Cape Town),Weekday,0110,0,SIMON'S TOWN,..,2026-02-02
Southern Line,Inbound (Simon's Town to Cape Town),Weekday,0112,0,SIMON'S TOWN,..,2026-02-02
Southern Line,Inbound (Simon's Town to Cape Town),Weekday,0114,0,SIMON'S TOWN,06:25,2026-02-02
Southern Line,Inbound (Simon's Town to Cape Town),Weekday,0116,0,SIMON'S TOWN,..,2026-02-02
Southern Line,Inbound (Simon's Town to Cape Town),Weekday,0118,0,SIMON'S TOWN,..,2026-02-02
Southern Line,Inbound (Simon's Town to Cape Town),Weekday,0120,0,SIMON'S TOWN,..,2026-02-02
Southern Line,Inbound (Simon's Town to Cape Town),Weekday,0122,0,SIMON'S TOWN,07:25,2026-02-02
Southern Line,Inbound (Simon's Town to Cape Town),Weekday,0124,0,SIMON'S TOWN,..,2026-02-02
Southern Line,Inbound (Simon's Town to Cape Town),Weekday,0126,0,SIMON'S TOWN,..,2026-02-02
Southern Line,Inbound (Simon's Town to Cape Town),Weekday,0128,0,SIMON'S TOWN,08:25,2026-02-02
Southern Line,Inbound (Simon's Town to Cape Town),Weekday,0130,0,SIMON'S TOWN,..,2026-02-02
Southern Line,Inbound (Simon's Town to Cape Town),Weekday,0132,0,SIMON'S TOWN,..,2026-02-02
Southern Line,Inbound (Simon's Town to Cape Town),Weekday,0134,0,SIMON'S TOWN,..,2026-02-02
Southern Line,Inbound (Simon's Town to Cape Town),Weekday,0136,0,SIMON'S TOWN,09:40,2026-02-02
Southern Line,Inbound (Simon's Town to Cape Town),Weekday,0138,0,SIMON'S TOWN,..,2026-02-02
Southern Line,Inbound (Simon's Town to Cape Town),Weekday,0140,0,SIMON'S TOWN,10:40,2026-02-02
Southern Line,Inbound (Simon's Town to Cape Town),Weekday,0100,1,GLENCAIRN,04:31,2026-02-02
Southern Line,Inbound (Simon's Town to Cape Town),Weekday,0102,1,GLENCAIRN,..,2026-02-02
Southern Line,Inbound (Simon's Town to Cape Town),Weekday,0104,1,GLENCAIRN,..,2026-02-02
Southern Line,Inbound (Simon's Town to Cape Town),Weekday,0106,1,GLENCAIRN,..,2026-02-02
Southern Line,Inbound (Simon's Town to Cape Town),Weekday,0108,1,GLENCAIRN,05:31,2026-02-02
Southern Line,Inbound (Simon's Town to Cape Town),Weekday,0110,1,GLENCAIRN,..,2026-02-02
Southern Line,Inbound (Simon's Town to Cape Town),Weekday,0112,1,GLENCAIRN,..,2026-02-02
Southern Line,Inbound (Simon's Town to Cape Town),Weekday,0114,1,GLENCAIRN,06:31,2026-02-02
Southern Line,Inbound (Simon's Town to Cape Town),Weekday,0116,1,GLENCAIRN,..,2026-02-02
Southern Line,Inbound (Simon's Town to Cape Town),Weekday,0118,1,GLENCAIRN,..,2026-02-02
Southern Line,Inbound (Simon's Town to Cape Town),Weekday,0120,1,GLENCAIRN,..,2026-02-02
Southern Line,Inbound (Simon's Town to Cape Town),Weekday,0122,1,GLENCAIRN,07:31,2026-02-02
Southern Line,Inbound (Simon's Town to Cape Town),Weekday,0124,1,GLENCAIRN,..,2026-02-02
Southern Line,Inbound (Simon's Town to Cape Town),Weekday,0126,1,GLENCAIRN,..,2026-02-02
Southern Line,Inbound (Simon's Town to Cape Town),Weekday,0128,1,GLENCAIRN,08:31,2026-02-02
Southern Line,Inbound (Simon's Town to Cape Town),Weekday,0130,1,GLENCAIRN,..,2026-02-02
Southern Line,Inbound (Simon's Town to Cape Town),Weekday,0132,1,GLENCAIRN,..,2026-02-02
Southern Line,Inbound (Simon's Town to Cape Town),Weekday,0134,1,GLENCAIRN,..,2026-02-02
Southern Line,Inbound (Simon's Town to Cape Town),Weekday,0136,1,GLENCAIRN,09:46,2026-02-02
Southern Line,Inbound (Simon's Town to Cape Town),Weekday,0138,1,GLENCAIRN,..,2026-02-02
Southern Line,Inbound (Simon's Town to Cape Town),Weekday,0140,1,GLENCAIRN,10:46,2026-02-02
Southern Line,Inbound (Simon's Town to Cape Town),Weekday,0100,2,SUNNY COVE,04:40,2026-02-02
Southern Line,Inbound (Simon's Town to Cape Town),Weekday,0102,2,SUNNY COVE,..,2026-02-02
Southern Line,Inbound (Simon's Town to Cape Town),Weekday,0104,2,SUNNY COVE,..,2026-02-02
Southern Line,Inbound (Simon's Town to Cape Town),Weekday,0106,2,SUNNY COVE,..,2026-02-02
Southern Line,Inbound (Simon's Town to Cape Town),Weekday,0108,2,SUNNY COVE,05:40,2026-02-02
Southern Line,Inbound (Simon's Town to Cape Town),Weekday,0110,2,SUNNY COVE,..,2026-02-02
Southern Line,Inbound (Simon's Town to Cape Town),Weekday,0112,2,SUNNY COVE,..,2026-02-02
Southern Line,Inbound (Simon's Town to Cape Town),Weekday,0114,2,SUNNY COVE,06:40,2026-02-02
Southern Line,Inbound (Simon's Town to Cape Town),Weekday,0116,2,SUNNY COVE,..,2026-02-02
Southern Line,Inbound (Simon's Town to Cape Town),Weekday,0118,2,SUNNY COVE,..,2026-02-02
Southern Line,Inbound (Simon's Town to Cape Town),Weekday,0120,2,SUNNY COVE,..,2026-02-02
Southern Line,Inbound (Simon's Town to Cape Town),Weekday,0122,2,SUNNY COVE,07:40,2026-02-02
Southern Line,Inbound (Simon's Town to Cape Town),Weekday,0124,2,SUNNY COVE,..,2026-02-02
Southern Line,Inbound (Simon's Town to Cape Town),Weekday,0126,2,SUNNY COVE,..,2026-02-02
Southern Line,Inbound (Simon's Town to Cape Town),Weekday,0128,2,SUNNY COVE,08:40,2026-02-02
Southern Line,Inbound (Simon's Town to Cape Town),Weekday,0130,2,SUNNY COVE,..,2026-02-02
Southern Line,Inbound (Simon's Town to Cape Town),Weekday,0132,2,SUNNY COVE,..,2026-02-02
Southern Line,Inbound (Simon's Town to Cape Town),Weekday,0134,2,SUNNY COVE,..,2026-02-02
Southern Line,Inbound (Simon's Town to Cape Town),Weekday,0136,2,SUNNY COVE,09:55,2026-02-02
Southern Line,Inbound (Simon's Town to Cape Town),Weekday,0138,2,SUNNY COVE,..,2026-02-02
Southern Line,Inbound (Simon's Town to Cape Town),Weekday,0140,2,SUNNY COVE,10:55,2026-02-02
Southern Line,Inbound (Simon's Town to Cape Town),Weekday,0100,3,FISH HOEK (ARR),04:45,2026-02-02
Southern Line,Inbound (Simon's Town to Cape Town),Weekday,0102,3,FISH HOEK (ARR),..,2026-02-02
Southern Line,Inbound (Simon's Town to Cape Town),Weekday,0104,3,FISH HOEK (ARR),..,2026-02-02
Southern Line,Inbound (Simon's Town to Cape Town),Weekday,0106,3,FISH HOEK (ARR),..,2026-02-02
Southern Line,Inbound (Simon's Town to Cape Town),Weekday,0108,3,FISH HOEK (ARR),05:45,2026-02-02
Southern Line,Inbound (Simon's Town to Cape Town),Weekday,0110,3,FISH HOEK (ARR),..,2026-02-02
Southern Line,Inbound (Simon's Town to Cape Town),Weekday,0112,3,FISH HOEK (ARR),..,2026-02-02
Southern Line,Inbound (Simon's Town to Cape Town),Weekday,0114,3,FISH HOEK (ARR),06:45,2026-02-02
Southern Line,Inbound (Simon's Town to Cape Town),Weekday,0116,3,FISH HOEK (ARR),..,2026-02-02
Southern Line,Inbound (Simon's Town to Cape Town),Weekday,0118,3,FISH HOEK (ARR),..,2026-02-02
Southern Line,Inbound (Simon's Town to Cape Town),Weekday,0120,3,FISH HOEK (ARR),..,2026-02-02
Southern Line,Inbound (Simon's Town to Cape Town),Weekday,0122,3,FISH HOEK (ARR),07:45,2026-02-02
Southern Line,Inbound (Simon's Town to Cape Town),Weekday,0124,3,FISH HOEK (ARR),..,2026-02-02
Southern Line,Inbound (Simon's Town to Cape Town),Weekday,0126,3,FISH HOEK (ARR),..,2026-02-02
Southern Line,Inbound (Simon's Town to Cape Town),Weekday,0128,3,FISH HOEK (ARR),08:45,2026-02-02
Southern Line,Inbound (Simon's Town to Cape Town),Weekday,0130,3,FISH HOEK (ARR),..,2026-02-02
Southern Line,Inbound (Simon's Town to Cape Town),Weekday,0132,3,FISH HOEK (ARR),..,2026-02-02
Southern Line,Inbound (Simon's Town to Cape Town),Weekday,0134,3,FISH HOEK (ARR),..,2026-02-02
Southern Line,Inbound (Simon's Town to Cape Town),Weekday,0136,3,FISH HOEK (ARR),10:00,2026-02-02
Southern Line,Inbound (Simon's Town to Cape Town),Weekday,0138,3,FISH HOEK (ARR),..,2026-02-02
Southern Line,Inbound (Simon's Town to Cape Town),Weekday,0140,3,FISH HOEK (ARR),11:00,2026-02-02
Southern Line,Inbound (Simon's Town to Cape Town),Weekday,0100,4,FISH HOEK (DEP),04:45,2026-02-02
Southern Line,Inbound (Simon's Town to Cape Town),Weekday,0102,4,FISH HOEK (DEP),05:00,2026-02-02
Southern Line,Inbound (Simon's Town to Cape Town),Weekday,0104,4,FISH HOEK (DEP),..,2026-02-02
Southern Line,Inbound (Simon's Town to Cape Town),Weekday,0106,4,FISH HOEK (DEP),05:30,2026-02-02
Southern Line,Inbound (Simon's Town to Cape Town),Weekday,0108,4,FISH HOEK (DEP),05:45,2026-02-02
Southern Line,Inbound (Simon's Town to Cape Town),Weekday,0110,4,FISH HOEK (DEP),..,2026-02-02
Southern Line,Inbound (Simon's Town to Cape Town),Weekday,0112,4,FISH HOEK (DEP),06:15,2026-02-02
Southern Line,Inbound (Simon's Town to Cape Town),Weekday,0114,4,FISH HOEK (DEP),06:45,2026-02-02
Southern Line,Inbound (Simon's Town to Cape Town),Weekday,0116,4,FISH HOEK (DEP),07:00,2026-02-02
Southern Line,Inbound (Simon's Town to Cape Town),Weekday,0118,4,FISH HOEK (DEP),07:15,2026-02-02
Southern Line,Inbound (Simon's Town to Cape Town),Weekday,0120,4,FISH HOEK (DEP),07:30,2026-02-02
Southern Line,Inbound (Simon's Town to Cape Town),Weekday,0122,4,FISH HOEK (DEP),07:45,2026-02-02
Southern Line,Inbound (Simon's Town to Cape Town),Weekday,0124,4,FISH HOEK (DEP),..,2026-02-02
Southern Line,Inbound (Simon's Town to Cape Town),Weekday,0126,4,FISH HOEK (DEP),..,2026-02-02
Southern Line,Inbound (Simon's Town to Cape Town),Weekday,0128,4,FISH HOEK (DEP),08:15,2026-02-02
Southern Line,Inbound (Simon's Town to Cape Town),Weekday,0130,4,FISH HOEK (DEP),08:45,2026-02-02
Southern Line,Inbound (Simon's Town to Cape Town),Weekday,0132,4,FISH HOEK (DEP),09:00,2026-02-02
Southern Line,Inbound (Simon's Town to Cape Town),Weekday,0134,4,FISH HOEK (DEP),..,2026-02-02
Southern Line,Inbound (Simon's Town to Cape Town),Weekday,0136,4,FISH HOEK (DEP),09:30,2026-02-02
Southern Line,Inbound (Simon's Town to Cape Town),Weekday,0138,4,FISH HOEK (DEP),10:00,2026-02-02
Southern Line,Inbound (Simon's Town to Cape Town),Weekday,0140,4,FISH HOEK (DEP),10:35,2026-02-02
Southern Line,Inbound (Simon's Town to Cape Town),Weekday,0100,5,KALK BAY,04:49,2026-02-02
Southern Line,Inbound (Simon's Town to Cape Town),Weekday,0102,5,KALK BAY,05:04,2026-02-02
Southern Line,Inbound (Simon's Town to Cape Town),Weekday,0104,5,KALK BAY,..,2026-02-02
Southern Line,Inbound (Simon's Town to Cape Town),Weekday,0106,5,KALK BAY,05:34,2026-02-02
Southern Line,Inbound (Simon's Town to Cape Town),Weekday,0108,5,KALK BAY,05:49,2026-02-02
Southern Line,Inbound (Simon's Town to Cape Town),Weekday,0110,5,KALK BAY,..,2026-02-02
Southern Line,Inbound (Simon's Town to Cape Town),Weekday,0112,5,KALK BAY,06:19,2026-02-02
Southern Line,Inbound (Simon's Town to Cape Town),Weekday,0114,5,KALK BAY,06:49,2026-02-02
Southern Line,Inbound (Simon's Town to Cape Town),Weekday,0116,5,KALK BAY,07:04,2026-02-02
Southern Line,Inbound (Simon's Town to Cape Town),Weekday,0118,5,KALK BAY,07:19,2026-02-02
Southern Line,Inbound (Simon's Town to Cape Town),Weekday,0120,5,KALK BAY,07:34,2026-02-02
Southern Line,Inbound (Simon's Town to Cape Town),Weekday,0122,5,KALK BAY,07:49,2026-02-02
Southern Line,Inbound (Simon's Town to Cape Town),Weekday,0124,5,KALK BAY,..,2026-02-02
Southern Line,Inbound (Simon's Town to Cape Town),Weekday,0126,5,KALK BAY,..,2026-02-02
Southern Line,Inbound (Simon's Town to Cape Town),Weekday,0128,5,KALK BAY,08:19,2026-02-02
Southern Line,Inbound (Simon's Town to Cape Town),Weekday,0130,5,KALK BAY,08:49,2026-02-02
Southern Line,Inbound (Simon's Town to Cape Town),Weekday,0132,5,KALK BAY,09:04,2026-02-02
Southern Line,Inbound (Simon's Town to Cape Town),Weekday,0134,5,KALK BAY,..,2026-02-02
Southern Line,Inbound (Simon's Town to Cape Town),Weekday,0136,5,KALK BAY,09:34,2026-02-02
Southern Line,Inbound (Simon's Town to Cape Town),Weekday,0138,5,KALK BAY,10:04,2026-02-02
Southern Line,Inbound (Simon's Town to Cape Town),Weekday,0140,5,KALK BAY,10:39,2026-02-02
Southern Line,Inbound (Simon's Town to Cape Town),Weekday,0100,6,ST JAMES,04:51,2026-02-02
Southern Line,Inbound (Simon's Town to Cape Town),Weekday,0102,6,ST JAMES,05:06,2026-02-02
Southern Line,Inbound (Simon's Town to Cape Town),Weekday,0104,6,ST JAMES,..,2026-02-02
Southern Line,Inbound (Simon's Town to Cape Town),Weekday,0106,6,ST JAMES,05:36,2026-02-02
Southern Line,Inbound (Simon's Town to Cape Town),Weekday,0108,6,ST JAMES,05:51,2026-02-02
Southern Line,Inbound (Simon's Town to Cape Town),Weekday,0110,6,ST JAMES,..,2026-02-02
Southern Line,Inbound (Simon's Town to Cape Town),Weekday,0112,6,ST JAMES,06:21,2026-02-02
Southern Line,Inbound (Simon's Town to Cape Town),Weekday,0114,6,ST JAMES,06:51,2026-02-02
Southern Line,Inbound (Simon's Town to Cape Town),Weekday,0116,6,ST JAMES,07:06,2026-02-02
Southern Line,Inbound (Simon's Town to Cape Town),Weekday,0118,6,ST JAMES,07:21,2026-02-02
Southern Line,Inbound (Simon's Town to Cape Town),Weekday,0120,6,ST JAMES,07:36,2026-02-02
Southern Line,Inbound (Simon's Town to Cape Town),Weekday,0122,6,ST JAMES,07:51,2026-02-02
Southern Line,Inbound (Simon's Town to Cape Town),Weekday,0124,6,ST JAMES,..,2026-02-02
Southern Line,Inbound (Simon's Town to Cape Town),Weekday,0126,6,ST JAMES,..,2026-02-02
Southern Line,Inbound (Simon's Town to Cape Town),Weekday,0128,6,ST JAMES,08:21,2026-02-02
Southern Line,Inbound (Simon's Town to Cape Town),Weekday,0130,6,ST JAMES,08:51,2026-02-02
Southern Line,Inbound (Simon's Town to Cape Town),Weekday,0132,6,ST JAMES,09:06,2026-02-02
Southern Line,Inbound (Simon's Town to Cape Town),Weekday,0134,6,ST JAMES,..,2026-02-02
Southern Line,Inbound (Simon's Town to Cape Town),Weekday,0136,6,ST JAMES,09:36,2026-02-02
Southern Line,Inbound (Simon's Town to Cape Town),Weekday,0138,6,ST JAMES,10:06,2026-02-02
Southern Line,Inbound (Simon's Town to Cape Town),Weekday,0140,6,ST JAMES,10:41,2026-02-02
Southern Line,Inbound (Simon's Town to Cape Town),Weekday,0100,7,MUIZENBERG,04:54,2026-02-02
Southern Line,Inbound (Simon's Town to Cape Town),Weekday,0102,7,MUIZENBERG,05:09,2026-02-02
Southern Line,Inbound (Simon's Town to Cape Town),Weekday,0104,7,MUIZENBERG,..,2026-02-02
Southern Line,Inbound (Simon's Town to Cape Town),Weekday,0106,7,MUIZENBERG,05:39,2026-02-02
Southern Line,Inbound (Simon's Town to Cape Town),Weekday,0108,7,MUIZENBERG,05:54,2026-02-02
Southern Line,Inbound (Simon's Town to Cape Town),Weekday,0110,7,MUIZENBERG,..,2026-02-02
Southern Line,Inbound (Simon's Town to Cape Town),Weekday,0112,7,MUIZENBERG,06:24,2026-02-02
Southern Line,Inbound (Simon's Town to Cape Town),Weekday,0114,7,MUIZENBERG,06:54,2026-02-02
Southern Line,Inbound (Simon's Town to Cape Town),Weekday,0116,7,MUIZENBERG,07:09,2026-02-02
Southern Line,Inbound (Simon's Town to Cape Town),Weekday,0118,7,MUIZENBERG,07:24,2026-02-02
Southern Line,Inbound (Simon's Town to Cape Town),Weekday,0120,7,MUIZENBERG,07:39,2026-02-02
Southern Line,Inbound (Simon's Town to Cape Town),Weekday,0122,7,MUIZENBERG,07:54,2026-02-02
Southern Line,Inbound (Simon's Town to Cape Town),Weekday,0124,7,MUIZENBERG,..,2026-02-02
Southern Line,Inbound (Simon's Town to Cape Town),Weekday,0126,7,MUIZENBERG,..,2026-02-02
Southern Line,Inbound (Simon's Town to Cape Town),Weekday,0128,7,MUIZENBERG,08:24,2026-02-02
Southern Line,Inbound (Simon's Town to Cape Town),Weekday,0130,7,MUIZENBERG,08:54,2026-02-02
Southern Line,Inbound (Simon's Town to Cape Town),Weekday,0132,7,MUIZENBERG,09:09,2026-02-02
Southern Line,Inbound (Simon's Town to Cape Town),Weekday,0134,7,MUIZENBERG,..,2026-02-02
Southern Line,Inbound (Simon's Town to Cape Town),Weekday,0136,7,MUIZENBERG,09:39,2026-02-02
Southern Line,Inbound (Simon's Town to Cape Town),Weekday,0138,7,MUIZENBERG,10:09,2026-02-02
Southern Line,Inbound (Simon's Town to Cape Town),Weekday,0140,7,MUIZENBERG,10:44,2026-02-02
Southern Line,Inbound (Simon's Town to Cape Town),Weekday,0100,8,FALSE BAY,04:56,2026-02-02
Southern Line,Inbound (Simon's Town to Cape Town),Weekday,0102,8,FALSE BAY,05:11,2026-02-02
Southern Line,Inbound (Simon's Town to Cape Town),Weekday,0104,8,FALSE BAY,..,2026-02-02
Southern Line,Inbound (Simon's Town to Cape Town),Weekday,0106,8,FALSE BAY,05:41,2026-02-02
Southern Line,Inbound (Simon's Town to Cape Town),Weekday,0108,8,FALSE BAY,05:56,2026-02-02
Southern Line,Inbound (Simon's Town to Cape Town),Weekday,0110,8,FALSE BAY,..,2026-02-02
Southern Line,Inbound (Simon's Town to Cape Town),Weekday,0112,8,FALSE BAY,06:26,2026-02-02
Southern Line,Inbound (Simon's Town to Cape Town),Weekday,0114,8,FALSE BAY,06:56,2026-02-02
Southern Line,Inbound (Simon's Town to Cape Town),Weekday,0116,8,FALSE BAY,07:11,2026-02-02
Southern Line,Inbound (Simon's Town to Cape Town),Weekday,0118,8,FALSE BAY,07:26,2026-02-02
Southern Line,Inbound (Simon's Town to Cape Town),Weekday,0120,8,FALSE BAY,07:41,2026-02-02
Southern Line,Inbound (Simon's Town to Cape Town),Weekday,0122,8,FALSE BAY,07:56,2026-02-02
Southern Line,Inbound (Simon's Town to Cape Town),Weekday,0124,8,FALSE BAY,..,2026-02-02
Southern Line,Inbound (Simon's Town to Cape Town),Weekday,0126,8,FALSE BAY,..,2026-02-02
Southern Line,Inbound (Simon's Town to Cape Town),Weekday,0128,8,FALSE BAY,08:26,2026-02-02
Southern Line,Inbound (Simon's Town to Cape Town),Weekday,0130,8,FALSE BAY,08:56,2026-02-02
Southern Line,Inbound (Simon's Town to Cape Town),Weekday,0132,8,FALSE BAY,09:11,2026-02-02
Southern Line,Inbound (Simon's Town to Cape Town),Weekday,0134,8,FALSE BAY,..,2026-02-02
Southern Line,Inbound (Simon's Town to Cape Town),Weekday,0136,8,FALSE BAY,09:41,2026-02-02
Southern Line,Inbound (Simon's Town to Cape Town),Weekday,0138,8,FALSE BAY,10:11,2026-02-02
Southern Line,Inbound (Simon's Town to Cape Town),Weekday,0140,8,FALSE BAY,10:46,2026-02-02
Southern Line,Inbound (Simon's Town to Cape Town),Weekday,0100,9,LAKESIDE,04:58,2026-02-02
Southern Line,Inbound (Simon's Town to Cape Town),Weekday,0102,9,LAKESIDE,05:13,2026-02-02
Southern Line,Inbound (Simon's Town to Cape Town),Weekday,0104,9,LAKESIDE,..,2026-02-02
Southern Line,Inbound (Simon's Town to Cape Town),Weekday,0106,9,LAKESIDE,05:43,2026-02-02
Southern Line,Inbound (Simon's Town to Cape Town),Weekday,0108,9,LAKESIDE,05:58,2026-02-02
Southern Line,Inbound (Simon's Town to Cape Town),Weekday,0110,9,LAKESIDE,..,2026-02-02
Southern Line,Inbound (Simon's Town to Cape Town),Weekday,0112,9,LAKESIDE,06:28,2026-02-02
Southern Line,Inbound (Simon's Town to Cape Town),Weekday,0114,9,LAKESIDE,06:58,2026-02-02
Southern Line,Inbound (Simon's Town to Cape Town),Weekday,0116,9,LAKESIDE,07:13,2026-02-02
Southern Line,Inbound (Simon's Town to Cape Town),Weekday,0118,9,LAKESIDE,07:28,2026-02-02
Southern Line,Inbound (Simon's Town to Cape Town),Weekday,0120,9,LAKESIDE,07:43,2026-02-02
Southern Line,Inbound (Simon's Town to Cape Town),Weekday,0122,9,LAKESIDE,07:58,2026-02-02
Southern Line,Inbound (Simon's Town to Cape Town),Weekday,0124,9,LAKESIDE,..,2026-02-02
Southern Line,Inbound (Simon's Town to Cape Town),Weekday,0126,9,LAKESIDE,..,2026-02-02
Southern Line,Inbound (Simon's Town to Cape Town),Weekday,0128,9,LAKESIDE,08:28,2026-02-02
Southern Line,Inbound (Simon's Town to Cape Town),Weekday,0130,9,LAKESIDE,08:58,2026-02-02
Southern Line,Inbound (Simon's Town to Cape Town),Weekday,0132,9,LAKESIDE,09:13,2026-02-02
Southern Line,Inbound (Simon's Town to Cape Town),Weekday,0134,9,LAKESIDE,..,2026-02-02
Southern Line,Inbound (Simon's Town to Cape Town),Weekday,0136,9,LAKESIDE,09:43,2026-02-02
Southern Line,Inbound (Simon's Town to Cape Town),Weekday,0138,9,LAKESIDE,10:13,2026-02-02
Southern Line,Inbound (Simon's Town to Cape Town),Weekday,0140,9,LAKESIDE,10:48,2026-02-02
Southern Line,Inbound (Simon's Town to Cape Town),Weekday,0100,10,STEENBERG,05:00,2026-02-02
Southern Line,Inbound (Simon's Town to Cape Town),Weekday,0102,10,STEENBERG,05:15,2026-02-02
Southern Line,Inbound (Simon's Town to Cape Town),Weekday,0104,10,STEENBERG,..,2026-02-02
Southern Line,Inbound (Simon's Town to Cape Town),Weekday,0106,10,STEENBERG,05:45,2026-02-02
Southern Line,Inbound (Simon's Town to Cape Town),Weekday,0108,10,STEENBERG,06:00,2026-02-02
Southern Line,Inbound (Simon's Town to Cape Town),Weekday,0110,10,STEENBERG,..,2026-02-02
Southern Line,Inbound (Simon's Town to Cape Town),Weekday,0112,10,STEENBERG,06:30,2026-02-02
Southern Line,Inbound (Simon's Town to Cape Town),Weekday,0114,10,STEENBERG,07:00,2026-02-02
Southern Line,Inbound (Simon's Town to Cape Town),Weekday,0116,10,STEENBERG,07:15,2026-02-02
Southern Line,Inbound (Simon's Town to Cape Town),Weekday,0118,10,STEENBERG,07:30,2026-02-02
Southern Line,Inbound (Simon's Town to Cape Town),Weekday,0120,10,STEENBERG,07:45,2026-02-02
Southern Line,Inbound (Simon's Town to Cape Town),Weekday,0122,10,STEENBERG,08:00,2026-02-02
Southern Line,Inbound (Simon's Town to Cape Town),Weekday,0124,10,STEENBERG,..,2026-02-02
Southern Line,Inbound (Simon's Town to Cape Town),Weekday,0126,10,STEENBERG,..,2026-02-02
Southern Line,Inbound (Simon's Town to Cape Town),Weekday,0128,10,STEENBERG,08:30,2026-02-02
Southern Line,Inbound (Simon's Town to Cape Town),Weekday,0130,10,STEENBERG,09:00,2026-02-02
Southern Line,Inbound (Simon's Town to Cape Town),Weekday,0132,10,STEENBERG,09:15,2026-02-02
Southern Line,Inbound (Simon's Town to Cape Town),Weekday,0134,10,STEENBERG,..,2026-02-02
Southern Line,Inbound (Simon's Town to Cape Town),Weekday,0136,10,STEENBERG,09:45,2026-02-02
Southern Line,Inbound (Simon's Town to Cape Town),Weekday,0138,10,STEENBERG,10:15,2026-02-02
Southern Line,Inbound (Simon's Town to Cape Town),Weekday,0140,10,STEENBERG,10:50,2026-02-02
Southern Line,Inbound (Simon's Town to Cape Town),Weekday,0100,11,RETREAT (ARR),05:03,2026-02-02
Southern Line,Inbound (Simon's Town to Cape Town),Weekday,0102,11,RETREAT (ARR),05:17,2026-02-02
Southern Line,Inbound (Simon's Town to Cape Town),Weekday,0104,11,RETREAT (ARR),..,2026-02-02
Southern Line,Inbound (Simon's Town to Cape Town),Weekday,0106,11,RETREAT (ARR),05:47,2026-02-02
Southern Line,Inbound (Simon's Town to Cape Town),Weekday,0108,11,RETREAT (ARR),06:03,2026-02-02
Southern Line,Inbound (Simon's Town to Cape Town),Weekday,0110,11,RETREAT (ARR),..,2026-02-02
Southern Line,Inbound (Simon's Town to Cape Town),Weekday,0112,11,RETREAT (ARR),06:32,2026-02-02
Southern Line,Inbound (Simon's Town to Cape Town),Weekday,0114,11,RETREAT (ARR),07:03,2026-02-02
Southern Line,Inbound (Simon's Town to Cape Town),Weekday,0116,11,RETREAT (ARR),07:17,2026-02-02
Southern Line,Inbound (Simon's Town to Cape Town),Weekday,0118,11,RETREAT (ARR),07:32,2026-02-02
Southern Line,Inbound (Simon's Town to Cape Town),Weekday,0120,11,RETREAT (ARR),07:47,2026-02-02
Southern Line,Inbound (Simon's Town to Cape Town),Weekday,0122,11,RETREAT (ARR),08:03,2026-02-02
Southern Line,Inbound (Simon's Town to Cape Town),Weekday,0124,11,RETREAT (ARR),..,2026-02-02
Southern Line,Inbound (Simon's Town to Cape Town),Weekday,0126,11,RETREAT (ARR),..,2026-02-02
Southern Line,Inbound (Simon's Town to Cape Town),Weekday,0128,11,RETREAT (ARR),08:32,2026-02-02
Southern Line,Inbound (Simon's Town to Cape Town),Weekday,0130,11,RETREAT (ARR),09:03,2026-02-02
Southern Line,Inbound (Simon's Town to Cape Town),Weekday,0132,11,RETREAT (ARR),09:17,2026-02-02
Southern Line,Inbound (Simon's Town to Cape Town),Weekday,0134,11,RETREAT (ARR),..,2026-02-02
Southern Line,Inbound (Simon's Town to Cape Town),Weekday,0136,11,RETREAT (ARR),09:47,2026-02-02
Southern Line,Inbound (Simon's Town to Cape Town),Weekday,0138,11,RETREAT (ARR),10:18,2026-02-02
Southern Line,Inbound (Simon's Town to Cape Town),Weekday,0140,11,RETREAT (ARR),10:52,2026-02-02
Southern Line,Inbound (Simon's Town to Cape Town),Weekday,0100,12,RETREAT (DEP),05:03,2026-02-02
Southern Line,Inbound (Simon's Town to Cape Town),Weekday,0102,12,RETREAT (DEP),05:18,2026-02-02
Southern Line,Inbound (Simon's Town to Cape Town),Weekday,0104,12,RETREAT (DEP),05:30,2026-02-02
Southern Line,Inbound (Simon's Town to Cape Town),Weekday,0106,12,RETREAT (DEP),05:48,2026-02-02
Southern Line,Inbound (Simon's Town to Cape Town),Weekday,0108,12,RETREAT (DEP),06:03,2026-02-02
Southern Line,Inbound (Simon's Town to Cape Town),Weekday,0110,12,RETREAT (DEP),06:18,2026-02-02
Southern Line,Inbound (Simon's Town to Cape Town),Weekday,0112,12,RETREAT (DEP),06:33,2026-02-02
Southern Line,Inbound (Simon's Town to Cape Town),Weekday,0114,12,RETREAT (DEP),07:03,2026-02-02
Southern Line,Inbound (Simon's Town to Cape Town),Weekday,0116,12,RETREAT (DEP),07:18,2026-02-02
Southern Line,Inbound (Simon's Town to Cape Town),Weekday,0118,12,RETREAT (DEP),07:33,2026-02-02
Southern Line,Inbound (Simon's Town to Cape Town),Weekday,0120,12,RETREAT (DEP),07:48,2026-02-02
Southern Line,Inbound (Simon's Town to Cape Town),Weekday,0122,12,RETREAT (DEP),08:03,2026-02-02
Southern Line,Inbound (Simon's Town to Cape Town),Weekday,0124,12,RETREAT (DEP),08:18,2026-02-02
Southern Line,Inbound (Simon's Town to Cape Town),Weekday,0126,12,RETREAT (DEP),08:33,2026-02-02
Southern Line,Inbound (Simon's Town to Cape Town),Weekday,0128,12,RETREAT (DEP),09:03,2026-02-02
Southern Line,Inbound (Simon's Town to Cape Town),Weekday,0130,12,RETREAT (DEP),09:18,2026-02-02
Southern Line,Inbound (Simon's Town to Cape Town),Weekday,0132,12,RETREAT (DEP),09:33,2026-02-02
Southern Line,Inbound (Simon's Town to Cape Town),Weekday,0134,12,RETREAT (DEP),09:48,2026-02-02
Southern Line,Inbound (Simon's Town to Cape Town),Weekday,0136,12,RETREAT (DEP),10:18,2026-02-02
Southern Line,Inbound (Simon's Town to Cape Town),Weekday,0138,12,RETREAT (DEP),10:53,2026-02-02
Southern Line,Inbound (Simon's Town to Cape Town),Weekday,0140,12,RETREAT (DEP),11:18,2026-02-02
Southern Line,Inbound (Simon's Town to Cape Town),Weekday,0100,13,HEATHFIELD,05:06,2026-02-02
Southern Line,Inbound (Simon's Town to Cape Town),Weekday,0102,13,HEATHFIELD,05:21,2026-02-02
Southern Line,Inbound (Simon's Town to Cape Town),Weekday,0104,13,HEATHFIELD,05:33,2026-02-02
Southern Line,Inbound (Simon's Town to Cape Town),Weekday,0106,13,HEATHFIELD,05:51,2026-02-02
Southern Line,Inbound (Simon's Town to Cape Town),Weekday,0108,13,HEATHFIELD,06:06,2026-02-02
Southern Line,Inbound (Simon's Town to Cape Town),Weekday,0110,13,HEATHFIELD,06:21,2026-02-02
Southern Line,Inbound (Simon's Town to Cape Town),Weekday,0112,13,HEATHFIELD,06:36,2026-02-02
Southern Line,Inbound (Simon's Town to Cape Town),Weekday,0114,13,HEATHFIELD,07:06,2026-02-02
Southern Line,Inbound (Simon's Town to Cape Town),Weekday,0116,13,HEATHFIELD,07:21,2026-02-02
Southern Line,Inbound (Simon's Town to Cape Town),Weekday,0118,13,HEATHFIELD,07:36,2026-02-02
Southern Line,Inbound (Simon's Town to Cape Town),Weekday,0120,13,HEATHFIELD,07:51,2026-02-02
Southern Line,Inbound (Simon's Town to Cape Town),Weekday,0122,13,HEATHFIELD,08:06,2026-02-02
Southern Line,Inbound (Simon's Town to Cape Town),Weekday,0124,13,HEATHFIELD,08:21,2026-02-02
Southern Line,Inbound (Simon's Town to Cape Town),Weekday,0126,13,HEATHFIELD,08:36,2026-02-02
Southern Line,Inbound (Simon's Town to Cape Town),Weekday,0128,13,HEATHFIELD,09:06,2026-02-02
Southern Line,Inbound (Simon's Town to Cape Town),Weekday,0130,13,HEATHFIELD,09:21,2026-02-02
Southern Line,Inbound (Simon's Town to Cape Town),Weekday,0132,13,HEATHFIELD,09:36,2026-02-02
Southern Line,Inbound (Simon's Town to Cape Town),Weekday,0134,13,HEATHFIELD,09:51,2026-02-02
Southern Line,Inbound (Simon's Town to Cape Town),Weekday,0136,13,HEATHFIELD,10:21,2026-02-02
Southern Line,Inbound (Simon's Town to Cape Town),Weekday,0138,13,HEATHFIELD,10:56,2026-02-02
Southern Line,Inbound (Simon's Town to Cape Town),Weekday,0140,13,HEATHFIELD,11:21,2026-02-02
Southern Line,Inbound (Simon's Town to Cape Town),Weekday,0100,14,DIEPRIVIER,05:09,2026-02-02
Southern Line,Inbound (Simon's Town to Cape Town),Weekday,0102,14,DIEPRIVIER,05:24,2026-02-02
Southern Line,Inbound (Simon's Town to Cape Town),Weekday,0104,14,DIEPRIVIER,05:36,2026-02-02
Southern Line,Inbound (Simon's Town to Cape Town),Weekday,0106,14,DIEPRIVIER,05:54,2026-02-02
Southern Line,Inbound (Simon's Town to Cape Town),Weekday,0108,14,DIEPRIVIER,06:09,2026-02-02
Southern Line,Inbound (Simon's Town to Cape Town),Weekday,0110,14,DIEPRIVIER,06:24,2026-02-02
Southern Line,Inbound (Simon's Town to Cape Town),Weekday,0112,14,DIEPRIVIER,06:39,2026-02-02
Southern Line,Inbound (Simon's Town to Cape Town),Weekday,0114,14,DIEPRIVIER,07:09,2026-02-02
Southern Line,Inbound (Simon's Town to Cape Town),Weekday,0116,14,DIEPRIVIER,07:24,2026-02-02
Southern Line,Inbound (Simon's Town to Cape Town),Weekday,0118,14,DIEPRIVIER,07:39,2026-02-02
Southern Line,Inbound (Simon's Town to Cape Town),Weekday,0120,14,DIEPRIVIER,07:54,2026-02-02
Southern Line,Inbound (Simon's Town to Cape Town),Weekday,0122,14,DIEPRIVIER,08:09,2026-02-02
Southern Line,Inbound (Simon's Town to Cape Town),Weekday,0124,14,DIEPRIVIER,08:24,2026-02-02
Southern Line,Inbound (Simon's Town to Cape Town),Weekday,0126,14,DIEPRIVIER,08:39,2026-02-02
Southern Line,Inbound (Simon's Town to Cape Town),Weekday,0128,14,DIEPRIVIER,09:09,2026-02-02
Southern Line,Inbound (Simon's Town to Cape Town),Weekday,0130,14,DIEPRIVIER,09:24,2026-02-02
Southern Line,Inbound (Simon's Town to Cape Town),Weekday,0132,14,DIEPRIVIER,09:39,2026-02-02
Southern Line,Inbound (Simon's Town to Cape Town),Weekday,0134,14,DIEPRIVIER,09:54,2026-02-02
Southern Line,Inbound (Simon's Town to Cape Town),Weekday,0136,14,DIEPRIVIER,10:24,2026-02-02
Southern Line,Inbound (Simon's Town to Cape Town),Weekday,0138,14,DIEPRIVIER,10:59,2026-02-02
Southern Line,Inbound (Simon's Town to Cape Town),Weekday,0140,14,DIEPRIVIER,11:24,2026-02-02
Southern Line,Inbound (Simon's Town to Cape Town),Weekday,0100,15,STEURHOF,05:12,2026-02-02
Southern Line,Inbound (Simon's Town to Cape Town),Weekday,0102,15,STEURHOF,05:27,2026-02-02
Southern Line,Inbound (Simon's Town to Cape Town),Weekday,0104,15,STEURHOF,05:39,2026-02-02
Southern Line,Inbound (Simon's Town to Cape Town),Weekday,0106,15,STEURHOF,05:57,2026-02-02
Southern Line,Inbound (Simon's Town to Cape Town),Weekday,0108,15,STEURHOF,06:12,2026-02-02
Southern Line,Inbound (Simon's Town to Cape Town),Weekday,0110,15,STEURHOF,06:27,2026-02-02
Southern Line,Inbound (Simon's Town to Cape Town),Weekday,0112,15,STEURHOF,06:42,2026-02-02
Southern Line,Inbound (Simon's Town to Cape Town),Weekday,0114,15,STEURHOF,07:12,2026-02-02
Southern Line,Inbound (Simon's Town to Cape Town),Weekday,0116,15,STEURHOF,07:27,2026-02-02
Southern Line,Inbound (Simon's Town to Cape Town),Weekday,0118,15,STEURHOF,07:42,2026-02-02
Southern Line,Inbound (Simon's Town to Cape Town),Weekday,0120,15,STEURHOF,07:57,2026-02-02
Southern Line,Inbound (Simon's Town to Cape Town),Weekday,0122,15,STEURHOF,08:12,2026-02-02
Southern Line,Inbound (Simon's Town to Cape Town),Weekday,0124,15,STEURHOF,08:27,2026-02-02
Southern Line,Inbound (Simon's Town to Cape Town),Weekday,0126,15,STEURHOF,08:42,2026-02-02
Southern Line,Inbound (Simon's Town to Cape Town),Weekday,0128,15,STEURHOF,09:12,2026-02-02
Southern Line,Inbound (Simon's Town to Cape Town),Weekday,0130,15,STEURHOF,09:27,2026-02-02
Southern Line,Inbound (Simon's Town to Cape Town),Weekday,0132,15,STEURHOF,09:42,2026-02-02
Southern Line,Inbound (Simon's Town to Cape Town),Weekday,0134,15,STEURHOF,09:57,2026-02-02
Southern Line,Inbound (Simon's Town to Cape Town),Weekday,0136,15,STEURHOF,10:27,2026-02-02
Southern Line,Inbound (Simon's Town to Cape Town),Weekday,0138,15,STEURHOF,11:02,2026-02-02
Southern Line,Inbound (Simon's Town to Cape Town),Weekday,0140,15,STEURHOF,11:27,2026-02-02
Southern Line,Inbound (Simon's Town to Cape Town),Weekday,0100,16,PLUMSTEAD,05:14,2026-02-02
Southern Line,Inbound (Simon's Town to Cape Town),Weekday,0102,16,PLUMSTEAD,05:29,2026-02-02
Southern Line,Inbound (Simon's Town to Cape Town),Weekday,0104,16,PLUMSTEAD,05:41,2026-02-02
Southern Line,Inbound (Simon's Town to Cape Town),Weekday,0106,16,PLUMSTEAD,05:59,2026-02-02
Southern Line,Inbound (Simon's Town to Cape Town),Weekday,0108,16,PLUMSTEAD,06:14,2026-02-02
Southern Line,Inbound (Simon's Town to Cape Town),Weekday,0110,16,PLUMSTEAD,06:29,2026-02-02
Southern Line,Inbound (Simon's Town to Cape Town),Weekday,0112,16,PLUMSTEAD,06:44,2026-02-02
Southern Line,Inbound (Simon's Town to Cape Town),Weekday,0114,16,PLUMSTEAD,07:14,2026-02-02
Southern Line,Inbound (Simon's Town to Cape Town),Weekday,0116,16,PLUMSTEAD,07:29,2026-02-02
Southern Line,Inbound (Simon's Town to Cape Town),Weekday,0118,16,PLUMSTEAD,07:44,2026-02-02
Southern Line,Inbound (Simon's Town to Cape Town),Weekday,0120,16,PLUMSTEAD,07:59,2026-02-02
Southern Line,Inbound (Simon's Town to Cape Town),Weekday,0122,16,PLUMSTEAD,08:14,2026-02-02
Southern Line,Inbound (Simon's Town to Cape Town),Weekday,0124,16,PLUMSTEAD,08:29,2026-02-02
Southern Line,Inbound (Simon's Town to Cape Town),Weekday,0126,16,PLUMSTEAD,08:44,2026-02-02
Southern Line,Inbound (Simon's Town to Cape Town),Weekday,0128,16,PLUMSTEAD,09:14,2026-02-02
Southern Line,Inbound (Simon's Town to Cape Town),Weekday,0130,16,PLUMSTEAD,09:29,2026-02-02
Southern Line,Inbound (Simon's Town to Cape Town),Weekday,0132,16,PLUMSTEAD,09:44,2026-02-02
Southern Line,Inbound (Simon's Town to Cape Town),Weekday,0134,16,PLUMSTEAD,09:59,2026-02-02
Southern Line,Inbound (Simon's Town to Cape Town),Weekday,0136,16,PLUMSTEAD,10:29,2026-02-02
Southern Line,Inbound (Simon's Town to Cape Town),Weekday,0138,16,PLUMSTEAD,11:04,2026-02-02
Southern Line,Inbound (Simon's Town to Cape Town),Weekday,0140,16,PLUMSTEAD,11:29,2026-02-02
Southern Line,Inbound (Simon's Town to Cape Town),Weekday,0100,17,WITTEBOME,05:16,2026-02-02
Southern Line,Inbound (Simon's Town to Cape Town),Weekday,0102,17,WITTEBOME,05:31,2026-02-02
Southern Line,Inbound (Simon's Town to Cape Town),Weekday,0104,17,WITTEBOME,05:43,2026-02-02
Southern Line,Inbound (Simon's Town to Cape Town),Weekday,0106,17,WITTEBOME,06:01,2026-02-02
Southern Line,Inbound (Simon's Town to Cape Town),Weekday,0108,17,WITTEBOME,06:16,2026-02-02
Southern Line,Inbound (Simon's Town to Cape Town),Weekday,0110,17,WITTEBOME,06:31,2026-02-02
Southern Line,Inbound (Simon's Town to Cape Town),Weekday,0112,17,WITTEBOME,06:46,2026-02-02
Southern Line,Inbound (Simon's Town to Cape Town),Weekday,0114,17,WITTEBOME,07:16,2026-02-02
Southern Line,Inbound (Simon's Town to Cape Town),Weekday,0116,17,WITTEBOME,07:31,2026-02-02
Southern Line,Inbound (Simon's Town to Cape Town),Weekday,0118,17,WITTEBOME,07:46,2026-02-02
Southern Line,Inbound (Simon's Town to Cape Town),Weekday,0120,17,WITTEBOME,08:01,2026-02-02
Southern Line,Inbound (Simon's Town to Cape Town),Weekday,0122,17,WITTEBOME,08:16,2026-02-02
Southern Line,Inbound (Simon's Town to Cape Town),Weekday,0124,17,WITTEBOME,08:31,2026-02-02
Southern Line,Inbound (Simon's Town to Cape Town),Weekday,0126,17,WITTEBOME,08:46,2026-02-02
Southern Line,Inbound (Simon's Town to Cape Town),Weekday,0128,17,WITTEBOME,09:16,2026-02-02
Southern Line,Inbound (Simon's Town to Cape Town),Weekday,0130,17,WITTEBOME,09:31,2026-02-02
Southern Line,Inbound (Simon's Town to Cape Town),Weekday,0132,17,WITTEBOME,09:46,2026-02-02
Southern Line,Inbound (Simon's Town to Cape Town),Weekday,0134,17,WITTEBOME,10:01,2026-02-02
Southern Line,Inbound (Simon's Town to Cape Town),Weekday,0136,17,WITTEBOME,10:31,2026-02-02
Southern Line,Inbound (Simon's Town to Cape Town),Weekday,0138,17,WITTEBOME,11:06,2026-02-02
Southern Line,Inbound (Simon's Town to Cape Town),Weekday,0140,17,WITTEBOME,11:31,2026-02-02
Southern Line,Inbound (Simon's Town to Cape Town),Weekday,0100,18,WYNBERG,05:18,2026-02-02
Southern Line,Inbound (Simon's Town to Cape Town),Weekday,0102,18,WYNBERG,05:33,2026-02-02
Southern Line,Inbound (Simon's Town to Cape Town),Weekday,0104,18,WYNBERG,05:45,2026-02-02
Southern Line,Inbound (Simon's Town to Cape Town),Weekday,0106,18,WYNBERG,06:03,2026-02-02
Southern Line,Inbound (Simon's Town to Cape Town),Weekday,0108,18,WYNBERG,06:18,2026-02-02
Southern Line,Inbound (Simon's Town to Cape Town),Weekday,0110,18,WYNBERG,06:33,2026-02-02
Southern Line,Inbound (Simon's Town to Cape Town),Weekday,0112,18,WYNBERG,06:48,2026-02-02
Southern Line,Inbound (Simon's Town to Cape Town),Weekday,0114,18,WYNBERG,07:18,2026-02-02
Southern Line,Inbound (Simon's Town to Cape Town),Weekday,0116,18,WYNBERG,07:33,2026-02-02
Southern Line,Inbound (Simon's Town to Cape Town),Weekday,0118,18,WYNBERG,07:48,2026-02-02
Southern Line,Inbound (Simon's Town to Cape Town),Weekday,0120,18,WYNBERG,08:03,2026-02-02
Southern Line,Inbound (Simon's Town to Cape Town),Weekday,0122,18,WYNBERG,08:18,2026-02-02
Southern Line,Inbound (Simon's Town to Cape Town),Weekday,0124,18,WYNBERG,08:33,2026-02-02
Southern Line,Inbound (Simon's Town to Cape Town),Weekday,0126,18,WYNBERG,08:48,2026-02-02
Southern Line,Inbound (Simon's Town to Cape Town),Weekday,0128,18,WYNBERG,09:18,2026-02-02
Southern Line,Inbound (Simon's Town to Cape Town),Weekday,0130,18,WYNBERG,09:33,2026-02-02
Southern Line,Inbound (Simon's Town to Cape Town),Weekday,0132,18,WYNBERG,09:48,2026-02-02
Southern Line,Inbound (Simon's Town to Cape Town),Weekday,0134,18,WYNBERG,10:03,2026-02-02
Southern Line,Inbound (Simon's Town to Cape Town),Weekday,0136,18,WYNBERG,10:33,2026-02-02
Southern Line,Inbound (Simon's Town to Cape Town),Weekday,0138,18,WYNBERG,11:08,2026-02-02
Southern Line,Inbound (Simon's Town to Cape Town),Weekday,0140,18,WYNBERG,11:33,2026-02-02
Southern Line,Inbound (Simon's Town to Cape Town),Weekday,0100,19,KENILWORTH,05:20,2026-02-02
Southern Line,Inbound (Simon's Town to Cape Town),Weekday,0102,19,KENILWORTH,05:35,2026-02-02
Southern Line,Inbound (Simon's Town to Cape Town),Weekday,0104,19,KENILWORTH,05:47,2026-02-02
Southern Line,Inbound (Simon's Town to Cape Town),Weekday,0106,19,KENILWORTH,06:05,2026-02-02
Southern Line,Inbound (Simon's Town to Cape Town),Weekday,0108,19,KENILWORTH,06:20,2026-02-02
Southern Line,Inbound (Simon's Town to Cape Town),Weekday,0110,19,KENILWORTH,06:35,2026-02-02
Southern Line,Inbound (Simon's Town to Cape Town),Weekday,0112,19,KENILWORTH,06:50,2026-02-02
Southern Line,Inbound (Simon's Town to Cape Town),Weekday,0114,19,KENILWORTH,07:20,2026-02-02
Southern Line,Inbound (Simon's Town to Cape Town),Weekday,0116,19,KENILWORTH,07:35,2026-02-02
Southern Line,Inbound (Simon's Town to Cape Town),Weekday,0118,19,KENILWORTH,07:50,2026-02-02
Southern Line,Inbound (Simon's Town to Cape Town),Weekday,0120,19,KENILWORTH,08:05,2026-02-02
Southern Line,Inbound (Simon's Town to Cape Town),Weekday,0122,19,KENILWORTH,08:20,2026-02-02
Southern Line,Inbound (Simon's Town to Cape Town),Weekday,0124,19,KENILWORTH,08:35,2026-02-02
Southern Line,Inbound (Simon's Town to Cape Town),Weekday,0126,19,KENILWORTH,08:50,2026-02-02
Southern Line,Inbound (Simon's Town to Cape Town),Weekday,0128,19,KENILWORTH,09:20,2026-02-02
Southern Line,Inbound (Simon's Town to Cape Town),Weekday,0130,19,KENILWORTH,09:35,2026-02-02
Southern Line,Inbound (Simon's Town to Cape Town),Weekday,0132,19,KENILWORTH,09:50,2026-02-02
Southern Line,Inbound (Simon's Town to Cape Town),Weekday,0134,19,KENILWORTH,10:05,2026-02-02
Southern Line,Inbound (Simon's Town to Cape Town),Weekday,0136,19,KENILWORTH,10:35,2026-02-02
Southern Line,Inbound (Simon's Town to Cape Town),Weekday,0138,19,KENILWORTH,11:10,2026-02-02
Southern Line,Inbound (Simon's Town to Cape Town),Weekday,0140,19,KENILWORTH,11:35,2026-02-02
Southern Line,Inbound (Simon's Town to Cape Town),Weekday,0100,20,HARFIELD ROAD,05:22,2026-02-02
Southern Line,Inbound (Simon's Town to Cape Town),Weekday,0102,20,HARFIELD ROAD,05:37,2026-02-02
Southern Line,Inbound (Simon's Town to Cape Town),Weekday,0104,20,HARFIELD ROAD,05:49,2026-02-02
Southern Line,Inbound (Simon's Town to Cape Town),Weekday,0106,20,HARFIELD ROAD,06:07,2026-02-02
Southern Line,Inbound (Simon's Town to Cape Town),Weekday,0108,20,HARFIELD ROAD,06:22,2026-02-02
Southern Line,Inbound (Simon's Town to Cape Town),Weekday,0110,20,HARFIELD ROAD,06:37,2026-02-02
Southern Line,Inbound (Simon's Town to Cape Town),Weekday,0112,20,HARFIELD ROAD,06:52,2026-02-02
Southern Line,Inbound (Simon's Town to Cape Town),Weekday,0114,20,HARFIELD ROAD,07:22,2026-02-02
Southern Line,Inbound (Simon's Town to Cape Town),Weekday,0116,20,HARFIELD ROAD,07:37,2026-02-02
Southern Line,Inbound (Simon's Town to Cape Town),Weekday,0118,20,HARFIELD ROAD,07:52,2026-02-02
Southern Line,Inbound (Simon's Town to Cape Town),Weekday,0120,20,HARFIELD ROAD,08:07,2026-02-02
Southern Line,Inbound (Simon's Town to Cape Town),Weekday,0122,20,HARFIELD ROAD,08:22,2026-02-02
Southern Line,Inbound (Simon's Town to Cape Town),Weekday,0124,20,HARFIELD ROAD,08:37,2026-02-02
Southern Line,Inbound (Simon's Town to Cape Town),Weekday,0126,20,HARFIELD ROAD,08:52,2026-02-02
Southern Line,Inbound (Simon's Town to Cape Town),Weekday,0128,20,HARFIELD ROAD,09:22,2026-02-02
Southern Line,Inbound (Simon's Town to Cape Town),Weekday,0130,20,HARFIELD ROAD,09:37,2026-02-02
Southern Line,Inbound (Simon's Town to Cape Town),Weekday,0132,20,HARFIELD ROAD,09:52,2026-02-02
Southern Line,Inbound (Simon's Town to Cape Town),Weekday,0134,20,HARFIELD ROAD,10:07,2026-02-02
Southern Line,Inbound (Simon's Town to Cape Town),Weekday,0136,20,HARFIELD ROAD,10:37,2026-02-02
Southern Line,Inbound (Simon's Town to Cape Town),Weekday,0138,20,HARFIELD ROAD,11:12,2026-02-02
Southern Line,Inbound (Simon's Town to Cape Town),Weekday,0140,20,HARFIELD ROAD,11:37,2026-02-02
Southern Line,Inbound (Simon's Town to Cape Town),Weekday,0100,21,CLAREMONT,05:24,2026-02-02
Southern Line,Inbound (Simon's Town to Cape Town),Weekday,0102,21,CLAREMONT,05:39,2026-02-02
Southern Line,Inbound (Simon's Town to Cape Town),Weekday,0104,21,CLAREMONT,05:51,2026-02-02
Southern Line,Inbound (Simon's Town to Cape Town),Weekday,0106,21,CLAREMONT,06:09,2026-02-02
Southern Line,Inbound (Simon's Town to Cape Town),Weekday,0108,21,CLAREMONT,06:24,2026-02-02
Southern Line,Inbound (Simon's Town to Cape Town),Weekday,0110,21,CLAREMONT,06:39,2026-02-02
Southern Line,Inbound (Simon's Town to Cape Town),Weekday,0112,21,CLAREMONT,06:54,2026-02-02
Southern Line,Inbound (Simon's Town to Cape Town),Weekday,0114,21,CLAREMONT,07:24,2026-02-02
Southern Line,Inbound (Simon's Town to Cape Town),Weekday,0116,21,CLAREMONT,07:39,2026-02-02
Southern Line,Inbound (Simon's Town to Cape Town),Weekday,0118,21,CLAREMONT,07:54,2026-02-02
Southern Line,Inbound (Simon's Town to Cape Town),Weekday,0120,21,CLAREMONT,08:09,2026-02-02
Southern Line,Inbound (Simon's Town to Cape Town),Weekday,0122,21,CLAREMONT,08:24,2026-02-02
Southern Line,Inbound (Simon's Town to Cape Town),Weekday,0124,21,CLAREMONT,08:39,2026-02-02
Southern Line,Inbound (Simon's Town to Cape Town),Weekday,0126,21,CLAREMONT,08:54,2026-02-02
Southern Line,Inbound (Simon's Town to Cape Town),Weekday,0128,21,CLAREMONT,09:24,2026-02-02
Southern Line,Inbound (Simon's Town to Cape Town),Weekday,0130,21,CLAREMONT,09:39,2026-02-02
Southern Line,Inbound (Simon's Town to Cape Town),Weekday,0132,21,CLAREMONT,09:54,2026-02-02
Southern Line,Inbound (Simon's Town to Cape Town),Weekday,0134,21,CLAREMONT,10:09,2026-02-02
Southern Line,Inbound (Simon's Town to Cape Town),Weekday,0136,21,CLAREMONT,10:39,2026-02-02
Southern Line,Inbound (Simon's Town to Cape Town),Weekday,0138,21,CLAREMONT,11:14,2026-02-02
Southern Line,Inbound (Simon's Town to Cape Town),Weekday,0140,21,CLAREMONT,11:39,2026-02-02
Southern Line,Inbound (Simon's Town to Cape Town),Weekday,0100,22,NEWLANDS,05:26,2026-02-02
Southern Line,Inbound (Simon's Town to Cape Town),Weekday,0102,22,NEWLANDS,05:41,2026-02-02
Southern Line,Inbound (Simon's Town to Cape Town),Weekday,0104,22,NEWLANDS,05:53,2026-02-02
Southern Line,Inbound (Simon's Town to Cape Town),Weekday,0106,22,NEWLANDS,06:11,2026-02-02
Southern Line,Inbound (Simon's Town to Cape Town),Weekday,0108,22,NEWLANDS,06:26,2026-02-02
Southern Line,Inbound (Simon's Town to Cape Town),Weekday,0110,22,NEWLANDS,06:41,2026-02-02
Southern Line,Inbound (Simon's Town to Cape Town),Weekday,0112,22,NEWLANDS,06:56,2026-02-02
Southern Line,Inbound (Simon's Town to Cape Town),Weekday,0114,22,NEWLANDS,07:26,2026-02-02
Southern Line,Inbound (Simon's Town to Cape Town),Weekday,0116,22,NEWLANDS,07:41,2026-02-02
Southern Line,Inbound (Simon's Town to Cape Town),Weekday,0118,22,NEWLANDS,07:56,2026-02-02
Southern Line,Inbound (Simon's Town to Cape Town),Weekday,0120,22,NEWLANDS,08:11,2026-02-02
Southern Line,Inbound (Simon's Town to Cape Town),Weekday,0122,22,NEWLANDS,08:26,2026-02-02
Southern Line,Inbound (Simon's Town to Cape Town),Weekday,0124,22,NEWLANDS,08:41,2026-02-02
Southern Line,Inbound (Simon's Town to Cape Town),Weekday,0126,22,NEWLANDS,08:56,2026-02-02
Southern Line,Inbound (Simon's Town to Cape Town),Weekday,0128,22,NEWLANDS,09:26,2026-02-02
Southern Line,Inbound (Simon's Town to Cape Town),Weekday,0130,22,NEWLANDS,09:41,2026-02-02
Southern Line,Inbound (Simon's Town to Cape Town),Weekday,0132,22,NEWLANDS,09:56,2026-02-02
Southern Line,Inbound (Simon's Town to Cape Town),Weekday,0134,22,NEWLANDS,10:11,2026-02-02
Southern Line,Inbound (Simon's Town to Cape Town),Weekday,0136,22,NEWLANDS,10:41,2026-02-02
Southern Line,Inbound (Simon's Town to Cape Town),Weekday,0138,22,NEWLANDS,11:16,2026-02-02
Southern Line,Inbound (Simon's Town to Cape Town),Weekday,0140,22,NEWLANDS,11:41,2026-02-02
Southern Line,Inbound (Simon's Town to Cape Town),Weekday,0100,23,RONDEBOSCH,05:28,2026-02-02
Southern Line,Inbound (Simon's Town to Cape Town),Weekday,0102,23,RONDEBOSCH,05:43,2026-02-02
Southern Line,Inbound (Simon's Town to Cape Town),Weekday,0104,23,RONDEBOSCH,05:55,2026-02-02
Southern Line,Inbound (Simon's Town to Cape Town),Weekday,0106,23,RONDEBOSCH,06:13,2026-02-02
Southern Line,Inbound (Simon's Town to Cape Town),Weekday,0108,23,RONDEBOSCH,06:28,2026-02-02
Southern Line,Inbound (Simon's Town to Cape Town),Weekday,0110,23,RONDEBOSCH,06:43,2026-02-02
Southern Line,Inbound (Simon's Town to Cape Town),Weekday,0112,23,RONDEBOSCH,06:58,2026-02-02
Southern Line,Inbound (Simon's Town to Cape Town),Weekday,0114,23,RONDEBOSCH,07:28,2026-02-02
Southern Line,Inbound (Simon's Town to Cape Town),Weekday,0116,23,RONDEBOSCH,07:43,2026-02-02
Southern Line,Inbound (Simon's Town to Cape Town),Weekday,0118,23,RONDEBOSCH,07:58,2026-02-02
Southern Line,Inbound (Simon's Town to Cape Town),Weekday,0120,23,RONDEBOSCH,08:13,2026-02-02
Southern Line,Inbound (Simon's Town to Cape Town),Weekday,0122,23,RONDEBOSCH,08:28,2026-02-02
Southern Line,Inbound (Simon's Town to Cape Town),Weekday,0124,23,RONDEBOSCH,08:43,2026-02-02
Southern Line,Inbound (Simon's Town to Cape Town),Weekday,0126,23,RONDEBOSCH,08:58,2026-02-02
Southern Line,Inbound (Simon's Town to Cape Town),Weekday,0128,23,RONDEBOSCH,09:28,2026-02-02
Southern Line,Inbound (Simon's Town to Cape Town),Weekday,0130,23,RONDEBOSCH,09:43,2026-02-02
Southern Line,Inbound (Simon's Town to Cape Town),Weekday,0132,23,RONDEBOSCH,09:58,2026-02-02
Southern Line,Inbound (Simon's Town to Cape Town),Weekday,0134,23,RONDEBOSCH,10:13,2026-02-02
Southern Line,Inbound (Simon's Town to Cape Town),Weekday,0136,23,RONDEBOSCH,10:43,2026-02-02
Southern Line,Inbound (Simon's Town to Cape Town),Weekday,0138,23,RONDEBOSCH,11:18,2026-02-02
Southern Line,Inbound (Simon's Town to Cape Town),Weekday,0140,23,RONDEBOSCH,11:43,2026-02-02
Southern Line,Inbound (Simon's Town to Cape Town),Weekday,0100,24,ROSEBANK,05:30,2026-02-02
Southern Line,Inbound (Simon's Town to Cape Town),Weekday,0102,24,ROSEBANK,05:45,2026-02-02
Southern Line,Inbound (Simon's Town to Cape Town),Weekday,0104,24,ROSEBANK,05:57,2026-02-02
Southern Line,Inbound (Simon's Town to Cape Town),Weekday,0106,24,ROSEBANK,06:15,2026-02-02
Southern Line,Inbound (Simon's Town to Cape Town),Weekday,0108,24,ROSEBANK,06:30,2026-02-02
Southern Line,Inbound (Simon's Town to Cape Town),Weekday,0110,24,ROSEBANK,06:45,2026-02-02
Southern Line,Inbound (Simon's Town to Cape Town),Weekday,0112,24,ROSEBANK,07:00,2026-02-02
Southern Line,Inbound (Simon's Town to Cape Town),Weekday,0114,24,ROSEBANK,07:30,2026-02-02
Southern Line,Inbound (Simon's Town to Cape Town),Weekday,0116,24,ROSEBANK,07:45,2026-02-02
Southern Line,Inbound (Simon's Town to Cape Town),Weekday,0118,24,ROSEBANK,08:00,2026-02-02
Southern Line,Inbound (Simon's Town to Cape Town),Weekday,0120,24,ROSEBANK,08:15,2026-02-02
Southern Line,Inbound (Simon's Town to Cape Town),Weekday,0122,24,ROSEBANK,08:30,2026-02-02
Southern Line,Inbound (Simon's Town to Cape Town),Weekday,0124,24,ROSEBANK,08:45,2026-02-02
Southern Line,Inbound (Simon's Town to Cape Town),Weekday,0126,24,ROSEBANK,09:00,2026-02-02
Southern Line,Inbound (Simon's Town to Cape Town),Weekday,0128,24,ROSEBANK,09:30,2026-02-02
Southern Line,Inbound (Simon's Town to Cape Town),Weekday,0130,24,ROSEBANK,09:45,2026-02-02
Southern Line,Inbound (Simon's Town to Cape Town),Weekday,0132,24,ROSEBANK,10:00,2026-02-02
Southern Line,Inbound (Simon's Town to Cape Town),Weekday,0134,24,ROSEBANK,10:15,2026-02-02
Southern Line,Inbound (Simon's Town to Cape Town),Weekday,0136,24,ROSEBANK,10:45,2026-02-02
Southern Line,Inbound (Simon's Town to Cape Town),Weekday,0138,24,ROSEBANK,11:20,2026-02-02
Southern Line,Inbound (Simon's Town to Cape Town),Weekday,0140,24,ROSEBANK,11:45,2026-02-02
Southern Line,Inbound (Simon's Town to Cape Town),Weekday,0100,25,MOWBRAY,05:32,2026-02-02
Southern Line,Inbound (Simon's Town to Cape Town),Weekday,0102,25,MOWBRAY,05:47,2026-02-02
Southern Line,Inbound (Simon's Town to Cape Town),Weekday,0104,25,MOWBRAY,05:59,2026-02-02
Southern Line,Inbound (Simon's Town to Cape Town),Weekday,0106,25,MOWBRAY,06:17,2026-02-02
Southern Line,Inbound (Simon's Town to Cape Town),Weekday,0108,25,MOWBRAY,06:32,2026-02-02
Southern Line,Inbound (Simon's Town to Cape Town),Weekday,0110,25,MOWBRAY,06:47,2026-02-02
Southern Line,Inbound (Simon's Town to Cape Town),Weekday,0112,25,MOWBRAY,07:02,2026-02-02
Southern Line,Inbound (Simon's Town to Cape Town),Weekday,0114,25,MOWBRAY,07:32,2026-02-02
Southern Line,Inbound (Simon's Town to Cape Town),Weekday,0116,25,MOWBRAY,07:47,2026-02-02
Southern Line,Inbound (Simon's Town to Cape Town),Weekday,0118,25,MOWBRAY,08:02,2026-02-02
Southern Line,Inbound (Simon's Town to Cape Town),Weekday,0120,25,MOWBRAY,08:17,2026-02-02
Southern Line,Inbound (Simon's Town to Cape Town),Weekday,0122,25,MOWBRAY,08:32,2026-02-02
Southern Line,Inbound (Simon's Town to Cape Town),Weekday,0124,25,MOWBRAY,08:47,2026-02-02
Southern Line,Inbound (Simon's Town to Cape Town),Weekday,0126,25,MOWBRAY,09:02,2026-02-02
Southern Line,Inbound (Simon's Town to Cape Town),Weekday,0128,25,MOWBRAY,09:32,2026-02-02
Southern Line,Inbound (Simon's Town to Cape Town),Weekday,0130,25,MOWBRAY,09:47,2026-02-02
Southern Line,Inbound (Simon's Town to Cape Town),Weekday,0132,25,MOWBRAY,10:04,2026-02-02
Southern Line,Inbound (Simon's Town to Cape Town),Weekday,0134,25,MOWBRAY,10:17,2026-02-02
Southern Line,Inbound (Simon's Town to Cape Town),Weekday,0136,25,MOWBRAY,10:47,2026-02-02
Southern Line,Inbound (Simon's Town to Cape Town),Weekday,0138,25,MOWBRAY,11:22,2026-02-02
Southern Line,Inbound (Simon's Town to Cape Town),Weekday,0140,25,MOWBRAY,11:47,2026-02-02
Southern Line,Inbound (Simon's Town to Cape Town),Weekday,0100,26,OBSERVATORY,05:34,2026-02-02
Southern Line,Inbound (Simon's Town to Cape Town),Weekday,0102,26,OBSERVATORY,05:49,2026-02-02
Southern Line,Inbound (Simon's Town to Cape Town),Weekday,0104,26,OBSERVATORY,06:01,2026-02-02
Southern Line,Inbound (Simon's Town to Cape Town),Weekday,0106,26,OBSERVATORY,06:19,2026-02-02
Southern Line,Inbound (Simon's Town to Cape Town),Weekday,0108,26,OBSERVATORY,06:34,2026-02-02
Southern Line,Inbound (Simon's Town to Cape Town),Weekday,0110,26,OBSERVATORY,06:49,2026-02-02
Southern Line,Inbound (Simon's Town to Cape Town),Weekday,0112,26,OBSERVATORY,07:04,2026-02-02
Southern Line,Inbound (Simon's Town to Cape Town),Weekday,0114,26,OBSERVATORY,07:34,2026-02-02
Southern Line,Inbound (Simon's Town to Cape Town),Weekday,0116,26,OBSERVATORY,07:49,2026-02-02
Southern Line,Inbound (Simon's Town to Cape Town),Weekday,0118,26,OBSERVATORY,08:04,2026-02-02
Southern Line,Inbound (Simon's Town to Cape Town),Weekday,0120,26,OBSERVATORY,08:19,2026-02-02
Southern Line,Inbound (Simon's Town to Cape Town),Weekday,0122,26,OBSERVATORY,08:34,2026-02-02
Southern Line,Inbound (Simon's Town to Cape Town),Weekday,0124,26,OBSERVATORY,08:49,2026-02-02
Southern Line,Inbound (Simon's Town to Cape Town),Weekday,0126,26,OBSERVATORY,09:04,2026-02-02
Southern Line,Inbound (Simon's Town to Cape Town),Weekday,0128,26,OBSERVATORY,09:34,2026-02-02
Southern Line,Inbound (Simon's Town to Cape Town),Weekday,0130,26,OBSERVATORY,09:49,2026-02-02
Southern Line,Inbound (Simon's Town to Cape Town),Weekday,0132,26,OBSERVATORY,10:04,2026-02-02
Southern Line,Inbound (Simon's Town to Cape Town),Weekday,0134,26,OBSERVATORY,10:19,2026-02-02
Southern Line,Inbound (Simon's Town to Cape Town),Weekday,0136,26,OBSERVATORY,10:49,2026-02-02
Southern Line,Inbound (Simon's Town to Cape Town),Weekday,0138,26,OBSERVATORY,11:24,2026-02-02
Southern Line,Inbound (Simon's Town to Cape Town),Weekday,0140,26,OBSERVATORY,11:49,2026-02-02
Southern Line,Inbound (Simon's Town to Cape Town),Weekday,0100,27,SALT RIVER,05:37,2026-02-02
Southern Line,Inbound (Simon's Town to Cape Town),Weekday,0102,27,SALT RIVER,05:52,2026-02-02
Southern Line,Inbound (Simon's Town to Cape Town),Weekday,0104,27,SALT RIVER,06:04,2026-02-02
Southern Line,Inbound (Simon's Town to Cape Town),Weekday,0106,27,SALT RIVER,06:22,2026-02-02
Southern Line,Inbound (Simon's Town to Cape Town),Weekday,0108,27,SALT RIVER,06:37,2026-02-02
Southern Line,Inbound (Simon's Town to Cape Town),Weekday,0110,27,SALT RIVER,06:52,2026-02-02
Southern Line,Inbound (Simon's Town to Cape Town),Weekday,0112,27,SALT RIVER,07:07,2026-02-02
Southern Line,Inbound (Simon's Town to Cape Town),Weekday,0114,27,SALT RIVER,07:37,2026-02-02
Southern Line,Inbound (Simon's Town to Cape Town),Weekday,0116,27,SALT RIVER,07:52,2026-02-02
Southern Line,Inbound (Simon's Town to Cape Town),Weekday,0118,27,SALT RIVER,08:07,2026-02-02
Southern Line,Inbound (Simon's Town to Cape Town),Weekday,0120,27,SALT RIVER,08:22,2026-02-02
Southern Line,Inbound (Simon's Town to Cape Town),Weekday,0122,27,SALT RIVER,08:37,2026-02-02
Southern Line,Inbound (Simon's Town to Cape Town),Weekday,0124,27,SALT RIVER,08:52,2026-02-02
Southern Line,Inbound (Simon's Town to Cape Town),Weekday,0126,27,SALT RIVER,09:07,2026-02-02
Southern Line,Inbound (Simon's Town to Cape Town),Weekday,0128,27,SALT RIVER,09:37,2026-02-02
Southern Line,Inbound (Simon's Town to Cape Town),Weekday,0130,27,SALT RIVER,09:52,2026-02-02
Southern Line,Inbound (Simon's Town to Cape Town),Weekday,0132,27,SALT RIVER,10:07,2026-02-02
Southern Line,Inbound (Simon's Town to Cape Town),Weekday,0134,27,SALT RIVER,10:22,2026-02-02
Southern Line,Inbound (Simon's Town to Cape Town),Weekday,0136,27,SALT RIVER,10:52,2026-02-02
Southern Line,Inbound (Simon's Town to Cape Town),Weekday,0138,27,SALT RIVER,11:27,2026-02-02
Southern Line,Inbound (Simon's Town to Cape Town),Weekday,0140,27,SALT RIVER,11:52,2026-02-02
Southern Line,Inbound (Simon's Town to Cape Town),Weekday,0100,28,WOODSTOCK,05:40,2026-02-02
Southern Line,Inbound (Simon's Town to Cape Town),Weekday,0102,28,WOODSTOCK,05:55,2026-02-02
Southern Line,Inbound (Simon's Town to Cape Town),Weekday,0104,28,WOODSTOCK,06:07,2026-02-02
Southern Line,Inbound (Simon's Town to Cape Town),Weekday,0106,28,WOODSTOCK,06:25,2026-02-02
Southern Line,Inbound (Simon's Town to Cape Town),Weekday,0108,28,WOODSTOCK,06:40,2026-02-02
Southern Line,Inbound (Simon's Town to Cape Town),Weekday,0110,28,WOODSTOCK,06:55,2026-02-02
Southern Line,Inbound (Simon's Town to Cape Town),Weekday,0112,28,WOODSTOCK,07:10,2026-02-02
Southern Line,Inbound (Simon's Town to Cape Town),Weekday,0114,28,WOODSTOCK,07:40,2026-02-02
Southern Line,Inbound (Simon's Town to Cape Town),Weekday,0116,28,WOODSTOCK,07:55,2026-02-02
Southern Line,Inbound (Simon's Town to Cape Town),Weekday,0118,28,WOODSTOCK,08:10,2026-02-02
Southern Line,Inbound (Simon's Town to Cape Town),Weekday,0120,28,WOODSTOCK,08:25,2026-02-02
Southern Line,Inbound (Simon's Town to Cape Town),Weekday,0122,28,WOODSTOCK,08:40,2026-02-02
Southern Line,Inbound (Simon's Town to Cape Town),Weekday,0124,28,WOODSTOCK,08:55,2026-02-02
Southern Line,Inbound (Simon's Town to Cape Town),Weekday,0126,28,WOODSTOCK,09:10,2026-02-02
Southern Line,Inbound (Simon's Town to Cape Town),Weekday,0128,28,WOODSTOCK,09:40,2026-02-02
Southern Line,Inbound (Simon's Town to Cape Town),Weekday,0130,28,WOODSTOCK,09:55,2026-02-02
Southern Line,Inbound (Simon's Town to Cape Town),Weekday,0132,28,WOODSTOCK,10:10,2026-02-02
Southern Line,Inbound (Simon's Town to Cape Town),Weekday,0134,28,WOODSTOCK,10:25,2026-02-02
Southern Line,Inbound (Simon's Town to Cape Town),Weekday,0136,28,WOODSTOCK,10:55,2026-02-02
Southern Line,Inbound (Simon's Town to Cape Town),Weekday,0138,28,WOODSTOCK,11:30,2026-02-02
Southern Line,Inbound (Simon's Town to Cape Town),Weekday,0140,28,WOODSTOCK,11:55,2026-02-02
Southern Line,Inbound (Simon's Town to Cape Town),Weekday,0100,29,CAPE TOWN,05:48,2026-02-02
Southern Line,Inbound (Simon's Town to Cape Town),Weekday,0102,29,CAPE TOWN,06:03,2026-02-02
Southern Line,Inbound (Simon's Town to Cape Town),Weekday,0104,29,CAPE TOWN,06:15,2026-02-02
Southern Line,Inbound (Simon's Town to Cape Town),Weekday,0106,29,CAPE TOWN,06:33,2026-02-02
Southern Line,Inbound (Simon's Town to Cape Town),Weekday,0108,29,CAPE TOWN,06:48,2026-02-02
Southern Line,Inbound (Simon's Town to Cape Town),Weekday,0110,29,CAPE TOWN,07:03,2026-02-02
Southern Line,Inbound (Simon's Town to Cape Town),Weekday,0112,29,CAPE TOWN,07:18,2026-02-02
Southern Line,Inbound (Simon's Town to Cape Town),Weekday,0114,29,CAPE TOWN,07:48,2026-02-02
Southern Line,Inbound (Simon's Town to Cape Town),Weekday,0116,29,CAPE TOWN,08:03,2026-02-02
Southern Line,Inbound (Simon's Town to Cape Town),Weekday,0118,29,CAPE TOWN,08:18,2026-02-02
Southern Line,Inbound (Simon's Town to Cape Town),Weekday,0120,29,CAPE TOWN,08:33,2026-02-02
Southern Line,Inbound (Simon's Town to Cape Town),Weekday,0122,29,CAPE TOWN,08:48,2026-02-02
Southern Line,Inbound (Simon's Town to Cape Town),Weekday,0124,29,CAPE TOWN,09:03,2026-02-02
Southern Line,Inbound (Simon's Town to Cape Town),Weekday,0126,29,CAPE TOWN,09:18,2026-02-02
Southern Line,Inbound (Simon's Town to Cape Town),Weekday,0128,29,CAPE TOWN,09:48,2026-02-02
Southern Line,Inbound (Simon's Town to Cape Town),Weekday,0130,29,CAPE TOWN,10:03,2026-02-02
Southern Line,Inbound (Simon's Town to Cape Town),Weekday,0132,29,CAPE TOWN,10:18,2026-02-02
Southern Line,Inbound (Simon's Town to Cape Town),Weekday,0134,29,CAPE TOWN,10:33,2026-02-02
Southern Line,Inbound (Simon's Town to Cape Town),Weekday,0136,29,CAPE TOWN,11:03,2026-02-02
Southern Line,Inbound (Simon's Town to Cape Town),Weekday,0138,29,CAPE TOWN,11:38,2026-02-02
Southern Line,Inbound (Simon's Town to Cape Town),Weekday,0140,29,CAPE TOWN,12:03,2026-02-02
Southern Line,Outbound (Cape Town to Simon's Town),Weekday,0101,0,CAPE TOWN,..,2026-02-02
Southern Line,Outbound (Cape Town to Simon's Town),Weekday,0103,0,CAPE TOWN,..,2026-02-02
Southern Line,Outbound (Cape Town to Simon's Town),Weekday,0105,0,CAPE TOWN,05:15,2026-02-02
Southern Line,Outbound (Cape Town to Simon's Town),Weekday,0107,0,CAPE TOWN,05:30,2026-02-02
Southern Line,Outbound (Cape Town to Simon's Town),Weekday,0109,0,CAPE TOWN,05:45,2026-02-02
Southern Line,Outbound (Cape Town to Simon's Town),Weekday,0111,0,CAPE TOWN,06:00,2026-02-02
Southern Line,Outbound (Cape Town to Simon's Town),Weekday,0113,0,CAPE TOWN,06:15,2026-02-02
Southern Line,Outbound (Cape Town to Simon's Town),Weekday,0115,0,CAPE TOWN,06:45,2026-02-02
Southern Line,Outbound (Cape Town to Simon's Town),Weekday,0117,0,CAPE TOWN,07:00,2026-02-02
Southern Line,Outbound (Cape Town to Simon's Town),Weekday,0119,0,CAPE TOWN,07:15,2026-02-02
Southern Line,Outbound (Cape Town to Simon's Town),Weekday,0121,0,CAPE TOWN,07:30,2026-02-02
Southern Line,Outbound (Cape Town to Simon's Town),Weekday,0123,0,CAPE TOWN,07:45,2026-02-02
Southern Line,Outbound (Cape Town to Simon's Town),Weekday,0125,0,CAPE TOWN,08:05,2026-02-02
Southern Line,Outbound (Cape Town to Simon's Town),Weekday,0127,0,CAPE TOWN,08:30,2026-02-02
Southern Line,Outbound (Cape Town to Simon's Town),Weekday,0129,0,CAPE TOWN,09:00,2026-02-02
Southern Line,Outbound (Cape Town to Simon's Town),Weekday,0131,0,CAPE TOWN,09:20,2026-02-02
Southern Line,Outbound (Cape Town to Simon's Town),Weekday,0133,0,CAPE TOWN,10:00,2026-02-02
Southern Line,Outbound (Cape Town to Simon's Town),Weekday,0135,0,CAPE TOWN,10:20,2026-02-02
Southern Line,Outbound (Cape Town to Simon's Town),Weekday,0137,0,CAPE TOWN,11:00,2026-02-02
Southern Line,Outbound (Cape Town to Simon's Town),Weekday,0139,0,CAPE TOWN,11:20,2026-02-02
Southern Line,Outbound (Cape Town to Simon's Town),Weekday,0141,0,CAPE TOWN,12:00,2026-02-02
Southern Line,Outbound (Cape Town to Simon's Town),Weekday,0101,1,WOODSTOCK,..,2026-02-02
Southern Line,Outbound (Cape Town to Simon's Town),Weekday,0103,1,WOODSTOCK,..,2026-02-02
Southern Line,Outbound (Cape Town to Simon's Town),Weekday,0105,1,WOODSTOCK,05:18,2026-02-02
Southern Line,Outbound (Cape Town to Simon's Town),Weekday,0107,1,WOODSTOCK,05:33,2026-02-02
Southern Line,Outbound (Cape Town to Simon's Town),Weekday,0109,1,WOODSTOCK,05:48,2026-02-02
Southern Line,Outbound (Cape Town to Simon's Town),Weekday,0111,1,WOODSTOCK,06:03,2026-02-02
Southern Line,Outbound (Cape Town to Simon's Town),Weekday,0113,1,WOODSTOCK,06:18,2026-02-02
Southern Line,Outbound (Cape Town to Simon's Town),Weekday,0115,1,WOODSTOCK,06:48,2026-02-02
Southern Line,Outbound (Cape Town to Simon's Town),Weekday,0117,1,WOODSTOCK,07:03,2026-02-02
Southern Line,Outbound (Cape Town to Simon's Town),Weekday,0119,1,WOODSTOCK,07:18,2026-02-02
Southern Line,Outbound (Cape Town to Simon's Town),Weekday,0121,1,WOODSTOCK,07:33,2026-02-02
Southern Line,Outbound (Cape Town to Simon's Town),Weekday,0123,1,WOODSTOCK,07:48,2026-02-02
Southern Line,Outbound (Cape Town to Simon's Town),Weekday,0125,1,WOODSTOCK,08:08,2026-02-02
Southern Line,Outbound (Cape Town to Simon's Town),Weekday,0127,1,WOODSTOCK,08:33,2026-02-02
Southern Line,Outbound (Cape Town to Simon's Town),Weekday,0129,1,WOODSTOCK,09:03,2026-02-02
Southern Line,Outbound (Cape Town to Simon's Town),Weekday,0131,1,WOODSTOCK,09:23,2026-02-02
Southern Line,Outbound (Cape Town to Simon's Town),Weekday,0133,1,WOODSTOCK,10:03,2026-02-02
Southern Line,Outbound (Cape Town to Simon's Town),Weekday,0135,1,WOODSTOCK,10:23,2026-02-02
Southern Line,Outbound (Cape Town to Simon's Town),Weekday,0137,1,WOODSTOCK,11:03,2026-02-02
Southern Line,Outbound (Cape Town to Simon's Town),Weekday,0139,1,WOODSTOCK,11:23,2026-02-02
Southern Line,Outbound (Cape Town to Simon's Town),Weekday,0141,1,WOODSTOCK,12:03,2026-02-02
Southern Line,Outbound (Cape Town to Simon's Town),Weekday,0101,2,SALT RIVER,..,2026-02-02
Southern Line,Outbound (Cape Town to Simon's Town),Weekday,0103,2,SALT RIVER,..,2026-02-02
Southern Line,Outbound (Cape Town to Simon's Town),Weekday,0105,2,SALT RIVER,05:21,2026-02-02
Southern Line,Outbound (Cape Town to Simon's Town),Weekday,0107,2,SALT RIVER,05:36,2026-02-02
Southern Line,Outbound (Cape Town to Simon's Town),Weekday,0109,2,SALT RIVER,05:51,2026-02-02
Southern Line,Outbound (Cape Town to Simon's Town),Weekday,0111,2,SALT RIVER,06:06,2026-02-02
Southern Line,Outbound (Cape Town to Simon's Town),Weekday,0113,2,SALT RIVER,06:21,2026-02-02
Southern Line,Outbound (Cape Town to Simon's Town),Weekday,0115,2,SALT RIVER,06:51,2026-02-02
Southern Line,Outbound (Cape Town to Simon's Town),Weekday,0117,2,SALT RIVER,07:06,2026-02-02
Southern Line,Outbound (Cape Town to Simon's Town),Weekday,0119,2,SALT RIVER,07:21,2026-02-02
Southern Line,Outbound (Cape Town to Simon's Town),Weekday,0121,2,SALT RIVER,07:36,2026-02-02
Southern Line,Outbound (Cape Town to Simon's Town),Weekday,0123,2,SALT RIVER,07:51,2026-02-02
Southern Line,Outbound (Cape Town to Simon's Town),Weekday,0125,2,SALT RIVER,08:11,2026-02-02
Southern Line,Outbound (Cape Town to Simon's Town),Weekday,0127,2,SALT RIVER,08:36,2026-02-02
Southern Line,Outbound (Cape Town to Simon's Town),Weekday,0129,2,SALT RIVER,09:06,2026-02-02
Southern Line,Outbound (Cape Town to Simon's Town),Weekday,0131,2,SALT RIVER,09:26,2026-02-02
Southern Line,Outbound (Cape Town to Simon's Town),Weekday,0133,2,SALT RIVER,10:06,2026-02-02
Southern Line,Outbound (Cape Town to Simon's Town),Weekday,0135,2,SALT RIVER,10:26,2026-02-02
Southern Line,Outbound (Cape Town to Simon's Town),Weekday,0137,2,SALT RIVER,11:06,2026-02-02
Southern Line,Outbound (Cape Town to Simon's Town),Weekday,0139,2,SALT RIVER,11:26,2026-02-02
Southern Line,Outbound (Cape Town to Simon's Town),Weekday,0141,2,SALT RIVER,12:06,2026-02-02
Southern Line,Outbound (Cape Town to Simon's Town),Weekday,0101,3,OBSERVATORY,..,2026-02-02
Southern Line,Outbound (Cape Town to Simon's Town),Weekday,0103,3,OBSERVATORY,..,2026-02-02
Southern Line,Outbound (Cape Town to Simon's Town),Weekday,0105,3,OBSERVATORY,05:24,2026-02-02
Southern Line,Outbound (Cape Town to Simon's Town),Weekday,0107,3,OBSERVATORY,05:39,2026-02-02
Southern Line,Outbound (Cape Town to Simon's Town),Weekday,0109,3,OBSERVATORY,05:54,2026-02-02
Southern Line,Outbound (Cape Town to Simon's Town),Weekday,0111,3,OBSERVATORY,06:09,2026-02-02
Southern Line,Outbound (Cape Town to Simon's Town),Weekday,0113,3,OBSERVATORY,06:24,2026-02-02
Southern Line,Outbound (Cape Town to Simon's Town),Weekday,0115,3,OBSERVATORY,06:54,2026-02-02
Southern Line,Outbound (Cape Town to Simon's Town),Weekday,0117,3,OBSERVATORY,07:09,2026-02-02
Southern Line,Outbound (Cape Town to Simon's Town),Weekday,0119,3,OBSERVATORY,07:24,2026-02-02
Southern Line,Outbound (Cape Town to Simon's Town),Weekday,0121,3,OBSERVATORY,07:39,2026-02-02
Southern Line,Outbound (Cape Town to Simon's Town),Weekday,0123,3,OBSERVATORY,07:54,2026-02-02
Southern Line,Outbound (Cape Town to Simon's Town),Weekday,0125,3,OBSERVATORY,08:14,2026-02-02
Southern Line,Outbound (Cape Town to Simon's Town),Weekday,0127,3,OBSERVATORY,08:39,2026-02-02
Southern Line,Outbound (Cape Town to Simon's Town),Weekday,0129,3,OBSERVATORY,09:09,2026-02-02
Southern Line,Outbound (Cape Town to Simon's Town),Weekday,0131,3,OBSERVATORY,09:29,2026-02-02
Southern Line,Outbound (Cape Town to Simon's Town),Weekday,0133,3,OBSERVATORY,10:09,2026-02-02
Southern Line,Outbound (Cape Town to Simon's Town),Weekday,0135,3,OBSERVATORY,10:29,2026-02-02
Southern Line,Outbound (Cape Town to Simon's Town),Weekday,0137,3,OBSERVATORY,11:09,2026-02-02
Southern Line,Outbound (Cape Town to Simon's Town),Weekday,0139,3,OBSERVATORY,11:29,2026-02-02
Southern Line,Outbound (Cape Town to Simon's Town),Weekday,0141,3,OBSERVATORY,12:09,2026-02-02
Southern Line,Outbound (Cape Town to Simon's Town),Weekday,0101,4,MOWBRAY,..,2026-02-02
Southern Line,Outbound (Cape Town to Simon's Town),Weekday,0103,4,MOWBRAY,..,2026-02-02
Southern Line,Outbound (Cape Town to Simon's Town),Weekday,0105,4,MOWBRAY,05:26,2026-02-02
Southern Line,Outbound (Cape Town to Simon's Town),Weekday,0107,4,MOWBRAY,05:41,2026-02-02
Southern Line,Outbound (Cape Town to Simon's Town),Weekday,0109,4,MOWBRAY,05:56,2026-02-02
Southern Line,Outbound (Cape Town to Simon's Town),Weekday,0111,4,MOWBRAY,06:11,2026-02-02
Southern Line,Outbound (Cape Town to Simon's Town),Weekday,0113,4,MOWBRAY,06:26,2026-02-02
Southern Line,Outbound (Cape Town to Simon's Town),Weekday,0115,4,MOWBRAY,06:56,2026-02-02
Southern Line,Outbound (Cape Town to Simon's Town),Weekday,0117,4,MOWBRAY,07:11,2026-02-02
Southern Line,Outbound (Cape Town to Simon's Town),Weekday,0119,4,MOWBRAY,07:26,2026-02-02
Southern Line,Outbound (Cape Town to Simon's Town),Weekday,0121,4,MOWBRAY,07:41,2026-02-02
Southern Line,Outbound (Cape Town to Simon's Town),Weekday,0123,4,MOWBRAY,07:56,2026-02-02
Southern Line,Outbound (Cape Town to Simon's Town),Weekday,0125,4,MOWBRAY,08:16,2026-02-02
Southern Line,Outbound (Cape Town to Simon's Town),Weekday,0127,4,MOWBRAY,08:41,2026-02-02
Southern Line,Outbound (Cape Town to Simon's Town),Weekday,0129,4,MOWBRAY,09:11,2026-02-02
Southern Line,Outbound (Cape Town to Simon's Town),Weekday,0131,4,MOWBRAY,09:31,2026-02-02
Southern Line,Outbound (Cape Town to Simon's Town),Weekday,0133,4,MOWBRAY,10:11,2026-02-02
Southern Line,Outbound (Cape Town to Simon's Town),Weekday,0135,4,MOWBRAY,10:31,2026-02-02
Southern Line,Outbound (Cape Town to Simon's Town),Weekday,0137,4,MOWBRAY,11:11,2026-02-02
Southern Line,Outbound (Cape Town to Simon's Town),Weekday,0139,4,MOWBRAY,11:31,2026-02-02
Southern Line,Outbound (Cape Town to Simon's Town),Weekday,0141,4,MOWBRAY,12:11,2026-02-02
Southern Line,Outbound (Cape Town to Simon's Town),Weekday,0101,5,ROSEBANK,..,2026-02-02
Southern Line,Outbound (Cape Town to Simon's Town),Weekday,0103,5,ROSEBANK,..,2026-02-02
Southern Line,Outbound (Cape Town to Simon's Town),Weekday,0105,5,ROSEBANK,05:28,2026-02-02
Southern Line,Outbound (Cape Town to Simon's Town),Weekday,0107,5,ROSEBANK,05:43,2026-02-02
Southern Line,Outbound (Cape Town to Simon's Town),Weekday,0109,5,ROSEBANK,05:58,2026-02-02
Southern Line,Outbound (Cape Town to Simon's Town),Weekday,0111,5,ROSEBANK,06:13,2026-02-02
Southern Line,Outbound (Cape Town to Simon's Town),Weekday,0113,5,ROSEBANK,06:28,2026-02-02
Southern Line,Outbound (Cape Town to Simon's Town),Weekday,0115,5,ROSEBANK,06:58,2026-02-02
Southern Line,Outbound (Cape Town to Simon's Town),Weekday,0117,5,ROSEBANK,07:13,2026-02-02
Southern Line,Outbound (Cape Town to Simon's Town),Weekday,0119,5,ROSEBANK,07:28,2026-02-02
Southern Line,Outbound (Cape Town to Simon's Town),Weekday,0121,5,ROSEBANK,07:43,2026-02-02
Southern Line,Outbound (Cape Town to Simon's Town),Weekday,0123,5,ROSEBANK,07:58,2026-02-02
Southern Line,Outbound (Cape Town to Simon's Town),Weekday,0125,5,ROSEBANK,08:18,2026-02-02
Southern Line,Outbound (Cape Town to Simon's Town),Weekday,0127,5,ROSEBANK,08:43,2026-02-02
Southern Line,Outbound (Cape Town to Simon's Town),Weekday,0129,5,ROSEBANK,09:13,2026-02-02
Southern Line,Outbound (Cape Town to Simon's Town),Weekday,0131,5,ROSEBANK,09:33,2026-02-02
Southern Line,Outbound (Cape Town to Simon's Town),Weekday,0133,5,ROSEBANK,10:13,2026-02-02
Southern Line,Outbound (Cape Town to Simon's Town),Weekday,0135,5,ROSEBANK,10:33,2026-02-02
Southern Line,Outbound (Cape Town to Simon's Town),Weekday,0137,5,ROSEBANK,11:13,2026-02-02
Southern Line,Outbound (Cape Town to Simon's Town),Weekday,0139,5,ROSEBANK,11:33,2026-02-02
Southern Line,Outbound (Cape Town to Simon's Town),Weekday,0141,5,ROSEBANK,12:13,2026-02-02
Southern Line,Outbound (Cape Town to Simon's Town),Weekday,0101,6,RONDEBOSCH,..,2026-02-02
Southern Line,Outbound (Cape Town to Simon's Town),Weekday,0103,6,RONDEBOSCH,..,2026-02-02
Southern Line,Outbound (Cape Town to Simon's Town),Weekday,0105,6,RONDEBOSCH,05:30,2026-02-02
Southern Line,Outbound (Cape Town to Simon's Town),Weekday,0107,6,RONDEBOSCH,05:45,2026-02-02
Southern Line,Outbound (Cape Town to Simon's Town),Weekday,0109,6,RONDEBOSCH,06:00,2026-02-02
Southern Line,Outbound (Cape Town to Simon's Town),Weekday,0111,6,RONDEBOSCH,06:15,2026-02-02
Southern Line,Outbound (Cape Town to Simon's Town),Weekday,0113,6,RONDEBOSCH,06:30,2026-02-02
Southern Line,Outbound (Cape Town to Simon's Town),Weekday,0115,6,RONDEBOSCH,07:00,2026-02-02
Southern Line,Outbound (Cape Town to Simon's Town),Weekday,0117,6,RONDEBOSCH,07:15,2026-02-02
Southern Line,Outbound (Cape Town to Simon's Town),Weekday,0119,6,RONDEBOSCH,07:30,2026-02-02
Southern Line,Outbound (Cape Town to Simon's Town),Weekday,0121,6,RONDEBOSCH,07:45,2026-02-02
Southern Line,Outbound (Cape Town to Simon's Town),Weekday,0123,6,RONDEBOSCH,08:00,2026-02-02
Southern Line,Outbound (Cape Town to Simon's Town),Weekday,0125,6,RONDEBOSCH,08:20,2026-02-02
Southern Line,Outbound (Cape Town to Simon's Town),Weekday,0127,6,RONDEBOSCH,08:45,2026-02-02
Southern Line,Outbound (Cape Town to Simon's Town),Weekday,0129,6,RONDEBOSCH,09:15,2026-02-02
Southern Line,Outbound (Cape Town to Simon's Town),Weekday,0131,6,RONDEBOSCH,09:35,2026-02-02
Southern Line,Outbound (Cape Town to Simon's Town),Weekday,0133,6,RONDEBOSCH,10:15,2026-02-02
Southern Line,Outbound (Cape Town to Simon's Town),Weekday,0135,6,RONDEBOSCH,10:35,2026-02-02
Southern Line,Outbound (Cape Town to Simon's Town),Weekday,0137,6,RONDEBOSCH,11:15,2026-02-02
Southern Line,Outbound (Cape Town to Simon's Town),Weekday,0139,6,RONDEBOSCH,11:35,2026-02-02
Southern Line,Outbound (Cape Town to Simon's Town),Weekday,0141,6,RONDEBOSCH,12:15,2026-02-02
Southern Line,Outbound (Cape Town to Simon's Town),Weekday,0101,7,NEWLANDS,..,2026-02-02
Southern Line,Outbound (Cape Town to Simon's Town),Weekday,0103,7,NEWLANDS,..,2026-02-02
Southern Line,Outbound (Cape Town to Simon's Town),Weekday,0105,7,NEWLANDS,05:33,2026-02-02
Southern Line,Outbound (Cape Town to Simon's Town),Weekday,0107,7,NEWLANDS,05:48,2026-02-02
Southern Line,Outbound (Cape Town to Simon's Town),Weekday,0109,7,NEWLANDS,06:03,2026-02-02
Southern Line,Outbound (Cape Town to Simon's Town),Weekday,0111,7,NEWLANDS,06:18,2026-02-02
Southern Line,Outbound (Cape Town to Simon's Town),Weekday,0113,7,NEWLANDS,06:33,2026-02-02
Southern Line,Outbound (Cape Town to Simon's Town),Weekday,0115,7,NEWLANDS,07:03,2026-02-02
Southern Line,Outbound (Cape Town to Simon's Town),Weekday,0117,7,NEWLANDS,07:18,2026-02-02
Southern Line,Outbound (Cape Town to Simon's Town),Weekday,0119,7,NEWLANDS,07:33,2026-02-02
Southern Line,Outbound (Cape Town to Simon's Town),Weekday,0121,7,NEWLANDS,07:48,2026-02-02
Southern Line,Outbound (Cape Town to Simon's Town),Weekday,0123,7,NEWLANDS,08:03,2026-02-02
Southern Line,Outbound (Cape Town to Simon's Town),Weekday,0125,7,NEWLANDS,08:23,2026-02-02
Southern Line,Outbound (Cape Town to Simon's Town),Weekday,0127,7,NEWLANDS,08:48,2026-02-02
Southern Line,Outbound (Cape Town to Simon's Town),Weekday,0129,7,NEWLANDS,09:18,2026-02-02
Southern Line,Outbound (Cape Town to Simon's Town),Weekday,0131,7,NEWLANDS,09:38,2026-02-02
Southern Line,Outbound (Cape Town to Simon's Town),Weekday,0133,7,NEWLANDS,10:18,2026-02-02
Southern Line,Outbound (Cape Town to Simon's Town),Weekday,0135,7,NEWLANDS,10:38,2026-02-02
Southern Line,Outbound (Cape Town to Simon's Town),Weekday,0137,7,NEWLANDS,11:18,2026-02-02
Southern Line,Outbound (Cape Town to Simon's Town),Weekday,0139,7,NEWLANDS,11:38,2026-02-02
Southern Line,Outbound (Cape Town to Simon's Town),Weekday,0141,7,NEWLANDS,12:18,2026-02-02
Southern Line,Outbound (Cape Town to Simon's Town),Weekday,0101,8,CLAREMONT,..,2026-02-02
Southern Line,Outbound (Cape Town to Simon's Town),Weekday,0103,8,CLAREMONT,..,2026-02-02
Southern Line,Outbound (Cape Town to Simon's Town),Weekday,0105,8,CLAREMONT,05:35,2026-02-02
Southern Line,Outbound (Cape Town to Simon's Town),Weekday,0107,8,CLAREMONT,05:50,2026-02-02
Southern Line,Outbound (Cape Town to Simon's Town),Weekday,0109,8,CLAREMONT,06:05,2026-02-02
Southern Line,Outbound (Cape Town to Simon's Town),Weekday,0111,8,CLAREMONT,06:20,2026-02-02
Southern Line,Outbound (Cape Town to Simon's Town),Weekday,0113,8,CLAREMONT,06:35,2026-02-02
Southern Line,Outbound (Cape Town to Simon's Town),Weekday,0115,8,CLAREMONT,07:05,2026-02-02
Southern Line,Outbound (Cape Town to Simon's Town),Weekday,0117,8,CLAREMONT,07:20,2026-02-02
Southern Line,Outbound (Cape Town to Simon's Town),Weekday,0119,8,CLAREMONT,07:35,2026-02-02
Southern Line,Outbound (Cape Town to Simon's Town),Weekday,0121,8,CLAREMONT,07:50,2026-02-02
Southern Line,Outbound (Cape Town to Simon's Town),Weekday,0123,8,CLAREMONT,08:05,2026-02-02
Southern Line,Outbound (Cape Town to Simon's Town),Weekday,0125,8,CLAREMONT,08:25,2026-02-02
Southern Line,Outbound (Cape Town to Simon's Town),Weekday,0127,8,CLAREMONT,08:50,2026-02-02
Southern Line,Outbound (Cape Town to Simon's Town),Weekday,0129,8,CLAREMONT,09:20,2026-02-02
Southern Line,Outbound (Cape Town to Simon's Town),Weekday,0131,8,CLAREMONT,09:40,2026-02-02
Southern Line,Outbound (Cape Town to Simon's Town),Weekday,0133,8,CLAREMONT,10:20,2026-02-02
Southern Line,Outbound (Cape Town to Simon's Town),Weekday,0135,8,CLAREMONT,10:40,2026-02-02
Southern Line,Outbound (Cape Town to Simon's Town),Weekday,0137,8,CLAREMONT,11:20,2026-02-02
Southern Line,Outbound (Cape Town to Simon's Town),Weekday,0139,8,CLAREMONT,11:40,2026-02-02
Southern Line,Outbound (Cape Town to Simon's Town),Weekday,0141,8,CLAREMONT,12:20,2026-02-02
Southern Line,Outbound (Cape Town to Simon's Town),Weekday,0101,9,HARFIELD ROAD,..,2026-02-02
Southern Line,Outbound (Cape Town to Simon's Town),Weekday,0103,9,HARFIELD ROAD,..,2026-02-02
Southern Line,Outbound (Cape Town to Simon's Town),Weekday,0105,9,HARFIELD ROAD,05:37,2026-02-02
Southern Line,Outbound (Cape Town to Simon's Town),Weekday,0107,9,HARFIELD ROAD,05:52,2026-02-02
Southern Line,Outbound (Cape Town to Simon's Town),Weekday,0109,9,HARFIELD ROAD,06:07,2026-02-02
Southern Line,Outbound (Cape Town to Simon's Town),Weekday,0111,9,HARFIELD ROAD,06:22,2026-02-02
Southern Line,Outbound (Cape Town to Simon's Town),Weekday,0113,9,HARFIELD ROAD,06:37,2026-02-02
Southern Line,Outbound (Cape Town to Simon's Town),Weekday,0115,9,HARFIELD ROAD,07:07,2026-02-02
Southern Line,Outbound (Cape Town to Simon's Town),Weekday,0117,9,HARFIELD ROAD,07:22,2026-02-02
Southern Line,Outbound (Cape Town to Simon's Town),Weekday,0119,9,HARFIELD ROAD,07:37,2026-02-02
Southern Line,Outbound (Cape Town to Simon's Town),Weekday,0121,9,HARFIELD ROAD,07:52,2026-02-02
Southern Line,Outbound (Cape Town to Simon's Town),Weekday,0123,9,HARFIELD ROAD,08:07,2026-02-02
Southern Line,Outbound (Cape Town to Simon's Town),Weekday,0125,9,HARFIELD ROAD,08:27,2026-02-02
Southern Line,Outbound (Cape Town to Simon's Town),Weekday,0127,9,HARFIELD ROAD,08:52,2026-02-02
Southern Line,Outbound (Cape Town to Simon's Town),Weekday,0129,9,HARFIELD ROAD,09:22,2026-02-02
Southern Line,Outbound (Cape Town to Simon's Town),Weekday,0131,9,HARFIELD ROAD,09:42,2026-02-02
Southern Line,Outbound (Cape Town to Simon's Town),Weekday,0133,9,HARFIELD ROAD,10:22,2026-02-02
Southern Line,Outbound (Cape Town to Simon's Town),Weekday,0135,9,HARFIELD ROAD,10:42,2026-02-02
Southern Line,Outbound (Cape Town to Simon's Town),Weekday,0137,9,HARFIELD ROAD,11:22,2026-02-02
Southern Line,Outbound (Cape Town to Simon's Town),Weekday,0139,9,HARFIELD ROAD,11:42,2026-02-02
Southern Line,Outbound (Cape Town to Simon's Town),Weekday,0141,9,HARFIELD ROAD,12:22,2026-02-02
Southern Line,Outbound (Cape Town to Simon's Town),Weekday,0101,10,KENILWORTH,..,2026-02-02
Southern Line,Outbound (Cape Town to Simon's Town),Weekday,0103,10,KENILWORTH,..,2026-02-02
Southern Line,Outbound (Cape Town to Simon's Town),Weekday,0105,10,KENILWORTH,05:39,2026-02-02
Southern Line,Outbound (Cape Town to Simon's Town),Weekday,0107,10,KENILWORTH,05:54,2026-02-02
Southern Line,Outbound (Cape Town to Simon's Town),Weekday,0109,10,KENILWORTH,06:09,2026-02-02
Southern Line,Outbound (Cape Town to Simon's Town),Weekday,0111,10,KENILWORTH,06:24,2026-02-02
Southern Line,Outbound (Cape Town to Simon's Town),Weekday,0113,10,KENILWORTH,06:39,2026-02-02
Southern Line,Outbound (Cape Town to Simon's Town),Weekday,0115,10,KENILWORTH,07:09,2026-02-02
Southern Line,Outbound (Cape Town to Simon's Town),Weekday,0117,10,KENILWORTH,07:24,2026-02-02
Southern Line,Outbound (Cape Town to Simon's Town),Weekday,0119,10,KENILWORTH,07:39,2026-02-02
Southern Line,Outbound (Cape Town to Simon's Town),Weekday,0121,10,KENILWORTH,07:54,2026-02-02
Southern Line,Outbound (Cape Town to Simon's Town),Weekday,0123,10,KENILWORTH,08:09,2026-02-02
Southern Line,Outbound (Cape Town to Simon's Town),Weekday,0125,10,KENILWORTH,08:29,2026-02-02
Southern Line,Outbound (Cape Town to Simon's Town),Weekday,0127,10,KENILWORTH,08:54,2026-02-02
Southern Line,Outbound (Cape Town to Simon's Town),Weekday,0129,10,KENILWORTH,09:24,2026-02-02
Southern Line,Outbound (Cape Town to Simon's Town),Weekday,0131,10,KENILWORTH,09:44,2026-02-02
Southern Line,Outbound (Cape Town to Simon's Town),Weekday,0133,10,KENILWORTH,10:24,2026-02-02
Southern Line,Outbound (Cape Town to Simon's Town),Weekday,0135,10,KENILWORTH,10:44,2026-02-02
Southern Line,Outbound (Cape Town to Simon's Town),Weekday,0137,10,KENILWORTH,11:24,2026-02-02
Southern Line,Outbound (Cape Town to Simon's Town),Weekday,0139,10,KENILWORTH,11:44,2026-02-02
Southern Line,Outbound (Cape Town to Simon's Town),Weekday,0141,10,KENILWORTH,12:24,2026-02-02
Southern Line,Outbound (Cape Town to Simon's Town),Weekday,0101,11,WYNBERG,..,2026-02-02
Southern Line,Outbound (Cape Town to Simon's Town),Weekday,0103,11,WYNBERG,..,2026-02-02
Southern Line,Outbound (Cape Town to Simon's Town),Weekday,0105,11,WYNBERG,05:41,2026-02-02
Southern Line,Outbound (Cape Town to Simon's Town),Weekday,0107,11,WYNBERG,05:56,2026-02-02
Southern Line,Outbound (Cape Town to Simon's Town),Weekday,0109,11,WYNBERG,06:11,2026-02-02
Southern Line,Outbound (Cape Town to Simon's Town),Weekday,0111,11,WYNBERG,06:26,2026-02-02
Southern Line,Outbound (Cape Town to Simon's Town),Weekday,0113,11,WYNBERG,06:41,2026-02-02
Southern Line,Outbound (Cape Town to Simon's Town),Weekday,0115,11,WYNBERG,07:11,2026-02-02
Southern Line,Outbound (Cape Town to Simon's Town),Weekday,0117,11,WYNBERG,07:26,2026-02-02
Southern Line,Outbound (Cape Town to Simon's Town),Weekday,0119,11,WYNBERG,07:41,2026-02-02
Southern Line,Outbound (Cape Town to Simon's Town),Weekday,0121,11,WYNBERG,07:56,2026-02-02
Southern Line,Outbound (Cape Town to Simon's Town),Weekday,0123,11,WYNBERG,08:11,2026-02-02
Southern Line,Outbound (Cape Town to Simon's Town),Weekday,0125,11,WYNBERG,08:31,2026-02-02
Southern Line,Outbound (Cape Town to Simon's Town),Weekday,0127,11,WYNBERG,08:56,2026-02-02
Southern Line,Outbound (Cape Town to Simon's Town),Weekday,0129,11,WYNBERG,09:26,2026-02-02
Southern Line,Outbound (Cape Town to Simon's Town),Weekday,0131,11,WYNBERG,09:46,2026-02-02
Southern Line,Outbound (Cape Town to Simon's Town),Weekday,0133,11,WYNBERG,10:26,2026-02-02
Southern Line,Outbound (Cape Town to Simon's Town),Weekday,0135,11,WYNBERG,10:46,2026-02-02
Southern Line,Outbound (Cape Town to Simon's Town),Weekday,0137,11,WYNBERG,11:26,2026-02-02
Southern Line,Outbound (Cape Town to Simon's Town),Weekday,0139,11,WYNBERG,11:46,2026-02-02
Southern Line,Outbound (Cape Town to Simon's Town),Weekday,0141,11,WYNBERG,12:26,2026-02-02
Southern Line,Outbound (Cape Town to Simon's Town),Weekday,0101,12,WITTEBOME,..,2026-02-02
Southern Line,Outbound (Cape Town to Simon's Town),Weekday,0103,12,WITTEBOME,..,2026-02-02
Southern Line,Outbound (Cape Town to Simon's Town),Weekday,0105,12,WITTEBOME,05:43,2026-02-02
Southern Line,Outbound (Cape Town to Simon's Town),Weekday,0107,12,WITTEBOME,05:58,2026-02-02
Southern Line,Outbound (Cape Town to Simon's Town),Weekday,0109,12,WITTEBOME,06:13,2026-02-02
Southern Line,Outbound (Cape Town to Simon's Town),Weekday,0111,12,WITTEBOME,06:28,2026-02-02
Southern Line,Outbound (Cape Town to Simon's Town),Weekday,0113,12,WITTEBOME,06:43,2026-02-02
Southern Line,Outbound (Cape Town to Simon's Town),Weekday,0115,12,WITTEBOME,07:13,2026-02-02
Southern Line,Outbound (Cape Town to Simon's Town),Weekday,0117,12,WITTEBOME,07:28,2026-02-02
Southern Line,Outbound (Cape Town to Simon's Town),Weekday,0119,12,WITTEBOME,07:43,2026-02-02
Southern Line,Outbound (Cape Town to Simon's Town),Weekday,0121,12,WITTEBOME,07:58,2026-02-02
Southern Line,Outbound (Cape Town to Simon's Town),Weekday,0123,12,WITTEBOME,08:13,2026-02-02
Southern Line,Outbound (Cape Town to Simon's Town),Weekday,0125,12,WITTEBOME,08:33,2026-02-02
Southern Line,Outbound (Cape Town to Simon's Town),Weekday,0127,12,WITTEBOME,08:58,2026-02-02
Southern Line,Outbound (Cape Town to Simon's Town),Weekday,0129,12,WITTEBOME,09:28,2026-02-02
Southern Line,Outbound (Cape Town to Simon's Town),Weekday,0131,12,WITTEBOME,09:48,2026-02-02
Southern Line,Outbound (Cape Town to Simon's Town),Weekday,0133,12,WITTEBOME,10:28,2026-02-02
Southern Line,Outbound (Cape Town to Simon's Town),Weekday,0135,12,WITTEBOME,10:48,2026-02-02
Southern Line,Outbound (Cape Town to Simon's Town),Weekday,0137,12,WITTEBOME,11:28,2026-02-02
Southern Line,Outbound (Cape Town to Simon's Town),Weekday,0139,12,WITTEBOME,11:48,2026-02-02
Southern Line,Outbound (Cape Town to Simon's Town),Weekday,0141,12,WITTEBOME,12:28,2026-02-02
Southern Line,Outbound (Cape Town to Simon's Town),Weekday,0101,13,PLUMSTEAD,..,2026-02-02
Southern Line,Outbound (Cape Town to Simon's Town),Weekday,0103,13,PLUMSTEAD,..,2026-02-02
Southern Line,Outbound (Cape Town to Simon's Town),Weekday,0105,13,PLUMSTEAD,05:45,2026-02-02
Southern Line,Outbound (Cape Town to Simon's Town),Weekday,0107,13,PLUMSTEAD,06:00,2026-02-02
Southern Line,Outbound (Cape Town to Simon's Town),Weekday,0109,13,PLUMSTEAD,06:15,2026-02-02
Southern Line,Outbound (Cape Town to Simon's Town),Weekday,0111,13,PLUMSTEAD,06:30,2026-02-02
Southern Line,Outbound (Cape Town to Simon's Town),Weekday,0113,13,PLUMSTEAD,06:45,2026-02-02
Southern Line,Outbound (Cape Town to Simon's Town),Weekday,0115,13,PLUMSTEAD,07:15,2026-02-02
Southern Line,Outbound (Cape Town to Simon's Town),Weekday,0117,13,PLUMSTEAD,07:30,2026-02-02
Southern Line,Outbound (Cape Town to Simon's Town),Weekday,0119,13,PLUMSTEAD,07:45,2026-02-02
Southern Line,Outbound (Cape Town to Simon's Town),Weekday,0121,13,PLUMSTEAD,08:00,2026-02-02
Southern Line,Outbound (Cape Town to Simon's Town),Weekday,0123,13,PLUMSTEAD,08:15,2026-02-02
Southern Line,Outbound (Cape Town to Simon's Town),Weekday,0125,13,PLUMSTEAD,08:35,2026-02-02
Southern Line,Outbound (Cape Town to Simon's Town),Weekday,0127,13,PLUMSTEAD,09:00,2026-02-02
Southern Line,Outbound (Cape Town to Simon's Town),Weekday,0129,13,PLUMSTEAD,09:30,2026-02-02
Southern Line,Outbound (Cape Town to Simon's Town),Weekday,0131,13,PLUMSTEAD,09:50,2026-02-02
Southern Line,Outbound (Cape Town to Simon's Town),Weekday,0133,13,PLUMSTEAD,10:30,2026-02-02
Southern Line,Outbound (Cape Town to Simon's Town),Weekday,0135,13,PLUMSTEAD,10:50,2026-02-02
Southern Line,Outbound (Cape Town to Simon's Town),Weekday,0137,13,PLUMSTEAD,11:30,2026-02-02
Southern Line,Outbound (Cape Town to Simon's Town),Weekday,0139,13,PLUMSTEAD,11:50,2026-02-02
Southern Line,Outbound (Cape Town to Simon's Town),Weekday,0141,13,PLUMSTEAD,12:30,2026-02-02
Southern Line,Outbound (Cape Town to Simon's Town),Weekday,0101,14,STEURHOF,..,2026-02-02
Southern Line,Outbound (Cape Town to Simon's Town),Weekday,0103,14,STEURHOF,..,2026-02-02
Southern Line,Outbound (Cape Town to Simon's Town),Weekday,0105,14,STEURHOF,05:47,2026-02-02
Southern Line,Outbound (Cape Town to Simon's Town),Weekday,0107,14,STEURHOF,06:02,2026-02-02
Southern Line,Outbound (Cape Town to Simon's Town),Weekday,0109,14,STEURHOF,06:17,2026-02-02
Southern Line,Outbound (Cape Town to Simon's Town),Weekday,0111,14,STEURHOF,06:32,2026-02-02
Southern Line,Outbound (Cape Town to Simon's Town),Weekday,0113,14,STEURHOF,06:47,2026-02-02
Southern Line,Outbound (Cape Town to Simon's Town),Weekday,0115,14,STEURHOF,07:17,2026-02-02
Southern Line,Outbound (Cape Town to Simon's Town),Weekday,0117,14,STEURHOF,07:32,2026-02-02
Southern Line,Outbound (Cape Town to Simon's Town),Weekday,0119,14,STEURHOF,07:47,2026-02-02
Southern Line,Outbound (Cape Town to Simon's Town),Weekday,0121,14,STEURHOF,08:02,2026-02-02
Southern Line,Outbound (Cape Town to Simon's Town),Weekday,0123,14,STEURHOF,08:17,2026-02-02
Southern Line,Outbound (Cape Town to Simon's Town),Weekday,0125,14,STEURHOF,08:37,2026-02-02
Southern Line,Outbound (Cape Town to Simon's Town),Weekday,0127,14,STEURHOF,09:02,2026-02-02
Southern Line,Outbound (Cape Town to Simon's Town),Weekday,0129,14,STEURHOF,09:32,2026-02-02
Southern Line,Outbound (Cape Town to Simon's Town),Weekday,0131,14,STEURHOF,09:52,2026-02-02
Southern Line,Outbound (Cape Town to Simon's Town),Weekday,0133,14,STEURHOF,10:32,2026-02-02
Southern Line,Outbound (Cape Town to Simon's Town),Weekday,0135,14,STEURHOF,10:52,2026-02-02
Southern Line,Outbound (Cape Town to Simon's Town),Weekday,0137,14,STEURHOF,11:32,2026-02-02
Southern Line,Outbound (Cape Town to Simon's Town),Weekday,0139,14,STEURHOF,11:52,2026-02-02
Southern Line,Outbound (Cape Town to Simon's Town),Weekday,0141,14,STEURHOF,12:32,2026-02-02
Southern Line,Outbound (Cape Town to Simon's Town),Weekday,0101,15,DIEPRIVIER,..,2026-02-02
Southern Line,Outbound (Cape Town to Simon's Town),Weekday,0103,15,DIEPRIVIER,..,2026-02-02
Southern Line,Outbound (Cape Town to Simon's Town),Weekday,0105,15,DIEPRIVIER,05:49,2026-02-02
Southern Line,Outbound (Cape Town to Simon's Town),Weekday,0107,15,DIEPRIVIER,06:04,2026-02-02
Southern Line,Outbound (Cape Town to Simon's Town),Weekday,0109,15,DIEPRIVIER,06:19,2026-02-02
Southern Line,Outbound (Cape Town to Simon's Town),Weekday,0111,15,DIEPRIVIER,06:34,2026-02-02
Southern Line,Outbound (Cape Town to Simon's Town),Weekday,0113,15,DIEPRIVIER,06:49,2026-02-02
Southern Line,Outbound (Cape Town to Simon's Town),Weekday,0115,15,DIEPRIVIER,07:19,2026-02-02
Southern Line,Outbound (Cape Town to Simon's Town),Weekday,0117,15,DIEPRIVIER,07:34,2026-02-02
Southern Line,Outbound (Cape Town to Simon's Town),Weekday,0119,15,DIEPRIVIER,07:49,2026-02-02
Southern Line,Outbound (Cape Town to Simon's Town),Weekday,0121,15,DIEPRIVIER,08:04,2026-02-02
Southern Line,Outbound (Cape Town to Simon's Town),Weekday,0123,15,DIEPRIVIER,08:19,2026-02-02
Southern Line,Outbound (Cape Town to Simon's Town),Weekday,0125,15,DIEPRIVIER,08:39,2026-02-02
Southern Line,Outbound (Cape Town to Simon's Town),Weekday,0127,15,DIEPRIVIER,09:04,2026-02-02
Southern Line,Outbound (Cape Town to Simon's Town),Weekday,0129,15,DIEPRIVIER,09:34,2026-02-02
Southern Line,Outbound (Cape Town to Simon's Town),Weekday,0131,15,DIEPRIVIER,09:54,2026-02-02
Southern Line,Outbound (Cape Town to Simon's Town),Weekday,0133,15,DIEPRIVIER,10:34,2026-02-02
Southern Line,Outbound (Cape Town to Simon's Town),Weekday,0135,15,DIEPRIVIER,10:54,2026-02-02
Southern Line,Outbound (Cape Town to Simon's Town),Weekday,0137,15,DIEPRIVIER,11:34,2026-02-02
Southern Line,Outbound (Cape Town to Simon's Town),Weekday,0139,15,DIEPRIVIER,11:54,2026-02-02
Southern Line,Outbound (Cape Town to Simon's Town),Weekday,0141,15,DIEPRIVIER,12:34,2026-02-02
Southern Line,Outbound (Cape Town to Simon's Town),Weekday,0101,16,HEATHFIELD,..,2026-02-02
Southern Line,Outbound (Cape Town to Simon's Town),Weekday,0103,16,HEATHFIELD,..,2026-02-02
Southern Line,Outbound (Cape Town to Simon's Town),Weekday,0105,16,HEATHFIELD,05:51,2026-02-02
Southern Line,Outbound (Cape Town to Simon's Town),Weekday,0107,16,HEATHFIELD,06:06,2026-02-02
Southern Line,Outbound (Cape Town to Simon's Town),Weekday,0109,16,HEATHFIELD,06:21,2026-02-02
Southern Line,Outbound (Cape Town to Simon's Town),Weekday,0111,16,HEATHFIELD,06:36,2026-02-02
Southern Line,Outbound (Cape Town to Simon's Town),Weekday,0113,16,HEATHFIELD,06:51,2026-02-02
Southern Line,Outbound (Cape Town to Simon's Town),Weekday,0115,16,HEATHFIELD,07:21,2026-02-02
Southern Line,Outbound (Cape Town to Simon's Town),Weekday,0117,16,HEATHFIELD,07:36,2026-02-02
Southern Line,Outbound (Cape Town to Simon's Town),Weekday,0119,16,HEATHFIELD,07:51,2026-02-02
Southern Line,Outbound (Cape Town to Simon's Town),Weekday,0121,16,HEATHFIELD,08:06,2026-02-02
Southern Line,Outbound (Cape Town to Simon's Town),Weekday,0123,16,HEATHFIELD,08:21,2026-02-02
Southern Line,Outbound (Cape Town to Simon's Town),Weekday,0125,16,HEATHFIELD,08:41,2026-02-02
Southern Line,Outbound (Cape Town to Simon's Town),Weekday,0127,16,HEATHFIELD,09:06,2026-02-02
Southern Line,Outbound (Cape Town to Simon's Town),Weekday,0129,16,HEATHFIELD,09:36,2026-02-02
Southern Line,Outbound (Cape Town to Simon's Town),Weekday,0131,16,HEATHFIELD,09:56,2026-02-02
Southern Line,Outbound (Cape Town to Simon's Town),Weekday,0133,16,HEATHFIELD,10:36,2026-02-02
Southern Line,Outbound (Cape Town to Simon's Town),Weekday,0135,16,HEATHFIELD,10:56,2026-02-02
Southern Line,Outbound (Cape Town to Simon's Town),Weekday,0137,16,HEATHFIELD,11:36,2026-02-02
Southern Line,Outbound (Cape Town to Simon's Town),Weekday,0139,16,HEATHFIELD,11:56,2026-02-02
Southern Line,Outbound (Cape Town to Simon's Town),Weekday,0141,16,HEATHFIELD,12:36,2026-02-02
Southern Line,Outbound (Cape Town to Simon's Town),Weekday,0101,17,RETREAT (ARR),..,2026-02-02
Southern Line,Outbound (Cape Town to Simon's Town),Weekday,0103,17,RETREAT (ARR),..,2026-02-02
Southern Line,Outbound (Cape Town to Simon's Town),Weekday,0105,17,RETREAT (ARR),05:59,2026-02-02
Southern Line,Outbound (Cape Town to Simon's Town),Weekday,0107,17,RETREAT (ARR),06:08,2026-02-02
Southern Line,Outbound (Cape Town to Simon's Town),Weekday,0109,17,RETREAT (ARR),06:23,2026-02-02
Southern Line,Outbound (Cape Town to Simon's Town),Weekday,0111,17,RETREAT (ARR),06:38,2026-02-02
Southern Line,Outbound (Cape Town to Simon's Town),Weekday,0113,17,RETREAT (ARR),06:53,2026-02-02
Southern Line,Outbound (Cape Town to Simon's Town),Weekday,0115,17,RETREAT (ARR),07:23,2026-02-02
Southern Line,Outbound (Cape Town to Simon's Town),Weekday,0117,17,RETREAT (ARR),07:38,2026-02-02
Southern Line,Outbound (Cape Town to Simon's Town),Weekday,0119,17,RETREAT (ARR),07:59,2026-02-02
Southern Line,Outbound (Cape Town to Simon's Town),Weekday,0121,17,RETREAT (ARR),08:08,2026-02-02
Southern Line,Outbound (Cape Town to Simon's Town),Weekday,0123,17,RETREAT (ARR),08:23,2026-02-02
Southern Line,Outbound (Cape Town to Simon's Town),Weekday,0125,17,RETREAT (ARR),08:43,2026-02-02
Southern Line,Outbound (Cape Town to Simon's Town),Weekday,0127,17,RETREAT (ARR),09:14,2026-02-02
Southern Line,Outbound (Cape Town to Simon's Town),Weekday,0129,17,RETREAT (ARR),09:38,2026-02-02
Southern Line,Outbound (Cape Town to Simon's Town),Weekday,0131,17,RETREAT (ARR),09:58,2026-02-02
Southern Line,Outbound (Cape Town to Simon's Town),Weekday,0133,17,RETREAT (ARR),10:38,2026-02-02
Southern Line,Outbound (Cape Town to Simon's Town),Weekday,0135,17,RETREAT (ARR),10:58,2026-02-02
Southern Line,Outbound (Cape Town to Simon's Town),Weekday,0137,17,RETREAT (ARR),11:38,2026-02-02
Southern Line,Outbound (Cape Town to Simon's Town),Weekday,0139,17,RETREAT (ARR),11:58,2026-02-02
Southern Line,Outbound (Cape Town to Simon's Town),Weekday,0141,17,RETREAT (ARR),12:38,2026-02-02
Southern Line,Outbound (Cape Town to Simon's Town),Weekday,0101,18,RETREAT (DEP),05:25,2026-02-02
Southern Line,Outbound (Cape Town to Simon's Town),Weekday,0103,18,RETREAT (DEP),05:39,2026-02-02
Southern Line,Outbound (Cape Town to Simon's Town),Weekday,0105,18,RETREAT (DEP),..,2026-02-02
Southern Line,Outbound (Cape Town to Simon's Town),Weekday,0107,18,RETREAT (DEP),06:09,2026-02-02
Southern Line,Outbound (Cape Town to Simon's Town),Weekday,0109,18,RETREAT (DEP),06:24,2026-02-02
Southern Line,Outbound (Cape Town to Simon's Town),Weekday,0111,18,RETREAT (DEP),06:39,2026-02-02
Southern Line,Outbound (Cape Town to Simon's Town),Weekday,0113,18,RETREAT (DEP),06:54,2026-02-02
Southern Line,Outbound (Cape Town to Simon's Town),Weekday,0115,18,RETREAT (DEP),07:24,2026-02-02
Southern Line,Outbound (Cape Town to Simon's Town),Weekday,0117,18,RETREAT (DEP),07:39,2026-02-02
Southern Line,Outbound (Cape Town to Simon's Town),Weekday,0119,18,RETREAT (DEP),..,2026-02-02
Southern Line,Outbound (Cape Town to Simon's Town),Weekday,0121,18,RETREAT (DEP),08:09,2026-02-02
Southern Line,Outbound (Cape Town to Simon's Town),Weekday,0123,18,RETREAT (DEP),08:24,2026-02-02
Southern Line,Outbound (Cape Town to Simon's Town),Weekday,0125,18,RETREAT (DEP),08:44,2026-02-02
Southern Line,Outbound (Cape Town to Simon's Town),Weekday,0127,18,RETREAT (DEP),..,2026-02-02
Southern Line,Outbound (Cape Town to Simon's Town),Weekday,0129,18,RETREAT (DEP),09:39,2026-02-02
Southern Line,Outbound (Cape Town to Simon's Town),Weekday,0131,18,RETREAT (DEP),09:59,2026-02-02
Southern Line,Outbound (Cape Town to Simon's Town),Weekday,0133,18,RETREAT (DEP),10:39,2026-02-02
Southern Line,Outbound (Cape Town to Simon's Town),Weekday,0135,18,RETREAT (DEP),10:59,2026-02-02
Southern Line,Outbound (Cape Town to Simon's Town),Weekday,0137,18,RETREAT (DEP),11:39,2026-02-02
Southern Line,Outbound (Cape Town to Simon's Town),Weekday,0139,18,RETREAT (DEP),11:59,2026-02-02
Southern Line,Outbound (Cape Town to Simon's Town),Weekday,0141,18,RETREAT (DEP),12:39,2026-02-02
Southern Line,Outbound (Cape Town to Simon's Town),Weekday,0101,19,STEENBERG,05:28,2026-02-02
Southern Line,Outbound (Cape Town to Simon's Town),Weekday,0103,19,STEENBERG,05:42,2026-02-02
Southern Line,Outbound (Cape Town to Simon's Town),Weekday,0105,19,STEENBERG,..,2026-02-02
Southern Line,Outbound (Cape Town to Simon's Town),Weekday,0107,19,STEENBERG,06:12,2026-02-02
Southern Line,Outbound (Cape Town to Simon's Town),Weekday,0109,19,STEENBERG,06:27,2026-02-02
Southern Line,Outbound (Cape Town to Simon's Town),Weekday,0111,19,STEENBERG,06:42,2026-02-02
Southern Line,Outbound (Cape Town to Simon's Town),Weekday,0113,19,STEENBERG,06:57,2026-02-02
Southern Line,Outbound (Cape Town to Simon's Town),Weekday,0115,19,STEENBERG,07:27,2026-02-02
Southern Line,Outbound (Cape Town to Simon's Town),Weekday,0117,19,STEENBERG,07:42,2026-02-02
Southern Line,Outbound (Cape Town to Simon's Town),Weekday,0119,19,STEENBERG,..,2026-02-02
Southern Line,Outbound (Cape Town to Simon's Town),Weekday,0121,19,STEENBERG,08:12,2026-02-02
Southern Line,Outbound (Cape Town to Simon's Town),Weekday,0123,19,STEENBERG,08:27,2026-02-02
Southern Line,Outbound (Cape Town to Simon's Town),Weekday,0125,19,STEENBERG,08:47,2026-02-02
Southern Line,Outbound (Cape Town to Simon's Town),Weekday,0127,19,STEENBERG,..,2026-02-02
Southern Line,Outbound (Cape Town to Simon's Town),Weekday,0129,19,STEENBERG,09:42,2026-02-02
Southern Line,Outbound (Cape Town to Simon's Town),Weekday,0131,19,STEENBERG,10:02,2026-02-02
Southern Line,Outbound (Cape Town to Simon's Town),Weekday,0133,19,STEENBERG,10:42,2026-02-02
Southern Line,Outbound (Cape Town to Simon's Town),Weekday,0135,19,STEENBERG,11:02,2026-02-02
Southern Line,Outbound (Cape Town to Simon's Town),Weekday,0137,19,STEENBERG,11:42,2026-02-02
Southern Line,Outbound (Cape Town to Simon's Town),Weekday,0139,19,STEENBERG,12:02,2026-02-02
Southern Line,Outbound (Cape Town to Simon's Town),Weekday,0141,19,STEENBERG,12:42,2026-02-02
Southern Line,Outbound (Cape Town to Simon's Town),Weekday,0101,20,LAKESIDE,05:30,2026-02-02
Southern Line,Outbound (Cape Town to Simon's Town),Weekday,0103,20,LAKESIDE,05:44,2026-02-02
Southern Line,Outbound (Cape Town to Simon's Town),Weekday,0105,20,LAKESIDE,..,2026-02-02
Southern Line,Outbound (Cape Town to Simon's Town),Weekday,0107,20,LAKESIDE,06:14,2026-02-02
Southern Line,Outbound (Cape Town to Simon's Town),Weekday,0109,20,LAKESIDE,06:29,2026-02-02
Southern Line,Outbound (Cape Town to Simon's Town),Weekday,0111,20,LAKESIDE,06:44,2026-02-02
Southern Line,Outbound (Cape Town to Simon's Town),Weekday,0113,20,LAKESIDE,06:59,2026-02-02
Southern Line,Outbound (Cape Town to Simon's Town),Weekday,0115,20,LAKESIDE,07:29,2026-02-02
Southern Line,Outbound (Cape Town to Simon's Town),Weekday,0117,20,LAKESIDE,07:44,2026-02-02
Southern Line,Outbound (Cape Town to Simon's Town),Weekday,0119,20,LAKESIDE,..,2026-02-02
Southern Line,Outbound (Cape Town to Simon's Town),Weekday,0121,20,LAKESIDE,08:14,2026-02-02
Southern Line,Outbound (Cape Town to Simon's Town),Weekday,0123,20,LAKESIDE,08:29,2026-02-02
Southern Line,Outbound (Cape Town to Simon's Town),Weekday,0125,20,LAKESIDE,08:49,2026-02-02
Southern Line,Outbound (Cape Town to Simon's Town),Weekday,0127,20,LAKESIDE,..,2026-02-02
Southern Line,Outbound (Cape Town to Simon's Town),Weekday,0129,20,LAKESIDE,09:44,2026-02-02
Southern Line,Outbound (Cape Town to Simon's Town),Weekday,0131,20,LAKESIDE,10:04,2026-02-02
Southern Line,Outbound (Cape Town to Simon's Town),Weekday,0133,20,LAKESIDE,10:44,2026-02-02
Southern Line,Outbound (Cape Town to Simon's Town),Weekday,0135,20,LAKESIDE,11:04,2026-02-02
Southern Line,Outbound (Cape Town to Simon's Town),Weekday,0137,20,LAKESIDE,11:44,2026-02-02
Southern Line,Outbound (Cape Town to Simon's Town),Weekday,0139,20,LAKESIDE,12:04,2026-02-02
Southern Line,Outbound (Cape Town to Simon's Town),Weekday,0141,20,LAKESIDE,12:44,2026-02-02
Southern Line,Outbound (Cape Town to Simon's Town),Weekday,0101,21,FALSE BAY,05:33,2026-02-02
Southern Line,Outbound (Cape Town to Simon's Town),Weekday,0103,21,FALSE BAY,05:47,2026-02-02
Southern Line,Outbound (Cape Town to Simon's Town),Weekday,0105,21,FALSE BAY,..,2026-02-02
Southern Line,Outbound (Cape Town to Simon's Town),Weekday,0107,21,FALSE BAY,06:17,2026-02-02
Southern Line,Outbound (Cape Town to Simon's Town),Weekday,0109,21,FALSE BAY,06:32,2026-02-02
Southern Line,Outbound (Cape Town to Simon's Town),Weekday,0111,21,FALSE BAY,06:47,2026-02-02
Southern Line,Outbound (Cape Town to Simon's Town),Weekday,0113,21,FALSE BAY,07:02,2026-02-02
Southern Line,Outbound (Cape Town to Simon's Town),Weekday,0115,21,FALSE BAY,07:32,2026-02-02
Southern Line,Outbound (Cape Town to Simon's Town),Weekday,0117,21,FALSE BAY,07:47,2026-02-02
Southern Line,Outbound (Cape Town to Simon's Town),Weekday,0119,21,FALSE BAY,..,2026-02-02
Southern Line,Outbound (Cape Town to Simon's Town),Weekday,0121,21,FALSE BAY,08:17,2026-02-02
Southern Line,Outbound (Cape Town to Simon's Town),Weekday,0123,21,FALSE BAY,08:32,2026-02-02
Southern Line,Outbound (Cape Town to Simon's Town),Weekday,0125,21,FALSE BAY,08:52,2026-02-02
Southern Line,Outbound (Cape Town to Simon's Town),Weekday,0127,21,FALSE BAY,..,2026-02-02
Southern Line,Outbound (Cape Town to Simon's Town),Weekday,0129,21,FALSE BAY,09:47,2026-02-02
Southern Line,Outbound (Cape Town to Simon's Town),Weekday,0131,21,FALSE BAY,10:07,2026-02-02
Southern Line,Outbound (Cape Town to Simon's Town),Weekday,0133,21,FALSE BAY,10:47,2026-02-02
Southern Line,Outbound (Cape Town to Simon's Town),Weekday,0135,21,FALSE BAY,11:07,2026-02-02
Southern Line,Outbound (Cape Town to Simon's Town),Weekday,0137,21,FALSE BAY,11:47,2026-02-02
Southern Line,Outbound (Cape Town to Simon's Town),Weekday,0139,21,FALSE BAY,12:07,2026-02-02
Southern Line,Outbound (Cape Town to Simon's Town),Weekday,0141,21,FALSE BAY,12:47,2026-02-02
Southern Line,Outbound (Cape Town to Simon's Town),Weekday,0101,22,MUIZENBERG,05:35,2026-02-02
Southern Line,Outbound (Cape Town to Simon's Town),Weekday,0103,22,MUIZENBERG,05:49,2026-02-02
Southern Line,Outbound (Cape Town to Simon's Town),Weekday,0105,22,MUIZENBERG,..,2026-02-02
Southern Line,Outbound (Cape Town to Simon's Town),Weekday,0107,22,MUIZENBERG,06:19,2026-02-02
Southern Line,Outbound (Cape Town to Simon's Town),Weekday,0109,22,MUIZENBERG,06:34,2026-02-02
Southern Line,Outbound (Cape Town to Simon's Town),Weekday,0111,22,MUIZENBERG,06:49,2026-02-02
Southern Line,Outbound (Cape Town to Simon's Town),Weekday,0113,22,MUIZENBERG,07:04,2026-02-02
Southern Line,Outbound (Cape Town to Simon's Town),Weekday,0115,22,MUIZENBERG,07:34,2026-02-02
Southern Line,Outbound (Cape Town to Simon's Town),Weekday,0117,22,MUIZENBERG,07:49,2026-02-02
Southern Line,Outbound (Cape Town to Simon's Town),Weekday,0119,22,MUIZENBERG,..,2026-02-02
Southern Line,Outbound (Cape Town to Simon's Town),Weekday,0121,22,MUIZENBERG,08:19,2026-02-02
Southern Line,Outbound (Cape Town to Simon's Town),Weekday,0123,22,MUIZENBERG,08:34,2026-02-02
Southern Line,Outbound (Cape Town to Simon's Town),Weekday,0125,22,MUIZENBERG,08:54,2026-02-02
Southern Line,Outbound (Cape Town to Simon's Town),Weekday,0127,22,MUIZENBERG,..,2026-02-02
Southern Line,Outbound (Cape Town to Simon's Town),Weekday,0129,22,MUIZENBERG,09:49,2026-02-02
Southern Line,Outbound (Cape Town to Simon's Town),Weekday,0131,22,MUIZENBERG,10:09,2026-02-02
Southern Line,Outbound (Cape Town to Simon's Town),Weekday,0133,22,MUIZENBERG,10:49,2026-02-02
Southern Line,Outbound (Cape Town to Simon's Town),Weekday,0135,22,MUIZENBERG,11:09,2026-02-02
Southern Line,Outbound (Cape Town to Simon's Town),Weekday,0137,22,MUIZENBERG,11:49,2026-02-02
Southern Line,Outbound (Cape Town to Simon's Town),Weekday,0139,22,MUIZENBERG,12:09,2026-02-02
Southern Line,Outbound (Cape Town to Simon's Town),Weekday,0141,22,MUIZENBERG,12:49,2026-02-02
Southern Line,Outbound (Cape Town to Simon's Town),Weekday,0101,23,ST JAMES,05:38,2026-02-02
Southern Line,Outbound (Cape Town to Simon's Town),Weekday,0103,23,ST JAMES,05:52,2026-02-02
Southern Line,Outbound (Cape Town to Simon's Town),Weekday,0105,23,ST JAMES,..,2026-02-02
Southern Line,Outbound (Cape Town to Simon's Town),Weekday,0107,23,ST JAMES,06:22,2026-02-02
Southern Line,Outbound (Cape Town to Simon's Town),Weekday,0109,23,ST JAMES,06:37,2026-02-02
Southern Line,Outbound (Cape Town to Simon's Town),Weekday,0111,23,ST JAMES,06:52,2026-02-02
Southern Line,Outbound (Cape Town to Simon's Town),Weekday,0113,23,ST JAMES,07:07,2026-02-02
Southern Line,Outbound (Cape Town to Simon's Town),Weekday,0115,23,ST JAMES,07:37,2026-02-02
Southern Line,Outbound (Cape Town to Simon's Town),Weekday,0117,23,ST JAMES,07:52,2026-02-02
Southern Line,Outbound (Cape Town to Simon's Town),Weekday,0119,23,ST JAMES,..,2026-02-02
Southern Line,Outbound (Cape Town to Simon's Town),Weekday,0121,23,ST JAMES,08:22,2026-02-02
Southern Line,Outbound (Cape Town to Simon's Town),Weekday,0123,23,ST JAMES,08:37,2026-02-02
Southern Line,Outbound (Cape Town to Simon's Town),Weekday,0125,23,ST JAMES,08:57,2026-02-02
Southern Line,Outbound (Cape Town to Simon's Town),Weekday,0127,23,ST JAMES,..,2026-02-02
Southern Line,Outbound (Cape Town to Simon's Town),Weekday,0129,23,ST JAMES,09:52,2026-02-02
Southern Line,Outbound (Cape Town to Simon's Town),Weekday,0131,23,ST JAMES,10:12,2026-02-02
Southern Line,Outbound (Cape Town to Simon's Town),Weekday,0133,23,ST JAMES,10:52,2026-02-02
Southern Line,Outbound (Cape Town to Simon's Town),Weekday,0135,23,ST JAMES,11:12,2026-02-02
Southern Line,Outbound (Cape Town to Simon's Town),Weekday,0137,23,ST JAMES,11:52,2026-02-02
Southern Line,Outbound (Cape Town to Simon's Town),Weekday,0139,23,ST JAMES,12:12,2026-02-02
Southern Line,Outbound (Cape Town to Simon's Town),Weekday,0141,23,ST JAMES,12:52,2026-02-02
Southern Line,Outbound (Cape Town to Simon's Town),Weekday,0101,24,KALK BAY,05:40,2026-02-02
Southern Line,Outbound (Cape Town to Simon's Town),Weekday,0103,24,KALK BAY,05:54,2026-02-02
Southern Line,Outbound (Cape Town to Simon's Town),Weekday,0105,24,KALK BAY,..,2026-02-02
Southern Line,Outbound (Cape Town to Simon's Town),Weekday,0107,24,KALK BAY,06:24,2026-02-02
Southern Line,Outbound (Cape Town to Simon's Town),Weekday,0109,24,KALK BAY,06:39,2026-02-02
Southern Line,Outbound (Cape Town to Simon's Town),Weekday,0111,24,KALK BAY,06:54,2026-02-02
Southern Line,Outbound (Cape Town to Simon's Town),Weekday,0113,24,KALK BAY,07:09,2026-02-02
Southern Line,Outbound (Cape Town to Simon's Town),Weekday,0115,24,KALK BAY,07:39,2026-02-02
Southern Line,Outbound (Cape Town to Simon's Town),Weekday,0117,24,KALK BAY,07:54,2026-02-02
Southern Line,Outbound (Cape Town to Simon's Town),Weekday,0119,24,KALK BAY,..,2026-02-02
Southern Line,Outbound (Cape Town to Simon's Town),Weekday,0121,24,KALK BAY,08:24,2026-02-02
Southern Line,Outbound (Cape Town to Simon's Town),Weekday,0123,24,KALK BAY,08:39,2026-02-02
Southern Line,Outbound (Cape Town to Simon's Town),Weekday,0125,24,KALK BAY,08:59,2026-02-02
Southern Line,Outbound (Cape Town to Simon's Town),Weekday,0127,24,KALK BAY,..,2026-02-02
Southern Line,Outbound (Cape Town to Simon's Town),Weekday,0129,24,KALK BAY,09:54,2026-02-02
Southern Line,Outbound (Cape Town to Simon's Town),Weekday,0131,24,KALK BAY,10:14,2026-02-02
Southern Line,Outbound (Cape Town to Simon's Town),Weekday,0133,24,KALK BAY,10:54,2026-02-02
Southern Line,Outbound (Cape Town to Simon's Town),Weekday,0135,24,KALK BAY,11:14,2026-02-02
Southern Line,Outbound (Cape Town to Simon's Town),Weekday,0137,24,KALK BAY,11:54,2026-02-02
Southern Line,Outbound (Cape Town to Simon's Town),Weekday,0139,24,KALK BAY,12:14,2026-02-02
Southern Line,Outbound (Cape Town to Simon's Town),Weekday,0141,24,KALK BAY,12:54,2026-02-02
Southern Line,Outbound (Cape Town to Simon's Town),Weekday,0101,25,FISH HOEK (ARR),05:44,2026-02-02
Southern Line,Outbound (Cape Town to Simon's Town),Weekday,0103,25,FISH HOEK (ARR),06:03,2026-02-02
Southern Line,Outbound (Cape Town to Simon's Town),Weekday,0105,25,FISH HOEK (ARR),..,2026-02-02
Southern Line,Outbound (Cape Town to Simon's Town),Weekday,0107,25,FISH HOEK (ARR),06:33,2026-02-02
Southern Line,Outbound (Cape Town to Simon's Town),Weekday,0109,25,FISH HOEK (ARR),06:48,2026-02-02
Southern Line,Outbound (Cape Town to Simon's Town),Weekday,0111,25,FISH HOEK (ARR),07:03,2026-02-02
Southern Line,Outbound (Cape Town to Simon's Town),Weekday,0113,25,FISH HOEK (ARR),07:18,2026-02-02
Southern Line,Outbound (Cape Town to Simon's Town),Weekday,0115,25,FISH HOEK (ARR),07:48,2026-02-02
Southern Line,Outbound (Cape Town to Simon's Town),Weekday,0117,25,FISH HOEK (ARR),08:03,2026-02-02
Southern Line,Outbound (Cape Town to Simon's Town),Weekday,0119,25,FISH HOEK (ARR),..,2026-02-02
Southern Line,Outbound (Cape Town to Simon's Town),Weekday,0121,25,FISH HOEK (ARR),08:33,2026-02-02
Southern Line,Outbound (Cape Town to Simon's Town),Weekday,0123,25,FISH HOEK (ARR),08:48,2026-02-02
Southern Line,Outbound (Cape Town to Simon's Town),Weekday,0125,25,FISH HOEK (ARR),09:08,2026-02-02
Southern Line,Outbound (Cape Town to Simon's Town),Weekday,0127,25,FISH HOEK (ARR),..,2026-02-02
Southern Line,Outbound (Cape Town to Simon's Town),Weekday,0129,25,FISH HOEK (ARR),10:03,2026-02-02
Southern Line,Outbound (Cape Town to Simon's Town),Weekday,0131,25,FISH HOEK (ARR),10:23,2026-02-02
Southern Line,Outbound (Cape Town to Simon's Town),Weekday,0133,25,FISH HOEK (ARR),11:03,2026-02-02
Southern Line,Outbound (Cape Town to Simon's Town),Weekday,0135,25,FISH HOEK (ARR),11:23,2026-02-02
Southern Line,Outbound (Cape Town to Simon's Town),Weekday,0137,25,FISH HOEK (ARR),12:03,2026-02-02
Southern Line,Outbound (Cape Town to Simon's Town),Weekday,0139,25,FISH HOEK (ARR),12:23,2026-02-02
Southern Line,Outbound (Cape Town to Simon's Town),Weekday,0141,25,FISH HOEK (ARR),13:03,2026-02-02
Southern Line,Outbound (Cape Town to Simon's Town),Weekday,0101,26,FISH HOEK (DEP),05:44,2026-02-02
Southern Line,Outbound (Cape Town to Simon's Town),Weekday,0103,26,FISH HOEK (DEP),..,2026-02-02
Southern Line,Outbound (Cape Town to Simon's Town),Weekday,0105,26,FISH HOEK (DEP),..,2026-02-02
Southern Line,Outbound (Cape Town to Simon's Town),Weekday,0107,26,FISH HOEK (DEP),..,2026-02-02
Southern Line,Outbound (Cape Town to Simon's Town),Weekday,0109,26,FISH HOEK (DEP),06:48,2026-02-02
Southern Line,Outbound (Cape Town to Simon's Town),Weekday,0111,26,FISH HOEK (DEP),..,2026-02-02
Southern Line,Outbound (Cape Town to Simon's Town),Weekday,0113,26,FISH HOEK (DEP),..,2026-02-02
Southern Line,Outbound (Cape Town to Simon's Town),Weekday,0115,26,FISH HOEK (DEP),07:48,2026-02-02
Southern Line,Outbound (Cape Town to Simon's Town),Weekday,0117,26,FISH HOEK (DEP),..,2026-02-02
Southern Line,Outbound (Cape Town to Simon's Town),Weekday,0119,26,FISH HOEK (DEP),..,2026-02-02
Southern Line,Outbound (Cape Town to Simon's Town),Weekday,0121,26,FISH HOEK (DEP),..,2026-02-02
Southern Line,Outbound (Cape Town to Simon's Town),Weekday,0123,26,FISH HOEK (DEP),08:48,2026-02-02
Southern Line,Outbound (Cape Town to Simon's Town),Weekday,0125,26,FISH HOEK (DEP),..,2026-02-02
Southern Line,Outbound (Cape Town to Simon's Town),Weekday,0127,26,FISH HOEK (DEP),..,2026-02-02
Southern Line,Outbound (Cape Town to Simon's Town),Weekday,0129,26,FISH HOEK (DEP),10:03,2026-02-02
Southern Line,Outbound (Cape Town to Simon's Town),Weekday,0131,26,FISH HOEK (DEP),..,2026-02-02
Southern Line,Outbound (Cape Town to Simon's Town),Weekday,0133,26,FISH HOEK (DEP),11:03,2026-02-02
Southern Line,Outbound (Cape Town to Simon's Town),Weekday,0135,26,FISH HOEK (DEP),..,2026-02-02
Southern Line,Outbound (Cape Town to Simon's Town),Weekday,0137,26,FISH HOEK (DEP),12:03,2026-02-02
Southern Line,Outbound (Cape Town to Simon's Town),Weekday,0139,26,FISH HOEK (DEP),..,2026-02-02
Southern Line,Outbound (Cape Town to Simon's Town),Weekday,0141,26,FISH HOEK (DEP),13:03,2026-02-02
Southern Line,Outbound (Cape Town to Simon's Town),Weekday,0101,27,SUNNY COVE,05:49,2026-02-02
Southern Line,Outbound (Cape Town to Simon's Town),Weekday,0103,27,SUNNY COVE,..,2026-02-02
Southern Line,Outbound (Cape Town to Simon's Town),Weekday,0105,27,SUNNY COVE,..,2026-02-02
Southern Line,Outbound (Cape Town to Simon's Town),Weekday,0107,27,SUNNY COVE,..,2026-02-02
Southern Line,Outbound (Cape Town to Simon's Town),Weekday,0109,27,SUNNY COVE,06:53,2026-02-02
Southern Line,Outbound (Cape Town to Simon's Town),Weekday,0111,27,SUNNY COVE,..,2026-02-02
Southern Line,Outbound (Cape Town to Simon's Town),Weekday,0113,27,SUNNY COVE,..,2026-02-02
Southern Line,Outbound (Cape Town to Simon's Town),Weekday,0115,27,SUNNY COVE,07:53,2026-02-02
Southern Line,Outbound (Cape Town to Simon's Town),Weekday,0117,27,SUNNY COVE,..,2026-02-02
Southern Line,Outbound (Cape Town to Simon's Town),Weekday,0119,27,SUNNY COVE,..,2026-02-02
Southern Line,Outbound (Cape Town to Simon's Town),Weekday,0121,27,SUNNY COVE,..,2026-02-02
Southern Line,Outbound (Cape Town to Simon's Town),Weekday,0123,27,SUNNY COVE,08:53,2026-02-02
Southern Line,Outbound (Cape Town to Simon's Town),Weekday,0125,27,SUNNY COVE,..,2026-02-02
Southern Line,Outbound (Cape Town to Simon's Town),Weekday,0127,27,SUNNY COVE,..,2026-02-02
Southern Line,Outbound (Cape Town to Simon's Town),Weekday,0129,27,SUNNY COVE,10:08,2026-02-02
Southern Line,Outbound (Cape Town to Simon's Town),Weekday,0131,27,SUNNY COVE,..,2026-02-02
Southern Line,Outbound (Cape Town to Simon's Town),Weekday,0133,27,SUNNY COVE,11:08,2026-02-02
Southern Line,Outbound (Cape Town to Simon's Town),Weekday,0135,27,SUNNY COVE,..,2026-02-02
Southern Line,Outbound (Cape Town to Simon's Town),Weekday,0137,27,SUNNY COVE,12:08,2026-02-02
Southern Line,Outbound (Cape Town to Simon's Town),Weekday,0139,27,SUNNY COVE,..,2026-02-02
Southern Line,Outbound (Cape Town to Simon's Town),Weekday,0141,27,SUNNY COVE,13:08,2026-02-02
Southern Line,Outbound (Cape Town to Simon's Town),Weekday,0101,28,GLENCAIRN,05:58,2026-02-02
Southern Line,Outbound (Cape Town to Simon's Town),Weekday,0103,28,GLENCAIRN,..,2026-02-02
Southern Line,Outbound (Cape Town to Simon's Town),Weekday,0105,28,GLENCAIRN,..,2026-02-02
Southern Line,Outbound (Cape Town to Simon's Town),Weekday,0107,28,GLENCAIRN,..,2026-02-02
Southern Line,Outbound (Cape Town to Simon's Town),Weekday,0109,28,GLENCAIRN,07:02,2026-02-02
Southern Line,Outbound (Cape Town to Simon's Town),Weekday,0111,28,GLENCAIRN,..,2026-02-02
Southern Line,Outbound (Cape Town to Simon's Town),Weekday,0113,28,GLENCAIRN,..,2026-02-02
Southern Line,Outbound (Cape Town to Simon's Town),Weekday,0115,28,GLENCAIRN,08:02,2026-02-02
Southern Line,Outbound (Cape Town to Simon's Town),Weekday,0117,28,GLENCAIRN,..,2026-02-02
Southern Line,Outbound (Cape Town to Simon's Town),Weekday,0119,28,GLENCAIRN,..,2026-02-02
Southern Line,Outbound (Cape Town to Simon's Town),Weekday,0121,28,GLENCAIRN,..,2026-02-02
Southern Line,Outbound (Cape Town to Simon's Town),Weekday,0123,28,GLENCAIRN,09:02,2026-02-02
Southern Line,Outbound (Cape Town to Simon's Town),Weekday,0125,28,GLENCAIRN,..,2026-02-02
Southern Line,Outbound (Cape Town to Simon's Town),Weekday,0127,28,GLENCAIRN,..,2026-02-02
Southern Line,Outbound (Cape Town to Simon's Town),Weekday,0129,28,GLENCAIRN,10:17,2026-02-02
Southern Line,Outbound (Cape Town to Simon's Town),Weekday,0131,28,GLENCAIRN,..,2026-02-02
Southern Line,Outbound (Cape Town to Simon's Town),Weekday,0133,28,GLENCAIRN,11:17,2026-02-02
Southern Line,Outbound (Cape Town to Simon's Town),Weekday,0135,28,GLENCAIRN,..,2026-02-02
Southern Line,Outbound (Cape Town to Simon's Town),Weekday,0137,28,GLENCAIRN,12:17,2026-02-02
Southern Line,Outbound (Cape Town to Simon's Town),Weekday,0139,28,GLENCAIRN,..,2026-02-02
Southern Line,Outbound (Cape Town to Simon's Town),Weekday,0141,28,GLENCAIRN,13:17,2026-02-02
Southern Line,Outbound (Cape Town to Simon's Town),Weekday,0101,29,SIMONSTOWN,06:09,2026-02-02
Southern Line,Outbound (Cape Town to Simon's Town),Weekday,0103,29,SIMONSTOWN,..,2026-02-02
Southern Line,Outbound (Cape Town to Simon's Town),Weekday,0105,29,SIMONSTOWN,..,2026-02-02
Southern Line,Outbound (Cape Town to Simon's Town),Weekday,0107,29,SIMONSTOWN,..,2026-02-02
Southern Line,Outbound (Cape Town to Simon's Town),Weekday,0109,29,SIMONSTOWN,07:13,2026-02-02
Southern Line,Outbound (Cape Town to Simon's Town),Weekday,0111,29,SIMONSTOWN,..,2026-02-02
Southern Line,Outbound (Cape Town to Simon's Town),Weekday,0113,29,SIMONSTOWN,..,2026-02-02
Southern Line,Outbound (Cape Town to Simon's Town),Weekday,0115,29,SIMONSTOWN,08:13,2026-02-02
Southern Line,Outbound (Cape Town to Simon's Town),Weekday,0117,29,SIMONSTOWN,..,2026-02-02
Southern Line,Outbound (Cape Town to Simon's Town),Weekday,0119,29,SIMONSTOWN,..,2026-02-02
Southern Line,Outbound (Cape Town to Simon's Town),Weekday,0121,29,SIMONSTOWN,..,2026-02-02
Southern Line,Outbound (Cape Town to Simon's Town),Weekday,0123,29,SIMONSTOWN,09:13,2026-02-02
Southern Line,Outbound (Cape Town to Simon's Town),Weekday,0125,29,SIMONSTOWN,..,2026-02-02
Southern Line,Outbound (Cape Town to Simon's Town),Weekday,0127,29,SIMONSTOWN,..,2026-02-02
Southern Line,Outbound (Cape Town to Simon's Town),Weekday,0129,29,SIMONSTOWN,10:28,2026-02-02
Southern Line,Outbound (Cape Town to Simon's Town),Weekday,0131,29,SIMONSTOWN,..,2026-02-02
Southern Line,Outbound (Cape Town to Simon's Town),Weekday,0133,29,SIMONSTOWN,11:28,2026-02-02
Southern Line,Outbound (Cape Town to Simon's Town),Weekday,0135,29,SIMONSTOWN,..,2026-02-02
Southern Line,Outbound (Cape Town to Simon's Town),Weekday,0137,29,SIMONSTOWN,12:28,2026-02-02
Southern Line,Outbound (Cape Town to Simon's Town),Weekday,0139,29,SIMONSTOWN,..,2026-02-02
Southern Line,Outbound (Cape Town to Simon's Town),Weekday,0141,29,SIMONSTOWN,13:28,2026-02-02
Southern Line,Inbound (Simon's Town to Cape Town),Weekend,0100,0,FISH HOEK,04:45,2025-10
Southern Line,Inbound (Simon's Town to Cape Town),Weekend,0200,0,FISH HOEK,05:45,2025-10
Southern Line,Inbound (Simon's Town to Cape Town),Weekend,0102,0,FISH HOEK,05:55,2025-10
Southern Line,Inbound (Simon's Town to Cape Town),Weekend,0104,0,FISH HOEK,06:45,2025-10
Southern Line,Inbound (Simon's Town to Cape Town),Weekend,0202,0,FISH HOEK,07:05,2025-10
Southern Line,Inbound (Simon's Town to Cape Town),Weekend,0106,0,FISH HOEK,07:15,2025-10
Southern Line,Inbound (Simon's Town to Cape Town),Weekend,0108,0,FISH HOEK,07:55,2025-10
Southern Line,Inbound (Simon's Town to Cape Town),Weekend,0204,0,FISH HOEK,08:05,2025-10
Southern Line,Inbound (Simon's Town to Cape Town),Weekend,0110,0,FISH HOEK,08:35,2025-10
Southern Line,Inbound (Simon's Town to Cape Town),Weekend,0206,0,FISH HOEK,09:05,2025-10
Southern Line,Inbound (Simon's Town to Cape Town),Weekend,0112,0,FISH HOEK,09:15,2025-10
Southern Line,Inbound (Simon's Town to Cape Town),Weekend,0208,0,FISH HOEK,10:05,2025-10
Southern Line,Inbound (Simon's Town to Cape Town),Weekend,0114,0,FISH HOEK,10:15,2025-10
Southern Line,Inbound (Simon's Town to Cape Town),Weekend,0210,0,FISH HOEK,11:05,2025-10
Southern Line,Inbound (Simon's Town to Cape Town),Weekend,0116,0,FISH HOEK,11:15,2025-10
Southern Line,Inbound (Simon's Town to Cape Town),Weekend,0212,0,FISH HOEK,12:05,2025-10
Southern Line,Inbound (Simon's Town to Cape Town),Weekend,0118,0,FISH HOEK,12:15,2025-10
Southern Line,Inbound (Simon's Town to Cape Town),Weekend,0214,0,FISH HOEK,13:05,2025-10
Southern Line,Inbound (Simon's Town to Cape Town),Weekend,0120,0,FISH HOEK,13:30,2025-10
Southern Line,Inbound (Simon's Town to Cape Town),Weekend,0122,0,FISH HOEK,14:05,2025-10
Southern Line,Inbound (Simon's Town to Cape Town),Weekend,0124,0,FISH HOEK,14:45,2025-10
Southern Line,Inbound (Simon's Town to Cape Town),Weekend,0126,0,FISH HOEK,16:03,2025-10
Southern Line,Inbound (Simon's Town to Cape Town),Weekend,0128,0,FISH HOEK,17:10,2025-10
Southern Line,Inbound (Simon's Town to Cape Town),Weekend,0130,0,FISH HOEK,17:40,2025-10
Southern Line,Inbound (Simon's Town to Cape Town),Weekend,0100,1,KALKBAAI,04:48,2025-10
Southern Line,Inbound (Simon's Town to Cape Town),Weekend,0200,1,KALKBAAI,..,2025-10
Southern Line,Inbound (Simon's Town to Cape Town),Weekend,0102,1,KALKBAAI,05:58,2025-10
Southern Line,Inbound (Simon's Town to Cape Town),Weekend,0104,1,KALKBAAI,06:48,2025-10
Southern Line,Inbound (Simon's Town to Cape Town),Weekend,0202,1,KALKBAAI,..,2025-10
Southern Line,Inbound (Simon's Town to Cape Town),Weekend,0106,1,KALKBAAI,07:18,2025-10
Southern Line,Inbound (Simon's Town to Cape Town),Weekend,0108,1,KALKBAAI,07:58,2025-10
Southern Line,Inbound (Simon's Town to Cape Town),Weekend,0204,1,KALKBAAI,..,2025-10
Southern Line,Inbound (Simon's Town to Cape Town),Weekend,0110,1,KALKBAAI,08:38,2025-10
Southern Line,Inbound (Simon's Town to Cape Town),Weekend,0206,1,KALKBAAI,..,2025-10
Southern Line,Inbound (Simon's Town to Cape Town),Weekend,0112,1,KALKBAAI,09:18,2025-10
Southern Line,Inbound (Simon's Town to Cape Town),Weekend,0208,1,KALKBAAI,..,2025-10
Southern Line,Inbound (Simon's Town to Cape Town),Weekend,0114,1,KALKBAAI,10:18,2025-10
Southern Line,Inbound (Simon's Town to Cape Town),Weekend,0210,1,KALKBAAI,..,2025-10
Southern Line,Inbound (Simon's Town to Cape Town),Weekend,0116,1,KALKBAAI,11:18,2025-10
Southern Line,Inbound (Simon's Town to Cape Town),Weekend,0212,1,KALKBAAI,..,2025-10
Southern Line,Inbound (Simon's Town to Cape Town),Weekend,0118,1,KALKBAAI,12:18,2025-10
Southern Line,Inbound (Simon's Town to Cape Town),Weekend,0214,1,KALKBAAI,..,2025-10
Southern Line,Inbound (Simon's Town to Cape Town),Weekend,0120,1,KALKBAAI,13:35,2025-10
Southern Line,Inbound (Simon's Town to Cape Town),Weekend,0122,1,KALKBAAI,14:11,2025-10
Southern Line,Inbound (Simon's Town to Cape Town),Weekend,0124,1,KALKBAAI,14:50,2025-10
Southern Line,Inbound (Simon's Town to Cape Town),Weekend,0126,1,KALKBAAI,16:09,2025-10
Southern Line,Inbound (Simon's Town to Cape Town),Weekend,0128,1,KALKBAAI,17:16,2025-10
Southern Line,Inbound (Simon's Town to Cape Town),Weekend,0130,1,KALKBAAI,17:45,2025-10
Southern Line,Inbound (Simon's Town to Cape Town),Weekend,0100,2,ST JAMES,04:50,2025-10
Southern Line,Inbound (Simon's Town to Cape Town),Weekend,0200,2,ST JAMES,..,2025-10
Southern Line,Inbound (Simon's Town to Cape Town),Weekend,0102,2,ST JAMES,06:00,2025-10
Southern Line,Inbound (Simon's Town to Cape Town),Weekend,0104,2,ST JAMES,06:50,2025-10
Southern Line,Inbound (Simon's Town to Cape Town),Weekend,0202,2,ST JAMES,..,2025-10
Southern Line,Inbound (Simon's Town to Cape Town),Weekend,0106,2,ST JAMES,07:20,2025-10
Southern Line,Inbound (Simon's Town to Cape Town),Weekend,0108,2,ST JAMES,08:00,2025-10
Southern Line,Inbound (Simon's Town to Cape Town),Weekend,0204,2,ST JAMES,..,2025-10
Southern Line,Inbound (Simon's Town to Cape Town),Weekend,0110,2,ST JAMES,08:40,2025-10
Southern Line,Inbound (Simon's Town to Cape Town),Weekend,0206,2,ST JAMES,..,2025-10
Southern Line,Inbound (Simon's Town to Cape Town),Weekend,0112,2,ST JAMES,09:20,2025-10
Southern Line,Inbound (Simon's Town to Cape Town),Weekend,0208,2,ST JAMES,..,2025-10
Southern Line,Inbound (Simon's Town to Cape Town),Weekend,0114,2,ST JAMES,10:20,2025-10
Southern Line,Inbound (Simon's Town to Cape Town),Weekend,0210,2,ST JAMES,..,2025-10
Southern Line,Inbound (Simon's Town to Cape Town),Weekend,0116,2,ST JAMES,11:20,2025-10
Southern Line,Inbound (Simon's Town to Cape Town),Weekend,0212,2,ST JAMES,..,2025-10
Southern Line,Inbound (Simon's Town to Cape Town),Weekend,0118,2,ST JAMES,12:20,2025-10
Southern Line,Inbound (Simon's Town to Cape Town),Weekend,0214,2,ST JAMES,..,2025-10
Southern Line,Inbound (Simon's Town to Cape Town),Weekend,0120,2,ST JAMES,13:38,2025-10
Southern Line,Inbound (Simon's Town to Cape Town),Weekend,0122,2,ST JAMES,14:14,2025-10
Southern Line,Inbound (Simon's Town to Cape Town),Weekend,0124,2,ST JAMES,14:53,2025-10
Southern Line,Inbound (Simon's Town to Cape Town),Weekend,0126,2,ST JAMES,16:12,2025-10
Southern Line,Inbound (Simon's Town to Cape Town),Weekend,0128,2,ST JAMES,17:19,2025-10
Southern Line,Inbound (Simon's Town to Cape Town),Weekend,0130,2,ST JAMES,17:48,2025-10
Southern Line,Inbound (Simon's Town to Cape Town),Weekend,0100,3,MUIZENBERG,04:53,2025-10
Southern Line,Inbound (Simon's Town to Cape Town),Weekend,0200,3,MUIZENBERG,..,2025-10
Southern Line,Inbound (Simon's Town to Cape Town),Weekend,0102,3,MUIZENBERG,06:03,2025-10
Southern Line,Inbound (Simon's Town to Cape Town),Weekend,0104,3,MUIZENBERG,06:53,2025-10
Southern Line,Inbound (Simon's Town to Cape Town),Weekend,0202,3,MUIZENBERG,..,2025-10
Southern Line,Inbound (Simon's Town to Cape Town),Weekend,0106,3,MUIZENBERG,07:23,2025-10
Southern Line,Inbound (Simon's Town to Cape Town),Weekend,0108,3,MUIZENBERG,08:03,2025-10
Southern Line,Inbound (Simon's Town to Cape Town),Weekend,0204,3,MUIZENBERG,..,2025-10
Southern Line,Inbound (Simon's Town to Cape Town),Weekend,0110,3,MUIZENBERG,08:43,2025-10
Southern Line,Inbound (Simon's Town to Cape Town),Weekend,0206,3,MUIZENBERG,..,2025-10
Southern Line,Inbound (Simon's Town to Cape Town),Weekend,0112,3,MUIZENBERG,09:23,2025-10
Southern Line,Inbound (Simon's Town to Cape Town),Weekend,0208,3,MUIZENBERG,..,2025-10
Southern Line,Inbound (Simon's Town to Cape Town),Weekend,0114,3,MUIZENBERG,10:23,2025-10
Southern Line,Inbound (Simon's Town to Cape Town),Weekend,0210,3,MUIZENBERG,..,2025-10
Southern Line,Inbound (Simon's Town to Cape Town),Weekend,0116,3,MUIZENBERG,11:23,2025-10
Southern Line,Inbound (Simon's Town to Cape Town),Weekend,0212,3,MUIZENBERG,..,2025-10
Southern Line,Inbound (Simon's Town to Cape Town),Weekend,0118,3,MUIZENBERG,12:23,2025-10
Southern Line,Inbound (Simon's Town to Cape Town),Weekend,0214,3,MUIZENBERG,..,2025-10
Southern Line,Inbound (Simon's Town to Cape Town),Weekend,0120,3,MUIZENBERG,13:40,2025-10
Southern Line,Inbound (Simon's Town to Cape Town),Weekend,0122,3,MUIZENBERG,14:16,2025-10
Southern Line,Inbound (Simon's Town to Cape Town),Weekend,0124,3,MUIZENBERG,14:55,2025-10
Southern Line,Inbound (Simon's Town to Cape Town),Weekend,0126,3,MUIZENBERG,16:14,2025-10
Southern Line,Inbound (Simon's Town to Cape Town),Weekend,0128,3,MUIZENBERG,17:21,2025-10
Southern Line,Inbound (Simon's Town to Cape Town),Weekend,0130,3,MUIZENBERG,17:50,2025-10
Southern Line,Inbound (Simon's Town to Cape Town),Weekend,0100,4,FALSE BAY,04:55,2025-10
Southern Line,Inbound (Simon's Town to Cape Town),Weekend,0200,4,FALSE BAY,..,2025-10
Southern Line,Inbound (Simon's Town to Cape Town),Weekend,0102,4,FALSE BAY,06:05,2025-10
Southern Line,Inbound (Simon's Town to Cape Town),Weekend,0104,4,FALSE BAY,06:55,2025-10
Southern Line,Inbound (Simon's Town to Cape Town),Weekend,0202,4,FALSE BAY,..,2025-10
Southern Line,Inbound (Simon's Town to Cape Town),Weekend,0106,4,FALSE BAY,07:25,2025-10
Southern Line,Inbound (Simon's Town to Cape Town),Weekend,0108,4,FALSE BAY,08:05,2025-10
Southern Line,Inbound (Simon's Town to Cape Town),Weekend,0204,4,FALSE BAY,..,2025-10
Southern Line,Inbound (Simon's Town to Cape Town),Weekend,0110,4,FALSE BAY,08:45,2025-10
Southern Line,Inbound (Simon's Town to Cape Town),Weekend,0206,4,FALSE BAY,..,2025-10
Southern Line,Inbound (Simon's Town to Cape Town),Weekend,0112,4,FALSE BAY,09:25,2025-10
Southern Line,Inbound (Simon's Town to Cape Town),Weekend,0208,4,FALSE BAY,..,2025-10
Southern Line,Inbound (Simon's Town to Cape Town),Weekend,0114,4,FALSE BAY,10:25,2025-10
Southern Line,Inbound (Simon's Town to Cape Town),Weekend,0210,4,FALSE BAY,..,2025-10
Southern Line,Inbound (Simon's Town to Cape Town),Weekend,0116,4,FALSE BAY,11:25,2025-10
Southern Line,Inbound (Simon's Town to Cape Town),Weekend,0212,4,FALSE BAY,..,2025-10
Southern Line,Inbound (Simon's Town to Cape Town),Weekend,0118,4,FALSE BAY,12:25,2025-10
Southern Line,Inbound (Simon's Town to Cape Town),Weekend,0214,4,FALSE BAY,..,2025-10
Southern Line,Inbound (Simon's Town to Cape Town),Weekend,0120,4,FALSE BAY,13:42,2025-10
Southern Line,Inbound (Simon's Town to Cape Town),Weekend,0122,4,FALSE BAY,14:18,2025-10
Southern Line,Inbound (Simon's Town to Cape Town),Weekend,0124,4,FALSE BAY,14:57,2025-10
Southern Line,Inbound (Simon's Town to Cape Town),Weekend,0126,4,FALSE BAY,16:16,2025-10
Southern Line,Inbound (Simon's Town to Cape Town),Weekend,0128,4,FALSE BAY,17:23,2025-10
Southern Line,Inbound (Simon's Town to Cape Town),Weekend,0130,4,FALSE BAY,17:52,2025-10
Southern Line,Inbound (Simon's Town to Cape Town),Weekend,0100,5,LAKESIDE,04:57,2025-10
Southern Line,Inbound (Simon's Town to Cape Town),Weekend,0200,5,LAKESIDE,..,2025-10
Southern Line,Inbound (Simon's Town to Cape Town),Weekend,0102,5,LAKESIDE,06:07,2025-10
Southern Line,Inbound (Simon's Town to Cape Town),Weekend,0104,5,LAKESIDE,06:57,2025-10
Southern Line,Inbound (Simon's Town to Cape Town),Weekend,0202,5,LAKESIDE,..,2025-10
Southern Line,Inbound (Simon's Town to Cape Town),Weekend,0106,5,LAKESIDE,07:27,2025-10
Southern Line,Inbound (Simon's Town to Cape Town),Weekend,0108,5,LAKESIDE,08:07,2025-10
Southern Line,Inbound (Simon's Town to Cape Town),Weekend,0204,5,LAKESIDE,..,2025-10
Southern Line,Inbound (Simon's Town to Cape Town),Weekend,0110,5,LAKESIDE,08:47,2025-10
Southern Line,Inbound (Simon's Town to Cape Town),Weekend,0206,5,LAKESIDE,..,2025-10
Southern Line,Inbound (Simon's Town to Cape Town),Weekend,0112,5,LAKESIDE,09:27,2025-10
Southern Line,Inbound (Simon's Town to Cape Town),Weekend,0208,5,LAKESIDE,..,2025-10
Southern Line,Inbound (Simon's Town to Cape Town),Weekend,0114,5,LAKESIDE,10:27,2025-10
Southern Line,Inbound (Simon's Town to Cape Town),Weekend,0210,5,LAKESIDE,..,2025-10
Southern Line,Inbound (Simon's Town to Cape Town),Weekend,0116,5,LAKESIDE,11:27,2025-10
Southern Line,Inbound (Simon's Town to Cape Town),Weekend,0212,5,LAKESIDE,..,2025-10
Southern Line,Inbound (Simon's Town to Cape Town),Weekend,0118,5,LAKESIDE,12:27,2025-10
Southern Line,Inbound (Simon's Town to Cape Town),Weekend,0214,5,LAKESIDE,..,2025-10
Southern Line,Inbound (Simon's Town to Cape Town),Weekend,0120,5,LAKESIDE,13:44,2025-10
Southern Line,Inbound (Simon's Town to Cape Town),Weekend,0122,5,LAKESIDE,14:20,2025-10
Southern Line,Inbound (Simon's Town to Cape Town),Weekend,0124,5,LAKESIDE,14:59,2025-10
Southern Line,Inbound (Simon's Town to Cape Town),Weekend,0126,5,LAKESIDE,16:18,2025-10
Southern Line,Inbound (Simon's Town to Cape Town),Weekend,0128,5,LAKESIDE,17:25,2025-10
Southern Line,Inbound (Simon's Town to Cape Town),Weekend,0130,5,LAKESIDE,17:54,2025-10
Southern Line,Inbound (Simon's Town to Cape Town),Weekend,0100,6,STEENBERG,04:59,2025-10
Southern Line,Inbound (Simon's Town to Cape Town),Weekend,0200,6,STEENBERG,..,2025-10
Southern Line,Inbound (Simon's Town to Cape Town),Weekend,0102,6,STEENBERG,06:09,2025-10
Southern Line,Inbound (Simon's Town to Cape Town),Weekend,0104,6,STEENBERG,06:59,2025-10
Southern Line,Inbound (Simon's Town to Cape Town),Weekend,0202,6,STEENBERG,..,2025-10
Southern Line,Inbound (Simon's Town to Cape Town),Weekend,0106,6,STEENBERG,07:29,2025-10
Southern Line,Inbound (Simon's Town to Cape Town),Weekend,0108,6,STEENBERG,08:09,2025-10
Southern Line,Inbound (Simon's Town to Cape Town),Weekend,0204,6,STEENBERG,..,2025-10
Southern Line,Inbound (Simon's Town to Cape Town),Weekend,0110,6,STEENBERG,08:49,2025-10
Southern Line,Inbound (Simon's Town to Cape Town),Weekend,0206,6,STEENBERG,..,2025-10
Southern Line,Inbound (Simon's Town to Cape Town),Weekend,0112,6,STEENBERG,09:29,2025-10
Southern Line,Inbound (Simon's Town to Cape Town),Weekend,0208,6,STEENBERG,..,2025-10
Southern Line,Inbound (Simon's Town to Cape Town),Weekend,0114,6,STEENBERG,10:29,2025-10
Southern Line,Inbound (Simon's Town to Cape Town),Weekend,0210,6,STEENBERG,..,2025-10
Southern Line,Inbound (Simon's Town to Cape Town),Weekend,0116,6,STEENBERG,11:29,2025-10
Southern Line,Inbound (Simon's Town to Cape Town),Weekend,0212,6,STEENBERG,..,2025-10
Southern Line,Inbound (Simon's Town to Cape Town),Weekend,0118,6,STEENBERG,12:29,2025-10
Southern Line,Inbound (Simon's Town to Cape Town),Weekend,0214,6,STEENBERG,..,2025-10
Southern Line,Inbound (Simon's Town to Cape Town),Weekend,0120,6,STEENBERG,13:47,2025-10
Southern Line,Inbound (Simon's Town to Cape Town),Weekend,0122,6,STEENBERG,14:23,2025-10
Southern Line,Inbound (Simon's Town to Cape Town),Weekend,0124,6,STEENBERG,15:02,2025-10
Southern Line,Inbound (Simon's Town to Cape Town),Weekend,0126,6,STEENBERG,16:21,2025-10
Southern Line,Inbound (Simon's Town to Cape Town),Weekend,0128,6,STEENBERG,17:28,2025-10
Southern Line,Inbound (Simon's Town to Cape Town),Weekend,0130,6,STEENBERG,17:57,2025-10
Southern Line,Inbound (Simon's Town to Cape Town),Weekend,0100,7,RETREAT,05:02,2025-10
Southern Line,Inbound (Simon's Town to Cape Town),Weekend,0200,7,RETREAT,..,2025-10
Southern Line,Inbound (Simon's Town to Cape Town),Weekend,0102,7,RETREAT,06:12,2025-10
Southern Line,Inbound (Simon's Town to Cape Town),Weekend,0104,7,RETREAT,07:02,2025-10
Southern Line,Inbound (Simon's Town to Cape Town),Weekend,0202,7,RETREAT,..,2025-10
Southern Line,Inbound (Simon's Town to Cape Town),Weekend,0106,7,RETREAT,07:32,2025-10
Southern Line,Inbound (Simon's Town to Cape Town),Weekend,0108,7,RETREAT,08:12,2025-10
Southern Line,Inbound (Simon's Town to Cape Town),Weekend,0204,7,RETREAT,..,2025-10
Southern Line,Inbound (Simon's Town to Cape Town),Weekend,0110,7,RETREAT,08:52,2025-10
Southern Line,Inbound (Simon's Town to Cape Town),Weekend,0206,7,RETREAT,..,2025-10
Southern Line,Inbound (Simon's Town to Cape Town),Weekend,0112,7,RETREAT,09:32,2025-10
Southern Line,Inbound (Simon's Town to Cape Town),Weekend,0208,7,RETREAT,..,2025-10
Southern Line,Inbound (Simon's Town to Cape Town),Weekend,0114,7,RETREAT,10:32,2025-10
Southern Line,Inbound (Simon's Town to Cape Town),Weekend,0210,7,RETREAT,..,2025-10
Southern Line,Inbound (Simon's Town to Cape Town),Weekend,0116,7,RETREAT,11:32,2025-10
Southern Line,Inbound (Simon's Town to Cape Town),Weekend,0212,7,RETREAT,..,2025-10
Southern Line,Inbound (Simon's Town to Cape Town),Weekend,0118,7,RETREAT,12:32,2025-10
Southern Line,Inbound (Simon's Town to Cape Town),Weekend,0214,7,RETREAT,..,2025-10
Southern Line,Inbound (Simon's Town to Cape Town),Weekend,0120,7,RETREAT,13:47,2025-10
Southern Line,Inbound (Simon's Town to Cape Town),Weekend,0122,7,RETREAT,14:23,2025-10
Southern Line,Inbound (Simon's Town to Cape Town),Weekend,0124,7,RETREAT,15:02,2025-10
Southern Line,Inbound (Simon's Town to Cape Town),Weekend,0126,7,RETREAT,16:21,2025-10
Southern Line,Inbound (Simon's Town to Cape Town),Weekend,0128,7,RETREAT,17:28,2025-10
Southern Line,Inbound (Simon's Town to Cape Town),Weekend,0130,7,RETREAT,17:57,2025-10
Southern Line,Inbound (Simon's Town to Cape Town),Weekend,0100,8,HEATHFIELD,05:05,2025-10
Southern Line,Inbound (Simon's Town to Cape Town),Weekend,0200,8,HEATHFIELD,..,2025-10
Southern Line,Inbound (Simon's Town to Cape Town),Weekend,0102,8,HEATHFIELD,06:15,2025-10
Southern Line,Inbound (Simon's Town to Cape Town),Weekend,0104,8,HEATHFIELD,07:05,2025-10
Southern Line,Inbound (Simon's Town to Cape Town),Weekend,0202,8,HEATHFIELD,..,2025-10
Southern Line,Inbound (Simon's Town to Cape Town),Weekend,0106,8,HEATHFIELD,07:35,2025-10
Southern Line,Inbound (Simon's Town to Cape Town),Weekend,0108,8,HEATHFIELD,08:15,2025-10
Southern Line,Inbound (Simon's Town to Cape Town),Weekend,0204,8,HEATHFIELD,..,2025-10
Southern Line,Inbound (Simon's Town to Cape Town),Weekend,0110,8,HEATHFIELD,08:55,2025-10
Southern Line,Inbound (Simon's Town to Cape Town),Weekend,0206,8,HEATHFIELD,..,2025-10
Southern Line,Inbound (Simon's Town to Cape Town),Weekend,0112,8,HEATHFIELD,09:35,2025-10
Southern Line,Inbound (Simon's Town to Cape Town),Weekend,0208,8,HEATHFIELD,..,2025-10
Southern Line,Inbound (Simon's Town to Cape Town),Weekend,0114,8,HEATHFIELD,10:35,2025-10
Southern Line,Inbound (Simon's Town to Cape Town),Weekend,0210,8,HEATHFIELD,..,2025-10
Southern Line,Inbound (Simon's Town to Cape Town),Weekend,0116,8,HEATHFIELD,11:35,2025-10
Southern Line,Inbound (Simon's Town to Cape Town),Weekend,0212,8,HEATHFIELD,..,2025-10
Southern Line,Inbound (Simon's Town to Cape Town),Weekend,0118,8,HEATHFIELD,12:35,2025-10
Southern Line,Inbound (Simon's Town to Cape Town),Weekend,0214,8,HEATHFIELD,..,2025-10
Southern Line,Inbound (Simon's Town to Cape Town),Weekend,0120,8,HEATHFIELD,13:50,2025-10
Southern Line,Inbound (Simon's Town to Cape Town),Weekend,0122,8,HEATHFIELD,14:26,2025-10
Southern Line,Inbound (Simon's Town to Cape Town),Weekend,0124,8,HEATHFIELD,15:05,2025-10
Southern Line,Inbound (Simon's Town to Cape Town),Weekend,0126,8,HEATHFIELD,16:24,2025-10
Southern Line,Inbound (Simon's Town to Cape Town),Weekend,0128,8,HEATHFIELD,17:31,2025-10
Southern Line,Inbound (Simon's Town to Cape Town),Weekend,0130,8,HEATHFIELD,18:00,2025-10
Southern Line,Inbound (Simon's Town to Cape Town),Weekend,0100,9,DIEPRIVIER,05:08,2025-10
Southern Line,Inbound (Simon's Town to Cape Town),Weekend,0200,9,DIEPRIVIER,..,2025-10
Southern Line,Inbound (Simon's Town to Cape Town),Weekend,0102,9,DIEPRIVIER,06:18,2025-10
Southern Line,Inbound (Simon's Town to Cape Town),Weekend,0104,9,DIEPRIVIER,07:08,2025-10
Southern Line,Inbound (Simon's Town to Cape Town),Weekend,0202,9,DIEPRIVIER,..,2025-10
Southern Line,Inbound (Simon's Town to Cape Town),Weekend,0106,9,DIEPRIVIER,07:38,2025-10
Southern Line,Inbound (Simon's Town to Cape Town),Weekend,0108,9,DIEPRIVIER,08:18,2025-10
Southern Line,Inbound (Simon's Town to Cape Town),Weekend,0204,9,DIEPRIVIER,..,2025-10
Southern Line,Inbound (Simon's Town to Cape Town),Weekend,0110,9,DIEPRIVIER,08:58,2025-10
Southern Line,Inbound (Simon's Town to Cape Town),Weekend,0206,9,DIEPRIVIER,..,2025-10
Southern Line,Inbound (Simon's Town to Cape Town),Weekend,0112,9,DIEPRIVIER,09:38,2025-10
Southern Line,Inbound (Simon's Town to Cape Town),Weekend,0208,9,DIEPRIVIER,..,2025-10
Southern Line,Inbound (Simon's Town to Cape Town),Weekend,0114,9,DIEPRIVIER,10:38,2025-10
Southern Line,Inbound (Simon's Town to Cape Town),Weekend,0210,9,DIEPRIVIER,..,2025-10
Southern Line,Inbound (Simon's Town to Cape Town),Weekend,0116,9,DIEPRIVIER,11:38,2025-10
Southern Line,Inbound (Simon's Town to Cape Town),Weekend,0212,9,DIEPRIVIER,..,2025-10
Southern Line,Inbound (Simon's Town to Cape Town),Weekend,0118,9,DIEPRIVIER,12:38,2025-10
Southern Line,Inbound (Simon's Town to Cape Town),Weekend,0214,9,DIEPRIVIER,..,2025-10
Southern Line,Inbound (Simon's Town to Cape Town),Weekend,0120,9,DIEPRIVIER,13:53,2025-10
Southern Line,Inbound (Simon's Town to Cape Town),Weekend,0122,9,DIEPRIVIER,14:29,2025-10
Southern Line,Inbound (Simon's Town to Cape Town),Weekend,0124,9,DIEPRIVIER,15:08,2025-10
Southern Line,Inbound (Simon's Town to Cape Town),Weekend,0126,9,DIEPRIVIER,16:27,2025-10
Southern Line,Inbound (Simon's Town to Cape Town),Weekend,0128,9,DIEPRIVIER,17:34,2025-10
Southern Line,Inbound (Simon's Town to Cape Town),Weekend,0130,9,DIEPRIVIER,18:03,2025-10
Southern Line,Inbound (Simon's Town to Cape Town),Weekend,0100,10,STEURHOF,05:11,2025-10
Southern Line,Inbound (Simon's Town to Cape Town),Weekend,0200,10,STEURHOF,..,2025-10
Southern Line,Inbound (Simon's Town to Cape Town),Weekend,0102,10,STEURHOF,06:21,2025-10
Southern Line,Inbound (Simon's Town to Cape Town),Weekend,0104,10,STEURHOF,07:10,2025-10
Southern Line,Inbound (Simon's Town to Cape Town),Weekend,0202,10,STEURHOF,..,2025-10
Southern Line,Inbound (Simon's Town to Cape Town),Weekend,0106,10,STEURHOF,07:41,2025-10
Southern Line,Inbound (Simon's Town to Cape Town),Weekend,0108,10,STEURHOF,08:21,2025-10
Southern Line,Inbound (Simon's Town to Cape Town),Weekend,0204,10,STEURHOF,..,2025-10
Southern Line,Inbound (Simon's Town to Cape Town),Weekend,0110,10,STEURHOF,09:01,2025-10
Southern Line,Inbound (Simon's Town to Cape Town),Weekend,0206,10,STEURHOF,..,2025-10
Southern Line,Inbound (Simon's Town to Cape Town),Weekend,0112,10,STEURHOF,09:41,2025-10
Southern Line,Inbound (Simon's Town to Cape Town),Weekend,0208,10,STEURHOF,..,2025-10
Southern Line,Inbound (Simon's Town to Cape Town),Weekend,0114,10,STEURHOF,10:41,2025-10
Southern Line,Inbound (Simon's Town to Cape Town),Weekend,0210,10,STEURHOF,..,2025-10
Southern Line,Inbound (Simon's Town to Cape Town),Weekend,0116,10,STEURHOF,11:41,2025-10
Southern Line,Inbound (Simon's Town to Cape Town),Weekend,0212,10,STEURHOF,..,2025-10
Southern Line,Inbound (Simon's Town to Cape Town),Weekend,0118,10,STEURHOF,12:41,2025-10
Southern Line,Inbound (Simon's Town to Cape Town),Weekend,0214,10,STEURHOF,..,2025-10
Southern Line,Inbound (Simon's Town to Cape Town),Weekend,0120,10,STEURHOF,13:56,2025-10
Southern Line,Inbound (Simon's Town to Cape Town),Weekend,0122,10,STEURHOF,14:32,2025-10
Southern Line,Inbound (Simon's Town to Cape Town),Weekend,0124,10,STEURHOF,15:11,2025-10
Southern Line,Inbound (Simon's Town to Cape Town),Weekend,0126,10,STEURHOF,16:30,2025-10
Southern Line,Inbound (Simon's Town to Cape Town),Weekend,0128,10,STEURHOF,17:37,2025-10
Southern Line,Inbound (Simon's Town to Cape Town),Weekend,0130,10,STEURHOF,18:06,2025-10
Southern Line,Inbound (Simon's Town to Cape Town),Weekend,0100,11,PLUMSTEAD,05:13,2025-10
Southern Line,Inbound (Simon's Town to Cape Town),Weekend,0200,11,PLUMSTEAD,..,2025-10
Southern Line,Inbound (Simon's Town to Cape Town),Weekend,0102,11,PLUMSTEAD,06:23,2025-10
Southern Line,Inbound (Simon's Town to Cape Town),Weekend,0104,11,PLUMSTEAD,07:13,2025-10
Southern Line,Inbound (Simon's Town to Cape Town),Weekend,0202,11,PLUMSTEAD,..,2025-10
Southern Line,Inbound (Simon's Town to Cape Town),Weekend,0106,11,PLUMSTEAD,07:43,2025-10
Southern Line,Inbound (Simon's Town to Cape Town),Weekend,0108,11,PLUMSTEAD,08:23,2025-10
Southern Line,Inbound (Simon's Town to Cape Town),Weekend,0204,11,PLUMSTEAD,..,2025-10
Southern Line,Inbound (Simon's Town to Cape Town),Weekend,0110,11,PLUMSTEAD,09:03,2025-10
Southern Line,Inbound (Simon's Town to Cape Town),Weekend,0206,11,PLUMSTEAD,..,2025-10
Southern Line,Inbound (Simon's Town to Cape Town),Weekend,0112,11,PLUMSTEAD,09:43,2025-10
Southern Line,Inbound (Simon's Town to Cape Town),Weekend,0208,11,PLUMSTEAD,..,2025-10
Southern Line,Inbound (Simon's Town to Cape Town),Weekend,0114,11,PLUMSTEAD,10:43,2025-10
Southern Line,Inbound (Simon's Town to Cape Town),Weekend,0210,11,PLUMSTEAD,..,2025-10
Southern Line,Inbound (Simon's Town to Cape Town),Weekend,0116,11,PLUMSTEAD,11:43,2025-10
Southern Line,Inbound (Simon's Town to Cape Town),Weekend,0212,11,PLUMSTEAD,..,2025-10
Southern Line,Inbound (Simon's Town to Cape Town),Weekend,0118,11,PLUMSTEAD,12:43,2025-10
Southern Line,Inbound (Simon's Town to Cape Town),Weekend,0214,11,PLUMSTEAD,..,2025-10
Southern Line,Inbound (Simon's Town to Cape Town),Weekend,0120,11,PLUMSTEAD,13:58,2025-10
Southern Line,Inbound (Simon's Town to Cape Town),Weekend,0122,11,PLUMSTEAD,14:34,2025-10
Southern Line,Inbound (Simon's Town to Cape Town),Weekend,0124,11,PLUMSTEAD,15:13,2025-10
Southern Line,Inbound (Simon's Town to Cape Town),Weekend,0126,11,PLUMSTEAD,16:32,2025-10
Southern Line,Inbound (Simon's Town to Cape Town),Weekend,0128,11,PLUMSTEAD,17:39,2025-10
Southern Line,Inbound (Simon's Town to Cape Town),Weekend,0130,11,PLUMSTEAD,18:08,2025-10
Southern Line,Inbound (Simon's Town to Cape Town),Weekend,0100,12,WITTEBOME,05:15,2025-10
Southern Line,Inbound (Simon's Town to Cape Town),Weekend,0200,12,WITTEBOME,..,2025-10
Southern Line,Inbound (Simon's Town to Cape Town),Weekend,0102,12,WITTEBOME,06:25,2025-10
Southern Line,Inbound (Simon's Town to Cape Town),Weekend,0104,12,WITTEBOME,07:15,2025-10
Southern Line,Inbound (Simon's Town to Cape Town),Weekend,0202,12,WITTEBOME,..,2025-10
Southern Line,Inbound (Simon's Town to Cape Town),Weekend,0106,12,WITTEBOME,07:45,2025-10
Southern Line,Inbound (Simon's Town to Cape Town),Weekend,0108,12,WITTEBOME,08:25,2025-10
Southern Line,Inbound (Simon's Town to Cape Town),Weekend,0204,12,WITTEBOME,..,2025-10
Southern Line,Inbound (Simon's Town to Cape Town),Weekend,0110,12,WITTEBOME,09:05,2025-10
Southern Line,Inbound (Simon's Town to Cape Town),Weekend,0206,12,WITTEBOME,..,2025-10
Southern Line,Inbound (Simon's Town to Cape Town),Weekend,0112,12,WITTEBOME,09:45,2025-10
Southern Line,Inbound (Simon's Town to Cape Town),Weekend,0208,12,WITTEBOME,..,2025-10
Southern Line,Inbound (Simon's Town to Cape Town),Weekend,0114,12,WITTEBOME,10:45,2025-10
Southern Line,Inbound (Simon's Town to Cape Town),Weekend,0210,12,WITTEBOME,..,2025-10
Southern Line,Inbound (Simon's Town to Cape Town),Weekend,0116,12,WITTEBOME,11:45,2025-10
Southern Line,Inbound (Simon's Town to Cape Town),Weekend,0212,12,WITTEBOME,..,2025-10
Southern Line,Inbound (Simon's Town to Cape Town),Weekend,0118,12,WITTEBOME,12:45,2025-10
Southern Line,Inbound (Simon's Town to Cape Town),Weekend,0214,12,WITTEBOME,..,2025-10
Southern Line,Inbound (Simon's Town to Cape Town),Weekend,0120,12,WITTEBOME,14:00,2025-10
Southern Line,Inbound (Simon's Town to Cape Town),Weekend,0122,12,WITTEBOME,14:36,2025-10
Southern Line,Inbound (Simon's Town to Cape Town),Weekend,0124,12,WITTEBOME,15:15,2025-10
Southern Line,Inbound (Simon's Town to Cape Town),Weekend,0126,12,WITTEBOME,16:34,2025-10
Southern Line,Inbound (Simon's Town to Cape Town),Weekend,0128,12,WITTEBOME,17:41,2025-10
Southern Line,Inbound (Simon's Town to Cape Town),Weekend,0130,12,WITTEBOME,18:10,2025-10
Southern Line,Inbound (Simon's Town to Cape Town),Weekend,0100,13,WYNBERG,05:17,2025-10
Southern Line,Inbound (Simon's Town to Cape Town),Weekend,0200,13,WYNBERG,..,2025-10
Southern Line,Inbound (Simon's Town to Cape Town),Weekend,0102,13,WYNBERG,06:27,2025-10
Southern Line,Inbound (Simon's Town to Cape Town),Weekend,0104,13,WYNBERG,07:17,2025-10
Southern Line,Inbound (Simon's Town to Cape Town),Weekend,0202,13,WYNBERG,..,2025-10
Southern Line,Inbound (Simon's Town to Cape Town),Weekend,0106,13,WYNBERG,07:47,2025-10
Southern Line,Inbound (Simon's Town to Cape Town),Weekend,0108,13,WYNBERG,08:27,2025-10
Southern Line,Inbound (Simon's Town to Cape Town),Weekend,0204,13,WYNBERG,..,2025-10
Southern Line,Inbound (Simon's Town to Cape Town),Weekend,0110,13,WYNBERG,09:07,2025-10
Southern Line,Inbound (Simon's Town to Cape Town),Weekend,0206,13,WYNBERG,..,2025-10
Southern Line,Inbound (Simon's Town to Cape Town),Weekend,0112,13,WYNBERG,09:47,2025-10
Southern Line,Inbound (Simon's Town to Cape Town),Weekend,0208,13,WYNBERG,..,2025-10
Southern Line,Inbound (Simon's Town to Cape Town),Weekend,0114,13,WYNBERG,10:47,2025-10
Southern Line,Inbound (Simon's Town to Cape Town),Weekend,0210,13,WYNBERG,..,2025-10
Southern Line,Inbound (Simon's Town to Cape Town),Weekend,0116,13,WYNBERG,11:47,2025-10
Southern Line,Inbound (Simon's Town to Cape Town),Weekend,0212,13,WYNBERG,..,2025-10
Southern Line,Inbound (Simon's Town to Cape Town),Weekend,0118,13,WYNBERG,12:47,2025-10
Southern Line,Inbound (Simon's Town to Cape Town),Weekend,0214,13,WYNBERG,..,2025-10
Southern Line,Inbound (Simon's Town to Cape Town),Weekend,0120,13,WYNBERG,14:02,2025-10
Southern Line,Inbound (Simon's Town to Cape Town),Weekend,0122,13,WYNBERG,14:38,2025-10
Southern Line,Inbound (Simon's Town to Cape Town),Weekend,0124,13,WYNBERG,15:17,2025-10
Southern Line,Inbound (Simon's Town to Cape Town),Weekend,0126,13,WYNBERG,16:36,2025-10
Southern Line,Inbound (Simon's Town to Cape Town),Weekend,0128,13,WYNBERG,17:43,2025-10
Southern Line,Inbound (Simon's Town to Cape Town),Weekend,0130,13,WYNBERG,18:12,2025-10
Southern Line,Inbound (Simon's Town to Cape Town),Weekend,0100,14,KENILWORTH,05:19,2025-10
Southern Line,Inbound (Simon's Town to Cape Town),Weekend,0200,14,KENILWORTH,..,2025-10
Southern Line,Inbound (Simon's Town to Cape Town),Weekend,0102,14,KENILWORTH,06:29,2025-10
Southern Line,Inbound (Simon's Town to Cape Town),Weekend,0104,14,KENILWORTH,07:19,2025-10
Southern Line,Inbound (Simon's Town to Cape Town),Weekend,0202,14,KENILWORTH,..,2025-10
Southern Line,Inbound (Simon's Town to Cape Town),Weekend,0106,14,KENILWORTH,07:49,2025-10
Southern Line,Inbound (Simon's Town to Cape Town),Weekend,0108,14,KENILWORTH,08:29,2025-10
Southern Line,Inbound (Simon's Town to Cape Town),Weekend,0204,14,KENILWORTH,..,2025-10
Southern Line,Inbound (Simon's Town to Cape Town),Weekend,0110,14,KENILWORTH,09:09,2025-10
Southern Line,Inbound (Simon's Town to Cape Town),Weekend,0206,14,KENILWORTH,..,2025-10
Southern Line,Inbound (Simon's Town to Cape Town),Weekend,0112,14,KENILWORTH,09:49,2025-10
Southern Line,Inbound (Simon's Town to Cape Town),Weekend,0208,14,KENILWORTH,..,2025-10
Southern Line,Inbound (Simon's Town to Cape Town),Weekend,0114,14,KENILWORTH,10:49,2025-10
Southern Line,Inbound (Simon's Town to Cape Town),Weekend,0210,14,KENILWORTH,..,2025-10
Southern Line,Inbound (Simon's Town to Cape Town),Weekend,0116,14,KENILWORTH,11:49,2025-10
Southern Line,Inbound (Simon's Town to Cape Town),Weekend,0212,14,KENILWORTH,..,2025-10
Southern Line,Inbound (Simon's Town to Cape Town),Weekend,0118,14,KENILWORTH,12:49,2025-10
Southern Line,Inbound (Simon's Town to Cape Town),Weekend,0214,14,KENILWORTH,..,2025-10
Southern Line,Inbound (Simon's Town to Cape Town),Weekend,0120,14,KENILWORTH,14:04,2025-10
Southern Line,Inbound (Simon's Town to Cape Town),Weekend,0122,14,KENILWORTH,14:40,2025-10
Southern Line,Inbound (Simon's Town to Cape Town),Weekend,0124,14,KENILWORTH,15:19,2025-10
Southern Line,Inbound (Simon's Town to Cape Town),Weekend,0126,14,KENILWORTH,16:38,2025-10
Southern Line,Inbound (Simon's Town to Cape Town),Weekend,0128,14,KENILWORTH,17:45,2025-10
Southern Line,Inbound (Simon's Town to Cape Town),Weekend,0130,14,KENILWORTH,18:14,2025-10
Southern Line,Inbound (Simon's Town to Cape Town),Weekend,0100,15,HARFIELD ROAD,05:21,2025-10
Southern Line,Inbound (Simon's Town to Cape Town),Weekend,0200,15,HARFIELD ROAD,..,2025-10
Southern Line,Inbound (Simon's Town to Cape Town),Weekend,0102,15,HARFIELD ROAD,06:31,2025-10
Southern Line,Inbound (Simon's Town to Cape Town),Weekend,0104,15,HARFIELD ROAD,07:21,2025-10
Southern Line,Inbound (Simon's Town to Cape Town),Weekend,0202,15,HARFIELD ROAD,..,2025-10
Southern Line,Inbound (Simon's Town to Cape Town),Weekend,0106,15,HARFIELD ROAD,07:51,2025-10
Southern Line,Inbound (Simon's Town to Cape Town),Weekend,0108,15,HARFIELD ROAD,08:31,2025-10
Southern Line,Inbound (Simon's Town to Cape Town),Weekend,0204,15,HARFIELD ROAD,..,2025-10
Southern Line,Inbound (Simon's Town to Cape Town),Weekend,0110,15,HARFIELD ROAD,09:11,2025-10
Southern Line,Inbound (Simon's Town to Cape Town),Weekend,0206,15,HARFIELD ROAD,..,2025-10
Southern Line,Inbound (Simon's Town to Cape Town),Weekend,0112,15,HARFIELD ROAD,09:51,2025-10
Southern Line,Inbound (Simon's Town to Cape Town),Weekend,0208,15,HARFIELD ROAD,..,2025-10
Southern Line,Inbound (Simon's Town to Cape Town),Weekend,0114,15,HARFIELD ROAD,10:51,2025-10
Southern Line,Inbound (Simon's Town to Cape Town),Weekend,0210,15,HARFIELD ROAD,..,2025-10
Southern Line,Inbound (Simon's Town to Cape Town),Weekend,0116,15,HARFIELD ROAD,11:51,2025-10
Southern Line,Inbound (Simon's Town to Cape Town),Weekend,0212,15,HARFIELD ROAD,..,2025-10
Southern Line,Inbound (Simon's Town to Cape Town),Weekend,0118,15,HARFIELD ROAD,12:51,2025-10
Southern Line,Inbound (Simon's Town to Cape Town),Weekend,0214,15,HARFIELD ROAD,..,2025-10
Southern Line,Inbound (Simon's Town to Cape Town),Weekend,0120,15,HARFIELD ROAD,14:06,2025-10
Southern Line,Inbound (Simon's Town to Cape Town),Weekend,0122,15,HARFIELD ROAD,14:42,2025-10
Southern Line,Inbound (Simon's Town to Cape Town),Weekend,0124,15,HARFIELD ROAD,15:21,2025-10
Southern Line,Inbound (Simon's Town to Cape Town),Weekend,0126,15,HARFIELD ROAD,16:40,2025-10
Southern Line,Inbound (Simon's Town to Cape Town),Weekend,0128,15,HARFIELD ROAD,17:47,2025-10
Southern Line,Inbound (Simon's Town to Cape Town),Weekend,0130,15,HARFIELD ROAD,18:16,2025-10
Southern Line,Inbound (Simon's Town to Cape Town),Weekend,0100,16,CLAREMONT,05:23,2025-10
Southern Line,Inbound (Simon's Town to Cape Town),Weekend,0200,16,CLAREMONT,..,2025-10
Southern Line,Inbound (Simon's Town to Cape Town),Weekend,0102,16,CLAREMONT,06:33,2025-10
Southern Line,Inbound (Simon's Town to Cape Town),Weekend,0104,16,CLAREMONT,07:23,2025-10
Southern Line,Inbound (Simon's Town to Cape Town),Weekend,0202,16,CLAREMONT,..,2025-10
Southern Line,Inbound (Simon's Town to Cape Town),Weekend,0106,16,CLAREMONT,07:53,2025-10
Southern Line,Inbound (Simon's Town to Cape Town),Weekend,0108,16,CLAREMONT,08:33,2025-10
Southern Line,Inbound (Simon's Town to Cape Town),Weekend,0204,16,CLAREMONT,..,2025-10
Southern Line,Inbound (Simon's Town to Cape Town),Weekend,0110,16,CLAREMONT,09:13,2025-10
Southern Line,Inbound (Simon's Town to Cape Town),Weekend,0206,16,CLAREMONT,..,2025-10
Southern Line,Inbound (Simon's Town to Cape Town),Weekend,0112,16,CLAREMONT,09:53,2025-10
Southern Line,Inbound (Simon's Town to Cape Town),Weekend,0208,16,CLAREMONT,..,2025-10
Southern Line,Inbound (Simon's Town to Cape Town),Weekend,0114,16,CLAREMONT,10:53,2025-10
Southern Line,Inbound (Simon's Town to Cape Town),Weekend,0210,16,CLAREMONT,..,2025-10
Southern Line,Inbound (Simon's Town to Cape Town),Weekend,0116,16,CLAREMONT,11:53,2025-10
Southern Line,Inbound (Simon's Town to Cape Town),Weekend,0212,16,CLAREMONT,..,2025-10
Southern Line,Inbound (Simon's Town to Cape Town),Weekend,0118,16,CLAREMONT,12:53,2025-10
Southern Line,Inbound (Simon's Town to Cape Town),Weekend,0214,16,CLAREMONT,..,2025-10
Southern Line,Inbound (Simon's Town to Cape Town),Weekend,0120,16,CLAREMONT,14:08,2025-10
Southern Line,Inbound (Simon's Town to Cape Town),Weekend,0122,16,CLAREMONT,14:44,2025-10
Southern Line,Inbound (Simon's Town to Cape Town),Weekend,0124,16,CLAREMONT,15:23,2025-10
Southern Line,Inbound (Simon's Town to Cape Town),Weekend,0126,16,CLAREMONT,16:42,2025-10
Southern Line,Inbound (Simon's Town to Cape Town),Weekend,0128,16,CLAREMONT,17:49,2025-10
Southern Line,Inbound (Simon's Town to Cape Town),Weekend,0130,16,CLAREMONT,18:18,2025-10
Southern Line,Inbound (Simon's Town to Cape Town),Weekend,0100,17,NEWLANDS,05:25,2025-10
Southern Line,Inbound (Simon's Town to Cape Town),Weekend,0200,17,NEWLANDS,..,2025-10
Southern Line,Inbound (Simon's Town to Cape Town),Weekend,0102,17,NEWLANDS,06:35,2025-10
Southern Line,Inbound (Simon's Town to Cape Town),Weekend,0104,17,NEWLANDS,07:25,2025-10
Southern Line,Inbound (Simon's Town to Cape Town),Weekend,0202,17,NEWLANDS,..,2025-10
Southern Line,Inbound (Simon's Town to Cape Town),Weekend,0106,17,NEWLANDS,07:55,2025-10
Southern Line,Inbound (Simon's Town to Cape Town),Weekend,0108,17,NEWLANDS,08:35,2025-10
Southern Line,Inbound (Simon's Town to Cape Town),Weekend,0204,17,NEWLANDS,..,2025-10
Southern Line,Inbound (Simon's Town to Cape Town),Weekend,0110,17,NEWLANDS,09:15,2025-10
Southern Line,Inbound (Simon's Town to Cape Town),Weekend,0206,17,NEWLANDS,..,2025-10
Southern Line,Inbound (Simon's Town to Cape Town),Weekend,0112,17,NEWLANDS,09:55,2025-10
Southern Line,Inbound (Simon's Town to Cape Town),Weekend,0208,17,NEWLANDS,..,2025-10
Southern Line,Inbound (Simon's Town to Cape Town),Weekend,0114,17,NEWLANDS,10:55,2025-10
Southern Line,Inbound (Simon's Town to Cape Town),Weekend,0210,17,NEWLANDS,..,2025-10
Southern Line,Inbound (Simon's Town to Cape Town),Weekend,0116,17,NEWLANDS,11:55,2025-10
Southern Line,Inbound (Simon's Town to Cape Town),Weekend,0212,17,NEWLANDS,..,2025-10
Southern Line,Inbound (Simon's Town to Cape Town),Weekend,0118,17,NEWLANDS,12:55,2025-10
Southern Line,Inbound (Simon's Town to Cape Town),Weekend,0214,17,NEWLANDS,..,2025-10
Southern Line,Inbound (Simon's Town to Cape Town),Weekend,0120,17,NEWLANDS,14:10,2025-10
Southern Line,Inbound (Simon's Town to Cape Town),Weekend,0122,17,NEWLANDS,14:46,2025-10
Southern Line,Inbound (Simon's Town to Cape Town),Weekend,0124,17,NEWLANDS,15:25,2025-10
Southern Line,Inbound (Simon's Town to Cape Town),Weekend,0126,17,NEWLANDS,16:44,2025-10
Southern Line,Inbound (Simon's Town to Cape Town),Weekend,0128,17,NEWLANDS,17:51,2025-10
Southern Line,Inbound (Simon's Town to Cape Town),Weekend,0130,17,NEWLANDS,18:20,2025-10
Southern Line,Inbound (Simon's Town to Cape Town),Weekend,0100,18,RONDEBOSCH,05:27,2025-10
Southern Line,Inbound (Simon's Town to Cape Town),Weekend,0200,18,RONDEBOSCH,..,2025-10
Southern Line,Inbound (Simon's Town to Cape Town),Weekend,0102,18,RONDEBOSCH,06:37,2025-10
Southern Line,Inbound (Simon's Town to Cape Town),Weekend,0104,18,RONDEBOSCH,07:27,2025-10
Southern Line,Inbound (Simon's Town to Cape Town),Weekend,0202,18,RONDEBOSCH,..,2025-10
Southern Line,Inbound (Simon's Town to Cape Town),Weekend,0106,18,RONDEBOSCH,07:57,2025-10
Southern Line,Inbound (Simon's Town to Cape Town),Weekend,0108,18,RONDEBOSCH,08:37,2025-10
Southern Line,Inbound (Simon's Town to Cape Town),Weekend,0204,18,RONDEBOSCH,..,2025-10
Southern Line,Inbound (Simon's Town to Cape Town),Weekend,0110,18,RONDEBOSCH,09:17,2025-10
Southern Line,Inbound (Simon's Town to Cape Town),Weekend,0206,18,RONDEBOSCH,..,2025-10
Southern Line,Inbound (Simon's Town to Cape Town),Weekend,0112,18,RONDEBOSCH,09:57,2025-10
Southern Line,Inbound (Simon's Town to Cape Town),Weekend,0208,18,RONDEBOSCH,..,2025-10
Southern Line,Inbound (Simon's Town to Cape Town),Weekend,0114,18,RONDEBOSCH,10:57,2025-10
Southern Line,Inbound (Simon's Town to Cape Town),Weekend,0210,18,RONDEBOSCH,..,2025-10
Southern Line,Inbound (Simon's Town to Cape Town),Weekend,0116,18,RONDEBOSCH,11:57,2025-10
Southern Line,Inbound (Simon's Town to Cape Town),Weekend,0212,18,RONDEBOSCH,..,2025-10
Southern Line,Inbound (Simon's Town to Cape Town),Weekend,0118,18,RONDEBOSCH,12:57,2025-10
Southern Line,Inbound (Simon's Town to Cape Town),Weekend,0214,18,RONDEBOSCH,..,2025-10
Southern Line,Inbound (Simon's Town to Cape Town),Weekend,0120,18,RONDEBOSCH,14:12,2025-10
Southern Line,Inbound (Simon's Town to Cape Town),Weekend,0122,18,RONDEBOSCH,14:48,2025-10
Southern Line,Inbound (Simon's Town to Cape Town),Weekend,0124,18,RONDEBOSCH,15:27,2025-10
Southern Line,Inbound (Simon's Town to Cape Town),Weekend,0126,18,RONDEBOSCH,16:46,2025-10
Southern Line,Inbound (Simon's Town to Cape Town),Weekend,0128,18,RONDEBOSCH,17:53,2025-10
Southern Line,Inbound (Simon's Town to Cape Town),Weekend,0130,18,RONDEBOSCH,18:22,2025-10
Southern Line,Inbound (Simon's Town to Cape Town),Weekend,0100,19,ROSEBANK,05:29,2025-10
Southern Line,Inbound (Simon's Town to Cape Town),Weekend,0200,19,ROSEBANK,..,2025-10
Southern Line,Inbound (Simon's Town to Cape Town),Weekend,0102,19,ROSEBANK,06:39,2025-10
Southern Line,Inbound (Simon's Town to Cape Town),Weekend,0104,19,ROSEBANK,07:29,2025-10
Southern Line,Inbound (Simon's Town to Cape Town),Weekend,0202,19,ROSEBANK,..,2025-10
Southern Line,Inbound (Simon's Town to Cape Town),Weekend,0106,19,ROSEBANK,07:59,2025-10
Southern Line,Inbound (Simon's Town to Cape Town),Weekend,0108,19,ROSEBANK,08:39,2025-10
Southern Line,Inbound (Simon's Town to Cape Town),Weekend,0204,19,ROSEBANK,..,2025-10
Southern Line,Inbound (Simon's Town to Cape Town),Weekend,0110,19,ROSEBANK,09:19,2025-10
Southern Line,Inbound (Simon's Town to Cape Town),Weekend,0206,19,ROSEBANK,..,2025-10
Southern Line,Inbound (Simon's Town to Cape Town),Weekend,0112,19,ROSEBANK,09:59,2025-10
Southern Line,Inbound (Simon's Town to Cape Town),Weekend,0208,19,ROSEBANK,..,2025-10
Southern Line,Inbound (Simon's Town to Cape Town),Weekend,0114,19,ROSEBANK,10:59,2025-10
Southern Line,Inbound (Simon's Town to Cape Town),Weekend,0210,19,ROSEBANK,..,2025-10
Southern Line,Inbound (Simon's Town to Cape Town),Weekend,0116,19,ROSEBANK,11:59,2025-10
Southern Line,Inbound (Simon's Town to Cape Town),Weekend,0212,19,ROSEBANK,..,2025-10
Southern Line,Inbound (Simon's Town to Cape Town),Weekend,0118,19,ROSEBANK,12:59,2025-10
Southern Line,Inbound (Simon's Town to Cape Town),Weekend,0214,19,ROSEBANK,..,2025-10
Southern Line,Inbound (Simon's Town to Cape Town),Weekend,0120,19,ROSEBANK,14:14,2025-10
Southern Line,Inbound (Simon's Town to Cape Town),Weekend,0122,19,ROSEBANK,14:50,2025-10
Southern Line,Inbound (Simon's Town to Cape Town),Weekend,0124,19,ROSEBANK,15:29,2025-10
Southern Line,Inbound (Simon's Town to Cape Town),Weekend,0126,19,ROSEBANK,16:48,2025-10
Southern Line,Inbound (Simon's Town to Cape Town),Weekend,0128,19,ROSEBANK,17:55,2025-10
Southern Line,Inbound (Simon's Town to Cape Town),Weekend,0130,19,ROSEBANK,18:24,2025-10
Southern Line,Inbound (Simon's Town to Cape Town),Weekend,0100,20,MOWBRAY,05:31,2025-10
Southern Line,Inbound (Simon's Town to Cape Town),Weekend,0200,20,MOWBRAY,..,2025-10
Southern Line,Inbound (Simon's Town to Cape Town),Weekend,0102,20,MOWBRAY,06:41,2025-10
Southern Line,Inbound (Simon's Town to Cape Town),Weekend,0104,20,MOWBRAY,07:31,2025-10
Southern Line,Inbound (Simon's Town to Cape Town),Weekend,0202,20,MOWBRAY,..,2025-10
Southern Line,Inbound (Simon's Town to Cape Town),Weekend,0106,20,MOWBRAY,08:01,2025-10
Southern Line,Inbound (Simon's Town to Cape Town),Weekend,0108,20,MOWBRAY,08:41,2025-10
Southern Line,Inbound (Simon's Town to Cape Town),Weekend,0204,20,MOWBRAY,..,2025-10
Southern Line,Inbound (Simon's Town to Cape Town),Weekend,0110,20,MOWBRAY,09:21,2025-10
Southern Line,Inbound (Simon's Town to Cape Town),Weekend,0206,20,MOWBRAY,..,2025-10
Southern Line,Inbound (Simon's Town to Cape Town),Weekend,0112,20,MOWBRAY,10:01,2025-10
Southern Line,Inbound (Simon's Town to Cape Town),Weekend,0208,20,MOWBRAY,..,2025-10
Southern Line,Inbound (Simon's Town to Cape Town),Weekend,0114,20,MOWBRAY,11:01,2025-10
Southern Line,Inbound (Simon's Town to Cape Town),Weekend,0210,20,MOWBRAY,..,2025-10
Southern Line,Inbound (Simon's Town to Cape Town),Weekend,0116,20,MOWBRAY,12:01,2025-10
Southern Line,Inbound (Simon's Town to Cape Town),Weekend,0212,20,MOWBRAY,..,2025-10
Southern Line,Inbound (Simon's Town to Cape Town),Weekend,0118,20,MOWBRAY,13:01,2025-10
Southern Line,Inbound (Simon's Town to Cape Town),Weekend,0214,20,MOWBRAY,..,2025-10
Southern Line,Inbound (Simon's Town to Cape Town),Weekend,0120,20,MOWBRAY,14:16,2025-10
Southern Line,Inbound (Simon's Town to Cape Town),Weekend,0122,20,MOWBRAY,14:52,2025-10
Southern Line,Inbound (Simon's Town to Cape Town),Weekend,0124,20,MOWBRAY,15:31,2025-10
Southern Line,Inbound (Simon's Town to Cape Town),Weekend,0126,20,MOWBRAY,16:50,2025-10
Southern Line,Inbound (Simon's Town to Cape Town),Weekend,0128,20,MOWBRAY,17:57,2025-10
Southern Line,Inbound (Simon's Town to Cape Town),Weekend,0130,20,MOWBRAY,18:26,2025-10
Southern Line,Inbound (Simon's Town to Cape Town),Weekend,0100,21,OBSERVATORY,05:33,2025-10
Southern Line,Inbound (Simon's Town to Cape Town),Weekend,0200,21,OBSERVATORY,..,2025-10
Southern Line,Inbound (Simon's Town to Cape Town),Weekend,0102,21,OBSERVATORY,06:43,2025-10
Southern Line,Inbound (Simon's Town to Cape Town),Weekend,0104,21,OBSERVATORY,07:33,2025-10
Southern Line,Inbound (Simon's Town to Cape Town),Weekend,0202,21,OBSERVATORY,..,2025-10
Southern Line,Inbound (Simon's Town to Cape Town),Weekend,0106,21,OBSERVATORY,08:03,2025-10
Southern Line,Inbound (Simon's Town to Cape Town),Weekend,0108,21,OBSERVATORY,08:43,2025-10
Southern Line,Inbound (Simon's Town to Cape Town),Weekend,0204,21,OBSERVATORY,..,2025-10
Southern Line,Inbound (Simon's Town to Cape Town),Weekend,0110,21,OBSERVATORY,09:23,2025-10
Southern Line,Inbound (Simon's Town to Cape Town),Weekend,0206,21,OBSERVATORY,..,2025-10
Southern Line,Inbound (Simon's Town to Cape Town),Weekend,0112,21,OBSERVATORY,10:03,2025-10
Southern Line,Inbound (Simon's Town to Cape Town),Weekend,0208,21,OBSERVATORY,..,2025-10
Southern Line,Inbound (Simon's Town to Cape Town),Weekend,0114,21,OBSERVATORY,11:03,2025-10
Southern Line,Inbound (Simon's Town to Cape Town),Weekend,0210,21,OBSERVATORY,..,2025-10
Southern Line,Inbound (Simon's Town to Cape Town),Weekend,0116,21,OBSERVATORY,12:03,2025-10
Southern Line,Inbound (Simon's Town to Cape Town),Weekend,0212,21,OBSERVATORY,..,2025-10
Southern Line,Inbound (Simon's Town to Cape Town),Weekend,0118,21,OBSERVATORY,13:03,2025-10
Southern Line,Inbound (Simon's Town to Cape Town),Weekend,0214,21,OBSERVATORY,..,2025-10
Southern Line,Inbound (Simon's Town to Cape Town),Weekend,0120,21,OBSERVATORY,14:18,2025-10
Southern Line,Inbound (Simon's Town to Cape Town),Weekend,0122,21,OBSERVATORY,14:54,2025-10
Southern Line,Inbound (Simon's Town to Cape Town),Weekend,0124,21,OBSERVATORY,15:33,2025-10
Southern Line,Inbound (Simon's Town to Cape Town),Weekend,0126,21,OBSERVATORY,16:52,2025-10
Southern Line,Inbound (Simon's Town to Cape Town),Weekend,0128,21,OBSERVATORY,17:59,2025-10
Southern Line,Inbound (Simon's Town to Cape Town),Weekend,0130,21,OBSERVATORY,18:28,2025-10
Southern Line,Inbound (Simon's Town to Cape Town),Weekend,0100,22,SALT RIVER,05:36,2025-10
Southern Line,Inbound (Simon's Town to Cape Town),Weekend,0200,22,SALT RIVER,..,2025-10
Southern Line,Inbound (Simon's Town to Cape Town),Weekend,0102,22,SALT RIVER,06:46,2025-10
Southern Line,Inbound (Simon's Town to Cape Town),Weekend,0104,22,SALT RIVER,07:36,2025-10
Southern Line,Inbound (Simon's Town to Cape Town),Weekend,0202,22,SALT RIVER,..,2025-10
Southern Line,Inbound (Simon's Town to Cape Town),Weekend,0106,22,SALT RIVER,08:06,2025-10
Southern Line,Inbound (Simon's Town to Cape Town),Weekend,0108,22,SALT RIVER,08:46,2025-10
Southern Line,Inbound (Simon's Town to Cape Town),Weekend,0204,22,SALT RIVER,..,2025-10
Southern Line,Inbound (Simon's Town to Cape Town),Weekend,0110,22,SALT RIVER,09:26,2025-10
Southern Line,Inbound (Simon's Town to Cape Town),Weekend,0206,22,SALT RIVER,..,2025-10
Southern Line,Inbound (Simon's Town to Cape Town),Weekend,0112,22,SALT RIVER,10:06,2025-10
Southern Line,Inbound (Simon's Town to Cape Town),Weekend,0208,22,SALT RIVER,..,2025-10
Southern Line,Inbound (Simon's Town to Cape Town),Weekend,0114,22,SALT RIVER,11:06,2025-10
Southern Line,Inbound (Simon's Town to Cape Town),Weekend,0210,22,SALT RIVER,..,2025-10
Southern Line,Inbound (Simon's Town to Cape Town),Weekend,0116,22,SALT RIVER,12:06,2025-10
Southern Line,Inbound (Simon's Town to Cape Town),Weekend,0212,22,SALT RIVER,..,2025-10
Southern Line,Inbound (Simon's Town to Cape Town),Weekend,0118,22,SALT RIVER,13:06,2025-10
Southern Line,Inbound (Simon's Town to Cape Town),Weekend,0214,22,SALT RIVER,..,2025-10
Southern Line,Inbound (Simon's Town to Cape Town),Weekend,0120,22,SALT RIVER,14:21,2025-10
Southern Line,Inbound (Simon's Town to Cape Town),Weekend,0122,22,SALT RIVER,14:57,2025-10
Southern Line,Inbound (Simon's Town to Cape Town),Weekend,0124,22,SALT RIVER,15:36,2025-10
Southern Line,Inbound (Simon's Town to Cape Town),Weekend,0126,22,SALT RIVER,16:55,2025-10
Southern Line,Inbound (Simon's Town to Cape Town),Weekend,0128,22,SALT RIVER,18:02,2025-10
Southern Line,Inbound (Simon's Town to Cape Town),Weekend,0130,22,SALT RIVER,18:31,2025-10
Southern Line,Inbound (Simon's Town to Cape Town),Weekend,0100,23,WOODSTOCK,05:44,2025-10
Southern Line,Inbound (Simon's Town to Cape Town),Weekend,0200,23,WOODSTOCK,..,2025-10
Southern Line,Inbound (Simon's Town to Cape Town),Weekend,0102,23,WOODSTOCK,06:54,2025-10
Southern Line,Inbound (Simon's Town to Cape Town),Weekend,0104,23,WOODSTOCK,07:44,2025-10
Southern Line,Inbound (Simon's Town to Cape Town),Weekend,0202,23,WOODSTOCK,..,2025-10
Southern Line,Inbound (Simon's Town to Cape Town),Weekend,0106,23,WOODSTOCK,08:14,2025-10
Southern Line,Inbound (Simon's Town to Cape Town),Weekend,0108,23,WOODSTOCK,08:54,2025-10
Southern Line,Inbound (Simon's Town to Cape Town),Weekend,0204,23,WOODSTOCK,..,2025-10
Southern Line,Inbound (Simon's Town to Cape Town),Weekend,0110,23,WOODSTOCK,09:34,2025-10
Southern Line,Inbound (Simon's Town to Cape Town),Weekend,0206,23,WOODSTOCK,..,2025-10
Southern Line,Inbound (Simon's Town to Cape Town),Weekend,0112,23,WOODSTOCK,10:14,2025-10
Southern Line,Inbound (Simon's Town to Cape Town),Weekend,0208,23,WOODSTOCK,..,2025-10
Southern Line,Inbound (Simon's Town to Cape Town),Weekend,0114,23,WOODSTOCK,11:14,2025-10
Southern Line,Inbound (Simon's Town to Cape Town),Weekend,0210,23,WOODSTOCK,..,2025-10
Southern Line,Inbound (Simon's Town to Cape Town),Weekend,0116,23,WOODSTOCK,12:14,2025-10
Southern Line,Inbound (Simon's Town to Cape Town),Weekend,0212,23,WOODSTOCK,..,2025-10
Southern Line,Inbound (Simon's Town to Cape Town),Weekend,0118,23,WOODSTOCK,13:14,2025-10
Southern Line,Inbound (Simon's Town to Cape Town),Weekend,0214,23,WOODSTOCK,..,2025-10
Southern Line,Inbound (Simon's Town to Cape Town),Weekend,0120,23,WOODSTOCK,14:29,2025-10
Southern Line,Inbound (Simon's Town to Cape Town),Weekend,0122,23,WOODSTOCK,15:05,2025-10
Southern Line,Inbound (Simon's Town to Cape Town),Weekend,0124,23,WOODSTOCK,15:44,2025-10
Southern Line,Inbound (Simon's Town to Cape Town),Weekend,0126,23,WOODSTOCK,17:03,2025-10
Southern Line,Inbound (Simon's Town to Cape Town),Weekend,0128,23,WOODSTOCK,18:10,2025-10
Southern Line,Inbound (Simon's Town to Cape Town),Weekend,0130,23,WOODSTOCK,18:39,2025-10
Southern Line,Inbound (Simon's Town to Cape Town),Weekend,0100,24,CAPE TOWN,05:48,2025-10
Southern Line,Inbound (Simon's Town to Cape Town),Weekend,0200,24,CAPE TOWN,..,2025-10
Southern Line,Inbound (Simon's Town to Cape Town),Weekend,0102,24,CAPE TOWN,06:58,2025-10
Southern Line,Inbound (Simon's Town to Cape Town),Weekend,0104,24,CAPE TOWN,07:48,2025-10
Southern Line,Inbound (Simon's Town to Cape Town),Weekend,0202,24,CAPE TOWN,..,2025-10
Southern Line,Inbound (Simon's Town to Cape Town),Weekend,0106,24,CAPE TOWN,08:18,2025-10
Southern Line,Inbound (Simon's Town to Cape Town),Weekend,0108,24,CAPE TOWN,08:58,2025-10
Southern Line,Inbound (Simon's Town to Cape Town),Weekend,0204,24,CAPE TOWN,..,2025-10
Southern Line,Inbound (Simon's Town to Cape Town),Weekend,0110,24,CAPE TOWN,09:38,2025-10
Southern Line,Inbound (Simon's Town to Cape Town),Weekend,0206,24,CAPE TOWN,..,2025-10
Southern Line,Inbound (Simon's Town to Cape Town),Weekend,0112,24,CAPE TOWN,10:18,2025-10
Southern Line,Inbound (Simon's Town to Cape Town),Weekend,0208,24,CAPE TOWN,..,2025-10
Southern Line,Inbound (Simon's Town to Cape Town),Weekend,0114,24,CAPE TOWN,11:18,2025-10
Southern Line,Inbound (Simon's Town to Cape Town),Weekend,0210,24,CAPE TOWN,..,2025-10
Southern Line,Inbound (Simon's Town to Cape Town),Weekend,0116,24,CAPE TOWN,12:18,2025-10
Southern Line,Inbound (Simon's Town to Cape Town),Weekend,0212,24,CAPE TOWN,..,2025-10
Southern Line,Inbound (Simon's Town to Cape Town),Weekend,0118,24,CAPE TOWN,13:18,2025-10
Southern Line,Inbound (Simon's Town to Cape Town),Weekend,0214,24,CAPE TOWN,..,2025-10
Southern Line,Inbound (Simon's Town to Cape Town),Weekend,0120,24,CAPE TOWN,14:33,2025-10
Southern Line,Inbound (Simon's Town to Cape Town),Weekend,0122,24,CAPE TOWN,15:08,2025-10
Southern Line,Inbound (Simon's Town to Cape Town),Weekend,0124,24,CAPE TOWN,15:48,2025-10
Southern Line,Inbound (Simon's Town to Cape Town),Weekend,0126,24,CAPE TOWN,17:06,2025-10
Southern Line,Inbound (Simon's Town to Cape Town),Weekend,0128,24,CAPE TOWN,18:13,2025-10
Southern Line,Inbound (Simon's Town to Cape Town),Weekend,0130,24,CAPE TOWN,18:43,2025-10
Southern Line,Outbound (Cape Town to Simon's Town),Weekend,0101,0,CAPE TOWN,05:30,2025-10
Southern Line,Outbound (Cape Town to Simon's Town),Weekend,0103,0,CAPE TOWN,06:00,2025-10
Southern Line,Outbound (Cape Town to Simon's Town),Weekend,0105,0,CAPE TOWN,06:40,2025-10
Southern Line,Outbound (Cape Town to Simon's Town),Weekend,0107,0,CAPE TOWN,07:20,2025-10
Southern Line,Outbound (Cape Town to Simon's Town),Weekend,0109,0,CAPE TOWN,08:00,2025-10
Southern Line,Outbound (Cape Town to Simon's Town),Weekend,0111,0,CAPE TOWN,09:00,2025-10
Southern Line,Outbound (Cape Town to Simon's Town),Weekend,0113,0,CAPE TOWN,10:00,2025-10
Southern Line,Outbound (Cape Town to Simon's Town),Weekend,0115,0,CAPE TOWN,11:00,2025-10
Southern Line,Outbound (Cape Town to Simon's Town),Weekend,0117,0,CAPE TOWN,12:00,2025-10
Southern Line,Outbound (Cape Town to Simon's Town),Weekend,0119,0,CAPE TOWN,13:30,2025-10
Southern Line,Outbound (Cape Town to Simon's Town),Weekend,0121,0,CAPE TOWN,14:10,2025-10
Southern Line,Outbound (Cape Town to Simon's Town),Weekend,0123,0,CAPE TOWN,15:15,2025-10
Southern Line,Outbound (Cape Town to Simon's Town),Weekend,0125,0,CAPE TOWN,16:00,2025-10
Southern Line,Outbound (Cape Town to Simon's Town),Weekend,0127,0,CAPE TOWN,16:25,2025-10
Southern Line,Outbound (Cape Town to Simon's Town),Weekend,0101,1,WOODSTOCK,05:32,2025-10
Southern Line,Outbound (Cape Town to Simon's Town),Weekend,0103,1,WOODSTOCK,06:02,2025-10
Southern Line,Outbound (Cape Town to Simon's Town),Weekend,0105,1,WOODSTOCK,06:42,2025-10
Southern Line,Outbound (Cape Town to Simon's Town),Weekend,0107,1,WOODSTOCK,07:22,2025-10
Southern Line,Outbound (Cape Town to Simon's Town),Weekend,0109,1,WOODSTOCK,08:02,2025-10
Southern Line,Outbound (Cape Town to Simon's Town),Weekend,0111,1,WOODSTOCK,09:02,2025-10
Southern Line,Outbound (Cape Town to Simon's Town),Weekend,0113,1,WOODSTOCK,10:02,2025-10
Southern Line,Outbound (Cape Town to Simon's Town),Weekend,0115,1,WOODSTOCK,11:02,2025-10
Southern Line,Outbound (Cape Town to Simon's Town),Weekend,0117,1,WOODSTOCK,12:02,2025-10
Southern Line,Outbound (Cape Town to Simon's Town),Weekend,0119,1,WOODSTOCK,13:32,2025-10
Southern Line,Outbound (Cape Town to Simon's Town),Weekend,0121,1,WOODSTOCK,14:12,2025-10
Southern Line,Outbound (Cape Town to Simon's Town),Weekend,0123,1,WOODSTOCK,15:17,2025-10
Southern Line,Outbound (Cape Town to Simon's Town),Weekend,0125,1,WOODSTOCK,16:02,2025-10
Southern Line,Outbound (Cape Town to Simon's Town),Weekend,0127,1,WOODSTOCK,16:27,2025-10
Southern Line,Outbound (Cape Town to Simon's Town),Weekend,0101,2,SALT RIVER,05:40,2025-10
Southern Line,Outbound (Cape Town to Simon's Town),Weekend,0103,2,SALT RIVER,06:10,2025-10
Southern Line,Outbound (Cape Town to Simon's Town),Weekend,0105,2,SALT RIVER,06:50,2025-10
Southern Line,Outbound (Cape Town to Simon's Town),Weekend,0107,2,SALT RIVER,07:30,2025-10
Southern Line,Outbound (Cape Town to Simon's Town),Weekend,0109,2,SALT RIVER,08:10,2025-10
Southern Line,Outbound (Cape Town to Simon's Town),Weekend,0111,2,SALT RIVER,09:10,2025-10
Southern Line,Outbound (Cape Town to Simon's Town),Weekend,0113,2,SALT RIVER,10:10,2025-10
Southern Line,Outbound (Cape Town to Simon's Town),Weekend,0115,2,SALT RIVER,11:10,2025-10
Southern Line,Outbound (Cape Town to Simon's Town),Weekend,0117,2,SALT RIVER,12:10,2025-10
Southern Line,Outbound (Cape Town to Simon's Town),Weekend,0119,2,SALT RIVER,13:43,2025-10
Southern Line,Outbound (Cape Town to Simon's Town),Weekend,0121,2,SALT RIVER,14:23,2025-10
Southern Line,Outbound (Cape Town to Simon's Town),Weekend,0123,2,SALT RIVER,15:28,2025-10
Southern Line,Outbound (Cape Town to Simon's Town),Weekend,0125,2,SALT RIVER,16:13,2025-10
Southern Line,Outbound (Cape Town to Simon's Town),Weekend,0127,2,SALT RIVER,16:38,2025-10
Southern Line,Outbound (Cape Town to Simon's Town),Weekend,0101,3,OBSERVATORY,05:43,2025-10
Southern Line,Outbound (Cape Town to Simon's Town),Weekend,0103,3,OBSERVATORY,06:13,2025-10
Southern Line,Outbound (Cape Town to Simon's Town),Weekend,0105,3,OBSERVATORY,06:53,2025-10
Southern Line,Outbound (Cape Town to Simon's Town),Weekend,0107,3,OBSERVATORY,07:33,2025-10
Southern Line,Outbound (Cape Town to Simon's Town),Weekend,0109,3,OBSERVATORY,08:13,2025-10
Southern Line,Outbound (Cape Town to Simon's Town),Weekend,0111,3,OBSERVATORY,09:13,2025-10
Southern Line,Outbound (Cape Town to Simon's Town),Weekend,0113,3,OBSERVATORY,10:13,2025-10
Southern Line,Outbound (Cape Town to Simon's Town),Weekend,0115,3,OBSERVATORY,11:13,2025-10
Southern Line,Outbound (Cape Town to Simon's Town),Weekend,0117,3,OBSERVATORY,12:13,2025-10
Southern Line,Outbound (Cape Town to Simon's Town),Weekend,0119,3,OBSERVATORY,13:43,2025-10
Southern Line,Outbound (Cape Town to Simon's Town),Weekend,0121,3,OBSERVATORY,14:23,2025-10
Southern Line,Outbound (Cape Town to Simon's Town),Weekend,0123,3,OBSERVATORY,15:28,2025-10
Southern Line,Outbound (Cape Town to Simon's Town),Weekend,0125,3,OBSERVATORY,16:15,2025-10
Southern Line,Outbound (Cape Town to Simon's Town),Weekend,0127,3,OBSERVATORY,16:40,2025-10
Southern Line,Outbound (Cape Town to Simon's Town),Weekend,0101,4,MOWBRAY,05:45,2025-10
Southern Line,Outbound (Cape Town to Simon's Town),Weekend,0103,4,MOWBRAY,06:15,2025-10
Southern Line,Outbound (Cape Town to Simon's Town),Weekend,0105,4,MOWBRAY,06:55,2025-10
Southern Line,Outbound (Cape Town to Simon's Town),Weekend,0107,4,MOWBRAY,07:35,2025-10
Southern Line,Outbound (Cape Town to Simon's Town),Weekend,0109,4,MOWBRAY,08:15,2025-10
Southern Line,Outbound (Cape Town to Simon's Town),Weekend,0111,4,MOWBRAY,09:15,2025-10
Southern Line,Outbound (Cape Town to Simon's Town),Weekend,0113,4,MOWBRAY,10:15,2025-10
Southern Line,Outbound (Cape Town to Simon's Town),Weekend,0115,4,MOWBRAY,11:15,2025-10
Southern Line,Outbound (Cape Town to Simon's Town),Weekend,0117,4,MOWBRAY,12:15,2025-10
Southern Line,Outbound (Cape Town to Simon's Town),Weekend,0119,4,MOWBRAY,13:45,2025-10
Southern Line,Outbound (Cape Town to Simon's Town),Weekend,0121,4,MOWBRAY,14:25,2025-10
Southern Line,Outbound (Cape Town to Simon's Town),Weekend,0123,4,MOWBRAY,15:30,2025-10
Southern Line,Outbound (Cape Town to Simon's Town),Weekend,0125,4,MOWBRAY,16:15,2025-10
Southern Line,Outbound (Cape Town to Simon's Town),Weekend,0127,4,MOWBRAY,16:40,2025-10
Southern Line,Outbound (Cape Town to Simon's Town),Weekend,0101,5,ROSEBANK,05:47,2025-10
Southern Line,Outbound (Cape Town to Simon's Town),Weekend,0103,5,ROSEBANK,06:17,2025-10
Southern Line,Outbound (Cape Town to Simon's Town),Weekend,0105,5,ROSEBANK,06:57,2025-10
Southern Line,Outbound (Cape Town to Simon's Town),Weekend,0107,5,ROSEBANK,07:37,2025-10
Southern Line,Outbound (Cape Town to Simon's Town),Weekend,0109,5,ROSEBANK,08:17,2025-10
Southern Line,Outbound (Cape Town to Simon's Town),Weekend,0111,5,ROSEBANK,09:17,2025-10
Southern Line,Outbound (Cape Town to Simon's Town),Weekend,0113,5,ROSEBANK,10:17,2025-10
Southern Line,Outbound (Cape Town to Simon's Town),Weekend,0115,5,ROSEBANK,11:17,2025-10
Southern Line,Outbound (Cape Town to Simon's Town),Weekend,0117,5,ROSEBANK,12:17,2025-10
Southern Line,Outbound (Cape Town to Simon's Town),Weekend,0119,5,ROSEBANK,13:47,2025-10
Southern Line,Outbound (Cape Town to Simon's Town),Weekend,0121,5,ROSEBANK,14:27,2025-10
Southern Line,Outbound (Cape Town to Simon's Town),Weekend,0123,5,ROSEBANK,15:32,2025-10
Southern Line,Outbound (Cape Town to Simon's Town),Weekend,0125,5,ROSEBANK,16:17,2025-10
Southern Line,Outbound (Cape Town to Simon's Town),Weekend,0127,5,ROSEBANK,16:42,2025-10
Southern Line,Outbound (Cape Town to Simon's Town),Weekend,0101,6,RONDEBOSCH,05:49,2025-10
Southern Line,Outbound (Cape Town to Simon's Town),Weekend,0103,6,RONDEBOSCH,06:19,2025-10
Southern Line,Outbound (Cape Town to Simon's Town),Weekend,0105,6,RONDEBOSCH,06:59,2025-10
Southern Line,Outbound (Cape Town to Simon's Town),Weekend,0107,6,RONDEBOSCH,07:39,2025-10
Southern Line,Outbound (Cape Town to Simon's Town),Weekend,0109,6,RONDEBOSCH,08:19,2025-10
Southern Line,Outbound (Cape Town to Simon's Town),Weekend,0111,6,RONDEBOSCH,09:19,2025-10
Southern Line,Outbound (Cape Town to Simon's Town),Weekend,0113,6,RONDEBOSCH,10:19,2025-10
Southern Line,Outbound (Cape Town to Simon's Town),Weekend,0115,6,RONDEBOSCH,11:19,2025-10
Southern Line,Outbound (Cape Town to Simon's Town),Weekend,0117,6,RONDEBOSCH,12:19,2025-10
Southern Line,Outbound (Cape Town to Simon's Town),Weekend,0119,6,RONDEBOSCH,13:49,2025-10
Southern Line,Outbound (Cape Town to Simon's Town),Weekend,0121,6,RONDEBOSCH,14:29,2025-10
Southern Line,Outbound (Cape Town to Simon's Town),Weekend,0123,6,RONDEBOSCH,15:34,2025-10
Southern Line,Outbound (Cape Town to Simon's Town),Weekend,0125,6,RONDEBOSCH,16:19,2025-10
Southern Line,Outbound (Cape Town to Simon's Town),Weekend,0127,6,RONDEBOSCH,16:44,2025-10
Southern Line,Outbound (Cape Town to Simon's Town),Weekend,0101,7,NEWLANDS,05:52,2025-10
Southern Line,Outbound (Cape Town to Simon's Town),Weekend,0103,7,NEWLANDS,06:22,2025-10
Southern Line,Outbound (Cape Town to Simon's Town),Weekend,0105,7,NEWLANDS,07:02,2025-10
Southern Line,Outbound (Cape Town to Simon's Town),Weekend,0107,7,NEWLANDS,07:42,2025-10
Southern Line,Outbound (Cape Town to Simon's Town),Weekend,0109,7,NEWLANDS,08:22,2025-10
Southern Line,Outbound (Cape Town to Simon's Town),Weekend,0111,7,NEWLANDS,09:22,2025-10
Southern Line,Outbound (Cape Town to Simon's Town),Weekend,0113,7,NEWLANDS,10:22,2025-10
Southern Line,Outbound (Cape Town to Simon's Town),Weekend,0115,7,NEWLANDS,11:22,2025-10
Southern Line,Outbound (Cape Town to Simon's Town),Weekend,0117,7,NEWLANDS,12:22,2025-10
Southern Line,Outbound (Cape Town to Simon's Town),Weekend,0119,7,NEWLANDS,13:52,2025-10
Southern Line,Outbound (Cape Town to Simon's Town),Weekend,0121,7,NEWLANDS,14:32,2025-10
Southern Line,Outbound (Cape Town to Simon's Town),Weekend,0123,7,NEWLANDS,15:37,2025-10
Southern Line,Outbound (Cape Town to Simon's Town),Weekend,0125,7,NEWLANDS,16:22,2025-10
Southern Line,Outbound (Cape Town to Simon's Town),Weekend,0127,7,NEWLANDS,16:47,2025-10
Southern Line,Outbound (Cape Town to Simon's Town),Weekend,0101,8,CLAREMONT,05:54,2025-10
Southern Line,Outbound (Cape Town to Simon's Town),Weekend,0103,8,CLAREMONT,06:24,2025-10
Southern Line,Outbound (Cape Town to Simon's Town),Weekend,0105,8,CLAREMONT,07:04,2025-10
Southern Line,Outbound (Cape Town to Simon's Town),Weekend,0107,8,CLAREMONT,07:44,2025-10
Southern Line,Outbound (Cape Town to Simon's Town),Weekend,0109,8,CLAREMONT,08:24,2025-10
Southern Line,Outbound (Cape Town to Simon's Town),Weekend,0111,8,CLAREMONT,09:24,2025-10
Southern Line,Outbound (Cape Town to Simon's Town),Weekend,0113,8,CLAREMONT,10:24,2025-10
Southern Line,Outbound (Cape Town to Simon's Town),Weekend,0115,8,CLAREMONT,11:24,2025-10
Southern Line,Outbound (Cape Town to Simon's Town),Weekend,0117,8,CLAREMONT,12:24,2025-10
Southern Line,Outbound (Cape Town to Simon's Town),Weekend,0119,8,CLAREMONT,13:54,2025-10
Southern Line,Outbound (Cape Town to Simon's Town),Weekend,0121,8,CLAREMONT,14:34,2025-10
Southern Line,Outbound (Cape Town to Simon's Town),Weekend,0123,8,CLAREMONT,15:39,2025-10
Southern Line,Outbound (Cape Town to Simon's Town),Weekend,0125,8,CLAREMONT,16:24,2025-10
Southern Line,Outbound (Cape Town to Simon's Town),Weekend,0127,8,CLAREMONT,16:49,2025-10
Southern Line,Outbound (Cape Town to Simon's Town),Weekend,0101,9,HARFIELD ROAD,05:56,2025-10
Southern Line,Outbound (Cape Town to Simon's Town),Weekend,0103,9,HARFIELD ROAD,06:26,2025-10
Southern Line,Outbound (Cape Town to Simon's Town),Weekend,0105,9,HARFIELD ROAD,07:06,2025-10
Southern Line,Outbound (Cape Town to Simon's Town),Weekend,0107,9,HARFIELD ROAD,07:46,2025-10
Southern Line,Outbound (Cape Town to Simon's Town),Weekend,0109,9,HARFIELD ROAD,08:26,2025-10
Southern Line,Outbound (Cape Town to Simon's Town),Weekend,0111,9,HARFIELD ROAD,09:26,2025-10
Southern Line,Outbound (Cape Town to Simon's Town),Weekend,0113,9,HARFIELD ROAD,10:26,2025-10
Southern Line,Outbound (Cape Town to Simon's Town),Weekend,0115,9,HARFIELD ROAD,11:26,2025-10
Southern Line,Outbound (Cape Town to Simon's Town),Weekend,0117,9,HARFIELD ROAD,12:26,2025-10
Southern Line,Outbound (Cape Town to Simon's Town),Weekend,0119,9,HARFIELD ROAD,13:56,2025-10
Southern Line,Outbound (Cape Town to Simon's Town),Weekend,0121,9,HARFIELD ROAD,14:36,2025-10
Southern Line,Outbound (Cape Town to Simon's Town),Weekend,0123,9,HARFIELD ROAD,15:41,2025-10
Southern Line,Outbound (Cape Town to Simon's Town),Weekend,0125,9,HARFIELD ROAD,16:26,2025-10
Southern Line,Outbound (Cape Town to Simon's Town),Weekend,0127,9,HARFIELD ROAD,16:51,2025-10
Southern Line,Outbound (Cape Town to Simon's Town),Weekend,0101,10,KENILWORTH,05:58,2025-10
Southern Line,Outbound (Cape Town to Simon's Town),Weekend,0103,10,KENILWORTH,06:28,2025-10
Southern Line,Outbound (Cape Town to Simon's Town),Weekend,0105,10,KENILWORTH,07:08,2025-10
Southern Line,Outbound (Cape Town to Simon's Town),Weekend,0107,10,KENILWORTH,07:48,2025-10
Southern Line,Outbound (Cape Town to Simon's Town),Weekend,0109,10,KENILWORTH,08:28,2025-10
Southern Line,Outbound (Cape Town to Simon's Town),Weekend,0111,10,KENILWORTH,09:28,2025-10
Southern Line,Outbound (Cape Town to Simon's Town),Weekend,0113,10,KENILWORTH,10:28,2025-10
Southern Line,Outbound (Cape Town to Simon's Town),Weekend,0115,10,KENILWORTH,11:28,2025-10
Southern Line,Outbound (Cape Town to Simon's Town),Weekend,0117,10,KENILWORTH,12:28,2025-10
Southern Line,Outbound (Cape Town to Simon's Town),Weekend,0119,10,KENILWORTH,13:58,2025-10
Southern Line,Outbound (Cape Town to Simon's Town),Weekend,0121,10,KENILWORTH,14:38,2025-10
Southern Line,Outbound (Cape Town to Simon's Town),Weekend,0123,10,KENILWORTH,15:43,2025-10
Southern Line,Outbound (Cape Town to Simon's Town),Weekend,0125,10,KENILWORTH,16:28,2025-10
Southern Line,Outbound (Cape Town to Simon's Town),Weekend,0127,10,KENILWORTH,16:53,2025-10
Southern Line,Outbound (Cape Town to Simon's Town),Weekend,0101,11,WYNBERG,06:00,2025-10
Southern Line,Outbound (Cape Town to Simon's Town),Weekend,0103,11,WYNBERG,06:30,2025-10
Southern Line,Outbound (Cape Town to Simon's Town),Weekend,0105,11,WYNBERG,07:10,2025-10
Southern Line,Outbound (Cape Town to Simon's Town),Weekend,0107,11,WYNBERG,07:50,2025-10
Southern Line,Outbound (Cape Town to Simon's Town),Weekend,0109,11,WYNBERG,08:30,2025-10
Southern Line,Outbound (Cape Town to Simon's Town),Weekend,0111,11,WYNBERG,09:30,2025-10
Southern Line,Outbound (Cape Town to Simon's Town),Weekend,0113,11,WYNBERG,10:30,2025-10
Southern Line,Outbound (Cape Town to Simon's Town),Weekend,0115,11,WYNBERG,11:30,2025-10
Southern Line,Outbound (Cape Town to Simon's Town),Weekend,0117,11,WYNBERG,12:30,2025-10
Southern Line,Outbound (Cape Town to Simon's Town),Weekend,0119,11,WYNBERG,14:00,2025-10
Southern Line,Outbound (Cape Town to Simon's Town),Weekend,0121,11,WYNBERG,14:40,2025-10
Southern Line,Outbound (Cape Town to Simon's Town),Weekend,0123,11,WYNBERG,15:45,2025-10
Southern Line,Outbound (Cape Town to Simon's Town),Weekend,0125,11,WYNBERG,16:30,2025-10
Southern Line,Outbound (Cape Town to Simon's Town),Weekend,0127,11,WYNBERG,16:55,2025-10
Southern Line,Outbound (Cape Town to Simon's Town),Weekend,0101,12,WITTEBOME,06:02,2025-10
Southern Line,Outbound (Cape Town to Simon's Town),Weekend,0103,12,WITTEBOME,06:32,2025-10
Southern Line,Outbound (Cape Town to Simon's Town),Weekend,0105,12,WITTEBOME,07:12,2025-10
Southern Line,Outbound (Cape Town to Simon's Town),Weekend,0107,12,WITTEBOME,07:52,2025-10
Southern Line,Outbound (Cape Town to Simon's Town),Weekend,0109,12,WITTEBOME,08:32,2025-10
Southern Line,Outbound (Cape Town to Simon's Town),Weekend,0111,12,WITTEBOME,09:32,2025-10
Southern Line,Outbound (Cape Town to Simon's Town),Weekend,0113,12,WITTEBOME,10:32,2025-10
Southern Line,Outbound (Cape Town to Simon's Town),Weekend,0115,12,WITTEBOME,11:32,2025-10
Southern Line,Outbound (Cape Town to Simon's Town),Weekend,0117,12,WITTEBOME,12:32,2025-10
Southern Line,Outbound (Cape Town to Simon's Town),Weekend,0119,12,WITTEBOME,14:02,2025-10
Southern Line,Outbound (Cape Town to Simon's Town),Weekend,0121,12,WITTEBOME,14:42,2025-10
Southern Line,Outbound (Cape Town to Simon's Town),Weekend,0123,12,WITTEBOME,15:47,2025-10
Southern Line,Outbound (Cape Town to Simon's Town),Weekend,0125,12,WITTEBOME,16:32,2025-10
Southern Line,Outbound (Cape Town to Simon's Town),Weekend,0127,12,WITTEBOME,16:57,2025-10
Southern Line,Outbound (Cape Town to Simon's Town),Weekend,0101,13,PLUMSTEAD,06:04,2025-10
Southern Line,Outbound (Cape Town to Simon's Town),Weekend,0103,13,PLUMSTEAD,06:34,2025-10
Southern Line,Outbound (Cape Town to Simon's Town),Weekend,0105,13,PLUMSTEAD,07:14,2025-10
Southern Line,Outbound (Cape Town to Simon's Town),Weekend,0107,13,PLUMSTEAD,07:54,2025-10
Southern Line,Outbound (Cape Town to Simon's Town),Weekend,0109,13,PLUMSTEAD,08:34,2025-10
Southern Line,Outbound (Cape Town to Simon's Town),Weekend,0111,13,PLUMSTEAD,09:34,2025-10
Southern Line,Outbound (Cape Town to Simon's Town),Weekend,0113,13,PLUMSTEAD,10:34,2025-10
Southern Line,Outbound (Cape Town to Simon's Town),Weekend,0115,13,PLUMSTEAD,11:34,2025-10
Southern Line,Outbound (Cape Town to Simon's Town),Weekend,0117,13,PLUMSTEAD,12:34,2025-10
Southern Line,Outbound (Cape Town to Simon's Town),Weekend,0119,13,PLUMSTEAD,14:04,2025-10
Southern Line,Outbound (Cape Town to Simon's Town),Weekend,0121,13,PLUMSTEAD,14:44,2025-10
Southern Line,Outbound (Cape Town to Simon's Town),Weekend,0123,13,PLUMSTEAD,15:49,2025-10
Southern Line,Outbound (Cape Town to Simon's Town),Weekend,0125,13,PLUMSTEAD,16:34,2025-10
Southern Line,Outbound (Cape Town to Simon's Town),Weekend,0127,13,PLUMSTEAD,16:59,2025-10
Southern Line,Outbound (Cape Town to Simon's Town),Weekend,0101,14,STEURHOF,06:06,2025-10
Southern Line,Outbound (Cape Town to Simon's Town),Weekend,0103,14,STEURHOF,06:36,2025-10
Southern Line,Outbound (Cape Town to Simon's Town),Weekend,0105,14,STEURHOF,07:16,2025-10
Southern Line,Outbound (Cape Town to Simon's Town),Weekend,0107,14,STEURHOF,07:56,2025-10
Southern Line,Outbound (Cape Town to Simon's Town),Weekend,0109,14,STEURHOF,08:36,2025-10
Southern Line,Outbound (Cape Town to Simon's Town),Weekend,0111,14,STEURHOF,09:36,2025-10
Southern Line,Outbound (Cape Town to Simon's Town),Weekend,0113,14,STEURHOF,10:36,2025-10
Southern Line,Outbound (Cape Town to Simon's Town),Weekend,0115,14,STEURHOF,11:36,2025-10
Southern Line,Outbound (Cape Town to Simon's Town),Weekend,0117,14,STEURHOF,12:36,2025-10
Southern Line,Outbound (Cape Town to Simon's Town),Weekend,0119,14,STEURHOF,14:06,2025-10
Southern Line,Outbound (Cape Town to Simon's Town),Weekend,0121,14,STEURHOF,14:46,2025-10
Southern Line,Outbound (Cape Town to Simon's Town),Weekend,0123,14,STEURHOF,15:51,2025-10
Southern Line,Outbound (Cape Town to Simon's Town),Weekend,0125,14,STEURHOF,16:36,2025-10
Southern Line,Outbound (Cape Town to Simon's Town),Weekend,0127,14,STEURHOF,17:01,2025-10
Southern Line,Outbound (Cape Town to Simon's Town),Weekend,0101,15,DIEPRIVIER,06:08,2025-10
Southern Line,Outbound (Cape Town to Simon's Town),Weekend,0103,15,DIEPRIVIER,06:38,2025-10
Southern Line,Outbound (Cape Town to Simon's Town),Weekend,0105,15,DIEPRIVIER,07:18,2025-10
Southern Line,Outbound (Cape Town to Simon's Town),Weekend,0107,15,DIEPRIVIER,07:58,2025-10
Southern Line,Outbound (Cape Town to Simon's Town),Weekend,0109,15,DIEPRIVIER,08:38,2025-10
Southern Line,Outbound (Cape Town to Simon's Town),Weekend,0111,15,DIEPRIVIER,09:38,2025-10
Southern Line,Outbound (Cape Town to Simon's Town),Weekend,0113,15,DIEPRIVIER,10:38,2025-10
Southern Line,Outbound (Cape Town to Simon's Town),Weekend,0115,15,DIEPRIVIER,11:38,2025-10
Southern Line,Outbound (Cape Town to Simon's Town),Weekend,0117,15,DIEPRIVIER,12:38,2025-10
Southern Line,Outbound (Cape Town to Simon's Town),Weekend,0119,15,DIEPRIVIER,14:08,2025-10
Southern Line,Outbound (Cape Town to Simon's Town),Weekend,0121,15,DIEPRIVIER,14:50,2025-10
Southern Line,Outbound (Cape Town to Simon's Town),Weekend,0123,15,DIEPRIVIER,15:53,2025-10
Southern Line,Outbound (Cape Town to Simon's Town),Weekend,0125,15,DIEPRIVIER,16:38,2025-10
Southern Line,Outbound (Cape Town to Simon's Town),Weekend,0127,15,DIEPRIVIER,17:03,2025-10
Southern Line,Outbound (Cape Town to Simon's Town),Weekend,0101,16,HEATHFIELD,06:10,2025-10
Southern Line,Outbound (Cape Town to Simon's Town),Weekend,0103,16,HEATHFIELD,06:40,2025-10
Southern Line,Outbound (Cape Town to Simon's Town),Weekend,0105,16,HEATHFIELD,07:20,2025-10
Southern Line,Outbound (Cape Town to Simon's Town),Weekend,0107,16,HEATHFIELD,08:00,2025-10
Southern Line,Outbound (Cape Town to Simon's Town),Weekend,0109,16,HEATHFIELD,08:40,2025-10
Southern Line,Outbound (Cape Town to Simon's Town),Weekend,0111,16,HEATHFIELD,09:40,2025-10
Southern Line,Outbound (Cape Town to Simon's Town),Weekend,0113,16,HEATHFIELD,10:40,2025-10
Southern Line,Outbound (Cape Town to Simon's Town),Weekend,0115,16,HEATHFIELD,11:40,2025-10
Southern Line,Outbound (Cape Town to Simon's Town),Weekend,0117,16,HEATHFIELD,12:40,2025-10
Southern Line,Outbound (Cape Town to Simon's Town),Weekend,0119,16,HEATHFIELD,14:10,2025-10
Southern Line,Outbound (Cape Town to Simon's Town),Weekend,0121,16,HEATHFIELD,14:50,2025-10
Southern Line,Outbound (Cape Town to Simon's Town),Weekend,0123,16,HEATHFIELD,15:55,2025-10
Southern Line,Outbound (Cape Town to Simon's Town),Weekend,0125,16,HEATHFIELD,16:40,2025-10
Southern Line,Outbound (Cape Town to Simon's Town),Weekend,0127,16,HEATHFIELD,17:05,2025-10
Southern Line,Outbound (Cape Town to Simon's Town),Weekend,0101,17,RETREAT,06:13,2025-10
Southern Line,Outbound (Cape Town to Simon's Town),Weekend,0103,17,RETREAT,06:43,2025-10
Southern Line,Outbound (Cape Town to Simon's Town),Weekend,0105,17,RETREAT,07:23,2025-10
Southern Line,Outbound (Cape Town to Simon's Town),Weekend,0107,17,RETREAT,08:03,2025-10
Southern Line,Outbound (Cape Town to Simon's Town),Weekend,0109,17,RETREAT,08:43,2025-10
Southern Line,Outbound (Cape Town to Simon's Town),Weekend,0111,17,RETREAT,09:43,2025-10
Southern Line,Outbound (Cape Town to Simon's Town),Weekend,0113,17,RETREAT,10:43,2025-10
Southern Line,Outbound (Cape Town to Simon's Town),Weekend,0115,17,RETREAT,11:43,2025-10
Southern Line,Outbound (Cape Town to Simon's Town),Weekend,0117,17,RETREAT,12:43,2025-10
Southern Line,Outbound (Cape Town to Simon's Town),Weekend,0119,17,RETREAT,14:13,2025-10
Southern Line,Outbound (Cape Town to Simon's Town),Weekend,0121,17,RETREAT,14:53,2025-10
Southern Line,Outbound (Cape Town to Simon's Town),Weekend,0123,17,RETREAT,15:58,2025-10
Southern Line,Outbound (Cape Town to Simon's Town),Weekend,0125,17,RETREAT,16:43,2025-10
Southern Line,Outbound (Cape Town to Simon's Town),Weekend,0127,17,RETREAT,17:08,2025-10
Southern Line,Outbound (Cape Town to Simon's Town),Weekend,0101,18,STEENBERG,06:16,2025-10
Southern Line,Outbound (Cape Town to Simon's Town),Weekend,0103,18,STEENBERG,06:46,2025-10
Southern Line,Outbound (Cape Town to Simon's Town),Weekend,0105,18,STEENBERG,07:26,2025-10
Southern Line,Outbound (Cape Town to Simon's Town),Weekend,0107,18,STEENBERG,08:06,2025-10
Southern Line,Outbound (Cape Town to Simon's Town),Weekend,0109,18,STEENBERG,08:46,2025-10
Southern Line,Outbound (Cape Town to Simon's Town),Weekend,0111,18,STEENBERG,09:46,2025-10
Southern Line,Outbound (Cape Town to Simon's Town),Weekend,0113,18,STEENBERG,10:46,2025-10
Southern Line,Outbound (Cape Town to Simon's Town),Weekend,0115,18,STEENBERG,11:46,2025-10
Southern Line,Outbound (Cape Town to Simon's Town),Weekend,0117,18,STEENBERG,12:46,2025-10
Southern Line,Outbound (Cape Town to Simon's Town),Weekend,0119,18,STEENBERG,14:16,2025-10
Southern Line,Outbound (Cape Town to Simon's Town),Weekend,0121,18,STEENBERG,14:56,2025-10
Southern Line,Outbound (Cape Town to Simon's Town),Weekend,0123,18,STEENBERG,16:01,2025-10
Southern Line,Outbound (Cape Town to Simon's Town),Weekend,0125,18,STEENBERG,16:46,2025-10
Southern Line,Outbound (Cape Town to Simon's Town),Weekend,0127,18,STEENBERG,17:11,2025-10
Southern Line,Outbound (Cape Town to Simon's Town),Weekend,0101,19,LAKESIDE,06:18,2025-10
Southern Line,Outbound (Cape Town to Simon's Town),Weekend,0103,19,LAKESIDE,06:48,2025-10
Southern Line,Outbound (Cape Town to Simon's Town),Weekend,0105,19,LAKESIDE,07:28,2025-10
Southern Line,Outbound (Cape Town to Simon's Town),Weekend,0107,19,LAKESIDE,08:08,2025-10
Southern Line,Outbound (Cape Town to Simon's Town),Weekend,0109,19,LAKESIDE,08:48,2025-10
Southern Line,Outbound (Cape Town to Simon's Town),Weekend,0111,19,LAKESIDE,09:48,2025-10
Southern Line,Outbound (Cape Town to Simon's Town),Weekend,0113,19,LAKESIDE,10:48,2025-10
Southern Line,Outbound (Cape Town to Simon's Town),Weekend,0115,19,LAKESIDE,11:48,2025-10
Southern Line,Outbound (Cape Town to Simon's Town),Weekend,0117,19,LAKESIDE,12:48,2025-10
Southern Line,Outbound (Cape Town to Simon's Town),Weekend,0119,19,LAKESIDE,14:18,2025-10
Southern Line,Outbound (Cape Town to Simon's Town),Weekend,0121,19,LAKESIDE,14:58,2025-10
Southern Line,Outbound (Cape Town to Simon's Town),Weekend,0123,19,LAKESIDE,16:03,2025-10
Southern Line,Outbound (Cape Town to Simon's Town),Weekend,0125,19,LAKESIDE,16:48,2025-10
Southern Line,Outbound (Cape Town to Simon's Town),Weekend,0127,19,LAKESIDE,17:13,2025-10
Southern Line,Outbound (Cape Town to Simon's Town),Weekend,0101,20,FALSE BAY,06:21,2025-10
Southern Line,Outbound (Cape Town to Simon's Town),Weekend,0103,20,FALSE BAY,06:51,2025-10
Southern Line,Outbound (Cape Town to Simon's Town),Weekend,0105,20,FALSE BAY,07:31,2025-10
Southern Line,Outbound (Cape Town to Simon's Town),Weekend,0107,20,FALSE BAY,08:11,2025-10
Southern Line,Outbound (Cape Town to Simon's Town),Weekend,0109,20,FALSE BAY,08:51,2025-10
Southern Line,Outbound (Cape Town to Simon's Town),Weekend,0111,20,FALSE BAY,09:51,2025-10
Southern Line,Outbound (Cape Town to Simon's Town),Weekend,0113,20,FALSE BAY,10:51,2025-10
Southern Line,Outbound (Cape Town to Simon's Town),Weekend,0115,20,FALSE BAY,11:51,2025-10
Southern Line,Outbound (Cape Town to Simon's Town),Weekend,0117,20,FALSE BAY,12:51,2025-10
Southern Line,Outbound (Cape Town to Simon's Town),Weekend,0119,20,FALSE BAY,14:21,2025-10
Southern Line,Outbound (Cape Town to Simon's Town),Weekend,0121,20,FALSE BAY,15:01,2025-10
Southern Line,Outbound (Cape Town to Simon's Town),Weekend,0123,20,FALSE BAY,16:06,2025-10
Southern Line,Outbound (Cape Town to Simon's Town),Weekend,0125,20,FALSE BAY,16:51,2025-10
Southern Line,Outbound (Cape Town to Simon's Town),Weekend,0127,20,FALSE BAY,17:16,2025-10
Southern Line,Outbound (Cape Town to Simon's Town),Weekend,0101,21,MUIZENBERG,06:23,2025-10
Southern Line,Outbound (Cape Town to Simon's Town),Weekend,0103,21,MUIZENBERG,06:53,2025-10
Southern Line,Outbound (Cape Town to Simon's Town),Weekend,0105,21,MUIZENBERG,07:33,2025-10
Southern Line,Outbound (Cape Town to Simon's Town),Weekend,0107,21,MUIZENBERG,08:13,2025-10
Southern Line,Outbound (Cape Town to Simon's Town),Weekend,0109,21,MUIZENBERG,08:53,2025-10
Southern Line,Outbound (Cape Town to Simon's Town),Weekend,0111,21,MUIZENBERG,09:53,2025-10
Southern Line,Outbound (Cape Town to Simon's Town),Weekend,0113,21,MUIZENBERG,10:53,2025-10
Southern Line,Outbound (Cape Town to Simon's Town),Weekend,0115,21,MUIZENBERG,11:53,2025-10
Southern Line,Outbound (Cape Town to Simon's Town),Weekend,0117,21,MUIZENBERG,12:53,2025-10
Southern Line,Outbound (Cape Town to Simon's Town),Weekend,0119,21,MUIZENBERG,14:23,2025-10
Southern Line,Outbound (Cape Town to Simon's Town),Weekend,0121,21,MUIZENBERG,15:03,2025-10
Southern Line,Outbound (Cape Town to Simon's Town),Weekend,0123,21,MUIZENBERG,16:08,2025-10
Southern Line,Outbound (Cape Town to Simon's Town),Weekend,0125,21,MUIZENBERG,16:53,2025-10
Southern Line,Outbound (Cape Town to Simon's Town),Weekend,0127,21,MUIZENBERG,17:18,2025-10
Southern Line,Outbound (Cape Town to Simon's Town),Weekend,0101,22,ST JAMES,06:26,2025-10
Southern Line,Outbound (Cape Town to Simon's Town),Weekend,0103,22,ST JAMES,06:56,2025-10
Southern Line,Outbound (Cape Town to Simon's Town),Weekend,0105,22,ST JAMES,07:36,2025-10
Southern Line,Outbound (Cape Town to Simon's Town),Weekend,0107,22,ST JAMES,08:16,2025-10
Southern Line,Outbound (Cape Town to Simon's Town),Weekend,0109,22,ST JAMES,08:56,2025-10
Southern Line,Outbound (Cape Town to Simon's Town),Weekend,0111,22,ST JAMES,09:56,2025-10
Southern Line,Outbound (Cape Town to Simon's Town),Weekend,0113,22,ST JAMES,10:56,2025-10
Southern Line,Outbound (Cape Town to Simon's Town),Weekend,0115,22,ST JAMES,11:56,2025-10
Southern Line,Outbound (Cape Town to Simon's Town),Weekend,0117,22,ST JAMES,12:56,2025-10
Southern Line,Outbound (Cape Town to Simon's Town),Weekend,0119,22,ST JAMES,14:26,2025-10
Southern Line,Outbound (Cape Town to Simon's Town),Weekend,0121,22,ST JAMES,15:06,2025-10
Southern Line,Outbound (Cape Town to Simon's Town),Weekend,0123,22,ST JAMES,16:10,2025-10
Southern Line,Outbound (Cape Town to Simon's Town),Weekend,0125,22,ST JAMES,16:56,2025-10
Southern Line,Outbound (Cape Town to Simon's Town),Weekend,0127,22,ST JAMES,17:21,2025-10
Southern Line,Outbound (Cape Town to Simon's Town),Weekend,0101,23,KALKBAAI,06:28,2025-10
Southern Line,Outbound (Cape Town to Simon's Town),Weekend,0103,23,KALKBAAI,06:58,2025-10
Southern Line,Outbound (Cape Town to Simon's Town),Weekend,0105,23,KALKBAAI,07:38,2025-10
Southern Line,Outbound (Cape Town to Simon's Town),Weekend,0107,23,KALKBAAI,08:18,2025-10
Southern Line,Outbound (Cape Town to Simon's Town),Weekend,0109,23,KALKBAAI,08:58,2025-10
Southern Line,Outbound (Cape Town to Simon's Town),Weekend,0111,23,KALKBAAI,09:58,2025-10
Southern Line,Outbound (Cape Town to Simon's Town),Weekend,0113,23,KALKBAAI,10:58,2025-10
Southern Line,Outbound (Cape Town to Simon's Town),Weekend,0115,23,KALKBAAI,11:58,2025-10
Southern Line,Outbound (Cape Town to Simon's Town),Weekend,0117,23,KALKBAAI,12:58,2025-10
Southern Line,Outbound (Cape Town to Simon's Town),Weekend,0119,23,KALKBAAI,14:28,2025-10
Southern Line,Outbound (Cape Town to Simon's Town),Weekend,0121,23,KALKBAAI,15:08,2025-10
Southern Line,Outbound (Cape Town to Simon's Town),Weekend,0123,23,KALKBAAI,16:13,2025-10
Southern Line,Outbound (Cape Town to Simon's Town),Weekend,0125,23,KALKBAAI,16:58,2025-10
Southern Line,Outbound (Cape Town to Simon's Town),Weekend,0127,23,KALKBAAI,17:23,2025-10
Southern Line,Outbound (Cape Town to Simon's Town),Weekend,0101,24,FISH HOEK,06:33,2025-10
Southern Line,Outbound (Cape Town to Simon's Town),Weekend,0103,24,FISH HOEK,07:03,2025-10
Southern Line,Outbound (Cape Town to Simon's Town),Weekend,0105,24,FISH HOEK,07:43,2025-10
Southern Line,Outbound (Cape Town to Simon's Town),Weekend,0107,24,FISH HOEK,08:23,2025-10
Southern Line,Outbound (Cape Town to Simon's Town),Weekend,0109,24,FISH HOEK,09:03,2025-10
Southern Line,Outbound (Cape Town to Simon's Town),Weekend,0111,24,FISH HOEK,10:03,2025-10
Southern Line,Outbound (Cape Town to Simon's Town),Weekend,0113,24,FISH HOEK,11:03,2025-10
Southern Line,Outbound (Cape Town to Simon's Town),Weekend,0115,24,FISH HOEK,12:03,2025-10
Southern Line,Outbound (Cape Town to Simon's Town),Weekend,0117,24,FISH HOEK,13:03,2025-10
Southern Line,Outbound (Cape Town to Simon's Town),Weekend,0119,24,FISH HOEK,14:33,2025-10
Southern Line,Outbound (Cape Town to Simon's Town),Weekend,0121,24,FISH HOEK,15:13,2025-10
Southern Line,Outbound (Cape Town to Simon's Town),Weekend,0123,24,FISH HOEK,16:18,2025-10
Southern Line,Outbound (Cape Town to Simon's Town),Weekend,0125,24,FISH HOEK,17:03,2025-10
Southern Line,Outbound (Cape Town to Simon's Town),Weekend,0127,24,FISH HOEK,17:28,2025-10
Southern Line,Outbound (Cape Town to Simon's Town),Weekend,0201,25,SUNNY COVE,05:59,2025-10
Southern Line,Outbound (Cape Town to Simon's Town),Weekend,0203,25,SUNNY COVE,07:19,2025-10
Southern Line,Outbound (Cape Town to Simon's Town),Weekend,0205,25,SUNNY COVE,08:19,2025-10
Southern Line,Outbound (Cape Town to Simon's Town),Weekend,0207,25,SUNNY COVE,09:19,2025-10
Southern Line,Outbound (Cape Town to Simon's Town),Weekend,0209,25,SUNNY COVE,10:19,2025-10
Southern Line,Outbound (Cape Town to Simon's Town),Weekend,0211,25,SUNNY COVE,11:19,2025-10
Southern Line,Outbound (Cape Town to Simon's Town),Weekend,0213,25,SUNNY COVE,12:19,2025-10
Southern Line,Outbound (Cape Town to Simon's Town),Weekend,0215,25,SUNNY COVE,13:19,2025-10
Southern Line,Outbound (Cape Town to Simon's Town),Weekend,0201,26,GLENCAIRN,06:08,2025-10
Southern Line,Outbound (Cape Town to Simon's Town),Weekend,0203,26,GLENCAIRN,07:28,2025-10
Southern Line,Outbound (Cape Town to Simon's Town),Weekend,0205,26,GLENCAIRN,08:28,2025-10
Southern Line,Outbound (Cape Town to Simon's Town),Weekend,0207,26,GLENCAIRN,09:28,2025-10
Southern Line,Outbound (Cape Town to Simon's Town),Weekend,0209,26,GLENCAIRN,10:28,2025-10
Southern Line,Outbound (Cape Town to Simon's Town),Weekend,0211,26,GLENCAIRN,11:28,2025-10
Southern Line,Outbound (Cape Town to Simon's Town),Weekend,0213,26,GLENCAIRN,12:28,2025-10
Southern Line,Outbound (Cape Town to Simon's Town),Weekend,0215,26,GLENCAIRN,13:28,2025-10
Southern Line,Outbound (Cape Town to Simon's Town),Weekend,0201,27,SIMONSTOWN,06:15,2025-10
Southern Line,Outbound (Cape Town to Simon's Town),Weekend,0203,27,SIMONSTOWN,07:35,2025-10
Southern Line,Outbound (Cape Town to Simon's Town),Weekend,0205,27,SIMONSTOWN,08:35,2025-10
Southern Line,Outbound (Cape Town to Simon's Town),Weekend,0207,27,SIMONSTOWN,09:35,2025-10
Southern Line,Outbound (Cape Town to Simon's Town),Weekend,0209,27,SIMONSTOWN,10:35,2025-10
Southern Line,Outbound (Cape Town to Simon's Town),Weekend,0211,27,SIMONSTOWN,11:35,2025-10
Southern Line,Outbound (Cape Town to Simon's Town),Weekend,0213,27,SIMONSTOWN,12:35,2025-10
Southern Line,Outbound (Cape Town to Simon's Town),Weekend,0215,27,SIMONSTOWN,13:35,2025-10
Southern Line,Outbound (Cape Town to Simon's Town),Weekend,0121,25,SUNNY COVE,16:23,2025-10
Southern Line,Outbound (Cape Town to Simon's Town),Weekend,0121,26,GLENCAIRN,16:32,2025-10
Southern Line,Outbound (Cape Town to Simon's Town),Weekend,0121,27,SIMONSTOWN,16:38,2025-10
Central Line,Inbound (Chris Hani/Kapteinsklip/Bellville to Cape Town),Weekday,9002,0,BELLVILLE,05:15,2026-03-02
Central Line,Inbound (Chris Hani/Kapteinsklip/Bellville to Cape Town),Weekday,9004,0,BELLVILLE,06:15,2026-03-02
Central Line,Inbound (Chris Hani/Kapteinsklip/Bellville to Cape Town),Weekday,9006,0,BELLVILLE,07:05,2026-03-02
Central Line,Inbound (Chris Hani/Kapteinsklip/Bellville to Cape Town),Weekday,9008,0,BELLVILLE,08:35,2026-03-02
Central Line,Inbound (Chris Hani/Kapteinsklip/Bellville to Cape Town),Weekday,9010,0,BELLVILLE,09:05,2026-03-02
Central Line,Inbound (Chris Hani/Kapteinsklip/Bellville to Cape Town),Weekday,9012,0,BELLVILLE,10:25,2026-03-02
Central Line,Inbound (Chris Hani/Kapteinsklip/Bellville to Cape Town),Weekday,9014,0,BELLVILLE,11:50,2026-03-02
Central Line,Inbound (Chris Hani/Kapteinsklip/Bellville to Cape Town),Weekday,9016,0,BELLVILLE,13:15,2026-03-02
Central Line,Inbound (Chris Hani/Kapteinsklip/Bellville to Cape Town),Weekday,9020,0,BELLVILLE,15:00,2026-03-02
Central Line,Inbound (Chris Hani/Kapteinsklip/Bellville to Cape Town),Weekday,9022,0,BELLVILLE,15:40,2026-03-02
Central Line,Inbound (Chris Hani/Kapteinsklip/Bellville to Cape Town),Weekday,9024,0,BELLVILLE,16:20,2026-03-02
Central Line,Inbound (Chris Hani/Kapteinsklip/Bellville to Cape Town),Weekday,9026,0,BELLVILLE,17:30,2026-03-02
Central Line,Inbound (Chris Hani/Kapteinsklip/Bellville to Cape Town),Weekday,9028,0,BELLVILLE,18:00,2026-03-02
Central Line,Inbound (Chris Hani/Kapteinsklip/Bellville to Cape Town),Weekday,9002,1,SAREPTA,05:21,2026-03-02
Central Line,Inbound (Chris Hani/Kapteinsklip/Bellville to Cape Town),Weekday,9004,1,SAREPTA,06:21,2026-03-02
Central Line,Inbound (Chris Hani/Kapteinsklip/Bellville to Cape Town),Weekday,9006,1,SAREPTA,07:11,2026-03-02
Central Line,Inbound (Chris Hani/Kapteinsklip/Bellville to Cape Town),Weekday,9008,1,SAREPTA,08:41,2026-03-02
Central Line,Inbound (Chris Hani/Kapteinsklip/Bellville to Cape Town),Weekday,9010,1,SAREPTA,09:11,2026-03-02
Central Line,Inbound (Chris Hani/Kapteinsklip/Bellville to Cape Town),Weekday,9012,1,SAREPTA,10:31,2026-03-02
Central Line,Inbound (Chris Hani/Kapteinsklip/Bellville to Cape Town),Weekday,9014,1,SAREPTA,11:56,2026-03-02
Central Line,Inbound (Chris Hani/Kapteinsklip/Bellville to Cape Town),Weekday,9016,1,SAREPTA,13:21,2026-03-02
Central Line,Inbound (Chris Hani/Kapteinsklip/Bellville to Cape Town),Weekday,9020,1,SAREPTA,15:06,2026-03-02
Central Line,Inbound (Chris Hani/Kapteinsklip/Bellville to Cape Town),Weekday,9022,1,SAREPTA,15:46,2026-03-02
Central Line,Inbound (Chris Hani/Kapteinsklip/Bellville to Cape Town),Weekday,9024,1,SAREPTA,16:26,2026-03-02
Central Line,Inbound (Chris Hani/Kapteinsklip/Bellville to Cape Town),Weekday,9026,1,SAREPTA,17:36,2026-03-02
Central Line,Inbound (Chris Hani/Kapteinsklip/Bellville to Cape Town),Weekday,9028,1,SAREPTA,18:06,2026-03-02
Central Line,Inbound (Chris Hani/Kapteinsklip/Bellville to Cape Town),Weekday,9002,2,PENTECH,05:24,2026-03-02
Central Line,Inbound (Chris Hani/Kapteinsklip/Bellville to Cape Town),Weekday,9004,2,PENTECH,06:24,2026-03-02
Central Line,Inbound (Chris Hani/Kapteinsklip/Bellville to Cape Town),Weekday,9006,2,PENTECH,07:14,2026-03-02
Central Line,Inbound (Chris Hani/Kapteinsklip/Bellville to Cape Town),Weekday,9008,2,PENTECH,08:44,2026-03-02
Central Line,Inbound (Chris Hani/Kapteinsklip/Bellville to Cape Town),Weekday,9010,2,PENTECH,09:14,2026-03-02
Central Line,Inbound (Chris Hani/Kapteinsklip/Bellville to Cape Town),Weekday,9012,2,PENTECH,10:34,2026-03-02
Central Line,Inbound (Chris Hani/Kapteinsklip/Bellville to Cape Town),Weekday,9014,2,PENTECH,11:59,2026-03-02
Central Line,Inbound (Chris Hani/Kapteinsklip/Bellville to Cape Town),Weekday,9016,2,PENTECH,13:24,2026-03-02
Central Line,Inbound (Chris Hani/Kapteinsklip/Bellville to Cape Town),Weekday,9020,2,PENTECH,15:09,2026-03-02
Central Line,Inbound (Chris Hani/Kapteinsklip/Bellville to Cape Town),Weekday,9022,2,PENTECH,15:49,2026-03-02
Central Line,Inbound (Chris Hani/Kapteinsklip/Bellville to Cape Town),Weekday,9024,2,PENTECH,16:29,2026-03-02
Central Line,Inbound (Chris Hani/Kapteinsklip/Bellville to Cape Town),Weekday,9026,2,PENTECH,17:39,2026-03-02
Central Line,Inbound (Chris Hani/Kapteinsklip/Bellville to Cape Town),Weekday,9028,2,PENTECH,18:09,2026-03-02
Central Line,Inbound (Chris Hani/Kapteinsklip/Bellville to Cape Town),Weekday,9002,3,UNIBELL,05:28,2026-03-02
Central Line,Inbound (Chris Hani/Kapteinsklip/Bellville to Cape Town),Weekday,9004,3,UNIBELL,06:28,2026-03-02
Central Line,Inbound (Chris Hani/Kapteinsklip/Bellville to Cape Town),Weekday,9006,3,UNIBELL,07:18,2026-03-02
Central Line,Inbound (Chris Hani/Kapteinsklip/Bellville to Cape Town),Weekday,9008,3,UNIBELL,08:48,2026-03-02
Central Line,Inbound (Chris Hani/Kapteinsklip/Bellville to Cape Town),Weekday,9010,3,UNIBELL,09:18,2026-03-02
Central Line,Inbound (Chris Hani/Kapteinsklip/Bellville to Cape Town),Weekday,9012,3,UNIBELL,10:38,2026-03-02
Central Line,Inbound (Chris Hani/Kapteinsklip/Bellville to Cape Town),Weekday,9014,3,UNIBELL,12:03,2026-03-02
Central Line,Inbound (Chris Hani/Kapteinsklip/Bellville to Cape Town),Weekday,9016,3,UNIBELL,13:28,2026-03-02
Central Line,Inbound (Chris Hani/Kapteinsklip/Bellville to Cape Town),Weekday,9020,3,UNIBELL,15:13,2026-03-02
Central Line,Inbound (Chris Hani/Kapteinsklip/Bellville to Cape Town),Weekday,9022,3,UNIBELL,15:53,2026-03-02
Central Line,Inbound (Chris Hani/Kapteinsklip/Bellville to Cape Town),Weekday,9024,3,UNIBELL,16:33,2026-03-02
Central Line,Inbound (Chris Hani/Kapteinsklip/Bellville to Cape Town),Weekday,9026,3,UNIBELL,17:43,2026-03-02
Central Line,Inbound (Chris Hani/Kapteinsklip/Bellville to Cape Town),Weekday,9028,3,UNIBELL,18:13,2026-03-02
Central Line,Inbound (Chris Hani/Kapteinsklip/Bellville to Cape Town),Weekday,9002,4,BELHAR,05:32,2026-03-02
Central Line,Inbound (Chris Hani/Kapteinsklip/Bellville to Cape Town),Weekday,9004,4,BELHAR,06:32,2026-03-02
Central Line,Inbound (Chris Hani/Kapteinsklip/Bellville to Cape Town),Weekday,9006,4,BELHAR,07:22,2026-03-02
Central Line,Inbound (Chris Hani/Kapteinsklip/Bellville to Cape Town),Weekday,9008,4,BELHAR,08:52,2026-03-02
Central Line,Inbound (Chris Hani/Kapteinsklip/Bellville to Cape Town),Weekday,9010,4,BELHAR,09:22,2026-03-02
Central Line,Inbound (Chris Hani/Kapteinsklip/Bellville to Cape Town),Weekday,9012,4,BELHAR,10:42,2026-03-02
Central Line,Inbound (Chris Hani/Kapteinsklip/Bellville to Cape Town),Weekday,9014,4,BELHAR,12:07,2026-03-02
Central Line,Inbound (Chris Hani/Kapteinsklip/Bellville to Cape Town),Weekday,9016,4,BELHAR,13:32,2026-03-02
Central Line,Inbound (Chris Hani/Kapteinsklip/Bellville to Cape Town),Weekday,9020,4,BELHAR,15:17,2026-03-02
Central Line,Inbound (Chris Hani/Kapteinsklip/Bellville to Cape Town),Weekday,9022,4,BELHAR,15:57,2026-03-02
Central Line,Inbound (Chris Hani/Kapteinsklip/Bellville to Cape Town),Weekday,9024,4,BELHAR,16:37,2026-03-02
Central Line,Inbound (Chris Hani/Kapteinsklip/Bellville to Cape Town),Weekday,9026,4,BELHAR,17:47,2026-03-02
Central Line,Inbound (Chris Hani/Kapteinsklip/Bellville to Cape Town),Weekday,9028,4,BELHAR,18:17,2026-03-02
Central Line,Inbound (Chris Hani/Kapteinsklip/Bellville to Cape Town),Weekday,9002,5,LAVISTOWN,05:35,2026-03-02
Central Line,Inbound (Chris Hani/Kapteinsklip/Bellville to Cape Town),Weekday,9004,5,LAVISTOWN,06:35,2026-03-02
Central Line,Inbound (Chris Hani/Kapteinsklip/Bellville to Cape Town),Weekday,9006,5,LAVISTOWN,07:25,2026-03-02
Central Line,Inbound (Chris Hani/Kapteinsklip/Bellville to Cape Town),Weekday,9008,5,LAVISTOWN,08:55,2026-03-02
Central Line,Inbound (Chris Hani/Kapteinsklip/Bellville to Cape Town),Weekday,9010,5,LAVISTOWN,09:25,2026-03-02
Central Line,Inbound (Chris Hani/Kapteinsklip/Bellville to Cape Town),Weekday,9012,5,LAVISTOWN,10:45,2026-03-02
Central Line,Inbound (Chris Hani/Kapteinsklip/Bellville to Cape Town),Weekday,9014,5,LAVISTOWN,12:10,2026-03-02
Central Line,Inbound (Chris Hani/Kapteinsklip/Bellville to Cape Town),Weekday,9016,5,LAVISTOWN,13:35,2026-03-02
Central Line,Inbound (Chris Hani/Kapteinsklip/Bellville to Cape Town),Weekday,9020,5,LAVISTOWN,15:20,2026-03-02
Central Line,Inbound (Chris Hani/Kapteinsklip/Bellville to Cape Town),Weekday,9022,5,LAVISTOWN,16:00,2026-03-02
Central Line,Inbound (Chris Hani/Kapteinsklip/Bellville to Cape Town),Weekday,9024,5,LAVISTOWN,16:40,2026-03-02
Central Line,Inbound (Chris Hani/Kapteinsklip/Bellville to Cape Town),Weekday,9026,5,LAVISTOWN,17:50,2026-03-02
Central Line,Inbound (Chris Hani/Kapteinsklip/Bellville to Cape Town),Weekday,9028,5,LAVISTOWN,18:20,2026-03-02
Central Line,Inbound (Chris Hani/Kapteinsklip/Bellville to Cape Town),Weekday,9900,6,CHRIS HANI,04:55,2026-03-02
Central Line,Inbound (Chris Hani/Kapteinsklip/Bellville to Cape Town),Weekday,9902,6,CHRIS HANI,06:12,2026-03-02
Central Line,Inbound (Chris Hani/Kapteinsklip/Bellville to Cape Town),Weekday,9904,6,CHRIS HANI,07:30,2026-03-02
Central Line,Inbound (Chris Hani/Kapteinsklip/Bellville to Cape Town),Weekday,9906,6,CHRIS HANI,08:42,2026-03-02
Central Line,Inbound (Chris Hani/Kapteinsklip/Bellville to Cape Town),Weekday,9908,6,CHRIS HANI,10:22,2026-03-02
Central Line,Inbound (Chris Hani/Kapteinsklip/Bellville to Cape Town),Weekday,9910,6,CHRIS HANI,11:45,2026-03-02
Central Line,Inbound (Chris Hani/Kapteinsklip/Bellville to Cape Town),Weekday,9912,6,CHRIS HANI,13:10,2026-03-02
Central Line,Inbound (Chris Hani/Kapteinsklip/Bellville to Cape Town),Weekday,9914,6,CHRIS HANI,15:02,2026-03-02
Central Line,Inbound (Chris Hani/Kapteinsklip/Bellville to Cape Town),Weekday,9916,6,CHRIS HANI,16:25,2026-03-02
Central Line,Inbound (Chris Hani/Kapteinsklip/Bellville to Cape Town),Weekday,9918,6,CHRIS HANI,17:40,2026-03-02
Central Line,Inbound (Chris Hani/Kapteinsklip/Bellville to Cape Town),Weekday,9920,6,CHRIS HANI,19:10,2026-03-02
Central Line,Inbound (Chris Hani/Kapteinsklip/Bellville to Cape Town),Weekday,9900,7,KUYASA,04:59,2026-03-02
Central Line,Inbound (Chris Hani/Kapteinsklip/Bellville to Cape Town),Weekday,9902,7,KUYASA,06:16,2026-03-02
Central Line,Inbound (Chris Hani/Kapteinsklip/Bellville to Cape Town),Weekday,9904,7,KUYASA,07:34,2026-03-02
Central Line,Inbound (Chris Hani/Kapteinsklip/Bellville to Cape Town),Weekday,9906,7,KUYASA,08:46,2026-03-02
Central Line,Inbound (Chris Hani/Kapteinsklip/Bellville to Cape Town),Weekday,9908,7,KUYASA,10:26,2026-03-02
Central Line,Inbound (Chris Hani/Kapteinsklip/Bellville to Cape Town),Weekday,9910,7,KUYASA,11:49,2026-03-02
Central Line,Inbound (Chris Hani/Kapteinsklip/Bellville to Cape Town),Weekday,9912,7,KUYASA,13:14,2026-03-02
Central Line,Inbound (Chris Hani/Kapteinsklip/Bellville to Cape Town),Weekday,9914,7,KUYASA,15:06,2026-03-02
Central Line,Inbound (Chris Hani/Kapteinsklip/Bellville to Cape Town),Weekday,9916,7,KUYASA,16:29,2026-03-02
Central Line,Inbound (Chris Hani/Kapteinsklip/Bellville to Cape Town),Weekday,9918,7,KUYASA,17:44,2026-03-02
Central Line,Inbound (Chris Hani/Kapteinsklip/Bellville to Cape Town),Weekday,9920,7,KUYASA,19:14,2026-03-02
Central Line,Inbound (Chris Hani/Kapteinsklip/Bellville to Cape Town),Weekday,9900,8,KHAYELITSHA,05:02,2026-03-02
Central Line,Inbound (Chris Hani/Kapteinsklip/Bellville to Cape Town),Weekday,9902,8,KHAYELITSHA,06:19,2026-03-02
Central Line,Inbound (Chris Hani/Kapteinsklip/Bellville to Cape Town),Weekday,9904,8,KHAYELITSHA,07:37,2026-03-02
Central Line,Inbound (Chris Hani/Kapteinsklip/Bellville to Cape Town),Weekday,9906,8,KHAYELITSHA,08:49,2026-03-02
Central Line,Inbound (Chris Hani/Kapteinsklip/Bellville to Cape Town),Weekday,9908,8,KHAYELITSHA,10:29,2026-03-02
Central Line,Inbound (Chris Hani/Kapteinsklip/Bellville to Cape Town),Weekday,9910,8,KHAYELITSHA,11:52,2026-03-02
Central Line,Inbound (Chris Hani/Kapteinsklip/Bellville to Cape Town),Weekday,9912,8,KHAYELITSHA,13:17,2026-03-02
Central Line,Inbound (Chris Hani/Kapteinsklip/Bellville to Cape Town),Weekday,9914,8,KHAYELITSHA,15:09,2026-03-02
Central Line,Inbound (Chris Hani/Kapteinsklip/Bellville to Cape Town),Weekday,9916,8,KHAYELITSHA,16:32,2026-03-02
Central Line,Inbound (Chris Hani/Kapteinsklip/Bellville to Cape Town),Weekday,9918,8,KHAYELITSHA,17:47,2026-03-02
Central Line,Inbound (Chris Hani/Kapteinsklip/Bellville to Cape Town),Weekday,9920,8,KHAYELITSHA,19:17,2026-03-02
Central Line,Inbound (Chris Hani/Kapteinsklip/Bellville to Cape Town),Weekday,9900,9,NONKQUBELA,05:06,2026-03-02
Central Line,Inbound (Chris Hani/Kapteinsklip/Bellville to Cape Town),Weekday,9902,9,NONKQUBELA,06:23,2026-03-02
Central Line,Inbound (Chris Hani/Kapteinsklip/Bellville to Cape Town),Weekday,9904,9,NONKQUBELA,07:41,2026-03-02
Central Line,Inbound (Chris Hani/Kapteinsklip/Bellville to Cape Town),Weekday,9906,9,NONKQUBELA,08:53,2026-03-02
Central Line,Inbound (Chris Hani/Kapteinsklip/Bellville to Cape Town),Weekday,9908,9,NONKQUBELA,10:33,2026-03-02
Central Line,Inbound (Chris Hani/Kapteinsklip/Bellville to Cape Town),Weekday,9910,9,NONKQUBELA,11:56,2026-03-02
Central Line,Inbound (Chris Hani/Kapteinsklip/Bellville to Cape Town),Weekday,9912,9,NONKQUBELA,13:21,2026-03-02
Central Line,Inbound (Chris Hani/Kapteinsklip/Bellville to Cape Town),Weekday,9914,9,NONKQUBELA,15:13,2026-03-02
Central Line,Inbound (Chris Hani/Kapteinsklip/Bellville to Cape Town),Weekday,9916,9,NONKQUBELA,16:36,2026-03-02
Central Line,Inbound (Chris Hani/Kapteinsklip/Bellville to Cape Town),Weekday,9918,9,NONKQUBELA,17:51,2026-03-02
Central Line,Inbound (Chris Hani/Kapteinsklip/Bellville to Cape Town),Weekday,9920,9,NONKQUBELA,19:21,2026-03-02
Central Line,Inbound (Chris Hani/Kapteinsklip/Bellville to Cape Town),Weekday,9400,10,NOLUNGILE,04:40,2026-03-02
Central Line,Inbound (Chris Hani/Kapteinsklip/Bellville to Cape Town),Weekday,9900,10,NOLUNGILE,05:10,2026-03-02
Central Line,Inbound (Chris Hani/Kapteinsklip/Bellville to Cape Town),Weekday,9402,10,NOLUNGILE,05:25,2026-03-02
Central Line,Inbound (Chris Hani/Kapteinsklip/Bellville to Cape Town),Weekday,9906,10,NOLUNGILE,08:57,2026-03-02
Central Line,Inbound (Chris Hani/Kapteinsklip/Bellville to Cape Town),Weekday,9408,10,NOLUNGILE,09:32,2026-03-02
Central Line,Inbound (Chris Hani/Kapteinsklip/Bellville to Cape Town),Weekday,9908,10,NOLUNGILE,10:37,2026-03-02
Central Line,Inbound (Chris Hani/Kapteinsklip/Bellville to Cape Town),Weekday,9410,10,NOLUNGILE,13:05,2026-03-02
Central Line,Inbound (Chris Hani/Kapteinsklip/Bellville to Cape Town),Weekday,9912,10,NOLUNGILE,13:25,2026-03-02
Central Line,Inbound (Chris Hani/Kapteinsklip/Bellville to Cape Town),Weekday,9412,10,NOLUNGILE,15:20,2026-03-02
Central Line,Inbound (Chris Hani/Kapteinsklip/Bellville to Cape Town),Weekday,9914,10,NOLUNGILE,15:17,2026-03-02
Central Line,Inbound (Chris Hani/Kapteinsklip/Bellville to Cape Town),Weekday,9916,10,NOLUNGILE,16:40,2026-03-02
Central Line,Inbound (Chris Hani/Kapteinsklip/Bellville to Cape Town),Weekday,9414,10,NOLUNGILE,17:00,2026-03-02
Central Line,Inbound (Chris Hani/Kapteinsklip/Bellville to Cape Town),Weekday,9918,10,NOLUNGILE,17:55,2026-03-02
Central Line,Inbound (Chris Hani/Kapteinsklip/Bellville to Cape Town),Weekday,9416,10,NOLUNGILE,18:32,2026-03-02
Central Line,Inbound (Chris Hani/Kapteinsklip/Bellville to Cape Town),Weekday,9920,10,NOLUNGILE,19:25,2026-03-02
Central Line,Inbound (Chris Hani/Kapteinsklip/Bellville to Cape Town),Weekday,9418,10,NOLUNGILE,19:45,2026-03-02
Central Line,Inbound (Chris Hani/Kapteinsklip/Bellville to Cape Town),Weekday,9400,11,MANDALAY,04:44,2026-03-02
Central Line,Inbound (Chris Hani/Kapteinsklip/Bellville to Cape Town),Weekday,9900,11,MANDALAY,05:14,2026-03-02
Central Line,Inbound (Chris Hani/Kapteinsklip/Bellville to Cape Town),Weekday,9402,11,MANDALAY,05:29,2026-03-02
Central Line,Inbound (Chris Hani/Kapteinsklip/Bellville to Cape Town),Weekday,9906,11,MANDALAY,09:01,2026-03-02
Central Line,Inbound (Chris Hani/Kapteinsklip/Bellville to Cape Town),Weekday,9408,11,MANDALAY,09:36,2026-03-02
Central Line,Inbound (Chris Hani/Kapteinsklip/Bellville to Cape Town),Weekday,9908,11,MANDALAY,10:41,2026-03-02
Central Line,Inbound (Chris Hani/Kapteinsklip/Bellville to Cape Town),Weekday,9410,11,MANDALAY,13:09,2026-03-02
Central Line,Inbound (Chris Hani/Kapteinsklip/Bellville to Cape Town),Weekday,9912,11,MANDALAY,13:29,2026-03-02
Central Line,Inbound (Chris Hani/Kapteinsklip/Bellville to Cape Town),Weekday,9412,11,MANDALAY,15:24,2026-03-02
Central Line,Inbound (Chris Hani/Kapteinsklip/Bellville to Cape Town),Weekday,9914,11,MANDALAY,15:21,2026-03-02
Central Line,Inbound (Chris Hani/Kapteinsklip/Bellville to Cape Town),Weekday,9916,11,MANDALAY,16:44,2026-03-02
Central Line,Inbound (Chris Hani/Kapteinsklip/Bellville to Cape Town),Weekday,9414,11,MANDALAY,17:04,2026-03-02
Central Line,Inbound (Chris Hani/Kapteinsklip/Bellville to Cape Town),Weekday,9918,11,MANDALAY,17:59,2026-03-02
Central Line,Inbound (Chris Hani/Kapteinsklip/Bellville to Cape Town),Weekday,9416,11,MANDALAY,18:36,2026-03-02
Central Line,Inbound (Chris Hani/Kapteinsklip/Bellville to Cape Town),Weekday,9920,11,MANDALAY,19:29,2026-03-02
Central Line,Inbound (Chris Hani/Kapteinsklip/Bellville to Cape Town),Weekday,9418,11,MANDALAY,19:49,2026-03-02
Central Line,Inbound (Chris Hani/Kapteinsklip/Bellville to Cape Town),Weekday,9400,12,STOCK ROAD,04:47,2026-03-02
Central Line,Inbound (Chris Hani/Kapteinsklip/Bellville to Cape Town),Weekday,9900,12,STOCK ROAD,05:17,2026-03-02
Central Line,Inbound (Chris Hani/Kapteinsklip/Bellville to Cape Town),Weekday,9402,12,STOCK ROAD,05:32,2026-03-02
Central Line,Inbound (Chris Hani/Kapteinsklip/Bellville to Cape Town),Weekday,9906,12,STOCK ROAD,09:04,2026-03-02
Central Line,Inbound (Chris Hani/Kapteinsklip/Bellville to Cape Town),Weekday,9408,12,STOCK ROAD,09:39,2026-03-02
Central Line,Inbound (Chris Hani/Kapteinsklip/Bellville to Cape Town),Weekday,9908,12,STOCK ROAD,10:44,2026-03-02
Central Line,Inbound (Chris Hani/Kapteinsklip/Bellville to Cape Town),Weekday,9410,12,STOCK ROAD,13:12,2026-03-02
Central Line,Inbound (Chris Hani/Kapteinsklip/Bellville to Cape Town),Weekday,9912,12,STOCK ROAD,13:32,2026-03-02
Central Line,Inbound (Chris Hani/Kapteinsklip/Bellville to Cape Town),Weekday,9412,12,STOCK ROAD,15:27,2026-03-02
Central Line,Inbound (Chris Hani/Kapteinsklip/Bellville to Cape Town),Weekday,9914,12,STOCK ROAD,15:24,2026-03-02
Central Line,Inbound (Chris Hani/Kapteinsklip/Bellville to Cape Town),Weekday,9916,12,STOCK ROAD,16:47,2026-03-02
Central Line,Inbound (Chris Hani/Kapteinsklip/Bellville to Cape Town),Weekday,9414,12,STOCK ROAD,17:07,2026-03-02
Central Line,Inbound (Chris Hani/Kapteinsklip/Bellville to Cape Town),Weekday,9918,12,STOCK ROAD,18:02,2026-03-02
Central Line,Inbound (Chris Hani/Kapteinsklip/Bellville to Cape Town),Weekday,9416,12,STOCK ROAD,18:39,2026-03-02
Central Line,Inbound (Chris Hani/Kapteinsklip/Bellville to Cape Town),Weekday,9920,12,STOCK ROAD,19:32,2026-03-02
Central Line,Inbound (Chris Hani/Kapteinsklip/Bellville to Cape Town),Weekday,9418,12,STOCK ROAD,19:52,2026-03-02
Central Line,Inbound (Chris Hani/Kapteinsklip/Bellville to Cape Town),Weekday,9500,13,KAPTEINSKLIP,04:50,2026-03-02
Central Line,Inbound (Chris Hani/Kapteinsklip/Bellville to Cape Town),Weekday,9502,13,KAPTEINSKLIP,06:10,2026-03-02
Central Line,Inbound (Chris Hani/Kapteinsklip/Bellville to Cape Town),Weekday,9508,13,KAPTEINSKLIP,09:20,2026-03-02
Central Line,Inbound (Chris Hani/Kapteinsklip/Bellville to Cape Town),Weekday,9510,13,KAPTEINSKLIP,11:00,2026-03-02
Central Line,Inbound (Chris Hani/Kapteinsklip/Bellville to Cape Town),Weekday,9514,13,KAPTEINSKLIP,15:10,2026-03-02
Central Line,Inbound (Chris Hani/Kapteinsklip/Bellville to Cape Town),Weekday,9516,13,KAPTEINSKLIP,16:32,2026-03-02
Central Line,Inbound (Chris Hani/Kapteinsklip/Bellville to Cape Town),Weekday,9518,13,KAPTEINSKLIP,17:46,2026-03-02
Central Line,Inbound (Chris Hani/Kapteinsklip/Bellville to Cape Town),Weekday,9520,13,KAPTEINSKLIP,18:52,2026-03-02
Central Line,Inbound (Chris Hani/Kapteinsklip/Bellville to Cape Town),Weekday,9522,13,KAPTEINSKLIP,19:55,2026-03-02
Central Line,Inbound (Chris Hani/Kapteinsklip/Bellville to Cape Town),Weekday,9500,14,MITCHELL'S PLAIN,04:53,2026-03-02
Central Line,Inbound (Chris Hani/Kapteinsklip/Bellville to Cape Town),Weekday,9502,14,MITCHELL'S PLAIN,06:13,2026-03-02
Central Line,Inbound (Chris Hani/Kapteinsklip/Bellville to Cape Town),Weekday,9508,14,MITCHELL'S PLAIN,09:23,2026-03-02
Central Line,Inbound (Chris Hani/Kapteinsklip/Bellville to Cape Town),Weekday,9510,14,MITCHELL'S PLAIN,11:03,2026-03-02
Central Line,Inbound (Chris Hani/Kapteinsklip/Bellville to Cape Town),Weekday,9514,14,MITCHELL'S PLAIN,15:13,2026-03-02
Central Line,Inbound (Chris Hani/Kapteinsklip/Bellville to Cape Town),Weekday,9516,14,MITCHELL'S PLAIN,16:35,2026-03-02
Central Line,Inbound (Chris Hani/Kapteinsklip/Bellville to Cape Town),Weekday,9518,14,MITCHELL'S PLAIN,17:49,2026-03-02
Central Line,Inbound (Chris Hani/Kapteinsklip/Bellville to Cape Town),Weekday,9520,14,MITCHELL'S PLAIN,18:55,2026-03-02
Central Line,Inbound (Chris Hani/Kapteinsklip/Bellville to Cape Town),Weekday,9522,14,MITCHELL'S PLAIN,19:58,2026-03-02
Central Line,Inbound (Chris Hani/Kapteinsklip/Bellville to Cape Town),Weekday,9500,15,LENTEGEUR,04:55,2026-03-02
Central Line,Inbound (Chris Hani/Kapteinsklip/Bellville to Cape Town),Weekday,9502,15,LENTEGEUR,06:15,2026-03-02
Central Line,Inbound (Chris Hani/Kapteinsklip/Bellville to Cape Town),Weekday,9508,15,LENTEGEUR,09:25,2026-03-02
Central Line,Inbound (Chris Hani/Kapteinsklip/Bellville to Cape Town),Weekday,9510,15,LENTEGEUR,11:05,2026-03-02
Central Line,Inbound (Chris Hani/Kapteinsklip/Bellville to Cape Town),Weekday,9514,15,LENTEGEUR,15:15,2026-03-02
Central Line,Inbound (Chris Hani/Kapteinsklip/Bellville to Cape Town),Weekday,9516,15,LENTEGEUR,16:37,2026-03-02
Central Line,Inbound (Chris Hani/Kapteinsklip/Bellville to Cape Town),Weekday,9518,15,LENTEGEUR,17:51,2026-03-02
Central Line,Inbound (Chris Hani/Kapteinsklip/Bellville to Cape Town),Weekday,9520,15,LENTEGEUR,18:57,2026-03-02
Central Line,Inbound (Chris Hani/Kapteinsklip/Bellville to Cape Town),Weekday,9522,15,LENTEGEUR,20:00,2026-03-02
Central Line,Inbound (Chris Hani/Kapteinsklip/Bellville to Cape Town),Weekday,9400,16,PHILIPPI,04:52,2026-03-02
Central Line,Inbound (Chris Hani/Kapteinsklip/Bellville to Cape Town),Weekday,9500,16,PHILIPPI,05:00,2026-03-02
Central Line,Inbound (Chris Hani/Kapteinsklip/Bellville to Cape Town),Weekday,9900,16,PHILIPPI,05:22,2026-03-02
Central Line,Inbound (Chris Hani/Kapteinsklip/Bellville to Cape Town),Weekday,9402,16,PHILIPPI,05:37,2026-03-02
Central Line,Inbound (Chris Hani/Kapteinsklip/Bellville to Cape Town),Weekday,9502,16,PHILIPPI,06:20,2026-03-02
Central Line,Inbound (Chris Hani/Kapteinsklip/Bellville to Cape Town),Weekday,9508,16,PHILIPPI,09:30,2026-03-02
Central Line,Inbound (Chris Hani/Kapteinsklip/Bellville to Cape Town),Weekday,9408,16,PHILIPPI,09:44,2026-03-02
Central Line,Inbound (Chris Hani/Kapteinsklip/Bellville to Cape Town),Weekday,9012,16,PHILIPPI,10:49,2026-03-02
Central Line,Inbound (Chris Hani/Kapteinsklip/Bellville to Cape Town),Weekday,9510,16,PHILIPPI,11:10,2026-03-02
Central Line,Inbound (Chris Hani/Kapteinsklip/Bellville to Cape Town),Weekday,9514,16,PHILIPPI,15:20,2026-03-02
Central Line,Inbound (Chris Hani/Kapteinsklip/Bellville to Cape Town),Weekday,9412,16,PHILIPPI,15:32,2026-03-02
Central Line,Inbound (Chris Hani/Kapteinsklip/Bellville to Cape Town),Weekday,9516,16,PHILIPPI,16:42,2026-03-02
Central Line,Inbound (Chris Hani/Kapteinsklip/Bellville to Cape Town),Weekday,9916,16,PHILIPPI,16:52,2026-03-02
Central Line,Inbound (Chris Hani/Kapteinsklip/Bellville to Cape Town),Weekday,9414,16,PHILIPPI,17:12,2026-03-02
Central Line,Inbound (Chris Hani/Kapteinsklip/Bellville to Cape Town),Weekday,9518,16,PHILIPPI,17:56,2026-03-02
Central Line,Inbound (Chris Hani/Kapteinsklip/Bellville to Cape Town),Weekday,9918,16,PHILIPPI,18:07,2026-03-02
Central Line,Inbound (Chris Hani/Kapteinsklip/Bellville to Cape Town),Weekday,9416,16,PHILIPPI,18:44,2026-03-02
Central Line,Inbound (Chris Hani/Kapteinsklip/Bellville to Cape Town),Weekday,9520,16,PHILIPPI,19:02,2026-03-02
Central Line,Inbound (Chris Hani/Kapteinsklip/Bellville to Cape Town),Weekday,9920,16,PHILIPPI,19:37,2026-03-02
Central Line,Inbound (Chris Hani/Kapteinsklip/Bellville to Cape Town),Weekday,9418,16,PHILIPPI,19:57,2026-03-02
Central Line,Inbound (Chris Hani/Kapteinsklip/Bellville to Cape Town),Weekday,9522,16,PHILIPPI,20:05,2026-03-02
Central Line,Inbound (Chris Hani/Kapteinsklip/Bellville to Cape Town),Weekday,9400,17,NYANGA,04:56,2026-03-02
Central Line,Inbound (Chris Hani/Kapteinsklip/Bellville to Cape Town),Weekday,9500,17,NYANGA,05:04,2026-03-02
Central Line,Inbound (Chris Hani/Kapteinsklip/Bellville to Cape Town),Weekday,9900,17,NYANGA,05:26,2026-03-02
Central Line,Inbound (Chris Hani/Kapteinsklip/Bellville to Cape Town),Weekday,9402,17,NYANGA,05:41,2026-03-02
Central Line,Inbound (Chris Hani/Kapteinsklip/Bellville to Cape Town),Weekday,9502,17,NYANGA,06:24,2026-03-02
Central Line,Inbound (Chris Hani/Kapteinsklip/Bellville to Cape Town),Weekday,9508,17,NYANGA,09:34,2026-03-02
Central Line,Inbound (Chris Hani/Kapteinsklip/Bellville to Cape Town),Weekday,9408,17,NYANGA,09:48,2026-03-02
Central Line,Inbound (Chris Hani/Kapteinsklip/Bellville to Cape Town),Weekday,9012,17,NYANGA,10:53,2026-03-02
Central Line,Inbound (Chris Hani/Kapteinsklip/Bellville to Cape Town),Weekday,9510,17,NYANGA,11:14,2026-03-02
Central Line,Inbound (Chris Hani/Kapteinsklip/Bellville to Cape Town),Weekday,9514,17,NYANGA,15:24,2026-03-02
Central Line,Inbound (Chris Hani/Kapteinsklip/Bellville to Cape Town),Weekday,9412,17,NYANGA,15:36,2026-03-02
Central Line,Inbound (Chris Hani/Kapteinsklip/Bellville to Cape Town),Weekday,9516,17,NYANGA,16:46,2026-03-02
Central Line,Inbound (Chris Hani/Kapteinsklip/Bellville to Cape Town),Weekday,9916,17,NYANGA,16:56,2026-03-02
Central Line,Inbound (Chris Hani/Kapteinsklip/Bellville to Cape Town),Weekday,9414,17,NYANGA,17:16,2026-03-02
Central Line,Inbound (Chris Hani/Kapteinsklip/Bellville to Cape Town),Weekday,9518,17,NYANGA,18:00,2026-03-02
Central Line,Inbound (Chris Hani/Kapteinsklip/Bellville to Cape Town),Weekday,9918,17,NYANGA,18:11,2026-03-02
Central Line,Inbound (Chris Hani/Kapteinsklip/Bellville to Cape Town),Weekday,9416,17,NYANGA,18:48,2026-03-02
Central Line,Inbound (Chris Hani/Kapteinsklip/Bellville to Cape Town),Weekday,9520,17,NYANGA,19:06,2026-03-02
Central Line,Inbound (Chris Hani/Kapteinsklip/Bellville to Cape Town),Weekday,9920,17,NYANGA,19:41,2026-03-02
Central Line,Inbound (Chris Hani/Kapteinsklip/Bellville to Cape Town),Weekday,9418,17,NYANGA,20:01,2026-03-02
Central Line,Inbound (Chris Hani/Kapteinsklip/Bellville to Cape Town),Weekday,9522,17,NYANGA,20:09,2026-03-02
Central Line,Inbound (Chris Hani/Kapteinsklip/Bellville to Cape Town),Weekday,9400,18,BONTEHEUWEL,05:02,2026-03-02
Central Line,Inbound (Chris Hani/Kapteinsklip/Bellville to Cape Town),Weekday,9500,18,BONTEHEUWEL,05:10,2026-03-02
Central Line,Inbound (Chris Hani/Kapteinsklip/Bellville to Cape Town),Weekday,9900,18,BONTEHEUWEL,05:32,2026-03-02
Central Line,Inbound (Chris Hani/Kapteinsklip/Bellville to Cape Town),Weekday,9002,18,BONTEHEUWEL,05:37,2026-03-02
Central Line,Inbound (Chris Hani/Kapteinsklip/Bellville to Cape Town),Weekday,9402,18,BONTEHEUWEL,05:47,2026-03-02
Central Line,Inbound (Chris Hani/Kapteinsklip/Bellville to Cape Town),Weekday,9502,18,BONTEHEUWEL,06:30,2026-03-02
Central Line,Inbound (Chris Hani/Kapteinsklip/Bellville to Cape Town),Weekday,9004,18,BONTEHEUWEL,06:37,2026-03-02
Central Line,Inbound (Chris Hani/Kapteinsklip/Bellville to Cape Town),Weekday,9906,18,BONTEHEUWEL,09:09,2026-03-02
Central Line,Inbound (Chris Hani/Kapteinsklip/Bellville to Cape Town),Weekday,9508,18,BONTEHEUWEL,09:30,2026-03-02
Central Line,Inbound (Chris Hani/Kapteinsklip/Bellville to Cape Town),Weekday,9408,18,BONTEHEUWEL,09:44,2026-03-02
Central Line,Inbound (Chris Hani/Kapteinsklip/Bellville to Cape Town),Weekday,9908,18,BONTEHEUWEL,10:49,2026-03-02
Central Line,Inbound (Chris Hani/Kapteinsklip/Bellville to Cape Town),Weekday,9510,18,BONTEHEUWEL,11:20,2026-03-02
Central Line,Inbound (Chris Hani/Kapteinsklip/Bellville to Cape Town),Weekday,9514,18,BONTEHEUWEL,15:30,2026-03-02
Central Line,Inbound (Chris Hani/Kapteinsklip/Bellville to Cape Town),Weekday,9412,18,BONTEHEUWEL,15:42,2026-03-02
Central Line,Inbound (Chris Hani/Kapteinsklip/Bellville to Cape Town),Weekday,9022,18,BONTEHEUWEL,16:02,2026-03-02
Central Line,Inbound (Chris Hani/Kapteinsklip/Bellville to Cape Town),Weekday,9024,18,BONTEHEUWEL,16:42,2026-03-02
Central Line,Inbound (Chris Hani/Kapteinsklip/Bellville to Cape Town),Weekday,9516,18,BONTEHEUWEL,16:52,2026-03-02
Central Line,Inbound (Chris Hani/Kapteinsklip/Bellville to Cape Town),Weekday,9916,18,BONTEHEUWEL,17:02,2026-03-02
Central Line,Inbound (Chris Hani/Kapteinsklip/Bellville to Cape Town),Weekday,9414,18,BONTEHEUWEL,17:22,2026-03-02
Central Line,Inbound (Chris Hani/Kapteinsklip/Bellville to Cape Town),Weekday,9026,18,BONTEHEUWEL,17:52,2026-03-02
Central Line,Inbound (Chris Hani/Kapteinsklip/Bellville to Cape Town),Weekday,9518,18,BONTEHEUWEL,18:06,2026-03-02
Central Line,Inbound (Chris Hani/Kapteinsklip/Bellville to Cape Town),Weekday,9918,18,BONTEHEUWEL,18:17,2026-03-02
Central Line,Inbound (Chris Hani/Kapteinsklip/Bellville to Cape Town),Weekday,9028,18,BONTEHEUWEL,18:22,2026-03-02
Central Line,Inbound (Chris Hani/Kapteinsklip/Bellville to Cape Town),Weekday,9416,18,BONTEHEUWEL,18:54,2026-03-02
Central Line,Inbound (Chris Hani/Kapteinsklip/Bellville to Cape Town),Weekday,9520,18,BONTEHEUWEL,19:12,2026-03-02
Central Line,Inbound (Chris Hani/Kapteinsklip/Bellville to Cape Town),Weekday,9920,18,BONTEHEUWEL,19:47,2026-03-02
Central Line,Inbound (Chris Hani/Kapteinsklip/Bellville to Cape Town),Weekday,9418,18,BONTEHEUWEL,20:07,2026-03-02
Central Line,Inbound (Chris Hani/Kapteinsklip/Bellville to Cape Town),Weekday,9522,18,BONTEHEUWEL,20:15,2026-03-02
Central Line,Inbound (Chris Hani/Kapteinsklip/Bellville to Cape Town),Weekday,9400,19,LANGA,05:05,2026-03-02
Central Line,Inbound (Chris Hani/Kapteinsklip/Bellville to Cape Town),Weekday,9500,19,LANGA,05:13,2026-03-02
Central Line,Inbound (Chris Hani/Kapteinsklip/Bellville to Cape Town),Weekday,9900,19,LANGA,05:35,2026-03-02
Central Line,Inbound (Chris Hani/Kapteinsklip/Bellville to Cape Town),Weekday,9002,19,LANGA,05:40,2026-03-02
Central Line,Inbound (Chris Hani/Kapteinsklip/Bellville to Cape Town),Weekday,9402,19,LANGA,05:50,2026-03-02
Central Line,Inbound (Chris Hani/Kapteinsklip/Bellville to Cape Town),Weekday,9502,19,LANGA,06:33,2026-03-02
Central Line,Inbound (Chris Hani/Kapteinsklip/Bellville to Cape Town),Weekday,9004,19,LANGA,06:40,2026-03-02
Central Line,Inbound (Chris Hani/Kapteinsklip/Bellville to Cape Town),Weekday,9906,19,LANGA,09:13,2026-03-02
Central Line,Inbound (Chris Hani/Kapteinsklip/Bellville to Cape Town),Weekday,9010,19,LANGA,09:27,2026-03-02
Central Line,Inbound (Chris Hani/Kapteinsklip/Bellville to Cape Town),Weekday,9508,19,LANGA,09:43,2026-03-02
Central Line,Inbound (Chris Hani/Kapteinsklip/Bellville to Cape Town),Weekday,9408,19,LANGA,09:57,2026-03-02
Central Line,Inbound (Chris Hani/Kapteinsklip/Bellville to Cape Town),Weekday,9012,19,LANGA,10:50,2026-03-02
Central Line,Inbound (Chris Hani/Kapteinsklip/Bellville to Cape Town),Weekday,9908,19,LANGA,11:02,2026-03-02
Central Line,Inbound (Chris Hani/Kapteinsklip/Bellville to Cape Town),Weekday,9014,19,LANGA,12:15,2026-03-02
Central Line,Inbound (Chris Hani/Kapteinsklip/Bellville to Cape Town),Weekday,9510,19,LANGA,11:23,2026-03-02
Central Line,Inbound (Chris Hani/Kapteinsklip/Bellville to Cape Town),Weekday,9910,19,LANGA,12:25,2026-03-02
Central Line,Inbound (Chris Hani/Kapteinsklip/Bellville to Cape Town),Weekday,9512,19,LANGA,13:33,2026-03-02
Central Line,Inbound (Chris Hani/Kapteinsklip/Bellville to Cape Town),Weekday,9410,19,LANGA,13:30,2026-03-02
Central Line,Inbound (Chris Hani/Kapteinsklip/Bellville to Cape Town),Weekday,9016,19,LANGA,13:40,2026-03-02
Central Line,Inbound (Chris Hani/Kapteinsklip/Bellville to Cape Town),Weekday,9912,19,LANGA,13:50,2026-03-02
Central Line,Inbound (Chris Hani/Kapteinsklip/Bellville to Cape Town),Weekday,9020,19,LANGA,15:25,2026-03-02
Central Line,Inbound (Chris Hani/Kapteinsklip/Bellville to Cape Town),Weekday,9514,19,LANGA,15:33,2026-03-02
Central Line,Inbound (Chris Hani/Kapteinsklip/Bellville to Cape Town),Weekday,9412,19,LANGA,15:45,2026-03-02
Central Line,Inbound (Chris Hani/Kapteinsklip/Bellville to Cape Town),Weekday,9022,19,LANGA,16:05,2026-03-02
Central Line,Inbound (Chris Hani/Kapteinsklip/Bellville to Cape Town),Weekday,9914,19,LANGA,15:42,2026-03-02
Central Line,Inbound (Chris Hani/Kapteinsklip/Bellville to Cape Town),Weekday,9024,19,LANGA,16:45,2026-03-02
Central Line,Inbound (Chris Hani/Kapteinsklip/Bellville to Cape Town),Weekday,9516,19,LANGA,16:55,2026-03-02
Central Line,Inbound (Chris Hani/Kapteinsklip/Bellville to Cape Town),Weekday,9916,19,LANGA,17:05,2026-03-02
Central Line,Inbound (Chris Hani/Kapteinsklip/Bellville to Cape Town),Weekday,9414,19,LANGA,17:25,2026-03-02
Central Line,Inbound (Chris Hani/Kapteinsklip/Bellville to Cape Town),Weekday,9026,19,LANGA,17:55,2026-03-02
Central Line,Inbound (Chris Hani/Kapteinsklip/Bellville to Cape Town),Weekday,9518,19,LANGA,18:09,2026-03-02
Central Line,Inbound (Chris Hani/Kapteinsklip/Bellville to Cape Town),Weekday,9918,19,LANGA,18:20,2026-03-02
Central Line,Inbound (Chris Hani/Kapteinsklip/Bellville to Cape Town),Weekday,9028,19,LANGA,18:25,2026-03-02
Central Line,Inbound (Chris Hani/Kapteinsklip/Bellville to Cape Town),Weekday,9416,19,LANGA,18:57,2026-03-02
Central Line,Inbound (Chris Hani/Kapteinsklip/Bellville to Cape Town),Weekday,9520,19,LANGA,19:15,2026-03-02
Central Line,Inbound (Chris Hani/Kapteinsklip/Bellville to Cape Town),Weekday,9920,19,LANGA,19:50,2026-03-02
Central Line,Inbound (Chris Hani/Kapteinsklip/Bellville to Cape Town),Weekday,9418,19,LANGA,20:10,2026-03-02
Central Line,Inbound (Chris Hani/Kapteinsklip/Bellville to Cape Town),Weekday,9522,19,LANGA,20:18,2026-03-02
Central Line,Inbound (Chris Hani/Kapteinsklip/Bellville to Cape Town),Weekday,9400,20,MUTUAL,05:10,2026-03-02
Central Line,Inbound (Chris Hani/Kapteinsklip/Bellville to Cape Town),Weekday,9900,20,MUTUAL,05:40,2026-03-02
Central Line,Inbound (Chris Hani/Kapteinsklip/Bellville to Cape Town),Weekday,9002,20,MUTUAL,05:45,2026-03-02
Central Line,Inbound (Chris Hani/Kapteinsklip/Bellville to Cape Town),Weekday,9402,20,MUTUAL,05:55,2026-03-02
Central Line,Inbound (Chris Hani/Kapteinsklip/Bellville to Cape Town),Weekday,9004,20,MUTUAL,06:45,2026-03-02
Central Line,Inbound (Chris Hani/Kapteinsklip/Bellville to Cape Town),Weekday,9906,20,MUTUAL,09:27,2026-03-02
Central Line,Inbound (Chris Hani/Kapteinsklip/Bellville to Cape Town),Weekday,9010,20,MUTUAL,09:35,2026-03-02
Central Line,Inbound (Chris Hani/Kapteinsklip/Bellville to Cape Town),Weekday,9408,20,MUTUAL,10:02,2026-03-02
Central Line,Inbound (Chris Hani/Kapteinsklip/Bellville to Cape Town),Weekday,9012,20,MUTUAL,10:55,2026-03-02
Central Line,Inbound (Chris Hani/Kapteinsklip/Bellville to Cape Town),Weekday,9908,20,MUTUAL,11:07,2026-03-02
Central Line,Inbound (Chris Hani/Kapteinsklip/Bellville to Cape Town),Weekday,9014,20,MUTUAL,12:20,2026-03-02
Central Line,Inbound (Chris Hani/Kapteinsklip/Bellville to Cape Town),Weekday,9910,20,MUTUAL,12:30,2026-03-02
Central Line,Inbound (Chris Hani/Kapteinsklip/Bellville to Cape Town),Weekday,9410,20,MUTUAL,13:35,2026-03-02
Central Line,Inbound (Chris Hani/Kapteinsklip/Bellville to Cape Town),Weekday,9016,20,MUTUAL,13:45,2026-03-02
Central Line,Inbound (Chris Hani/Kapteinsklip/Bellville to Cape Town),Weekday,9912,20,MUTUAL,13:55,2026-03-02
Central Line,Inbound (Chris Hani/Kapteinsklip/Bellville to Cape Town),Weekday,9020,20,MUTUAL,15:30,2026-03-02
Central Line,Inbound (Chris Hani/Kapteinsklip/Bellville to Cape Town),Weekday,9412,20,MUTUAL,15:50,2026-03-02
Central Line,Inbound (Chris Hani/Kapteinsklip/Bellville to Cape Town),Weekday,9022,20,MUTUAL,16:10,2026-03-02
Central Line,Inbound (Chris Hani/Kapteinsklip/Bellville to Cape Town),Weekday,9914,20,MUTUAL,15:47,2026-03-02
Central Line,Inbound (Chris Hani/Kapteinsklip/Bellville to Cape Town),Weekday,9024,20,MUTUAL,16:50,2026-03-02
Central Line,Inbound (Chris Hani/Kapteinsklip/Bellville to Cape Town),Weekday,9916,20,MUTUAL,17:10,2026-03-02
Central Line,Inbound (Chris Hani/Kapteinsklip/Bellville to Cape Town),Weekday,9414,20,MUTUAL,17:30,2026-03-02
Central Line,Inbound (Chris Hani/Kapteinsklip/Bellville to Cape Town),Weekday,9026,20,MUTUAL,18:00,2026-03-02
Central Line,Inbound (Chris Hani/Kapteinsklip/Bellville to Cape Town),Weekday,9918,20,MUTUAL,18:25,2026-03-02
Central Line,Inbound (Chris Hani/Kapteinsklip/Bellville to Cape Town),Weekday,9028,20,MUTUAL,18:30,2026-03-02
Central Line,Inbound (Chris Hani/Kapteinsklip/Bellville to Cape Town),Weekday,9416,20,MUTUAL,19:02,2026-03-02
Central Line,Inbound (Chris Hani/Kapteinsklip/Bellville to Cape Town),Weekday,9920,20,MUTUAL,19:55,2026-03-02
Central Line,Inbound (Chris Hani/Kapteinsklip/Bellville to Cape Town),Weekday,9418,20,MUTUAL,20:15,2026-03-02
Central Line,Inbound (Chris Hani/Kapteinsklip/Bellville to Cape Town),Weekday,9400,21,YSTERPLAAT,05:19,2026-03-02
Central Line,Inbound (Chris Hani/Kapteinsklip/Bellville to Cape Town),Weekday,9900,21,YSTERPLAAT,05:49,2026-03-02
Central Line,Inbound (Chris Hani/Kapteinsklip/Bellville to Cape Town),Weekday,9402,21,YSTERPLAAT,06:04,2026-03-02
Central Line,Inbound (Chris Hani/Kapteinsklip/Bellville to Cape Town),Weekday,9906,21,YSTERPLAAT,09:36,2026-03-02
Central Line,Inbound (Chris Hani/Kapteinsklip/Bellville to Cape Town),Weekday,9408,21,YSTERPLAAT,10:11,2026-03-02
Central Line,Inbound (Chris Hani/Kapteinsklip/Bellville to Cape Town),Weekday,9908,21,YSTERPLAAT,11:16,2026-03-02
Central Line,Inbound (Chris Hani/Kapteinsklip/Bellville to Cape Town),Weekday,9910,21,YSTERPLAAT,12:39,2026-03-02
Central Line,Inbound (Chris Hani/Kapteinsklip/Bellville to Cape Town),Weekday,9410,21,YSTERPLAAT,13:44,2026-03-02
Central Line,Inbound (Chris Hani/Kapteinsklip/Bellville to Cape Town),Weekday,9912,21,YSTERPLAAT,14:04,2026-03-02
Central Line,Inbound (Chris Hani/Kapteinsklip/Bellville to Cape Town),Weekday,9412,21,YSTERPLAAT,15:59,2026-03-02
Central Line,Inbound (Chris Hani/Kapteinsklip/Bellville to Cape Town),Weekday,9914,21,YSTERPLAAT,15:56,2026-03-02
Central Line,Inbound (Chris Hani/Kapteinsklip/Bellville to Cape Town),Weekday,9916,21,YSTERPLAAT,17:19,2026-03-02
Central Line,Inbound (Chris Hani/Kapteinsklip/Bellville to Cape Town),Weekday,9414,21,YSTERPLAAT,17:39,2026-03-02
Central Line,Inbound (Chris Hani/Kapteinsklip/Bellville to Cape Town),Weekday,9918,21,YSTERPLAAT,18:34,2026-03-02
Central Line,Inbound (Chris Hani/Kapteinsklip/Bellville to Cape Town),Weekday,9416,21,YSTERPLAAT,19:11,2026-03-02
Central Line,Inbound (Chris Hani/Kapteinsklip/Bellville to Cape Town),Weekday,9920,21,YSTERPLAAT,20:04,2026-03-02
Central Line,Inbound (Chris Hani/Kapteinsklip/Bellville to Cape Town),Weekday,9418,21,YSTERPLAAT,20:24,2026-03-02
Central Line,Inbound (Chris Hani/Kapteinsklip/Bellville to Cape Town),Weekday,9400,22,ESPLANADE,05:31,2026-03-02
Central Line,Inbound (Chris Hani/Kapteinsklip/Bellville to Cape Town),Weekday,9900,22,ESPLANADE,06:01,2026-03-02
Central Line,Inbound (Chris Hani/Kapteinsklip/Bellville to Cape Town),Weekday,9402,22,ESPLANADE,06:16,2026-03-02
Central Line,Inbound (Chris Hani/Kapteinsklip/Bellville to Cape Town),Weekday,9906,22,ESPLANADE,09:48,2026-03-02
Central Line,Inbound (Chris Hani/Kapteinsklip/Bellville to Cape Town),Weekday,9408,22,ESPLANADE,10:23,2026-03-02
Central Line,Inbound (Chris Hani/Kapteinsklip/Bellville to Cape Town),Weekday,9908,22,ESPLANADE,11:28,2026-03-02
Central Line,Inbound (Chris Hani/Kapteinsklip/Bellville to Cape Town),Weekday,9910,22,ESPLANADE,12:51,2026-03-02
Central Line,Inbound (Chris Hani/Kapteinsklip/Bellville to Cape Town),Weekday,9410,22,ESPLANADE,13:56,2026-03-02
Central Line,Inbound (Chris Hani/Kapteinsklip/Bellville to Cape Town),Weekday,9912,22,ESPLANADE,14:16,2026-03-02
Central Line,Inbound (Chris Hani/Kapteinsklip/Bellville to Cape Town),Weekday,9412,22,ESPLANADE,16:11,2026-03-02
Central Line,Inbound (Chris Hani/Kapteinsklip/Bellville to Cape Town),Weekday,9914,22,ESPLANADE,16:08,2026-03-02
Central Line,Inbound (Chris Hani/Kapteinsklip/Bellville to Cape Town),Weekday,9916,22,ESPLANADE,17:31,2026-03-02
Central Line,Inbound (Chris Hani/Kapteinsklip/Bellville to Cape Town),Weekday,9414,22,ESPLANADE,17:51,2026-03-02
Central Line,Inbound (Chris Hani/Kapteinsklip/Bellville to Cape Town),Weekday,9918,22,ESPLANADE,18:46,2026-03-02
Central Line,Inbound (Chris Hani/Kapteinsklip/Bellville to Cape Town),Weekday,9416,22,ESPLANADE,19:23,2026-03-02
Central Line,Inbound (Chris Hani/Kapteinsklip/Bellville to Cape Town),Weekday,9920,22,ESPLANADE,20:16,2026-03-02
Central Line,Inbound (Chris Hani/Kapteinsklip/Bellville to Cape Town),Weekday,9418,22,ESPLANADE,20:36,2026-03-02
Central Line,Inbound (Chris Hani/Kapteinsklip/Bellville to Cape Town),Weekday,9500,23,PINELANDS,05:16,2026-03-02
Central Line,Inbound (Chris Hani/Kapteinsklip/Bellville to Cape Town),Weekday,9502,23,PINELANDS,06:36,2026-03-02
Central Line,Inbound (Chris Hani/Kapteinsklip/Bellville to Cape Town),Weekday,9508,23,PINELANDS,09:46,2026-03-02
Central Line,Inbound (Chris Hani/Kapteinsklip/Bellville to Cape Town),Weekday,9510,23,PINELANDS,11:26,2026-03-02
Central Line,Inbound (Chris Hani/Kapteinsklip/Bellville to Cape Town),Weekday,9512,23,PINELANDS,13:36,2026-03-02
Central Line,Inbound (Chris Hani/Kapteinsklip/Bellville to Cape Town),Weekday,9514,23,PINELANDS,15:36,2026-03-02
Central Line,Inbound (Chris Hani/Kapteinsklip/Bellville to Cape Town),Weekday,9516,23,PINELANDS,16:58,2026-03-02
Central Line,Inbound (Chris Hani/Kapteinsklip/Bellville to Cape Town),Weekday,9518,23,PINELANDS,18:12,2026-03-02
Central Line,Inbound (Chris Hani/Kapteinsklip/Bellville to Cape Town),Weekday,9520,23,PINELANDS,19:18,2026-03-02
Central Line,Inbound (Chris Hani/Kapteinsklip/Bellville to Cape Town),Weekday,9522,23,PINELANDS,20:21,2026-03-02
Central Line,Inbound (Chris Hani/Kapteinsklip/Bellville to Cape Town),Weekday,9500,24,NDABENI,05:18,2026-03-02
Central Line,Inbound (Chris Hani/Kapteinsklip/Bellville to Cape Town),Weekday,9502,24,NDABENI,06:38,2026-03-02
Central Line,Inbound (Chris Hani/Kapteinsklip/Bellville to Cape Town),Weekday,9508,24,NDABENI,09:48,2026-03-02
Central Line,Inbound (Chris Hani/Kapteinsklip/Bellville to Cape Town),Weekday,9510,24,NDABENI,11:28,2026-03-02
Central Line,Inbound (Chris Hani/Kapteinsklip/Bellville to Cape Town),Weekday,9512,24,NDABENI,13:38,2026-03-02
Central Line,Inbound (Chris Hani/Kapteinsklip/Bellville to Cape Town),Weekday,9514,24,NDABENI,15:38,2026-03-02
Central Line,Inbound (Chris Hani/Kapteinsklip/Bellville to Cape Town),Weekday,9516,24,NDABENI,17:00,2026-03-02
Central Line,Inbound (Chris Hani/Kapteinsklip/Bellville to Cape Town),Weekday,9518,24,NDABENI,18:14,2026-03-02
Central Line,Inbound (Chris Hani/Kapteinsklip/Bellville to Cape Town),Weekday,9520,24,NDABENI,19:20,2026-03-02
Central Line,Inbound (Chris Hani/Kapteinsklip/Bellville to Cape Town),Weekday,9522,24,NDABENI,20:23,2026-03-02
Central Line,Inbound (Chris Hani/Kapteinsklip/Bellville to Cape Town),Weekday,9500,25,MAITLAND,05:21,2026-03-02
Central Line,Inbound (Chris Hani/Kapteinsklip/Bellville to Cape Town),Weekday,9502,25,MAITLAND,06:41,2026-03-02
Central Line,Inbound (Chris Hani/Kapteinsklip/Bellville to Cape Town),Weekday,9508,25,MAITLAND,09:51,2026-03-02
Central Line,Inbound (Chris Hani/Kapteinsklip/Bellville to Cape Town),Weekday,9510,25,MAITLAND,11:31,2026-03-02
Central Line,Inbound (Chris Hani/Kapteinsklip/Bellville to Cape Town),Weekday,9512,25,MAITLAND,13:41,2026-03-02
Central Line,Inbound (Chris Hani/Kapteinsklip/Bellville to Cape Town),Weekday,9514,25,MAITLAND,15:41,2026-03-02
Central Line,Inbound (Chris Hani/Kapteinsklip/Bellville to Cape Town),Weekday,9516,25,MAITLAND,17:03,2026-03-02
Central Line,Inbound (Chris Hani/Kapteinsklip/Bellville to Cape Town),Weekday,9518,25,MAITLAND,18:17,2026-03-02
Central Line,Inbound (Chris Hani/Kapteinsklip/Bellville to Cape Town),Weekday,9520,25,MAITLAND,19:23,2026-03-02
Central Line,Inbound (Chris Hani/Kapteinsklip/Bellville to Cape Town),Weekday,9522,25,MAITLAND,20:26,2026-03-02
Central Line,Inbound (Chris Hani/Kapteinsklip/Bellville to Cape Town),Weekday,9500,26,KOEBERG RD,05:24,2026-03-02
Central Line,Inbound (Chris Hani/Kapteinsklip/Bellville to Cape Town),Weekday,9502,26,KOEBERG RD,06:44,2026-03-02
Central Line,Inbound (Chris Hani/Kapteinsklip/Bellville to Cape Town),Weekday,9508,26,KOEBERG RD,09:54,2026-03-02
Central Line,Inbound (Chris Hani/Kapteinsklip/Bellville to Cape Town),Weekday,9510,26,KOEBERG RD,11:34,2026-03-02
Central Line,Inbound (Chris Hani/Kapteinsklip/Bellville to Cape Town),Weekday,9512,26,KOEBERG RD,13:44,2026-03-02
Central Line,Inbound (Chris Hani/Kapteinsklip/Bellville to Cape Town),Weekday,9514,26,KOEBERG RD,15:44,2026-03-02
Central Line,Inbound (Chris Hani/Kapteinsklip/Bellville to Cape Town),Weekday,9516,26,KOEBERG RD,17:06,2026-03-02
Central Line,Inbound (Chris Hani/Kapteinsklip/Bellville to Cape Town),Weekday,9518,26,KOEBERG RD,18:20,2026-03-02
Central Line,Inbound (Chris Hani/Kapteinsklip/Bellville to Cape Town),Weekday,9520,26,KOEBERG RD,19:26,2026-03-02
Central Line,Inbound (Chris Hani/Kapteinsklip/Bellville to Cape Town),Weekday,9522,26,KOEBERG RD,20:29,2026-03-02
Central Line,Inbound (Chris Hani/Kapteinsklip/Bellville to Cape Town),Weekday,9500,27,SALT RIVER,05:27,2026-03-02
Central Line,Inbound (Chris Hani/Kapteinsklip/Bellville to Cape Town),Weekday,9502,27,SALT RIVER,06:47,2026-03-02
Central Line,Inbound (Chris Hani/Kapteinsklip/Bellville to Cape Town),Weekday,9508,27,SALT RIVER,09:57,2026-03-02
Central Line,Inbound (Chris Hani/Kapteinsklip/Bellville to Cape Town),Weekday,9510,27,SALT RIVER,11:37,2026-03-02
Central Line,Inbound (Chris Hani/Kapteinsklip/Bellville to Cape Town),Weekday,9512,27,SALT RIVER,13:47,2026-03-02
Central Line,Inbound (Chris Hani/Kapteinsklip/Bellville to Cape Town),Weekday,9514,27,SALT RIVER,15:47,2026-03-02
Central Line,Inbound (Chris Hani/Kapteinsklip/Bellville to Cape Town),Weekday,9516,27,SALT RIVER,17:09,2026-03-02
Central Line,Inbound (Chris Hani/Kapteinsklip/Bellville to Cape Town),Weekday,9518,27,SALT RIVER,18:23,2026-03-02
Central Line,Inbound (Chris Hani/Kapteinsklip/Bellville to Cape Town),Weekday,9520,27,SALT RIVER,19:29,2026-03-02
Central Line,Inbound (Chris Hani/Kapteinsklip/Bellville to Cape Town),Weekday,9522,27,SALT RIVER,20:32,2026-03-02
Central Line,Inbound (Chris Hani/Kapteinsklip/Bellville to Cape Town),Weekday,9500,28,WOODSTOCK,05:32,2026-03-02
Central Line,Inbound (Chris Hani/Kapteinsklip/Bellville to Cape Town),Weekday,9502,28,WOODSTOCK,06:52,2026-03-02
Central Line,Inbound (Chris Hani/Kapteinsklip/Bellville to Cape Town),Weekday,9508,28,WOODSTOCK,10:02,2026-03-02
Central Line,Inbound (Chris Hani/Kapteinsklip/Bellville to Cape Town),Weekday,9510,28,WOODSTOCK,11:42,2026-03-02
Central Line,Inbound (Chris Hani/Kapteinsklip/Bellville to Cape Town),Weekday,9512,28,WOODSTOCK,13:52,2026-03-02
Central Line,Inbound (Chris Hani/Kapteinsklip/Bellville to Cape Town),Weekday,9514,28,WOODSTOCK,15:52,2026-03-02
Central Line,Inbound (Chris Hani/Kapteinsklip/Bellville to Cape Town),Weekday,9518,28,WOODSTOCK,18:28,2026-03-02
Central Line,Inbound (Chris Hani/Kapteinsklip/Bellville to Cape Town),Weekday,9400,29,CAPE TOWN,05:40,2026-03-02
Central Line,Inbound (Chris Hani/Kapteinsklip/Bellville to Cape Town),Weekday,9500,29,CAPE TOWN,05:38,2026-03-02
Central Line,Inbound (Chris Hani/Kapteinsklip/Bellville to Cape Town),Weekday,9900,29,CAPE TOWN,06:10,2026-03-02
Central Line,Inbound (Chris Hani/Kapteinsklip/Bellville to Cape Town),Weekday,9402,29,CAPE TOWN,06:45,2026-03-02
Central Line,Inbound (Chris Hani/Kapteinsklip/Bellville to Cape Town),Weekday,9004,29,CAPE TOWN,06:58,2026-03-02
Central Line,Outbound (Cape Town to Chris Hani/Kapteinsklip/Bellville),Weekday,9901,0,CAPE TOWN,04:50,2026-03-02
Central Line,Outbound (Cape Town to Chris Hani/Kapteinsklip/Bellville),Weekday,9501,0,CAPE TOWN,05:10,2026-03-02
Central Line,Outbound (Cape Town to Chris Hani/Kapteinsklip/Bellville),Weekday,9401,0,CAPE TOWN,05:50,2026-03-02
Central Line,Outbound (Cape Town to Chris Hani/Kapteinsklip/Bellville),Weekday,9503,0,CAPE TOWN,05:55,2026-03-02
Central Line,Outbound (Cape Town to Chris Hani/Kapteinsklip/Bellville),Weekday,9903,0,CAPE TOWN,06:05,2026-03-02
Central Line,Outbound (Cape Town to Chris Hani/Kapteinsklip/Bellville),Weekday,9505,0,CAPE TOWN,07:12,2026-03-02
Central Line,Outbound (Cape Town to Chris Hani/Kapteinsklip/Bellville),Weekday,9403,0,CAPE TOWN,07:05,2026-03-02
Central Line,Outbound (Cape Town to Chris Hani/Kapteinsklip/Bellville),Weekday,9905,0,CAPE TOWN,07:20,2026-03-02
Central Line,Outbound (Cape Town to Chris Hani/Kapteinsklip/Bellville),Weekday,9507,0,CAPE TOWN,08:10,2026-03-02
Central Line,Outbound (Cape Town to Chris Hani/Kapteinsklip/Bellville),Weekday,9405,0,CAPE TOWN,08:23,2026-03-02
Central Line,Outbound (Cape Town to Chris Hani/Kapteinsklip/Bellville),Weekday,9907,0,CAPE TOWN,09:00,2026-03-02
Central Line,Outbound (Cape Town to Chris Hani/Kapteinsklip/Bellville),Weekday,9509,0,CAPE TOWN,09:25,2026-03-02
Central Line,Outbound (Cape Town to Chris Hani/Kapteinsklip/Bellville),Weekday,9909,0,CAPE TOWN,10:20,2026-03-02
Central Line,Outbound (Cape Town to Chris Hani/Kapteinsklip/Bellville),Weekday,9911,0,CAPE TOWN,11:40,2026-03-02
Central Line,Outbound (Cape Town to Chris Hani/Kapteinsklip/Bellville),Weekday,9407,0,CAPE TOWN,11:55,2026-03-02
Central Line,Outbound (Cape Town to Chris Hani/Kapteinsklip/Bellville),Weekday,9511,0,CAPE TOWN,12:10,2026-03-02
Central Line,Outbound (Cape Town to Chris Hani/Kapteinsklip/Bellville),Weekday,9913,0,CAPE TOWN,13:45,2026-03-02
Central Line,Outbound (Cape Town to Chris Hani/Kapteinsklip/Bellville),Weekday,9513,0,CAPE TOWN,14:10,2026-03-02
Central Line,Outbound (Cape Town to Chris Hani/Kapteinsklip/Bellville),Weekday,9409,0,CAPE TOWN,14:10,2026-03-02
Central Line,Outbound (Cape Town to Chris Hani/Kapteinsklip/Bellville),Weekday,9915,0,CAPE TOWN,15:00,2026-03-02
Central Line,Outbound (Cape Town to Chris Hani/Kapteinsklip/Bellville),Weekday,9515,0,CAPE TOWN,15:30,2026-03-02
Central Line,Outbound (Cape Town to Chris Hani/Kapteinsklip/Bellville),Weekday,9411,0,CAPE TOWN,15:55,2026-03-02
Central Line,Outbound (Cape Town to Chris Hani/Kapteinsklip/Bellville),Weekday,9917,0,CAPE TOWN,16:15,2026-03-02
Central Line,Outbound (Cape Town to Chris Hani/Kapteinsklip/Bellville),Weekday,9517,0,CAPE TOWN,16:50,2026-03-02
Central Line,Outbound (Cape Town to Chris Hani/Kapteinsklip/Bellville),Weekday,9413,0,CAPE TOWN,17:23,2026-03-02
Central Line,Outbound (Cape Town to Chris Hani/Kapteinsklip/Bellville),Weekday,9919,0,CAPE TOWN,17:35,2026-03-02
Central Line,Outbound (Cape Town to Chris Hani/Kapteinsklip/Bellville),Weekday,9519,0,CAPE TOWN,17:55,2026-03-02
Central Line,Outbound (Cape Town to Chris Hani/Kapteinsklip/Bellville),Weekday,9415,0,CAPE TOWN,18:10,2026-03-02
Central Line,Outbound (Cape Town to Chris Hani/Kapteinsklip/Bellville),Weekday,9521,0,CAPE TOWN,18:45,2026-03-02
Central Line,Outbound (Cape Town to Chris Hani/Kapteinsklip/Bellville),Weekday,9921,0,CAPE TOWN,19:15,2026-03-02
Central Line,Outbound (Cape Town to Chris Hani/Kapteinsklip/Bellville),Weekday,9501,1,WOODSTOCK,05:13,2026-03-02
Central Line,Outbound (Cape Town to Chris Hani/Kapteinsklip/Bellville),Weekday,9503,1,WOODSTOCK,05:58,2026-03-02
Central Line,Outbound (Cape Town to Chris Hani/Kapteinsklip/Bellville),Weekday,9505,1,WOODSTOCK,07:15,2026-03-02
Central Line,Outbound (Cape Town to Chris Hani/Kapteinsklip/Bellville),Weekday,9507,1,WOODSTOCK,08:13,2026-03-02
Central Line,Outbound (Cape Town to Chris Hani/Kapteinsklip/Bellville),Weekday,9511,1,WOODSTOCK,12:13,2026-03-02
Central Line,Outbound (Cape Town to Chris Hani/Kapteinsklip/Bellville),Weekday,9513,1,WOODSTOCK,14:13,2026-03-02
Central Line,Outbound (Cape Town to Chris Hani/Kapteinsklip/Bellville),Weekday,9515,1,WOODSTOCK,15:33,2026-03-02
Central Line,Outbound (Cape Town to Chris Hani/Kapteinsklip/Bellville),Weekday,9517,1,WOODSTOCK,16:53,2026-03-02
Central Line,Outbound (Cape Town to Chris Hani/Kapteinsklip/Bellville),Weekday,9519,1,WOODSTOCK,17:58,2026-03-02
Central Line,Outbound (Cape Town to Chris Hani/Kapteinsklip/Bellville),Weekday,9521,1,WOODSTOCK,18:48,2026-03-02
Central Line,Outbound (Cape Town to Chris Hani/Kapteinsklip/Bellville),Weekday,9501,2,SALT RIVER,05:16,2026-03-02
Central Line,Outbound (Cape Town to Chris Hani/Kapteinsklip/Bellville),Weekday,9503,2,SALT RIVER,06:01,2026-03-02
Central Line,Outbound (Cape Town to Chris Hani/Kapteinsklip/Bellville),Weekday,9505,2,SALT RIVER,07:18,2026-03-02
Central Line,Outbound (Cape Town to Chris Hani/Kapteinsklip/Bellville),Weekday,9507,2,SALT RIVER,08:16,2026-03-02
Central Line,Outbound (Cape Town to Chris Hani/Kapteinsklip/Bellville),Weekday,9511,2,SALT RIVER,12:16,2026-03-02
Central Line,Outbound (Cape Town to Chris Hani/Kapteinsklip/Bellville),Weekday,9513,2,SALT RIVER,14:16,2026-03-02
Central Line,Outbound (Cape Town to Chris Hani/Kapteinsklip/Bellville),Weekday,9515,2,SALT RIVER,15:36,2026-03-02
Central Line,Outbound (Cape Town to Chris Hani/Kapteinsklip/Bellville),Weekday,9517,2,SALT RIVER,16:56,2026-03-02
Central Line,Outbound (Cape Town to Chris Hani/Kapteinsklip/Bellville),Weekday,9519,2,SALT RIVER,18:01,2026-03-02
Central Line,Outbound (Cape Town to Chris Hani/Kapteinsklip/Bellville),Weekday,9521,2,SALT RIVER,18:51,2026-03-02
Central Line,Outbound (Cape Town to Chris Hani/Kapteinsklip/Bellville),Weekday,9501,3,KOEBERG RD,05:18,2026-03-02
Central Line,Outbound (Cape Town to Chris Hani/Kapteinsklip/Bellville),Weekday,9503,3,KOEBERG RD,06:03,2026-03-02
Central Line,Outbound (Cape Town to Chris Hani/Kapteinsklip/Bellville),Weekday,9505,3,KOEBERG RD,07:20,2026-03-02
Central Line,Outbound (Cape Town to Chris Hani/Kapteinsklip/Bellville),Weekday,9507,3,KOEBERG RD,08:18,2026-03-02
Central Line,Outbound (Cape Town to Chris Hani/Kapteinsklip/Bellville),Weekday,9511,3,KOEBERG RD,12:18,2026-03-02
Central Line,Outbound (Cape Town to Chris Hani/Kapteinsklip/Bellville),Weekday,9513,3,KOEBERG RD,14:18,2026-03-02
Central Line,Outbound (Cape Town to Chris Hani/Kapteinsklip/Bellville),Weekday,9515,3,KOEBERG RD,15:38,2026-03-02
Central Line,Outbound (Cape Town to Chris Hani/Kapteinsklip/Bellville),Weekday,9517,3,KOEBERG RD,16:58,2026-03-02
Central Line,Outbound (Cape Town to Chris Hani/Kapteinsklip/Bellville),Weekday,9519,3,KOEBERG RD,18:03,2026-03-02
Central Line,Outbound (Cape Town to Chris Hani/Kapteinsklip/Bellville),Weekday,9521,3,KOEBERG RD,18:53,2026-03-02
Central Line,Outbound (Cape Town to Chris Hani/Kapteinsklip/Bellville),Weekday,9501,4,MAITLAND,05:20,2026-03-02
Central Line,Outbound (Cape Town to Chris Hani/Kapteinsklip/Bellville),Weekday,9503,4,MAITLAND,06:05,2026-03-02
Central Line,Outbound (Cape Town to Chris Hani/Kapteinsklip/Bellville),Weekday,9505,4,MAITLAND,07:22,2026-03-02
Central Line,Outbound (Cape Town to Chris Hani/Kapteinsklip/Bellville),Weekday,9507,4,MAITLAND,08:20,2026-03-02
Central Line,Outbound (Cape Town to Chris Hani/Kapteinsklip/Bellville),Weekday,9511,4,MAITLAND,12:20,2026-03-02
Central Line,Outbound (Cape Town to Chris Hani/Kapteinsklip/Bellville),Weekday,9513,4,MAITLAND,14:20,2026-03-02
Central Line,Outbound (Cape Town to Chris Hani/Kapteinsklip/Bellville),Weekday,9515,4,MAITLAND,15:40,2026-03-02
Central Line,Outbound (Cape Town to Chris Hani/Kapteinsklip/Bellville),Weekday,9517,4,MAITLAND,17:00,2026-03-02
Central Line,Outbound (Cape Town to Chris Hani/Kapteinsklip/Bellville),Weekday,9519,4,MAITLAND,18:05,2026-03-02
Central Line,Outbound (Cape Town to Chris Hani/Kapteinsklip/Bellville),Weekday,9521,4,MAITLAND,18:55,2026-03-02
Central Line,Outbound (Cape Town to Chris Hani/Kapteinsklip/Bellville),Weekday,9501,5,NDABENI,05:23,2026-03-02
Central Line,Outbound (Cape Town to Chris Hani/Kapteinsklip/Bellville),Weekday,9503,5,NDABENI,06:08,2026-03-02
Central Line,Outbound (Cape Town to Chris Hani/Kapteinsklip/Bellville),Weekday,9505,5,NDABENI,07:25,2026-03-02
Central Line,Outbound (Cape Town to Chris Hani/Kapteinsklip/Bellville),Weekday,9507,5,NDABENI,08:23,2026-03-02
Central Line,Outbound (Cape Town to Chris Hani/Kapteinsklip/Bellville),Weekday,9511,5,NDABENI,12:23,2026-03-02
Central Line,Outbound (Cape Town to Chris Hani/Kapteinsklip/Bellville),Weekday,9513,5,NDABENI,14:23,2026-03-02
Central Line,Outbound (Cape Town to Chris Hani/Kapteinsklip/Bellville),Weekday,9515,5,NDABENI,15:43,2026-03-02
Central Line,Outbound (Cape Town to Chris Hani/Kapteinsklip/Bellville),Weekday,9517,5,NDABENI,17:03,2026-03-02
Central Line,Outbound (Cape Town to Chris Hani/Kapteinsklip/Bellville),Weekday,9519,5,NDABENI,18:08,2026-03-02
Central Line,Outbound (Cape Town to Chris Hani/Kapteinsklip/Bellville),Weekday,9521,5,NDABENI,18:58,2026-03-02
Central Line,Outbound (Cape Town to Chris Hani/Kapteinsklip/Bellville),Weekday,9501,6,PINELANDS,05:26,2026-03-02
Central Line,Outbound (Cape Town to Chris Hani/Kapteinsklip/Bellville),Weekday,9503,6,PINELANDS,06:11,2026-03-02
Central Line,Outbound (Cape Town to Chris Hani/Kapteinsklip/Bellville),Weekday,9505,6,PINELANDS,07:28,2026-03-02
Central Line,Outbound (Cape Town to Chris Hani/Kapteinsklip/Bellville),Weekday,9507,6,PINELANDS,08:26,2026-03-02
Central Line,Outbound (Cape Town to Chris Hani/Kapteinsklip/Bellville),Weekday,9511,6,PINELANDS,12:26,2026-03-02
Central Line,Outbound (Cape Town to Chris Hani/Kapteinsklip/Bellville),Weekday,9513,6,PINELANDS,14:26,2026-03-02
Central Line,Outbound (Cape Town to Chris Hani/Kapteinsklip/Bellville),Weekday,9515,6,PINELANDS,15:46,2026-03-02
Central Line,Outbound (Cape Town to Chris Hani/Kapteinsklip/Bellville),Weekday,9517,6,PINELANDS,17:06,2026-03-02
Central Line,Outbound (Cape Town to Chris Hani/Kapteinsklip/Bellville),Weekday,9519,6,PINELANDS,18:11,2026-03-02
Central Line,Outbound (Cape Town to Chris Hani/Kapteinsklip/Bellville),Weekday,9521,6,PINELANDS,19:01,2026-03-02
Central Line,Outbound (Cape Town to Chris Hani/Kapteinsklip/Bellville),Weekday,9901,7,ESPLANADE,05:00,2026-03-02
Central Line,Outbound (Cape Town to Chris Hani/Kapteinsklip/Bellville),Weekday,9401,7,ESPLANADE,06:00,2026-03-02
Central Line,Outbound (Cape Town to Chris Hani/Kapteinsklip/Bellville),Weekday,9903,7,ESPLANADE,06:15,2026-03-02
Central Line,Outbound (Cape Town to Chris Hani/Kapteinsklip/Bellville),Weekday,9403,7,ESPLANADE,07:15,2026-03-02
Central Line,Outbound (Cape Town to Chris Hani/Kapteinsklip/Bellville),Weekday,9905,7,ESPLANADE,07:30,2026-03-02
Central Line,Outbound (Cape Town to Chris Hani/Kapteinsklip/Bellville),Weekday,9405,7,ESPLANADE,08:33,2026-03-02
Central Line,Outbound (Cape Town to Chris Hani/Kapteinsklip/Bellville),Weekday,9907,7,ESPLANADE,09:10,2026-03-02
Central Line,Outbound (Cape Town to Chris Hani/Kapteinsklip/Bellville),Weekday,9909,7,ESPLANADE,10:30,2026-03-02
Central Line,Outbound (Cape Town to Chris Hani/Kapteinsklip/Bellville),Weekday,9911,7,ESPLANADE,11:50,2026-03-02
Central Line,Outbound (Cape Town to Chris Hani/Kapteinsklip/Bellville),Weekday,9407,7,ESPLANADE,12:05,2026-03-02
Central Line,Outbound (Cape Town to Chris Hani/Kapteinsklip/Bellville),Weekday,9913,7,ESPLANADE,13:55,2026-03-02
Central Line,Outbound (Cape Town to Chris Hani/Kapteinsklip/Bellville),Weekday,9409,7,ESPLANADE,14:20,2026-03-02
Central Line,Outbound (Cape Town to Chris Hani/Kapteinsklip/Bellville),Weekday,9915,7,ESPLANADE,15:10,2026-03-02
Central Line,Outbound (Cape Town to Chris Hani/Kapteinsklip/Bellville),Weekday,9411,7,ESPLANADE,16:05,2026-03-02
Central Line,Outbound (Cape Town to Chris Hani/Kapteinsklip/Bellville),Weekday,9917,7,ESPLANADE,16:25,2026-03-02
Central Line,Outbound (Cape Town to Chris Hani/Kapteinsklip/Bellville),Weekday,9413,7,ESPLANADE,17:33,2026-03-02
Central Line,Outbound (Cape Town to Chris Hani/Kapteinsklip/Bellville),Weekday,9919,7,ESPLANADE,17:45,2026-03-02
Central Line,Outbound (Cape Town to Chris Hani/Kapteinsklip/Bellville),Weekday,9415,7,ESPLANADE,18:20,2026-03-02
Central Line,Outbound (Cape Town to Chris Hani/Kapteinsklip/Bellville),Weekday,9921,7,ESPLANADE,19:25,2026-03-02
Central Line,Outbound (Cape Town to Chris Hani/Kapteinsklip/Bellville),Weekday,9901,8,YSTERPLAAT,05:12,2026-03-02
Central Line,Outbound (Cape Town to Chris Hani/Kapteinsklip/Bellville),Weekday,9401,8,YSTERPLAAT,06:12,2026-03-02
Central Line,Outbound (Cape Town to Chris Hani/Kapteinsklip/Bellville),Weekday,9903,8,YSTERPLAAT,06:27,2026-03-02
Central Line,Outbound (Cape Town to Chris Hani/Kapteinsklip/Bellville),Weekday,9403,8,YSTERPLAAT,07:27,2026-03-02
Central Line,Outbound (Cape Town to Chris Hani/Kapteinsklip/Bellville),Weekday,9905,8,YSTERPLAAT,07:42,2026-03-02
Central Line,Outbound (Cape Town to Chris Hani/Kapteinsklip/Bellville),Weekday,9405,8,YSTERPLAAT,08:45,2026-03-02
Central Line,Outbound (Cape Town to Chris Hani/Kapteinsklip/Bellville),Weekday,9907,8,YSTERPLAAT,09:22,2026-03-02
Central Line,Outbound (Cape Town to Chris Hani/Kapteinsklip/Bellville),Weekday,9909,8,YSTERPLAAT,10:42,2026-03-02
Central Line,Outbound (Cape Town to Chris Hani/Kapteinsklip/Bellville),Weekday,9911,8,YSTERPLAAT,12:02,2026-03-02
Central Line,Outbound (Cape Town to Chris Hani/Kapteinsklip/Bellville),Weekday,9407,8,YSTERPLAAT,12:17,2026-03-02
Central Line,Outbound (Cape Town to Chris Hani/Kapteinsklip/Bellville),Weekday,9913,8,YSTERPLAAT,14:07,2026-03-02
Central Line,Outbound (Cape Town to Chris Hani/Kapteinsklip/Bellville),Weekday,9409,8,YSTERPLAAT,14:32,2026-03-02
Central Line,Outbound (Cape Town to Chris Hani/Kapteinsklip/Bellville),Weekday,9915,8,YSTERPLAAT,15:22,2026-03-02
Central Line,Outbound (Cape Town to Chris Hani/Kapteinsklip/Bellville),Weekday,9411,8,YSTERPLAAT,16:17,2026-03-02
Central Line,Outbound (Cape Town to Chris Hani/Kapteinsklip/Bellville),Weekday,9917,8,YSTERPLAAT,16:37,2026-03-02
Central Line,Outbound (Cape Town to Chris Hani/Kapteinsklip/Bellville),Weekday,9413,8,YSTERPLAAT,17:45,2026-03-02
Central Line,Outbound (Cape Town to Chris Hani/Kapteinsklip/Bellville),Weekday,9919,8,YSTERPLAAT,17:57,2026-03-02
Central Line,Outbound (Cape Town to Chris Hani/Kapteinsklip/Bellville),Weekday,9415,8,YSTERPLAAT,18:32,2026-03-02
Central Line,Outbound (Cape Town to Chris Hani/Kapteinsklip/Bellville),Weekday,9921,8,YSTERPLAAT,19:37,2026-03-02
Central Line,Outbound (Cape Town to Chris Hani/Kapteinsklip/Bellville),Weekday,9901,9,MUTUAL,05:17,2026-03-02
Central Line,Outbound (Cape Town to Chris Hani/Kapteinsklip/Bellville),Weekday,9001,9,MUTUAL,05:35,2026-03-02
Central Line,Outbound (Cape Town to Chris Hani/Kapteinsklip/Bellville),Weekday,9401,9,MUTUAL,06:17,2026-03-02
Central Line,Outbound (Cape Town to Chris Hani/Kapteinsklip/Bellville),Weekday,9003,9,MUTUAL,06:25,2026-03-02
Central Line,Outbound (Cape Town to Chris Hani/Kapteinsklip/Bellville),Weekday,9903,9,MUTUAL,06:32,2026-03-02
Central Line,Outbound (Cape Town to Chris Hani/Kapteinsklip/Bellville),Weekday,9007,9,MUTUAL,07:00,2026-03-02
Central Line,Outbound (Cape Town to Chris Hani/Kapteinsklip/Bellville),Weekday,9403,9,MUTUAL,07:32,2026-03-02
Central Line,Outbound (Cape Town to Chris Hani/Kapteinsklip/Bellville),Weekday,9905,9,MUTUAL,07:47,2026-03-02
Central Line,Outbound (Cape Town to Chris Hani/Kapteinsklip/Bellville),Weekday,9005,9,MUTUAL,07:55,2026-03-02
Central Line,Outbound (Cape Town to Chris Hani/Kapteinsklip/Bellville),Weekday,9405,9,MUTUAL,08:50,2026-03-02
Central Line,Outbound (Cape Town to Chris Hani/Kapteinsklip/Bellville),Weekday,9009,9,MUTUAL,09:15,2026-03-02
Central Line,Outbound (Cape Town to Chris Hani/Kapteinsklip/Bellville),Weekday,9907,9,MUTUAL,09:27,2026-03-02
Central Line,Outbound (Cape Town to Chris Hani/Kapteinsklip/Bellville),Weekday,9011,9,MUTUAL,09:45,2026-03-02
Central Line,Outbound (Cape Town to Chris Hani/Kapteinsklip/Bellville),Weekday,9909,9,MUTUAL,10:47,2026-03-02
Central Line,Outbound (Cape Town to Chris Hani/Kapteinsklip/Bellville),Weekday,9013,9,MUTUAL,11:05,2026-03-02
Central Line,Outbound (Cape Town to Chris Hani/Kapteinsklip/Bellville),Weekday,9911,9,MUTUAL,12:07,2026-03-02
Central Line,Outbound (Cape Town to Chris Hani/Kapteinsklip/Bellville),Weekday,9407,9,MUTUAL,12:22,2026-03-02
Central Line,Outbound (Cape Town to Chris Hani/Kapteinsklip/Bellville),Weekday,9015,9,MUTUAL,12:30,2026-03-02
Central Line,Outbound (Cape Town to Chris Hani/Kapteinsklip/Bellville),Weekday,9913,9,MUTUAL,14:12,2026-03-02
Central Line,Outbound (Cape Town to Chris Hani/Kapteinsklip/Bellville),Weekday,9017,9,MUTUAL,14:20,2026-03-02
Central Line,Outbound (Cape Town to Chris Hani/Kapteinsklip/Bellville),Weekday,9409,9,MUTUAL,14:37,2026-03-02
Central Line,Outbound (Cape Town to Chris Hani/Kapteinsklip/Bellville),Weekday,9915,9,MUTUAL,15:27,2026-03-02
Central Line,Outbound (Cape Town to Chris Hani/Kapteinsklip/Bellville),Weekday,9019,9,MUTUAL,15:40,2026-03-02
Central Line,Outbound (Cape Town to Chris Hani/Kapteinsklip/Bellville),Weekday,9411,9,MUTUAL,16:22,2026-03-02
Central Line,Outbound (Cape Town to Chris Hani/Kapteinsklip/Bellville),Weekday,9917,9,MUTUAL,16:42,2026-03-02
Central Line,Outbound (Cape Town to Chris Hani/Kapteinsklip/Bellville),Weekday,9021,9,MUTUAL,16:50,2026-03-02
Central Line,Outbound (Cape Town to Chris Hani/Kapteinsklip/Bellville),Weekday,9023,9,MUTUAL,17:20,2026-03-02
Central Line,Outbound (Cape Town to Chris Hani/Kapteinsklip/Bellville),Weekday,9413,9,MUTUAL,17:50,2026-03-02
Central Line,Outbound (Cape Town to Chris Hani/Kapteinsklip/Bellville),Weekday,9919,9,MUTUAL,18:02,2026-03-02
Central Line,Outbound (Cape Town to Chris Hani/Kapteinsklip/Bellville),Weekday,9025,9,MUTUAL,18:20,2026-03-02
Central Line,Outbound (Cape Town to Chris Hani/Kapteinsklip/Bellville),Weekday,9415,9,MUTUAL,18:37,2026-03-02
Central Line,Outbound (Cape Town to Chris Hani/Kapteinsklip/Bellville),Weekday,9027,9,MUTUAL,18:50,2026-03-02
Central Line,Outbound (Cape Town to Chris Hani/Kapteinsklip/Bellville),Weekday,9921,9,MUTUAL,19:42,2026-03-02
Central Line,Outbound (Cape Town to Chris Hani/Kapteinsklip/Bellville),Weekday,9901,10,LANGA,05:22,2026-03-02
Central Line,Outbound (Cape Town to Chris Hani/Kapteinsklip/Bellville),Weekday,9001,10,LANGA,05:40,2026-03-02
Central Line,Outbound (Cape Town to Chris Hani/Kapteinsklip/Bellville),Weekday,9501,10,LANGA,05:32,2026-03-02
Central Line,Outbound (Cape Town to Chris Hani/Kapteinsklip/Bellville),Weekday,9401,10,LANGA,06:22,2026-03-02
Central Line,Outbound (Cape Town to Chris Hani/Kapteinsklip/Bellville),Weekday,9503,10,LANGA,06:17,2026-03-02
Central Line,Outbound (Cape Town to Chris Hani/Kapteinsklip/Bellville),Weekday,9003,10,LANGA,06:30,2026-03-02
Central Line,Outbound (Cape Town to Chris Hani/Kapteinsklip/Bellville),Weekday,9903,10,LANGA,06:37,2026-03-02
Central Line,Outbound (Cape Town to Chris Hani/Kapteinsklip/Bellville),Weekday,9505,10,LANGA,07:34,2026-03-02
Central Line,Outbound (Cape Town to Chris Hani/Kapteinsklip/Bellville),Weekday,9007,10,LANGA,07:05,2026-03-02
Central Line,Outbound (Cape Town to Chris Hani/Kapteinsklip/Bellville),Weekday,9403,10,LANGA,07:37,2026-03-02
Central Line,Outbound (Cape Town to Chris Hani/Kapteinsklip/Bellville),Weekday,9905,10,LANGA,07:52,2026-03-02
Central Line,Outbound (Cape Town to Chris Hani/Kapteinsklip/Bellville),Weekday,9507,10,LANGA,08:32,2026-03-02
Central Line,Outbound (Cape Town to Chris Hani/Kapteinsklip/Bellville),Weekday,9005,10,LANGA,08:00,2026-03-02
Central Line,Outbound (Cape Town to Chris Hani/Kapteinsklip/Bellville),Weekday,9405,10,LANGA,08:55,2026-03-02
Central Line,Outbound (Cape Town to Chris Hani/Kapteinsklip/Bellville),Weekday,9009,10,LANGA,09:20,2026-03-02
Central Line,Outbound (Cape Town to Chris Hani/Kapteinsklip/Bellville),Weekday,9907,10,LANGA,09:32,2026-03-02
Central Line,Outbound (Cape Town to Chris Hani/Kapteinsklip/Bellville),Weekday,9509,10,LANGA,09:47,2026-03-02
Central Line,Outbound (Cape Town to Chris Hani/Kapteinsklip/Bellville),Weekday,9011,10,LANGA,09:50,2026-03-02
Central Line,Outbound (Cape Town to Chris Hani/Kapteinsklip/Bellville),Weekday,9909,10,LANGA,10:52,2026-03-02
Central Line,Outbound (Cape Town to Chris Hani/Kapteinsklip/Bellville),Weekday,9013,10,LANGA,11:10,2026-03-02
Central Line,Outbound (Cape Town to Chris Hani/Kapteinsklip/Bellville),Weekday,9911,10,LANGA,12:12,2026-03-02
Central Line,Outbound (Cape Town to Chris Hani/Kapteinsklip/Bellville),Weekday,9407,10,LANGA,12:27,2026-03-02
Central Line,Outbound (Cape Town to Chris Hani/Kapteinsklip/Bellville),Weekday,9015,10,LANGA,12:35,2026-03-02
Central Line,Outbound (Cape Town to Chris Hani/Kapteinsklip/Bellville),Weekday,9511,10,LANGA,12:32,2026-03-02
Central Line,Outbound (Cape Town to Chris Hani/Kapteinsklip/Bellville),Weekday,9913,10,LANGA,14:17,2026-03-02
Central Line,Outbound (Cape Town to Chris Hani/Kapteinsklip/Bellville),Weekday,9017,10,LANGA,14:25,2026-03-02
Central Line,Outbound (Cape Town to Chris Hani/Kapteinsklip/Bellville),Weekday,9513,10,LANGA,14:32,2026-03-02
Central Line,Outbound (Cape Town to Chris Hani/Kapteinsklip/Bellville),Weekday,9409,10,LANGA,14:32,2026-03-02
Central Line,Outbound (Cape Town to Chris Hani/Kapteinsklip/Bellville),Weekday,9915,10,LANGA,15:32,2026-03-02
Central Line,Outbound (Cape Town to Chris Hani/Kapteinsklip/Bellville),Weekday,9019,10,LANGA,15:45,2026-03-02
Central Line,Outbound (Cape Town to Chris Hani/Kapteinsklip/Bellville),Weekday,9515,10,LANGA,15:52,2026-03-02
Central Line,Outbound (Cape Town to Chris Hani/Kapteinsklip/Bellville),Weekday,9411,10,LANGA,16:27,2026-03-02
Central Line,Outbound (Cape Town to Chris Hani/Kapteinsklip/Bellville),Weekday,9917,10,LANGA,16:47,2026-03-02
Central Line,Outbound (Cape Town to Chris Hani/Kapteinsklip/Bellville),Weekday,9021,10,LANGA,16:55,2026-03-02
Central Line,Outbound (Cape Town to Chris Hani/Kapteinsklip/Bellville),Weekday,9517,10,LANGA,17:12,2026-03-02
Central Line,Outbound (Cape Town to Chris Hani/Kapteinsklip/Bellville),Weekday,9023,10,LANGA,17:25,2026-03-02
Central Line,Outbound (Cape Town to Chris Hani/Kapteinsklip/Bellville),Weekday,9413,10,LANGA,17:55,2026-03-02
Central Line,Outbound (Cape Town to Chris Hani/Kapteinsklip/Bellville),Weekday,9919,10,LANGA,18:07,2026-03-02
Central Line,Outbound (Cape Town to Chris Hani/Kapteinsklip/Bellville),Weekday,9519,10,LANGA,18:17,2026-03-02
Central Line,Outbound (Cape Town to Chris Hani/Kapteinsklip/Bellville),Weekday,9025,10,LANGA,18:25,2026-03-02
Central Line,Outbound (Cape Town to Chris Hani/Kapteinsklip/Bellville),Weekday,9415,10,LANGA,18:42,2026-03-02
Central Line,Outbound (Cape Town to Chris Hani/Kapteinsklip/Bellville),Weekday,9027,10,LANGA,18:55,2026-03-02
Central Line,Outbound (Cape Town to Chris Hani/Kapteinsklip/Bellville),Weekday,9521,10,LANGA,19:07,2026-03-02
Central Line,Outbound (Cape Town to Chris Hani/Kapteinsklip/Bellville),Weekday,9921,10,LANGA,19:47,2026-03-02
Central Line,Outbound (Cape Town to Chris Hani/Kapteinsklip/Bellville),Weekday,9901,11,BONTEHEUWEL,05:24,2026-03-02
Central Line,Outbound (Cape Town to Chris Hani/Kapteinsklip/Bellville),Weekday,9001,11,BONTEHEUWEL,05:42,2026-03-02
Central Line,Outbound (Cape Town to Chris Hani/Kapteinsklip/Bellville),Weekday,9501,11,BONTEHEUWEL,05:34,2026-03-02
Central Line,Outbound (Cape Town to Chris Hani/Kapteinsklip/Bellville),Weekday,9401,11,BONTEHEUWEL,06:24,2026-03-02
Central Line,Outbound (Cape Town to Chris Hani/Kapteinsklip/Bellville),Weekday,9503,11,BONTEHEUWEL,06:19,2026-03-02
Central Line,Outbound (Cape Town to Chris Hani/Kapteinsklip/Bellville),Weekday,9003,11,BONTEHEUWEL,06:32,2026-03-02
Central Line,Outbound (Cape Town to Chris Hani/Kapteinsklip/Bellville),Weekday,9903,11,BONTEHEUWEL,06:39,2026-03-02
Central Line,Outbound (Cape Town to Chris Hani/Kapteinsklip/Bellville),Weekday,9505,11,BONTEHEUWEL,07:36,2026-03-02
Central Line,Outbound (Cape Town to Chris Hani/Kapteinsklip/Bellville),Weekday,9007,11,BONTEHEUWEL,07:07,2026-03-02
Central Line,Outbound (Cape Town to Chris Hani/Kapteinsklip/Bellville),Weekday,9403,11,BONTEHEUWEL,07:39,2026-03-02
Central Line,Outbound (Cape Town to Chris Hani/Kapteinsklip/Bellville),Weekday,9905,11,BONTEHEUWEL,07:54,2026-03-02
Central Line,Outbound (Cape Town to Chris Hani/Kapteinsklip/Bellville),Weekday,9507,11,BONTEHEUWEL,08:34,2026-03-02
Central Line,Outbound (Cape Town to Chris Hani/Kapteinsklip/Bellville),Weekday,9005,11,BONTEHEUWEL,08:02,2026-03-02
Central Line,Outbound (Cape Town to Chris Hani/Kapteinsklip/Bellville),Weekday,9405,11,BONTEHEUWEL,08:57,2026-03-02
Central Line,Outbound (Cape Town to Chris Hani/Kapteinsklip/Bellville),Weekday,9009,11,BONTEHEUWEL,09:22,2026-03-02
Central Line,Outbound (Cape Town to Chris Hani/Kapteinsklip/Bellville),Weekday,9907,11,BONTEHEUWEL,09:34,2026-03-02
Central Line,Outbound (Cape Town to Chris Hani/Kapteinsklip/Bellville),Weekday,9509,11,BONTEHEUWEL,09:49,2026-03-02
Central Line,Outbound (Cape Town to Chris Hani/Kapteinsklip/Bellville),Weekday,9011,11,BONTEHEUWEL,09:52,2026-03-02
Central Line,Outbound (Cape Town to Chris Hani/Kapteinsklip/Bellville),Weekday,9909,11,BONTEHEUWEL,10:54,2026-03-02
Central Line,Outbound (Cape Town to Chris Hani/Kapteinsklip/Bellville),Weekday,9013,11,BONTEHEUWEL,11:12,2026-03-02
Central Line,Outbound (Cape Town to Chris Hani/Kapteinsklip/Bellville),Weekday,9911,11,BONTEHEUWEL,12:14,2026-03-02
Central Line,Outbound (Cape Town to Chris Hani/Kapteinsklip/Bellville),Weekday,9407,11,BONTEHEUWEL,12:29,2026-03-02
Central Line,Outbound (Cape Town to Chris Hani/Kapteinsklip/Bellville),Weekday,9015,11,BONTEHEUWEL,12:37,2026-03-02
Central Line,Outbound (Cape Town to Chris Hani/Kapteinsklip/Bellville),Weekday,9511,11,BONTEHEUWEL,12:34,2026-03-02
Central Line,Outbound (Cape Town to Chris Hani/Kapteinsklip/Bellville),Weekday,9913,11,BONTEHEUWEL,14:19,2026-03-02
Central Line,Outbound (Cape Town to Chris Hani/Kapteinsklip/Bellville),Weekday,9017,11,BONTEHEUWEL,14:27,2026-03-02
Central Line,Outbound (Cape Town to Chris Hani/Kapteinsklip/Bellville),Weekday,9513,11,BONTEHEUWEL,14:34,2026-03-02
Central Line,Outbound (Cape Town to Chris Hani/Kapteinsklip/Bellville),Weekday,9409,11,BONTEHEUWEL,14:34,2026-03-02
Central Line,Outbound (Cape Town to Chris Hani/Kapteinsklip/Bellville),Weekday,9915,11,BONTEHEUWEL,15:34,2026-03-02
Central Line,Outbound (Cape Town to Chris Hani/Kapteinsklip/Bellville),Weekday,9019,11,BONTEHEUWEL,15:47,2026-03-02
Central Line,Outbound (Cape Town to Chris Hani/Kapteinsklip/Bellville),Weekday,9515,11,BONTEHEUWEL,15:54,2026-03-02
Central Line,Outbound (Cape Town to Chris Hani/Kapteinsklip/Bellville),Weekday,9411,11,BONTEHEUWEL,16:29,2026-03-02
Central Line,Outbound (Cape Town to Chris Hani/Kapteinsklip/Bellville),Weekday,9917,11,BONTEHEUWEL,16:49,2026-03-02
Central Line,Outbound (Cape Town to Chris Hani/Kapteinsklip/Bellville),Weekday,9021,11,BONTEHEUWEL,16:57,2026-03-02
Central Line,Outbound (Cape Town to Chris Hani/Kapteinsklip/Bellville),Weekday,9517,11,BONTEHEUWEL,17:14,2026-03-02
Central Line,Outbound (Cape Town to Chris Hani/Kapteinsklip/Bellville),Weekday,9023,11,BONTEHEUWEL,17:27,2026-03-02
Central Line,Outbound (Cape Town to Chris Hani/Kapteinsklip/Bellville),Weekday,9413,11,BONTEHEUWEL,17:57,2026-03-02
Central Line,Outbound (Cape Town to Chris Hani/Kapteinsklip/Bellville),Weekday,9919,11,BONTEHEUWEL,18:09,2026-03-02
Central Line,Outbound (Cape Town to Chris Hani/Kapteinsklip/Bellville),Weekday,9519,11,BONTEHEUWEL,18:19,2026-03-02
Central Line,Outbound (Cape Town to Chris Hani/Kapteinsklip/Bellville),Weekday,9025,11,BONTEHEUWEL,18:27,2026-03-02
Central Line,Outbound (Cape Town to Chris Hani/Kapteinsklip/Bellville),Weekday,9415,11,BONTEHEUWEL,18:44,2026-03-02
Central Line,Outbound (Cape Town to Chris Hani/Kapteinsklip/Bellville),Weekday,9027,11,BONTEHEUWEL,18:57,2026-03-02
Central Line,Outbound (Cape Town to Chris Hani/Kapteinsklip/Bellville),Weekday,9521,11,BONTEHEUWEL,19:09,2026-03-02
Central Line,Outbound (Cape Town to Chris Hani/Kapteinsklip/Bellville),Weekday,9921,11,BONTEHEUWEL,19:49,2026-03-02
Central Line,Outbound (Cape Town to Chris Hani/Kapteinsklip/Bellville),Weekday,9901,12,NETREG,05:26,2026-03-02
Central Line,Outbound (Cape Town to Chris Hani/Kapteinsklip/Bellville),Weekday,9501,12,NETREG,05:36,2026-03-02
Central Line,Outbound (Cape Town to Chris Hani/Kapteinsklip/Bellville),Weekday,9401,12,NETREG,06:26,2026-03-02
Central Line,Outbound (Cape Town to Chris Hani/Kapteinsklip/Bellville),Weekday,9503,12,NETREG,06:21,2026-03-02
Central Line,Outbound (Cape Town to Chris Hani/Kapteinsklip/Bellville),Weekday,9903,12,NETREG,06:41,2026-03-02
Central Line,Outbound (Cape Town to Chris Hani/Kapteinsklip/Bellville),Weekday,9505,12,NETREG,07:38,2026-03-02
Central Line,Outbound (Cape Town to Chris Hani/Kapteinsklip/Bellville),Weekday,9403,12,NETREG,07:41,2026-03-02
Central Line,Outbound (Cape Town to Chris Hani/Kapteinsklip/Bellville),Weekday,9905,12,NETREG,07:56,2026-03-02
Central Line,Outbound (Cape Town to Chris Hani/Kapteinsklip/Bellville),Weekday,9507,12,NETREG,08:36,2026-03-02
Central Line,Outbound (Cape Town to Chris Hani/Kapteinsklip/Bellville),Weekday,9405,12,NETREG,08:59,2026-03-02
Central Line,Outbound (Cape Town to Chris Hani/Kapteinsklip/Bellville),Weekday,9907,12,NETREG,09:36,2026-03-02
Central Line,Outbound (Cape Town to Chris Hani/Kapteinsklip/Bellville),Weekday,9509,12,NETREG,09:51,2026-03-02
Central Line,Outbound (Cape Town to Chris Hani/Kapteinsklip/Bellville),Weekday,9909,12,NETREG,10:56,2026-03-02
Central Line,Outbound (Cape Town to Chris Hani/Kapteinsklip/Bellville),Weekday,9911,12,NETREG,12:16,2026-03-02
Central Line,Outbound (Cape Town to Chris Hani/Kapteinsklip/Bellville),Weekday,9407,12,NETREG,12:31,2026-03-02
Central Line,Outbound (Cape Town to Chris Hani/Kapteinsklip/Bellville),Weekday,9511,12,NETREG,12:36,2026-03-02
Central Line,Outbound (Cape Town to Chris Hani/Kapteinsklip/Bellville),Weekday,9913,12,NETREG,14:21,2026-03-02
Central Line,Outbound (Cape Town to Chris Hani/Kapteinsklip/Bellville),Weekday,9513,12,NETREG,14:36,2026-03-02
Central Line,Outbound (Cape Town to Chris Hani/Kapteinsklip/Bellville),Weekday,9409,12,NETREG,14:36,2026-03-02
Central Line,Outbound (Cape Town to Chris Hani/Kapteinsklip/Bellville),Weekday,9915,12,NETREG,15:36,2026-03-02
Central Line,Outbound (Cape Town to Chris Hani/Kapteinsklip/Bellville),Weekday,9515,12,NETREG,15:56,2026-03-02
Central Line,Outbound (Cape Town to Chris Hani/Kapteinsklip/Bellville),Weekday,9411,12,NETREG,16:31,2026-03-02
Central Line,Outbound (Cape Town to Chris Hani/Kapteinsklip/Bellville),Weekday,9917,12,NETREG,16:51,2026-03-02
Central Line,Outbound (Cape Town to Chris Hani/Kapteinsklip/Bellville),Weekday,9517,12,NETREG,17:16,2026-03-02
Central Line,Outbound (Cape Town to Chris Hani/Kapteinsklip/Bellville),Weekday,9413,12,NETREG,17:59,2026-03-02
Central Line,Outbound (Cape Town to Chris Hani/Kapteinsklip/Bellville),Weekday,9919,12,NETREG,18:11,2026-03-02
Central Line,Outbound (Cape Town to Chris Hani/Kapteinsklip/Bellville),Weekday,9519,12,NETREG,18:21,2026-03-02
Central Line,Outbound (Cape Town to Chris Hani/Kapteinsklip/Bellville),Weekday,9415,12,NETREG,18:46,2026-03-02
Central Line,Outbound (Cape Town to Chris Hani/Kapteinsklip/Bellville),Weekday,9521,12,NETREG,19:11,2026-03-02
Central Line,Outbound (Cape Town to Chris Hani/Kapteinsklip/Bellville),Weekday,9921,12,NETREG,19:51,2026-03-02
Central Line,Outbound (Cape Town to Chris Hani/Kapteinsklip/Bellville),Weekday,9901,13,HEIDEVELD,05:27,2026-03-02
Central Line,Outbound (Cape Town to Chris Hani/Kapteinsklip/Bellville),Weekday,9501,13,HEIDEVELD,05:37,2026-03-02
Central Line,Outbound (Cape Town to Chris Hani/Kapteinsklip/Bellville),Weekday,9401,13,HEIDEVELD,06:27,2026-03-02
Central Line,Outbound (Cape Town to Chris Hani/Kapteinsklip/Bellville),Weekday,9503,13,HEIDEVELD,06:22,2026-03-02
Central Line,Outbound (Cape Town to Chris Hani/Kapteinsklip/Bellville),Weekday,9903,13,HEIDEVELD,06:42,2026-03-02
Central Line,Outbound (Cape Town to Chris Hani/Kapteinsklip/Bellville),Weekday,9505,13,HEIDEVELD,07:39,2026-03-02
Central Line,Outbound (Cape Town to Chris Hani/Kapteinsklip/Bellville),Weekday,9403,13,HEIDEVELD,07:42,2026-03-02
Central Line,Outbound (Cape Town to Chris Hani/Kapteinsklip/Bellville),Weekday,9905,13,HEIDEVELD,07:57,2026-03-02
Central Line,Outbound (Cape Town to Chris Hani/Kapteinsklip/Bellville),Weekday,9507,13,HEIDEVELD,08:37,2026-03-02
Central Line,Outbound (Cape Town to Chris Hani/Kapteinsklip/Bellville),Weekday,9405,13,HEIDEVELD,09:00,2026-03-02
Central Line,Outbound (Cape Town to Chris Hani/Kapteinsklip/Bellville),Weekday,9907,13,HEIDEVELD,09:37,2026-03-02
Central Line,Outbound (Cape Town to Chris Hani/Kapteinsklip/Bellville),Weekday,9509,13,HEIDEVELD,09:52,2026-03-02
Central Line,Outbound (Cape Town to Chris Hani/Kapteinsklip/Bellville),Weekday,9909,13,HEIDEVELD,10:57,2026-03-02
Central Line,Outbound (Cape Town to Chris Hani/Kapteinsklip/Bellville),Weekday,9911,13,HEIDEVELD,12:17,2026-03-02
Central Line,Outbound (Cape Town to Chris Hani/Kapteinsklip/Bellville),Weekday,9407,13,HEIDEVELD,12:32,2026-03-02
Central Line,Outbound (Cape Town to Chris Hani/Kapteinsklip/Bellville),Weekday,9511,13,HEIDEVELD,12:37,2026-03-02
Central Line,Outbound (Cape Town to Chris Hani/Kapteinsklip/Bellville),Weekday,9913,13,HEIDEVELD,14:22,2026-03-02
Central Line,Outbound (Cape Town to Chris Hani/Kapteinsklip/Bellville),Weekday,9513,13,HEIDEVELD,14:37,2026-03-02
Central Line,Outbound (Cape Town to Chris Hani/Kapteinsklip/Bellville),Weekday,9409,13,HEIDEVELD,14:37,2026-03-02
Central Line,Outbound (Cape Town to Chris Hani/Kapteinsklip/Bellville),Weekday,9915,13,HEIDEVELD,15:37,2026-03-02
Central Line,Outbound (Cape Town to Chris Hani/Kapteinsklip/Bellville),Weekday,9515,13,HEIDEVELD,15:57,2026-03-02
Central Line,Outbound (Cape Town to Chris Hani/Kapteinsklip/Bellville),Weekday,9411,13,HEIDEVELD,16:32,2026-03-02
Central Line,Outbound (Cape Town to Chris Hani/Kapteinsklip/Bellville),Weekday,9917,13,HEIDEVELD,16:52,2026-03-02
Central Line,Outbound (Cape Town to Chris Hani/Kapteinsklip/Bellville),Weekday,9517,13,HEIDEVELD,17:17,2026-03-02
Central Line,Outbound (Cape Town to Chris Hani/Kapteinsklip/Bellville),Weekday,9413,13,HEIDEVELD,18:00,2026-03-02
Central Line,Outbound (Cape Town to Chris Hani/Kapteinsklip/Bellville),Weekday,9919,13,HEIDEVELD,18:12,2026-03-02
Central Line,Outbound (Cape Town to Chris Hani/Kapteinsklip/Bellville),Weekday,9519,13,HEIDEVELD,18:22,2026-03-02
Central Line,Outbound (Cape Town to Chris Hani/Kapteinsklip/Bellville),Weekday,9415,13,HEIDEVELD,18:47,2026-03-02
Central Line,Outbound (Cape Town to Chris Hani/Kapteinsklip/Bellville),Weekday,9521,13,HEIDEVELD,19:12,2026-03-02
Central Line,Outbound (Cape Town to Chris Hani/Kapteinsklip/Bellville),Weekday,9921,13,HEIDEVELD,19:52,2026-03-02
Central Line,Outbound (Cape Town to Chris Hani/Kapteinsklip/Bellville),Weekday,9901,14,NYANGA,05:31,2026-03-02
Central Line,Outbound (Cape Town to Chris Hani/Kapteinsklip/Bellville),Weekday,9501,14,NYANGA,05:41,2026-03-02
Central Line,Outbound (Cape Town to Chris Hani/Kapteinsklip/Bellville),Weekday,9401,14,NYANGA,06:31,2026-03-02
Central Line,Outbound (Cape Town to Chris Hani/Kapteinsklip/Bellville),Weekday,9503,14,NYANGA,06:26,2026-03-02
Central Line,Outbound (Cape Town to Chris Hani/Kapteinsklip/Bellville),Weekday,9903,14,NYANGA,06:46,2026-03-02
Central Line,Outbound (Cape Town to Chris Hani/Kapteinsklip/Bellville),Weekday,9505,14,NYANGA,07:43,2026-03-02
Central Line,Outbound (Cape Town to Chris Hani/Kapteinsklip/Bellville),Weekday,9403,14,NYANGA,07:46,2026-03-02
Central Line,Outbound (Cape Town to Chris Hani/Kapteinsklip/Bellville),Weekday,9905,14,NYANGA,08:01,2026-03-02
Central Line,Outbound (Cape Town to Chris Hani/Kapteinsklip/Bellville),Weekday,9507,14,NYANGA,08:41,2026-03-02
Central Line,Outbound (Cape Town to Chris Hani/Kapteinsklip/Bellville),Weekday,9405,14,NYANGA,09:04,2026-03-02
Central Line,Outbound (Cape Town to Chris Hani/Kapteinsklip/Bellville),Weekday,9907,14,NYANGA,09:41,2026-03-02
Central Line,Outbound (Cape Town to Chris Hani/Kapteinsklip/Bellville),Weekday,9509,14,NYANGA,09:56,2026-03-02
Central Line,Outbound (Cape Town to Chris Hani/Kapteinsklip/Bellville),Weekday,9909,14,NYANGA,11:01,2026-03-02
Central Line,Outbound (Cape Town to Chris Hani/Kapteinsklip/Bellville),Weekday,9911,14,NYANGA,12:21,2026-03-02
Central Line,Outbound (Cape Town to Chris Hani/Kapteinsklip/Bellville),Weekday,9407,14,NYANGA,12:36,2026-03-02
Central Line,Outbound (Cape Town to Chris Hani/Kapteinsklip/Bellville),Weekday,9511,14,NYANGA,12:41,2026-03-02
Central Line,Outbound (Cape Town to Chris Hani/Kapteinsklip/Bellville),Weekday,9913,14,NYANGA,14:26,2026-03-02
Central Line,Outbound (Cape Town to Chris Hani/Kapteinsklip/Bellville),Weekday,9513,14,NYANGA,14:41,2026-03-02
Central Line,Outbound (Cape Town to Chris Hani/Kapteinsklip/Bellville),Weekday,9409,14,NYANGA,14:41,2026-03-02
Central Line,Outbound (Cape Town to Chris Hani/Kapteinsklip/Bellville),Weekday,9915,14,NYANGA,15:41,2026-03-02
Central Line,Outbound (Cape Town to Chris Hani/Kapteinsklip/Bellville),Weekday,9515,14,NYANGA,16:01,2026-03-02
Central Line,Outbound (Cape Town to Chris Hani/Kapteinsklip/Bellville),Weekday,9411,14,NYANGA,16:36,2026-03-02
Central Line,Outbound (Cape Town to Chris Hani/Kapteinsklip/Bellville),Weekday,9917,14,NYANGA,16:56,2026-03-02
Central Line,Outbound (Cape Town to Chris Hani/Kapteinsklip/Bellville),Weekday,9517,14,NYANGA,17:21,2026-03-02
Central Line,Outbound (Cape Town to Chris Hani/Kapteinsklip/Bellville),Weekday,9413,14,NYANGA,18:04,2026-03-02
Central Line,Outbound (Cape Town to Chris Hani/Kapteinsklip/Bellville),Weekday,9919,14,NYANGA,18:16,2026-03-02
Central Line,Outbound (Cape Town to Chris Hani/Kapteinsklip/Bellville),Weekday,9519,14,NYANGA,18:26,2026-03-02
Central Line,Outbound (Cape Town to Chris Hani/Kapteinsklip/Bellville),Weekday,9415,14,NYANGA,18:51,2026-03-02
Central Line,Outbound (Cape Town to Chris Hani/Kapteinsklip/Bellville),Weekday,9521,14,NYANGA,19:16,2026-03-02
Central Line,Outbound (Cape Town to Chris Hani/Kapteinsklip/Bellville),Weekday,9921,14,NYANGA,19:56,2026-03-02
Central Line,Outbound (Cape Town to Chris Hani/Kapteinsklip/Bellville),Weekday,9901,15,PHILIPPI,05:37,2026-03-02
Central Line,Outbound (Cape Town to Chris Hani/Kapteinsklip/Bellville),Weekday,9501,15,PHILIPPI,05:47,2026-03-02
Central Line,Outbound (Cape Town to Chris Hani/Kapteinsklip/Bellville),Weekday,9401,15,PHILIPPI,06:37,2026-03-02
Central Line,Outbound (Cape Town to Chris Hani/Kapteinsklip/Bellville),Weekday,9503,15,PHILIPPI,06:32,2026-03-02
Central Line,Outbound (Cape Town to Chris Hani/Kapteinsklip/Bellville),Weekday,9903,15,PHILIPPI,06:52,2026-03-02
Central Line,Outbound (Cape Town to Chris Hani/Kapteinsklip/Bellville),Weekday,9505,15,PHILIPPI,07:49,2026-03-02
Central Line,Outbound (Cape Town to Chris Hani/Kapteinsklip/Bellville),Weekday,9403,15,PHILIPPI,07:52,2026-03-02
Central Line,Outbound (Cape Town to Chris Hani/Kapteinsklip/Bellville),Weekday,9905,15,PHILIPPI,08:07,2026-03-02
Central Line,Outbound (Cape Town to Chris Hani/Kapteinsklip/Bellville),Weekday,9507,15,PHILIPPI,08:47,2026-03-02
Central Line,Outbound (Cape Town to Chris Hani/Kapteinsklip/Bellville),Weekday,9405,15,PHILIPPI,09:10,2026-03-02
Central Line,Outbound (Cape Town to Chris Hani/Kapteinsklip/Bellville),Weekday,9907,15,PHILIPPI,09:47,2026-03-02
Central Line,Outbound (Cape Town to Chris Hani/Kapteinsklip/Bellville),Weekday,9509,15,PHILIPPI,10:02,2026-03-02
Central Line,Outbound (Cape Town to Chris Hani/Kapteinsklip/Bellville),Weekday,9909,15,PHILIPPI,11:07,2026-03-02
Central Line,Outbound (Cape Town to Chris Hani/Kapteinsklip/Bellville),Weekday,9911,15,PHILIPPI,12:27,2026-03-02
Central Line,Outbound (Cape Town to Chris Hani/Kapteinsklip/Bellville),Weekday,9407,15,PHILIPPI,12:42,2026-03-02
Central Line,Outbound (Cape Town to Chris Hani/Kapteinsklip/Bellville),Weekday,9511,15,PHILIPPI,12:47,2026-03-02
Central Line,Outbound (Cape Town to Chris Hani/Kapteinsklip/Bellville),Weekday,9913,15,PHILIPPI,14:32,2026-03-02
Central Line,Outbound (Cape Town to Chris Hani/Kapteinsklip/Bellville),Weekday,9513,15,PHILIPPI,14:47,2026-03-02
Central Line,Outbound (Cape Town to Chris Hani/Kapteinsklip/Bellville),Weekday,9409,15,PHILIPPI,14:47,2026-03-02
Central Line,Outbound (Cape Town to Chris Hani/Kapteinsklip/Bellville),Weekday,9915,15,PHILIPPI,15:47,2026-03-02
Central Line,Outbound (Cape Town to Chris Hani/Kapteinsklip/Bellville),Weekday,9515,15,PHILIPPI,16:07,2026-03-02
Central Line,Outbound (Cape Town to Chris Hani/Kapteinsklip/Bellville),Weekday,9411,15,PHILIPPI,16:42,2026-03-02
Central Line,Outbound (Cape Town to Chris Hani/Kapteinsklip/Bellville),Weekday,9917,15,PHILIPPI,17:02,2026-03-02
Central Line,Outbound (Cape Town to Chris Hani/Kapteinsklip/Bellville),Weekday,9517,15,PHILIPPI,17:27,2026-03-02
Central Line,Outbound (Cape Town to Chris Hani/Kapteinsklip/Bellville),Weekday,9413,15,PHILIPPI,18:10,2026-03-02
Central Line,Outbound (Cape Town to Chris Hani/Kapteinsklip/Bellville),Weekday,9919,15,PHILIPPI,18:22,2026-03-02
Central Line,Outbound (Cape Town to Chris Hani/Kapteinsklip/Bellville),Weekday,9519,15,PHILIPPI,18:32,2026-03-02
Central Line,Outbound (Cape Town to Chris Hani/Kapteinsklip/Bellville),Weekday,9415,15,PHILIPPI,18:57,2026-03-02
Central Line,Outbound (Cape Town to Chris Hani/Kapteinsklip/Bellville),Weekday,9521,15,PHILIPPI,19:22,2026-03-02
Central Line,Outbound (Cape Town to Chris Hani/Kapteinsklip/Bellville),Weekday,9921,15,PHILIPPI,19:59,2026-03-02
Central Line,Outbound (Cape Town to Chris Hani/Kapteinsklip/Bellville),Weekday,9503,16,LENTEGEUR,06:37,2026-03-02
Central Line,Outbound (Cape Town to Chris Hani/Kapteinsklip/Bellville),Weekday,9505,16,LENTEGEUR,07:54,2026-03-02
Central Line,Outbound (Cape Town to Chris Hani/Kapteinsklip/Bellville),Weekday,9507,16,LENTEGEUR,08:52,2026-03-02
Central Line,Outbound (Cape Town to Chris Hani/Kapteinsklip/Bellville),Weekday,9511,16,LENTEGEUR,12:52,2026-03-02
Central Line,Outbound (Cape Town to Chris Hani/Kapteinsklip/Bellville),Weekday,9513,16,LENTEGEUR,14:52,2026-03-02
Central Line,Outbound (Cape Town to Chris Hani/Kapteinsklip/Bellville),Weekday,9515,16,LENTEGEUR,16:12,2026-03-02
Central Line,Outbound (Cape Town to Chris Hani/Kapteinsklip/Bellville),Weekday,9517,16,LENTEGEUR,17:32,2026-03-02
Central Line,Outbound (Cape Town to Chris Hani/Kapteinsklip/Bellville),Weekday,9519,16,LENTEGEUR,18:37,2026-03-02
Central Line,Outbound (Cape Town to Chris Hani/Kapteinsklip/Bellville),Weekday,9521,16,LENTEGEUR,19:27,2026-03-02
Central Line,Outbound (Cape Town to Chris Hani/Kapteinsklip/Bellville),Weekday,9503,17,MITCHELL'S PLAIN,06:39,2026-03-02
Central Line,Outbound (Cape Town to Chris Hani/Kapteinsklip/Bellville),Weekday,9505,17,MITCHELL'S PLAIN,07:56,2026-03-02
Central Line,Outbound (Cape Town to Chris Hani/Kapteinsklip/Bellville),Weekday,9507,17,MITCHELL'S PLAIN,08:54,2026-03-02
Central Line,Outbound (Cape Town to Chris Hani/Kapteinsklip/Bellville),Weekday,9511,17,MITCHELL'S PLAIN,12:54,2026-03-02
Central Line,Outbound (Cape Town to Chris Hani/Kapteinsklip/Bellville),Weekday,9513,17,MITCHELL'S PLAIN,14:54,2026-03-02
Central Line,Outbound (Cape Town to Chris Hani/Kapteinsklip/Bellville),Weekday,9515,17,MITCHELL'S PLAIN,16:14,2026-03-02
Central Line,Outbound (Cape Town to Chris Hani/Kapteinsklip/Bellville),Weekday,9517,17,MITCHELL'S PLAIN,17:34,2026-03-02
Central Line,Outbound (Cape Town to Chris Hani/Kapteinsklip/Bellville),Weekday,9519,17,MITCHELL'S PLAIN,18:39,2026-03-02
Central Line,Outbound (Cape Town to Chris Hani/Kapteinsklip/Bellville),Weekday,9521,17,MITCHELL'S PLAIN,19:29,2026-03-02
Central Line,Outbound (Cape Town to Chris Hani/Kapteinsklip/Bellville),Weekday,9503,18,KAPTEINSKLIP,06:42,2026-03-02
Central Line,Outbound (Cape Town to Chris Hani/Kapteinsklip/Bellville),Weekday,9505,18,KAPTEINSKLIP,07:59,2026-03-02
Central Line,Outbound (Cape Town to Chris Hani/Kapteinsklip/Bellville),Weekday,9507,18,KAPTEINSKLIP,08:57,2026-03-02
Central Line,Outbound (Cape Town to Chris Hani/Kapteinsklip/Bellville),Weekday,9511,18,KAPTEINSKLIP,12:57,2026-03-02
Central Line,Outbound (Cape Town to Chris Hani/Kapteinsklip/Bellville),Weekday,9513,18,KAPTEINSKLIP,14:57,2026-03-02
Central Line,Outbound (Cape Town to Chris Hani/Kapteinsklip/Bellville),Weekday,9515,18,KAPTEINSKLIP,16:17,2026-03-02
Central Line,Outbound (Cape Town to Chris Hani/Kapteinsklip/Bellville),Weekday,9517,18,KAPTEINSKLIP,17:37,2026-03-02
Central Line,Outbound (Cape Town to Chris Hani/Kapteinsklip/Bellville),Weekday,9519,18,KAPTEINSKLIP,18:42,2026-03-02
Central Line,Outbound (Cape Town to Chris Hani/Kapteinsklip/Bellville),Weekday,9521,18,KAPTEINSKLIP,19:32,2026-03-02
Central Line,Outbound (Cape Town to Chris Hani/Kapteinsklip/Bellville),Weekday,9901,19,STOCK ROAD,05:41,2026-03-02
Central Line,Outbound (Cape Town to Chris Hani/Kapteinsklip/Bellville),Weekday,9401,19,STOCK ROAD,06:41,2026-03-02
Central Line,Outbound (Cape Town to Chris Hani/Kapteinsklip/Bellville),Weekday,9903,19,STOCK ROAD,06:56,2026-03-02
Central Line,Outbound (Cape Town to Chris Hani/Kapteinsklip/Bellville),Weekday,9403,19,STOCK ROAD,07:56,2026-03-02
Central Line,Outbound (Cape Town to Chris Hani/Kapteinsklip/Bellville),Weekday,9905,19,STOCK ROAD,08:11,2026-03-02
Central Line,Outbound (Cape Town to Chris Hani/Kapteinsklip/Bellville),Weekday,9405,19,STOCK ROAD,09:14,2026-03-02
Central Line,Outbound (Cape Town to Chris Hani/Kapteinsklip/Bellville),Weekday,9907,19,STOCK ROAD,09:51,2026-03-02
Central Line,Outbound (Cape Town to Chris Hani/Kapteinsklip/Bellville),Weekday,9909,19,STOCK ROAD,11:11,2026-03-02
Central Line,Outbound (Cape Town to Chris Hani/Kapteinsklip/Bellville),Weekday,9911,19,STOCK ROAD,12:31,2026-03-02
Central Line,Outbound (Cape Town to Chris Hani/Kapteinsklip/Bellville),Weekday,9407,19,STOCK ROAD,12:46,2026-03-02
Central Line,Outbound (Cape Town to Chris Hani/Kapteinsklip/Bellville),Weekday,9913,19,STOCK ROAD,14:36,2026-03-02
Central Line,Outbound (Cape Town to Chris Hani/Kapteinsklip/Bellville),Weekday,9409,19,STOCK ROAD,14:58,2026-03-02
Central Line,Outbound (Cape Town to Chris Hani/Kapteinsklip/Bellville),Weekday,9915,19,STOCK ROAD,15:51,2026-03-02
Central Line,Outbound (Cape Town to Chris Hani/Kapteinsklip/Bellville),Weekday,9411,19,STOCK ROAD,16:46,2026-03-02
Central Line,Outbound (Cape Town to Chris Hani/Kapteinsklip/Bellville),Weekday,9917,19,STOCK ROAD,17:06,2026-03-02
Central Line,Outbound (Cape Town to Chris Hani/Kapteinsklip/Bellville),Weekday,9413,19,STOCK ROAD,18:14,2026-03-02
Central Line,Outbound (Cape Town to Chris Hani/Kapteinsklip/Bellville),Weekday,9919,19,STOCK ROAD,18:26,2026-03-02
Central Line,Outbound (Cape Town to Chris Hani/Kapteinsklip/Bellville),Weekday,9415,19,STOCK ROAD,19:01,2026-03-02
Central Line,Outbound (Cape Town to Chris Hani/Kapteinsklip/Bellville),Weekday,9921,19,STOCK ROAD,20:03,2026-03-02
Central Line,Outbound (Cape Town to Chris Hani/Kapteinsklip/Bellville),Weekday,9901,20,MANDALAY,05:45,2026-03-02
Central Line,Outbound (Cape Town to Chris Hani/Kapteinsklip/Bellville),Weekday,9401,20,MANDALAY,06:45,2026-03-02
Central Line,Outbound (Cape Town to Chris Hani/Kapteinsklip/Bellville),Weekday,9903,20,MANDALAY,07:00,2026-03-02
Central Line,Outbound (Cape Town to Chris Hani/Kapteinsklip/Bellville),Weekday,9403,20,MANDALAY,08:00,2026-03-02
Central Line,Outbound (Cape Town to Chris Hani/Kapteinsklip/Bellville),Weekday,9905,20,MANDALAY,08:15,2026-03-02
Central Line,Outbound (Cape Town to Chris Hani/Kapteinsklip/Bellville),Weekday,9405,20,MANDALAY,09:18,2026-03-02
Central Line,Outbound (Cape Town to Chris Hani/Kapteinsklip/Bellville),Weekday,9907,20,MANDALAY,09:55,2026-03-02
Central Line,Outbound (Cape Town to Chris Hani/Kapteinsklip/Bellville),Weekday,9909,20,MANDALAY,11:15,2026-03-02
Central Line,Outbound (Cape Town to Chris Hani/Kapteinsklip/Bellville),Weekday,9911,20,MANDALAY,12:35,2026-03-02
Central Line,Outbound (Cape Town to Chris Hani/Kapteinsklip/Bellville),Weekday,9407,20,MANDALAY,12:50,2026-03-02
Central Line,Outbound (Cape Town to Chris Hani/Kapteinsklip/Bellville),Weekday,9913,20,MANDALAY,14:40,2026-03-02
Central Line,Outbound (Cape Town to Chris Hani/Kapteinsklip/Bellville),Weekday,9409,20,MANDALAY,15:02,2026-03-02
Central Line,Outbound (Cape Town to Chris Hani/Kapteinsklip/Bellville),Weekday,9915,20,MANDALAY,15:55,2026-03-02
Central Line,Outbound (Cape Town to Chris Hani/Kapteinsklip/Bellville),Weekday,9411,20,MANDALAY,16:50,2026-03-02
Central Line,Outbound (Cape Town to Chris Hani/Kapteinsklip/Bellville),Weekday,9917,20,MANDALAY,17:10,2026-03-02
Central Line,Outbound (Cape Town to Chris Hani/Kapteinsklip/Bellville),Weekday,9413,20,MANDALAY,18:18,2026-03-02
Central Line,Outbound (Cape Town to Chris Hani/Kapteinsklip/Bellville),Weekday,9919,20,MANDALAY,18:30,2026-03-02
Central Line,Outbound (Cape Town to Chris Hani/Kapteinsklip/Bellville),Weekday,9415,20,MANDALAY,19:05,2026-03-02
Central Line,Outbound (Cape Town to Chris Hani/Kapteinsklip/Bellville),Weekday,9921,20,MANDALAY,20:07,2026-03-02
Central Line,Outbound (Cape Town to Chris Hani/Kapteinsklip/Bellville),Weekday,9901,21,NOLUNGILE,05:49,2026-03-02
Central Line,Outbound (Cape Town to Chris Hani/Kapteinsklip/Bellville),Weekday,9401,21,NOLUNGILE,06:49,2026-03-02
Central Line,Outbound (Cape Town to Chris Hani/Kapteinsklip/Bellville),Weekday,9903,21,NOLUNGILE,07:04,2026-03-02
Central Line,Outbound (Cape Town to Chris Hani/Kapteinsklip/Bellville),Weekday,9403,21,NOLUNGILE,08:04,2026-03-02
Central Line,Outbound (Cape Town to Chris Hani/Kapteinsklip/Bellville),Weekday,9905,21,NOLUNGILE,08:19,2026-03-02
Central Line,Outbound (Cape Town to Chris Hani/Kapteinsklip/Bellville),Weekday,9405,21,NOLUNGILE,09:22,2026-03-02
Central Line,Outbound (Cape Town to Chris Hani/Kapteinsklip/Bellville),Weekday,9907,21,NOLUNGILE,09:59,2026-03-02
Central Line,Outbound (Cape Town to Chris Hani/Kapteinsklip/Bellville),Weekday,9909,21,NOLUNGILE,11:19,2026-03-02
Central Line,Outbound (Cape Town to Chris Hani/Kapteinsklip/Bellville),Weekday,9911,21,NOLUNGILE,12:39,2026-03-02
Central Line,Outbound (Cape Town to Chris Hani/Kapteinsklip/Bellville),Weekday,9407,21,NOLUNGILE,12:54,2026-03-02
Central Line,Outbound (Cape Town to Chris Hani/Kapteinsklip/Bellville),Weekday,9913,21,NOLUNGILE,14:44,2026-03-02
Central Line,Outbound (Cape Town to Chris Hani/Kapteinsklip/Bellville),Weekday,9409,21,NOLUNGILE,15:10,2026-03-02
Central Line,Outbound (Cape Town to Chris Hani/Kapteinsklip/Bellville),Weekday,9915,21,NOLUNGILE,15:59,2026-03-02
Central Line,Outbound (Cape Town to Chris Hani/Kapteinsklip/Bellville),Weekday,9411,21,NOLUNGILE,16:50,2026-03-02
Central Line,Outbound (Cape Town to Chris Hani/Kapteinsklip/Bellville),Weekday,9917,21,NOLUNGILE,17:14,2026-03-02
Central Line,Outbound (Cape Town to Chris Hani/Kapteinsklip/Bellville),Weekday,9413,21,NOLUNGILE,18:22,2026-03-02
Central Line,Outbound (Cape Town to Chris Hani/Kapteinsklip/Bellville),Weekday,9919,21,NOLUNGILE,18:34,2026-03-02
Central Line,Outbound (Cape Town to Chris Hani/Kapteinsklip/Bellville),Weekday,9415,21,NOLUNGILE,19:10,2026-03-02
Central Line,Outbound (Cape Town to Chris Hani/Kapteinsklip/Bellville),Weekday,9921,21,NOLUNGILE,20:11,2026-03-02
Central Line,Outbound (Cape Town to Chris Hani/Kapteinsklip/Bellville),Weekday,9901,22,NONKQUBELA,05:53,2026-03-02
Central Line,Outbound (Cape Town to Chris Hani/Kapteinsklip/Bellville),Weekday,9903,22,NONKQUBELA,07:08,2026-03-02
Central Line,Outbound (Cape Town to Chris Hani/Kapteinsklip/Bellville),Weekday,9905,22,NONKQUBELA,08:23,2026-03-02
Central Line,Outbound (Cape Town to Chris Hani/Kapteinsklip/Bellville),Weekday,9405,22,NONKQUBELA,09:14,2026-03-02
Central Line,Outbound (Cape Town to Chris Hani/Kapteinsklip/Bellville),Weekday,9907,22,NONKQUBELA,10:03,2026-03-02
Central Line,Outbound (Cape Town to Chris Hani/Kapteinsklip/Bellville),Weekday,9909,22,NONKQUBELA,11:23,2026-03-02
Central Line,Outbound (Cape Town to Chris Hani/Kapteinsklip/Bellville),Weekday,9911,22,NONKQUBELA,12:43,2026-03-02
Central Line,Outbound (Cape Town to Chris Hani/Kapteinsklip/Bellville),Weekday,9407,22,NONKQUBELA,13:05,2026-03-02
Central Line,Outbound (Cape Town to Chris Hani/Kapteinsklip/Bellville),Weekday,9913,22,NONKQUBELA,14:48,2026-03-02
Central Line,Outbound (Cape Town to Chris Hani/Kapteinsklip/Bellville),Weekday,9915,22,NONKQUBELA,16:03,2026-03-02
Central Line,Outbound (Cape Town to Chris Hani/Kapteinsklip/Bellville),Weekday,9919,22,NONKQUBELA,18:38,2026-03-02
Central Line,Outbound (Cape Town to Chris Hani/Kapteinsklip/Bellville),Weekday,9921,22,NONKQUBELA,20:15,2026-03-02
Central Line,Outbound (Cape Town to Chris Hani/Kapteinsklip/Bellville),Weekday,9901,23,KHAYELITSHA,05:57,2026-03-02
Central Line,Outbound (Cape Town to Chris Hani/Kapteinsklip/Bellville),Weekday,9903,23,KHAYELITSHA,07:12,2026-03-02
Central Line,Outbound (Cape Town to Chris Hani/Kapteinsklip/Bellville),Weekday,9905,23,KHAYELITSHA,08:27,2026-03-02
Central Line,Outbound (Cape Town to Chris Hani/Kapteinsklip/Bellville),Weekday,9907,23,KHAYELITSHA,10:07,2026-03-02
Central Line,Outbound (Cape Town to Chris Hani/Kapteinsklip/Bellville),Weekday,9909,23,KHAYELITSHA,11:27,2026-03-02
Central Line,Outbound (Cape Town to Chris Hani/Kapteinsklip/Bellville),Weekday,9911,23,KHAYELITSHA,12:47,2026-03-02
Central Line,Outbound (Cape Town to Chris Hani/Kapteinsklip/Bellville),Weekday,9913,23,KHAYELITSHA,14:52,2026-03-02
Central Line,Outbound (Cape Town to Chris Hani/Kapteinsklip/Bellville),Weekday,9915,23,KHAYELITSHA,16:07,2026-03-02
Central Line,Outbound (Cape Town to Chris Hani/Kapteinsklip/Bellville),Weekday,9919,23,KHAYELITSHA,18:42,2026-03-02
Central Line,Outbound (Cape Town to Chris Hani/Kapteinsklip/Bellville),Weekday,9921,23,KHAYELITSHA,20:19,2026-03-02
Central Line,Outbound (Cape Town to Chris Hani/Kapteinsklip/Bellville),Weekday,9901,24,KUYASA,06:00,2026-03-02
Central Line,Outbound (Cape Town to Chris Hani/Kapteinsklip/Bellville),Weekday,9903,24,KUYASA,07:15,2026-03-02
Central Line,Outbound (Cape Town to Chris Hani/Kapteinsklip/Bellville),Weekday,9905,24,KUYASA,08:30,2026-03-02
Central Line,Outbound (Cape Town to Chris Hani/Kapteinsklip/Bellville),Weekday,9907,24,KUYASA,10:10,2026-03-02
Central Line,Outbound (Cape Town to Chris Hani/Kapteinsklip/Bellville),Weekday,9909,24,KUYASA,11:30,2026-03-02
Central Line,Outbound (Cape Town to Chris Hani/Kapteinsklip/Bellville),Weekday,9911,24,KUYASA,12:50,2026-03-02
Central Line,Outbound (Cape Town to Chris Hani/Kapteinsklip/Bellville),Weekday,9913,24,KUYASA,14:55,2026-03-02
Central Line,Outbound (Cape Town to Chris Hani/Kapteinsklip/Bellville),Weekday,9915,24,KUYASA,16:10,2026-03-02
Central Line,Outbound (Cape Town to Chris Hani/Kapteinsklip/Bellville),Weekday,9919,24,KUYASA,18:45,2026-03-02
Central Line,Outbound (Cape Town to Chris Hani/Kapteinsklip/Bellville),Weekday,9921,24,KUYASA,20:22,2026-03-02
Central Line,Outbound (Cape Town to Chris Hani/Kapteinsklip/Bellville),Weekday,9901,25,CHRIS HANI,06:04,2026-03-02
Central Line,Outbound (Cape Town to Chris Hani/Kapteinsklip/Bellville),Weekday,9903,25,CHRIS HANI,07:19,2026-03-02
Central Line,Outbound (Cape Town to Chris Hani/Kapteinsklip/Bellville),Weekday,9905,25,CHRIS HANI,08:31,2026-03-02
Central Line,Outbound (Cape Town to Chris Hani/Kapteinsklip/Bellville),Weekday,9907,25,CHRIS HANI,10:14,2026-03-02
Central Line,Outbound (Cape Town to Chris Hani/Kapteinsklip/Bellville),Weekday,9909,25,CHRIS HANI,11:31,2026-03-02
Central Line,Outbound (Cape Town to Chris Hani/Kapteinsklip/Bellville),Weekday,9911,25,CHRIS HANI,12:54,2026-03-02
Central Line,Outbound (Cape Town to Chris Hani/Kapteinsklip/Bellville),Weekday,9913,25,CHRIS HANI,14:59,2026-03-02
Central Line,Outbound (Cape Town to Chris Hani/Kapteinsklip/Bellville),Weekday,9915,25,CHRIS HANI,16:11,2026-03-02
Central Line,Outbound (Cape Town to Chris Hani/Kapteinsklip/Bellville),Weekday,9919,25,CHRIS HANI,18:49,2026-03-02
Central Line,Outbound (Cape Town to Chris Hani/Kapteinsklip/Bellville),Weekday,9921,25,CHRIS HANI,20:26,2026-03-02
Central Line,Outbound (Cape Town to Chris Hani/Kapteinsklip/Bellville),Weekday,9001,26,LAVISTOWN,05:45,2026-03-02
Central Line,Outbound (Cape Town to Chris Hani/Kapteinsklip/Bellville),Weekday,9003,26,LAVISTOWN,06:35,2026-03-02
Central Line,Outbound (Cape Town to Chris Hani/Kapteinsklip/Bellville),Weekday,9007,26,LAVISTOWN,07:10,2026-03-02
Central Line,Outbound (Cape Town to Chris Hani/Kapteinsklip/Bellville),Weekday,9005,26,LAVISTOWN,08:05,2026-03-02
Central Line,Outbound (Cape Town to Chris Hani/Kapteinsklip/Bellville),Weekday,9009,26,LAVISTOWN,09:25,2026-03-02
Central Line,Outbound (Cape Town to Chris Hani/Kapteinsklip/Bellville),Weekday,9011,26,LAVISTOWN,09:55,2026-03-02
Central Line,Outbound (Cape Town to Chris Hani/Kapteinsklip/Bellville),Weekday,9013,26,LAVISTOWN,11:15,2026-03-02
Central Line,Outbound (Cape Town to Chris Hani/Kapteinsklip/Bellville),Weekday,9015,26,LAVISTOWN,12:40,2026-03-02
Central Line,Outbound (Cape Town to Chris Hani/Kapteinsklip/Bellville),Weekday,9017,26,LAVISTOWN,14:30,2026-03-02
Central Line,Outbound (Cape Town to Chris Hani/Kapteinsklip/Bellville),Weekday,9019,26,LAVISTOWN,15:50,2026-03-02
Central Line,Outbound (Cape Town to Chris Hani/Kapteinsklip/Bellville),Weekday,9021,26,LAVISTOWN,17:00,2026-03-02
Central Line,Outbound (Cape Town to Chris Hani/Kapteinsklip/Bellville),Weekday,9023,26,LAVISTOWN,17:30,2026-03-02
Central Line,Outbound (Cape Town to Chris Hani/Kapteinsklip/Bellville),Weekday,9025,26,LAVISTOWN,18:30,2026-03-02
Central Line,Outbound (Cape Town to Chris Hani/Kapteinsklip/Bellville),Weekday,9027,26,LAVISTOWN,19:00,2026-03-02
Central Line,Outbound (Cape Town to Chris Hani/Kapteinsklip/Bellville),Weekday,9001,27,BELHAR,05:50,2026-03-02
Central Line,Outbound (Cape Town to Chris Hani/Kapteinsklip/Bellville),Weekday,9003,27,BELHAR,06:40,2026-03-02
Central Line,Outbound (Cape Town to Chris Hani/Kapteinsklip/Bellville),Weekday,9007,27,BELHAR,07:15,2026-03-02
Central Line,Outbound (Cape Town to Chris Hani/Kapteinsklip/Bellville),Weekday,9005,27,BELHAR,08:10,2026-03-02
Central Line,Outbound (Cape Town to Chris Hani/Kapteinsklip/Bellville),Weekday,9009,27,BELHAR,09:30,2026-03-02
Central Line,Outbound (Cape Town to Chris Hani/Kapteinsklip/Bellville),Weekday,9011,27,BELHAR,10:00,2026-03-02
Central Line,Outbound (Cape Town to Chris Hani/Kapteinsklip/Bellville),Weekday,9013,27,BELHAR,11:20,2026-03-02
Central Line,Outbound (Cape Town to Chris Hani/Kapteinsklip/Bellville),Weekday,9015,27,BELHAR,12:45,2026-03-02
Central Line,Outbound (Cape Town to Chris Hani/Kapteinsklip/Bellville),Weekday,9017,27,BELHAR,14:35,2026-03-02
Central Line,Outbound (Cape Town to Chris Hani/Kapteinsklip/Bellville),Weekday,9019,27,BELHAR,15:55,2026-03-02
Central Line,Outbound (Cape Town to Chris Hani/Kapteinsklip/Bellville),Weekday,9021,27,BELHAR,17:05,2026-03-02
Central Line,Outbound (Cape Town to Chris Hani/Kapteinsklip/Bellville),Weekday,9023,27,BELHAR,17:35,2026-03-02
Central Line,Outbound (Cape Town to Chris Hani/Kapteinsklip/Bellville),Weekday,9025,27,BELHAR,18:35,2026-03-02
Central Line,Outbound (Cape Town to Chris Hani/Kapteinsklip/Bellville),Weekday,9027,27,BELHAR,19:05,2026-03-02
Central Line,Outbound (Cape Town to Chris Hani/Kapteinsklip/Bellville),Weekday,9001,28,UNIBELL,05:53,2026-03-02
Central Line,Outbound (Cape Town to Chris Hani/Kapteinsklip/Bellville),Weekday,9003,28,UNIBELL,06:43,2026-03-02
Central Line,Outbound (Cape Town to Chris Hani/Kapteinsklip/Bellville),Weekday,9007,28,UNIBELL,07:18,2026-03-02
Central Line,Outbound (Cape Town to Chris Hani/Kapteinsklip/Bellville),Weekday,9005,28,UNIBELL,08:13,2026-03-02
Central Line,Outbound (Cape Town to Chris Hani/Kapteinsklip/Bellville),Weekday,9009,28,UNIBELL,09:33,2026-03-02
Central Line,Outbound (Cape Town to Chris Hani/Kapteinsklip/Bellville),Weekday,9011,28,UNIBELL,10:03,2026-03-02
Central Line,Outbound (Cape Town to Chris Hani/Kapteinsklip/Bellville),Weekday,9013,28,UNIBELL,11:23,2026-03-02
Central Line,Outbound (Cape Town to Chris Hani/Kapteinsklip/Bellville),Weekday,9015,28,UNIBELL,12:48,2026-03-02
Central Line,Outbound (Cape Town to Chris Hani/Kapteinsklip/Bellville),Weekday,9017,28,UNIBELL,14:38,2026-03-02
Central Line,Outbound (Cape Town to Chris Hani/Kapteinsklip/Bellville),Weekday,9019,28,UNIBELL,15:58,2026-03-02
Central Line,Outbound (Cape Town to Chris Hani/Kapteinsklip/Bellville),Weekday,9021,28,UNIBELL,17:08,2026-03-02
Central Line,Outbound (Cape Town to Chris Hani/Kapteinsklip/Bellville),Weekday,9023,28,UNIBELL,17:38,2026-03-02
Central Line,Outbound (Cape Town to Chris Hani/Kapteinsklip/Bellville),Weekday,9025,28,UNIBELL,18:38,2026-03-02
Central Line,Outbound (Cape Town to Chris Hani/Kapteinsklip/Bellville),Weekday,9027,28,UNIBELL,19:08,2026-03-02
Central Line,Outbound (Cape Town to Chris Hani/Kapteinsklip/Bellville),Weekday,9001,29,PENTECH,05:57,2026-03-02
Central Line,Outbound (Cape Town to Chris Hani/Kapteinsklip/Bellville),Weekday,9003,29,PENTECH,06:47,2026-03-02
Central Line,Outbound (Cape Town to Chris Hani/Kapteinsklip/Bellville),Weekday,9007,29,PENTECH,07:22,2026-03-02
Central Line,Outbound (Cape Town to Chris Hani/Kapteinsklip/Bellville),Weekday,9005,29,PENTECH,08:17,2026-03-02
Central Line,Outbound (Cape Town to Chris Hani/Kapteinsklip/Bellville),Weekday,9001,30,SAREPTA,06:00,2026-03-02
Central Line,Outbound (Cape Town to Chris Hani/Kapteinsklip/Bellville),Weekday,9003,30,SAREPTA,06:50,2026-03-02
Central Line,Outbound (Cape Town to Chris Hani/Kapteinsklip/Bellville),Weekday,9001,31,BELLVILLE,06:05,2026-03-02
Central Line,Outbound (Cape Town to Chris Hani/Kapteinsklip/Bellville),Weekday,9003,31,BELLVILLE,06:55,2026-03-02
Central Line,Inbound (Chris Hani/Nolungile/Phillipi/Langa/Mutual to Chris Hani),Weekend,9002,0,BELLVILLE,05:50,2025-10
Central Line,Inbound (Chris Hani/Nolungile/Phillipi/Langa/Mutual to Chris Hani),Weekend,9004,0,BELLVILLE,07:20,2025-10
Central Line,Inbound (Chris Hani/Nolungile/Phillipi/Langa/Mutual to Chris Hani),Weekend,9006,0,BELLVILLE,08:40,2025-10
Central Line,Inbound (Chris Hani/Nolungile/Phillipi/Langa/Mutual to Chris Hani),Weekend,9008,0,BELLVILLE,10:50,2025-10
Central Line,Inbound (Chris Hani/Nolungile/Phillipi/Langa/Mutual to Chris Hani),Weekend,9010,0,BELLVILLE,12:10,2025-10
Central Line,Inbound (Chris Hani/Nolungile/Phillipi/Langa/Mutual to Chris Hani),Weekend,9012,0,BELLVILLE,13:30,2025-10
Central Line,Inbound (Chris Hani/Nolungile/Phillipi/Langa/Mutual to Chris Hani),Weekend,9002,1,SAREPTA,05:56,2025-10
Central Line,Inbound (Chris Hani/Nolungile/Phillipi/Langa/Mutual to Chris Hani),Weekend,9004,1,SAREPTA,07:26,2025-10
Central Line,Inbound (Chris Hani/Nolungile/Phillipi/Langa/Mutual to Chris Hani),Weekend,9006,1,SAREPTA,08:46,2025-10
Central Line,Inbound (Chris Hani/Nolungile/Phillipi/Langa/Mutual to Chris Hani),Weekend,9008,1,SAREPTA,10:56,2025-10
Central Line,Inbound (Chris Hani/Nolungile/Phillipi/Langa/Mutual to Chris Hani),Weekend,9010,1,SAREPTA,12:16,2025-10
Central Line,Inbound (Chris Hani/Nolungile/Phillipi/Langa/Mutual to Chris Hani),Weekend,9012,1,SAREPTA,13:36,2025-10
Central Line,Inbound (Chris Hani/Nolungile/Phillipi/Langa/Mutual to Chris Hani),Weekend,9002,2,PENTECH,05:59,2025-10
Central Line,Inbound (Chris Hani/Nolungile/Phillipi/Langa/Mutual to Chris Hani),Weekend,9004,2,PENTECH,07:29,2025-10
Central Line,Inbound (Chris Hani/Nolungile/Phillipi/Langa/Mutual to Chris Hani),Weekend,9006,2,PENTECH,08:49,2025-10
Central Line,Inbound (Chris Hani/Nolungile/Phillipi/Langa/Mutual to Chris Hani),Weekend,9008,2,PENTECH,10:59,2025-10
Central Line,Inbound (Chris Hani/Nolungile/Phillipi/Langa/Mutual to Chris Hani),Weekend,9010,2,PENTECH,12:19,2025-10
Central Line,Inbound (Chris Hani/Nolungile/Phillipi/Langa/Mutual to Chris Hani),Weekend,9012,2,PENTECH,13:39,2025-10
Central Line,Inbound (Chris Hani/Nolungile/Phillipi/Langa/Mutual to Chris Hani),Weekend,9002,3,UNIBELL,06:03,2025-10
Central Line,Inbound (Chris Hani/Nolungile/Phillipi/Langa/Mutual to Chris Hani),Weekend,9004,3,UNIBELL,07:33,2025-10
Central Line,Inbound (Chris Hani/Nolungile/Phillipi/Langa/Mutual to Chris Hani),Weekend,9006,3,UNIBELL,08:53,2025-10
Central Line,Inbound (Chris Hani/Nolungile/Phillipi/Langa/Mutual to Chris Hani),Weekend,9008,3,UNIBELL,11:03,2025-10
Central Line,Inbound (Chris Hani/Nolungile/Phillipi/Langa/Mutual to Chris Hani),Weekend,9010,3,UNIBELL,12:23,2025-10
Central Line,Inbound (Chris Hani/Nolungile/Phillipi/Langa/Mutual to Chris Hani),Weekend,9012,3,UNIBELL,13:43,2025-10
Central Line,Inbound (Chris Hani/Nolungile/Phillipi/Langa/Mutual to Chris Hani),Weekend,9002,4,BELHAR,06:07,2025-10
Central Line,Inbound (Chris Hani/Nolungile/Phillipi/Langa/Mutual to Chris Hani),Weekend,9004,4,BELHAR,07:37,2025-10
Central Line,Inbound (Chris Hani/Nolungile/Phillipi/Langa/Mutual to Chris Hani),Weekend,9006,4,BELHAR,08:57,2025-10
Central Line,Inbound (Chris Hani/Nolungile/Phillipi/Langa/Mutual to Chris Hani),Weekend,9008,4,BELHAR,11:07,2025-10
Central Line,Inbound (Chris Hani/Nolungile/Phillipi/Langa/Mutual to Chris Hani),Weekend,9010,4,BELHAR,12:27,2025-10
Central Line,Inbound (Chris Hani/Nolungile/Phillipi/Langa/Mutual to Chris Hani),Weekend,9012,4,BELHAR,13:47,2025-10
Central Line,Inbound (Chris Hani/Nolungile/Phillipi/Langa/Mutual to Chris Hani),Weekend,9002,5,LAVISTOWN,06:10,2025-10
Central Line,Inbound (Chris Hani/Nolungile/Phillipi/Langa/Mutual to Chris Hani),Weekend,9004,5,LAVISTOWN,07:40,2025-10
Central Line,Inbound (Chris Hani/Nolungile/Phillipi/Langa/Mutual to Chris Hani),Weekend,9006,5,LAVISTOWN,09:00,2025-10
Central Line,Inbound (Chris Hani/Nolungile/Phillipi/Langa/Mutual to Chris Hani),Weekend,9008,5,LAVISTOWN,11:10,2025-10
Central Line,Inbound (Chris Hani/Nolungile/Phillipi/Langa/Mutual to Chris Hani),Weekend,9010,5,LAVISTOWN,12:30,2025-10
Central Line,Inbound (Chris Hani/Nolungile/Phillipi/Langa/Mutual to Chris Hani),Weekend,9012,5,LAVISTOWN,13:50,2025-10
Central Line,Inbound (Chris Hani/Nolungile/Phillipi/Langa/Mutual to Chris Hani),Weekend,9900,6,CHRIS HANI,5:10,2025-10
Central Line,Inbound (Chris Hani/Nolungile/Phillipi/Langa/Mutual to Chris Hani),Weekend,9902,6,CHRIS HANI,6:50,2025-10
Central Line,Inbound (Chris Hani/Nolungile/Phillipi/Langa/Mutual to Chris Hani),Weekend,9904,6,CHRIS HANI,8:12,2025-10
Central Line,Inbound (Chris Hani/Nolungile/Phillipi/Langa/Mutual to Chris Hani),Weekend,9906,6,CHRIS HANI,9:40,2025-10
Central Line,Inbound (Chris Hani/Nolungile/Phillipi/Langa/Mutual to Chris Hani),Weekend,9908,6,CHRIS HANI,10:55,2025-10
Central Line,Inbound (Chris Hani/Nolungile/Phillipi/Langa/Mutual to Chris Hani),Weekend,9910,6,CHRIS HANI,12:10,2025-10
Central Line,Inbound (Chris Hani/Nolungile/Phillipi/Langa/Mutual to Chris Hani),Weekend,9912,6,CHRIS HANI,14:30,2025-10
Central Line,Inbound (Chris Hani/Nolungile/Phillipi/Langa/Mutual to Chris Hani),Weekend,9900,7,KHAYELITSHA,5:17,2025-10
Central Line,Inbound (Chris Hani/Nolungile/Phillipi/Langa/Mutual to Chris Hani),Weekend,9902,7,KHAYELITSHA,6:57,2025-10
Central Line,Inbound (Chris Hani/Nolungile/Phillipi/Langa/Mutual to Chris Hani),Weekend,9904,7,KHAYELITSHA,8:19,2025-10
Central Line,Inbound (Chris Hani/Nolungile/Phillipi/Langa/Mutual to Chris Hani),Weekend,9906,7,KHAYELITSHA,9:47,2025-10
Central Line,Inbound (Chris Hani/Nolungile/Phillipi/Langa/Mutual to Chris Hani),Weekend,9908,7,KHAYELITSHA,11:02,2025-10
Central Line,Inbound (Chris Hani/Nolungile/Phillipi/Langa/Mutual to Chris Hani),Weekend,9910,7,KHAYELITSHA,12:17,2025-10
Central Line,Inbound (Chris Hani/Nolungile/Phillipi/Langa/Mutual to Chris Hani),Weekend,9912,7,KHAYELITSHA,14:37,2025-10
Central Line,Inbound (Chris Hani/Nolungile/Phillipi/Langa/Mutual to Chris Hani),Weekend,9900,8,NONKQUBELA,5:21,2025-10
Central Line,Inbound (Chris Hani/Nolungile/Phillipi/Langa/Mutual to Chris Hani),Weekend,9902,8,NONKQUBELA,7:01,2025-10
Central Line,Inbound (Chris Hani/Nolungile/Phillipi/Langa/Mutual to Chris Hani),Weekend,9904,8,NONKQUBELA,8:23,2025-10
Central Line,Inbound (Chris Hani/Nolungile/Phillipi/Langa/Mutual to Chris Hani),Weekend,9906,8,NONKQUBELA,9:51,2025-10
Central Line,Inbound (Chris Hani/Nolungile/Phillipi/Langa/Mutual to Chris Hani),Weekend,9908,8,NONKQUBELA,11:06,2025-10
Central Line,Inbound (Chris Hani/Nolungile/Phillipi/Langa/Mutual to Chris Hani),Weekend,9910,8,NONKQUBELA,12:21,2025-10
Central Line,Inbound (Chris Hani/Nolungile/Phillipi/Langa/Mutual to Chris Hani),Weekend,9912,8,NONKQUBELA,14:41,2025-10
Central Line,Inbound (Chris Hani/Nolungile/Phillipi/Langa/Mutual to Chris Hani),Weekend,9400,9,NOLUNGILE,04:40,2025-10
Central Line,Inbound (Chris Hani/Nolungile/Phillipi/Langa/Mutual to Chris Hani),Weekend,9900,9,NOLUNGILE,5:25,2025-10
Central Line,Inbound (Chris Hani/Nolungile/Phillipi/Langa/Mutual to Chris Hani),Weekend,9002,9,NOLUNGILE,06:12,2025-10
Central Line,Inbound (Chris Hani/Nolungile/Phillipi/Langa/Mutual to Chris Hani),Weekend,9302,9,NOLUNGILE,7:05,2025-10
Central Line,Inbound (Chris Hani/Nolungile/Phillipi/Langa/Mutual to Chris Hani),Weekend,9902,9,NOLUNGILE,07:35,2025-10
Central Line,Inbound (Chris Hani/Nolungile/Phillipi/Langa/Mutual to Chris Hani),Weekend,9404,9,NOLUNGILE,08:27,2025-10
Central Line,Inbound (Chris Hani/Nolungile/Phillipi/Langa/Mutual to Chris Hani),Weekend,9006,9,NOLUNGILE,08:55,2025-10
Central Line,Inbound (Chris Hani/Nolungile/Phillipi/Langa/Mutual to Chris Hani),Weekend,9906,9,NOLUNGILE,9:55,2025-10
Central Line,Inbound (Chris Hani/Nolungile/Phillipi/Langa/Mutual to Chris Hani),Weekend,9908,9,NOLUNGILE,11:10,2025-10
Central Line,Inbound (Chris Hani/Nolungile/Phillipi/Langa/Mutual to Chris Hani),Weekend,9910,9,NOLUNGILE,12:25,2025-10
Central Line,Inbound (Chris Hani/Nolungile/Phillipi/Langa/Mutual to Chris Hani),Weekend,9408,9,NOLUNGILE,13:05,2025-10
Central Line,Inbound (Chris Hani/Nolungile/Phillipi/Langa/Mutual to Chris Hani),Weekend,9912,9,NOLUNGILE,14:45,2025-10
Central Line,Inbound (Chris Hani/Nolungile/Phillipi/Langa/Mutual to Chris Hani),Weekend,9400,10,MANDALAY,04:44,2025-10
Central Line,Inbound (Chris Hani/Nolungile/Phillipi/Langa/Mutual to Chris Hani),Weekend,9900,10,MANDALAY,5:29,2025-10
Central Line,Inbound (Chris Hani/Nolungile/Phillipi/Langa/Mutual to Chris Hani),Weekend,9002,10,MANDALAY,06:16,2025-10
Central Line,Inbound (Chris Hani/Nolungile/Phillipi/Langa/Mutual to Chris Hani),Weekend,9302,10,MANDALAY,7:09,2025-10
Central Line,Inbound (Chris Hani/Nolungile/Phillipi/Langa/Mutual to Chris Hani),Weekend,9404,10,MANDALAY,08:31,2025-10
Central Line,Inbound (Chris Hani/Nolungile/Phillipi/Langa/Mutual to Chris Hani),Weekend,9006,10,MANDALAY,08:59,2025-10
Central Line,Inbound (Chris Hani/Nolungile/Phillipi/Langa/Mutual to Chris Hani),Weekend,9906,10,MANDALAY,09:59,2025-10
Central Line,Inbound (Chris Hani/Nolungile/Phillipi/Langa/Mutual to Chris Hani),Weekend,9908,10,MANDALAY,11:14,2025-10
Central Line,Inbound (Chris Hani/Nolungile/Phillipi/Langa/Mutual to Chris Hani),Weekend,9910,10,MANDALAY,12:29,2025-10
Central Line,Inbound (Chris Hani/Nolungile/Phillipi/Langa/Mutual to Chris Hani),Weekend,9408,10,MANDALAY,13:09,2025-10
Central Line,Inbound (Chris Hani/Nolungile/Phillipi/Langa/Mutual to Chris Hani),Weekend,9912,10,MANDALAY,14:49,2025-10
Central Line,Inbound (Chris Hani/Nolungile/Phillipi/Langa/Mutual to Chris Hani),Weekend,9400,11,STOCK ROAD,04:47,2025-10
Central Line,Inbound (Chris Hani/Nolungile/Phillipi/Langa/Mutual to Chris Hani),Weekend,9900,11,STOCK ROAD,5:32,2025-10
Central Line,Inbound (Chris Hani/Nolungile/Phillipi/Langa/Mutual to Chris Hani),Weekend,9002,11,STOCK ROAD,06:19,2025-10
Central Line,Inbound (Chris Hani/Nolungile/Phillipi/Langa/Mutual to Chris Hani),Weekend,9302,11,STOCK ROAD,7:12,2025-10
Central Line,Inbound (Chris Hani/Nolungile/Phillipi/Langa/Mutual to Chris Hani),Weekend,9404,11,STOCK ROAD,08:34,2025-10
Central Line,Inbound (Chris Hani/Nolungile/Phillipi/Langa/Mutual to Chris Hani),Weekend,9006,11,STOCK ROAD,09:02,2025-10
Central Line,Inbound (Chris Hani/Nolungile/Phillipi/Langa/Mutual to Chris Hani),Weekend,9906,11,STOCK ROAD,10:02,2025-10
Central Line,Inbound (Chris Hani/Nolungile/Phillipi/Langa/Mutual to Chris Hani),Weekend,9908,11,STOCK ROAD,11:17,2025-10
Central Line,Inbound (Chris Hani/Nolungile/Phillipi/Langa/Mutual to Chris Hani),Weekend,9910,11,STOCK ROAD,12:32,2025-10
Central Line,Inbound (Chris Hani/Nolungile/Phillipi/Langa/Mutual to Chris Hani),Weekend,9408,11,STOCK ROAD,13:12,2025-10
Central Line,Inbound (Chris Hani/Nolungile/Phillipi/Langa/Mutual to Chris Hani),Weekend,9912,11,STOCK ROAD,14:52,2025-10
Central Line,Inbound (Chris Hani/Nolungile/Phillipi/Langa/Mutual to Chris Hani),Weekend,9400,12,PHILIPPI,04:51,2025-10
Central Line,Inbound (Chris Hani/Nolungile/Phillipi/Langa/Mutual to Chris Hani),Weekend,9900,12,PHILIPPI,5:36,2025-10
Central Line,Inbound (Chris Hani/Nolungile/Phillipi/Langa/Mutual to Chris Hani),Weekend,9002,12,PHILIPPI,06:23,2025-10
Central Line,Inbound (Chris Hani/Nolungile/Phillipi/Langa/Mutual to Chris Hani),Weekend,9302,12,PHILIPPI,7:16,2025-10
Central Line,Inbound (Chris Hani/Nolungile/Phillipi/Langa/Mutual to Chris Hani),Weekend,9404,12,PHILIPPI,08:38,2025-10
Central Line,Inbound (Chris Hani/Nolungile/Phillipi/Langa/Mutual to Chris Hani),Weekend,9006,12,PHILIPPI,09:06,2025-10
Central Line,Inbound (Chris Hani/Nolungile/Phillipi/Langa/Mutual to Chris Hani),Weekend,9906,12,PHILIPPI,10:06,2025-10
Central Line,Inbound (Chris Hani/Nolungile/Phillipi/Langa/Mutual to Chris Hani),Weekend,9908,12,PHILIPPI,11:21,2025-10
Central Line,Inbound (Chris Hani/Nolungile/Phillipi/Langa/Mutual to Chris Hani),Weekend,9910,12,PHILIPPI,12:36,2025-10
Central Line,Inbound (Chris Hani/Nolungile/Phillipi/Langa/Mutual to Chris Hani),Weekend,9408,12,PHILIPPI,13:16,2025-10
Central Line,Inbound (Chris Hani/Nolungile/Phillipi/Langa/Mutual to Chris Hani),Weekend,9912,12,PHILIPPI,14:56,2025-10
Central Line,Inbound (Chris Hani/Nolungile/Phillipi/Langa/Mutual to Chris Hani),Weekend,9400,13,NYANGA,04:55,2025-10
Central Line,Inbound (Chris Hani/Nolungile/Phillipi/Langa/Mutual to Chris Hani),Weekend,9300,13,NYANGA,05:10,2025-10
Central Line,Inbound (Chris Hani/Nolungile/Phillipi/Langa/Mutual to Chris Hani),Weekend,9900,13,NYANGA,05:40,2025-10
Central Line,Inbound (Chris Hani/Nolungile/Phillipi/Langa/Mutual to Chris Hani),Weekend,9002,13,NYANGA,06:27,2025-10
Central Line,Inbound (Chris Hani/Nolungile/Phillipi/Langa/Mutual to Chris Hani),Weekend,9402,13,NYANGA,07:00,2025-10
Central Line,Inbound (Chris Hani/Nolungile/Phillipi/Langa/Mutual to Chris Hani),Weekend,9902,13,NYANGA,07:20,2025-10
Central Line,Inbound (Chris Hani/Nolungile/Phillipi/Langa/Mutual to Chris Hani),Weekend,9004,13,NYANGA,07:50,2025-10
Central Line,Inbound (Chris Hani/Nolungile/Phillipi/Langa/Mutual to Chris Hani),Weekend,9404,13,NYANGA,08:42,2025-10
Central Line,Inbound (Chris Hani/Nolungile/Phillipi/Langa/Mutual to Chris Hani),Weekend,9904,13,NYANGA,08:50,2025-10
Central Line,Inbound (Chris Hani/Nolungile/Phillipi/Langa/Mutual to Chris Hani),Weekend,9006,13,NYANGA,09:10,2025-10
Central Line,Inbound (Chris Hani/Nolungile/Phillipi/Langa/Mutual to Chris Hani),Weekend,9906,13,NYANGA,10:10,2025-10
Central Line,Inbound (Chris Hani/Nolungile/Phillipi/Langa/Mutual to Chris Hani),Weekend,9306,13,NYANGA,10:40,2025-10
Central Line,Inbound (Chris Hani/Nolungile/Phillipi/Langa/Mutual to Chris Hani),Weekend,9008,13,NYANGA,11:25,2025-10
Central Line,Inbound (Chris Hani/Nolungile/Phillipi/Langa/Mutual to Chris Hani),Weekend,9908,13,NYANGA,12:40,2025-10
Central Line,Inbound (Chris Hani/Nolungile/Phillipi/Langa/Mutual to Chris Hani),Weekend,9010,13,NYANGA,13:20,2025-10
Central Line,Inbound (Chris Hani/Nolungile/Phillipi/Langa/Mutual to Chris Hani),Weekend,9408,13,NYANGA,13:40,2025-10
Central Line,Inbound (Chris Hani/Nolungile/Phillipi/Langa/Mutual to Chris Hani),Weekend,9012,13,NYANGA,15:00,2025-10
Central Line,Inbound (Chris Hani/Nolungile/Phillipi/Langa/Mutual to Chris Hani),Weekend,9400,14,HEIDEVELD,04:57,2025-10
Central Line,Inbound (Chris Hani/Nolungile/Phillipi/Langa/Mutual to Chris Hani),Weekend,9300,14,HEIDEVELD,05:12,2025-10
Central Line,Inbound (Chris Hani/Nolungile/Phillipi/Langa/Mutual to Chris Hani),Weekend,9900,14,HEIDEVELD,05:42,2025-10
Central Line,Inbound (Chris Hani/Nolungile/Phillipi/Langa/Mutual to Chris Hani),Weekend,9002,14,HEIDEVELD,06:29,2025-10
Central Line,Inbound (Chris Hani/Nolungile/Phillipi/Langa/Mutual to Chris Hani),Weekend,9402,14,HEIDEVELD,07:02,2025-10
Central Line,Inbound (Chris Hani/Nolungile/Phillipi/Langa/Mutual to Chris Hani),Weekend,9902,14,HEIDEVELD,07:22,2025-10
Central Line,Inbound (Chris Hani/Nolungile/Phillipi/Langa/Mutual to Chris Hani),Weekend,9004,14,HEIDEVELD,07:52,2025-10
Central Line,Inbound (Chris Hani/Nolungile/Phillipi/Langa/Mutual to Chris Hani),Weekend,9404,14,HEIDEVELD,08:44,2025-10
Central Line,Inbound (Chris Hani/Nolungile/Phillipi/Langa/Mutual to Chris Hani),Weekend,9904,14,HEIDEVELD,08:52,2025-10
Central Line,Inbound (Chris Hani/Nolungile/Phillipi/Langa/Mutual to Chris Hani),Weekend,9006,14,HEIDEVELD,09:12,2025-10
Central Line,Inbound (Chris Hani/Nolungile/Phillipi/Langa/Mutual to Chris Hani),Weekend,9906,14,HEIDEVELD,10:12,2025-10
Central Line,Inbound (Chris Hani/Nolungile/Phillipi/Langa/Mutual to Chris Hani),Weekend,9306,14,HEIDEVELD,10:42,2025-10
Central Line,Inbound (Chris Hani/Nolungile/Phillipi/Langa/Mutual to Chris Hani),Weekend,9008,14,HEIDEVELD,11:27,2025-10
Central Line,Inbound (Chris Hani/Nolungile/Phillipi/Langa/Mutual to Chris Hani),Weekend,9908,14,HEIDEVELD,12:42,2025-10
Central Line,Inbound (Chris Hani/Nolungile/Phillipi/Langa/Mutual to Chris Hani),Weekend,9010,14,HEIDEVELD,13:22,2025-10
Central Line,Inbound (Chris Hani/Nolungile/Phillipi/Langa/Mutual to Chris Hani),Weekend,9408,14,HEIDEVELD,13:42,2025-10
Central Line,Inbound (Chris Hani/Nolungile/Phillipi/Langa/Mutual to Chris Hani),Weekend,9012,14,HEIDEVELD,15:02,2025-10
Central Line,Inbound (Chris Hani/Nolungile/Phillipi/Langa/Mutual to Chris Hani),Weekend,9400,15,NETREG,04:59,2025-10
Central Line,Inbound (Chris Hani/Nolungile/Phillipi/Langa/Mutual to Chris Hani),Weekend,9300,15,NETREG,05:14,2025-10
Central Line,Inbound (Chris Hani/Nolungile/Phillipi/Langa/Mutual to Chris Hani),Weekend,9900,15,NETREG,05:44,2025-10
Central Line,Inbound (Chris Hani/Nolungile/Phillipi/Langa/Mutual to Chris Hani),Weekend,9002,15,NETREG,06:31,2025-10
Central Line,Inbound (Chris Hani/Nolungile/Phillipi/Langa/Mutual to Chris Hani),Weekend,9402,15,NETREG,07:04,2025-10
Central Line,Inbound (Chris Hani/Nolungile/Phillipi/Langa/Mutual to Chris Hani),Weekend,9902,15,NETREG,07:24,2025-10
Central Line,Inbound (Chris Hani/Nolungile/Phillipi/Langa/Mutual to Chris Hani),Weekend,9004,15,NETREG,07:54,2025-10
Central Line,Inbound (Chris Hani/Nolungile/Phillipi/Langa/Mutual to Chris Hani),Weekend,9404,15,NETREG,08:46,2025-10
Central Line,Inbound (Chris Hani/Nolungile/Phillipi/Langa/Mutual to Chris Hani),Weekend,9904,15,NETREG,08:54,2025-10
Central Line,Inbound (Chris Hani/Nolungile/Phillipi/Langa/Mutual to Chris Hani),Weekend,9006,15,NETREG,09:14,2025-10
Central Line,Inbound (Chris Hani/Nolungile/Phillipi/Langa/Mutual to Chris Hani),Weekend,9906,15,NETREG,10:14,2025-10
Central Line,Inbound (Chris Hani/Nolungile/Phillipi/Langa/Mutual to Chris Hani),Weekend,9306,15,NETREG,10:44,2025-10
Central Line,Inbound (Chris Hani/Nolungile/Phillipi/Langa/Mutual to Chris Hani),Weekend,9008,15,NETREG,11:29,2025-10
Central Line,Inbound (Chris Hani/Nolungile/Phillipi/Langa/Mutual to Chris Hani),Weekend,9908,15,NETREG,12:44,2025-10
Central Line,Inbound (Chris Hani/Nolungile/Phillipi/Langa/Mutual to Chris Hani),Weekend,9010,15,NETREG,13:24,2025-10
Central Line,Inbound (Chris Hani/Nolungile/Phillipi/Langa/Mutual to Chris Hani),Weekend,9408,15,NETREG,13:44,2025-10
Central Line,Inbound (Chris Hani/Nolungile/Phillipi/Langa/Mutual to Chris Hani),Weekend,9012,15,NETREG,15:04,2025-10
Central Line,Inbound (Chris Hani/Nolungile/Phillipi/Langa/Mutual to Chris Hani),Weekend,9400,16,BONTEHEUWEL,05:01,2025-10
Central Line,Inbound (Chris Hani/Nolungile/Phillipi/Langa/Mutual to Chris Hani),Weekend,9300,16,BONTEHEUWEL,05:16,2025-10
Central Line,Inbound (Chris Hani/Nolungile/Phillipi/Langa/Mutual to Chris Hani),Weekend,9900,16,BONTEHEUWEL,05:46,2025-10
Central Line,Inbound (Chris Hani/Nolungile/Phillipi/Langa/Mutual to Chris Hani),Weekend,9002,16,BONTEHEUWEL,06:33,2025-10
Central Line,Inbound (Chris Hani/Nolungile/Phillipi/Langa/Mutual to Chris Hani),Weekend,9402,16,BONTEHEUWEL,07:06,2025-10
Central Line,Inbound (Chris Hani/Nolungile/Phillipi/Langa/Mutual to Chris Hani),Weekend,9902,16,BONTEHEUWEL,07:26,2025-10
Central Line,Inbound (Chris Hani/Nolungile/Phillipi/Langa/Mutual to Chris Hani),Weekend,9004,16,BONTEHEUWEL,07:56,2025-10
Central Line,Inbound (Chris Hani/Nolungile/Phillipi/Langa/Mutual to Chris Hani),Weekend,9404,16,BONTEHEUWEL,08:48,2025-10
Central Line,Inbound (Chris Hani/Nolungile/Phillipi/Langa/Mutual to Chris Hani),Weekend,9904,16,BONTEHEUWEL,08:56,2025-10
Central Line,Inbound (Chris Hani/Nolungile/Phillipi/Langa/Mutual to Chris Hani),Weekend,9304,16,BONTEHEUWEL,09:02,2025-10
Central Line,Inbound (Chris Hani/Nolungile/Phillipi/Langa/Mutual to Chris Hani),Weekend,9006,16,BONTEHEUWEL,09:16,2025-10
Central Line,Inbound (Chris Hani/Nolungile/Phillipi/Langa/Mutual to Chris Hani),Weekend,9906,16,BONTEHEUWEL,10:16,2025-10
Central Line,Inbound (Chris Hani/Nolungile/Phillipi/Langa/Mutual to Chris Hani),Weekend,9306,16,BONTEHEUWEL,10:46,2025-10
Central Line,Inbound (Chris Hani/Nolungile/Phillipi/Langa/Mutual to Chris Hani),Weekend,9008,16,BONTEHEUWEL,11:31,2025-10
Central Line,Inbound (Chris Hani/Nolungile/Phillipi/Langa/Mutual to Chris Hani),Weekend,9908,16,BONTEHEUWEL,12:46,2025-10
Central Line,Inbound (Chris Hani/Nolungile/Phillipi/Langa/Mutual to Chris Hani),Weekend,9010,16,BONTEHEUWEL,13:26,2025-10
Central Line,Inbound (Chris Hani/Nolungile/Phillipi/Langa/Mutual to Chris Hani),Weekend,9408,16,BONTEHEUWEL,13:46,2025-10
Central Line,Inbound (Chris Hani/Nolungile/Phillipi/Langa/Mutual to Chris Hani),Weekend,9308,16,BONTEHEUWEL,13:52,2025-10
Central Line,Inbound (Chris Hani/Nolungile/Phillipi/Langa/Mutual to Chris Hani),Weekend,9012,16,BONTEHEUWEL,15:06,2025-10
Central Line,Inbound (Chris Hani/Nolungile/Phillipi/Langa/Mutual to Chris Hani),Weekend,9400,17,LANGA,05:04,2025-10
Central Line,Inbound (Chris Hani/Nolungile/Phillipi/Langa/Mutual to Chris Hani),Weekend,9300,17,LANGA,05:19,2025-10
Central Line,Inbound (Chris Hani/Nolungile/Phillipi/Langa/Mutual to Chris Hani),Weekend,9900,17,LANGA,05:49,2025-10
Central Line,Inbound (Chris Hani/Nolungile/Phillipi/Langa/Mutual to Chris Hani),Weekend,9002,17,LANGA,06:36,2025-10
Central Line,Inbound (Chris Hani/Nolungile/Phillipi/Langa/Mutual to Chris Hani),Weekend,9402,17,LANGA,07:09,2025-10
Central Line,Inbound (Chris Hani/Nolungile/Phillipi/Langa/Mutual to Chris Hani),Weekend,9902,17,LANGA,07:29,2025-10
Central Line,Inbound (Chris Hani/Nolungile/Phillipi/Langa/Mutual to Chris Hani),Weekend,9004,17,LANGA,07:59,2025-10
Central Line,Inbound (Chris Hani/Nolungile/Phillipi/Langa/Mutual to Chris Hani),Weekend,9404,17,LANGA,08:51,2025-10
Central Line,Inbound (Chris Hani/Nolungile/Phillipi/Langa/Mutual to Chris Hani),Weekend,9904,17,LANGA,08:59,2025-10
Central Line,Inbound (Chris Hani/Nolungile/Phillipi/Langa/Mutual to Chris Hani),Weekend,9304,17,LANGA,09:05,2025-10
Central Line,Inbound (Chris Hani/Nolungile/Phillipi/Langa/Mutual to Chris Hani),Weekend,9006,17,LANGA,09:19,2025-10
Central Line,Inbound (Chris Hani/Nolungile/Phillipi/Langa/Mutual to Chris Hani),Weekend,9906,17,LANGA,10:19,2025-10
Central Line,Inbound (Chris Hani/Nolungile/Phillipi/Langa/Mutual to Chris Hani),Weekend,9306,17,LANGA,10:49,2025-10
Central Line,Inbound (Chris Hani/Nolungile/Phillipi/Langa/Mutual to Chris Hani),Weekend,9008,17,LANGA,11:34,2025-10
Central Line,Inbound (Chris Hani/Nolungile/Phillipi/Langa/Mutual to Chris Hani),Weekend,9908,17,LANGA,12:49,2025-10
Central Line,Inbound (Chris Hani/Nolungile/Phillipi/Langa/Mutual to Chris Hani),Weekend,9010,17,LANGA,13:29,2025-10
Central Line,Inbound (Chris Hani/Nolungile/Phillipi/Langa/Mutual to Chris Hani),Weekend,9408,17,LANGA,13:49,2025-10
Central Line,Inbound (Chris Hani/Nolungile/Phillipi/Langa/Mutual to Chris Hani),Weekend,9308,17,LANGA,13:55,2025-10
Central Line,Inbound (Chris Hani/Nolungile/Phillipi/Langa/Mutual to Chris Hani),Weekend,9012,17,LANGA,15:09,2025-10
Central Line,Inbound (Chris Hani/Nolungile/Phillipi/Langa/Mutual to Chris Hani),Weekend,9400,18,MUTUAL,05:09,2025-10
Central Line,Inbound (Chris Hani/Nolungile/Phillipi/Langa/Mutual to Chris Hani),Weekend,9900,18,MUTUAL,05:54,2025-10
Central Line,Inbound (Chris Hani/Nolungile/Phillipi/Langa/Mutual to Chris Hani),Weekend,9002,18,MUTUAL,06:41,2025-10
Central Line,Inbound (Chris Hani/Nolungile/Phillipi/Langa/Mutual to Chris Hani),Weekend,9902,18,MUTUAL,07:34,2025-10
Central Line,Inbound (Chris Hani/Nolungile/Phillipi/Langa/Mutual to Chris Hani),Weekend,9404,18,MUTUAL,07:50,2025-10
Central Line,Inbound (Chris Hani/Nolungile/Phillipi/Langa/Mutual to Chris Hani),Weekend,9904,18,MUTUAL,08:04,2025-10
Central Line,Inbound (Chris Hani/Nolungile/Phillipi/Langa/Mutual to Chris Hani),Weekend,9304,18,MUTUAL,08:56,2025-10
Central Line,Inbound (Chris Hani/Nolungile/Phillipi/Langa/Mutual to Chris Hani),Weekend,9906,18,MUTUAL,09:10,2025-10
Central Line,Inbound (Chris Hani/Nolungile/Phillipi/Langa/Mutual to Chris Hani),Weekend,9306,18,MUTUAL,09:24,2025-10
Central Line,Inbound (Chris Hani/Nolungile/Phillipi/Langa/Mutual to Chris Hani),Weekend,9008,18,MUTUAL,10:24,2025-10
Central Line,Inbound (Chris Hani/Nolungile/Phillipi/Langa/Mutual to Chris Hani),Weekend,9908,18,MUTUAL,11:20,2025-10
Central Line,Inbound (Chris Hani/Nolungile/Phillipi/Langa/Mutual to Chris Hani),Weekend,9010,18,MUTUAL,11:39,2025-10
Central Line,Inbound (Chris Hani/Nolungile/Phillipi/Langa/Mutual to Chris Hani),Weekend,9012,18,MUTUAL,12:40,2025-10
Central Line,Inbound (Chris Hani/Nolungile/Phillipi/Langa/Mutual to Chris Hani),Weekend,9912,18,MUTUAL,14:00,2025-10
Central Line,Inbound (Chris Hani/Nolungile/Phillipi/Langa/Mutual to Chris Hani),Weekend,9400,19,YSTERPLAAT,05:18,2025-10
Central Line,Inbound (Chris Hani/Nolungile/Phillipi/Langa/Mutual to Chris Hani),Weekend,9900,19,YSTERPLAAT,06:03,2025-10
Central Line,Inbound (Chris Hani/Nolungile/Phillipi/Langa/Mutual to Chris Hani),Weekend,9902,19,YSTERPLAAT,06:50,2025-10
Central Line,Inbound (Chris Hani/Nolungile/Phillipi/Langa/Mutual to Chris Hani),Weekend,9906,19,YSTERPLAAT,09:33,2025-10
Central Line,Inbound (Chris Hani/Nolungile/Phillipi/Langa/Mutual to Chris Hani),Weekend,9306,19,YSTERPLAAT,09:43,2025-10
Central Line,Inbound (Chris Hani/Nolungile/Phillipi/Langa/Mutual to Chris Hani),Weekend,9908,19,YSTERPLAAT,11:48,2025-10
Central Line,Inbound (Chris Hani/Nolungile/Phillipi/Langa/Mutual to Chris Hani),Weekend,9012,19,YSTERPLAAT,13:03,2025-10
Central Line,Inbound (Chris Hani/Nolungile/Phillipi/Langa/Mutual to Chris Hani),Weekend,9912,19,YSTERPLAAT,13:43,2025-10
Central Line,Inbound (Chris Hani/Nolungile/Phillipi/Langa/Mutual to Chris Hani),Weekend,9400,20,ESPLANADE,05:30,2025-10
Central Line,Inbound (Chris Hani/Nolungile/Phillipi/Langa/Mutual to Chris Hani),Weekend,9900,20,ESPLANADE,06:15,2025-10
Central Line,Inbound (Chris Hani/Nolungile/Phillipi/Langa/Mutual to Chris Hani),Weekend,9902,20,ESPLANADE,07:02,2025-10
Central Line,Inbound (Chris Hani/Nolungile/Phillipi/Langa/Mutual to Chris Hani),Weekend,9906,20,ESPLANADE,09:45,2025-10
Central Line,Inbound (Chris Hani/Nolungile/Phillipi/Langa/Mutual to Chris Hani),Weekend,9306,20,ESPLANADE,09:55,2025-10
Central Line,Inbound (Chris Hani/Nolungile/Phillipi/Langa/Mutual to Chris Hani),Weekend,9908,20,ESPLANADE,12:00,2025-10
Central Line,Inbound (Chris Hani/Nolungile/Phillipi/Langa/Mutual to Chris Hani),Weekend,9012,20,ESPLANADE,13:15,2025-10
Central Line,Inbound (Chris Hani/Nolungile/Phillipi/Langa/Mutual to Chris Hani),Weekend,9912,20,ESPLANADE,13:55,2025-10
Central Line,Inbound (Chris Hani/Nolungile/Phillipi/Langa/Mutual to Chris Hani),Weekend,9300,21,PINELANDS,05:22,2025-10
Central Line,Inbound (Chris Hani/Nolungile/Phillipi/Langa/Mutual to Chris Hani),Weekend,9402,21,PINELANDS,07:12,2025-10
Central Line,Inbound (Chris Hani/Nolungile/Phillipi/Langa/Mutual to Chris Hani),Weekend,9906,21,PINELANDS,09:02,2025-10
Central Line,Inbound (Chris Hani/Nolungile/Phillipi/Langa/Mutual to Chris Hani),Weekend,9908,21,PINELANDS,10:52,2025-10
Central Line,Inbound (Chris Hani/Nolungile/Phillipi/Langa/Mutual to Chris Hani),Weekend,9408,21,PINELANDS,13:52,2025-10
Central Line,Inbound (Chris Hani/Nolungile/Phillipi/Langa/Mutual to Chris Hani),Weekend,9300,22,NDABENI,05:24,2025-10
Central Line,Inbound (Chris Hani/Nolungile/Phillipi/Langa/Mutual to Chris Hani),Weekend,9402,22,NDABENI,07:14,2025-10
Central Line,Inbound (Chris Hani/Nolungile/Phillipi/Langa/Mutual to Chris Hani),Weekend,9906,22,NDABENI,09:04,2025-10
Central Line,Inbound (Chris Hani/Nolungile/Phillipi/Langa/Mutual to Chris Hani),Weekend,9908,22,NDABENI,10:54,2025-10
Central Line,Inbound (Chris Hani/Nolungile/Phillipi/Langa/Mutual to Chris Hani),Weekend,9408,22,NDABENI,13:54,2025-10
Central Line,Inbound (Chris Hani/Nolungile/Phillipi/Langa/Mutual to Chris Hani),Weekend,9300,23,MAITLAND,05:27,2025-10
Central Line,Inbound (Chris Hani/Nolungile/Phillipi/Langa/Mutual to Chris Hani),Weekend,9402,23,MAITLAND,07:17,2025-10
Central Line,Inbound (Chris Hani/Nolungile/Phillipi/Langa/Mutual to Chris Hani),Weekend,9906,23,MAITLAND,09:07,2025-10
Central Line,Inbound (Chris Hani/Nolungile/Phillipi/Langa/Mutual to Chris Hani),Weekend,9908,23,MAITLAND,10:57,2025-10
Central Line,Inbound (Chris Hani/Nolungile/Phillipi/Langa/Mutual to Chris Hani),Weekend,9408,23,MAITLAND,13:57,2025-10
Central Line,Inbound (Chris Hani/Nolungile/Phillipi/Langa/Mutual to Chris Hani),Weekend,9300,24,KOEBERG RD,05:30,2025-10
Central Line,Inbound (Chris Hani/Nolungile/Phillipi/Langa/Mutual to Chris Hani),Weekend,9402,24,KOEBERG RD,07:20,2025-10
Central Line,Inbound (Chris Hani/Nolungile/Phillipi/Langa/Mutual to Chris Hani),Weekend,9906,24,KOEBERG RD,09:10,2025-10
Central Line,Inbound (Chris Hani/Nolungile/Phillipi/Langa/Mutual to Chris Hani),Weekend,9908,24,KOEBERG RD,11:00,2025-10
Central Line,Inbound (Chris Hani/Nolungile/Phillipi/Langa/Mutual to Chris Hani),Weekend,9408,24,KOEBERG RD,14:00,2025-10
Central Line,Inbound (Chris Hani/Nolungile/Phillipi/Langa/Mutual to Chris Hani),Weekend,9300,25,SALT RIVER,05:33,2025-10
Central Line,Inbound (Chris Hani/Nolungile/Phillipi/Langa/Mutual to Chris Hani),Weekend,9402,25,SALT RIVER,07:23,2025-10
Central Line,Inbound (Chris Hani/Nolungile/Phillipi/Langa/Mutual to Chris Hani),Weekend,9906,25,SALT RIVER,09:13,2025-10
Central Line,Inbound (Chris Hani/Nolungile/Phillipi/Langa/Mutual to Chris Hani),Weekend,9908,25,SALT RIVER,11:03,2025-10
Central Line,Inbound (Chris Hani/Nolungile/Phillipi/Langa/Mutual to Chris Hani),Weekend,9408,25,SALT RIVER,14:03,2025-10
Central Line,Inbound (Chris Hani/Nolungile/Phillipi/Langa/Mutual to Chris Hani),Weekend,9300,26,WOODSTOCK,05:38,2025-10
Central Line,Inbound (Chris Hani/Nolungile/Phillipi/Langa/Mutual to Chris Hani),Weekend,9402,26,WOODSTOCK,07:28,2025-10
Central Line,Inbound (Chris Hani/Nolungile/Phillipi/Langa/Mutual to Chris Hani),Weekend,9906,26,WOODSTOCK,09:18,2025-10
Central Line,Inbound (Chris Hani/Nolungile/Phillipi/Langa/Mutual to Chris Hani),Weekend,9908,26,WOODSTOCK,11:08,2025-10
Central Line,Inbound (Chris Hani/Nolungile/Phillipi/Langa/Mutual to Chris Hani),Weekend,9408,26,WOODSTOCK,14:08,2025-10
Central Line,Inbound (Chris Hani/Nolungile/Phillipi/Langa/Mutual to Chris Hani),Weekend,9400,27,CAPE TOWN,05:40,2025-10
Central Line,Inbound (Chris Hani/Nolungile/Phillipi/Langa/Mutual to Chris Hani),Weekend,9300,27,CAPE TOWN,05:46,2025-10
Central Line,Inbound (Chris Hani/Nolungile/Phillipi/Langa/Mutual to Chris Hani),Weekend,9900,27,CAPE TOWN,06:15,2025-10
Central Line,Inbound (Chris Hani/Nolungile/Phillipi/Langa/Mutual to Chris Hani),Weekend,9002,27,CAPE TOWN,07:12,2025-10
Central Line,Inbound (Chris Hani/Nolungile/Phillipi/Langa/Mutual to Chris Hani),Weekend,9402,27,CAPE TOWN,07:36,2025-10
Central Line,Inbound (Chris Hani/Nolungile/Phillipi/Langa/Mutual to Chris Hani),Weekend,9902,27,CAPE TOWN,08:05,2025-10
Central Line,Inbound (Chris Hani/Nolungile/Phillipi/Langa/Mutual to Chris Hani),Weekend,9904,27,CAPE TOWN,08:35,2025-10
Central Line,Inbound (Chris Hani/Nolungile/Phillipi/Langa/Mutual to Chris Hani),Weekend,9304,27,CAPE TOWN,09:27,2025-10
Central Line,Inbound (Chris Hani/Nolungile/Phillipi/Langa/Mutual to Chris Hani),Weekend,9906,27,CAPE TOWN,09:26,2025-10
Central Line,Inbound (Chris Hani/Nolungile/Phillipi/Langa/Mutual to Chris Hani),Weekend,9908,27,CAPE TOWN,09:55,2025-10
Central Line,Inbound (Chris Hani/Nolungile/Phillipi/Langa/Mutual to Chris Hani),Weekend,9010,27,CAPE TOWN,10:55,2025-10
Central Line,Inbound (Chris Hani/Nolungile/Phillipi/Langa/Mutual to Chris Hani),Weekend,9012,27,CAPE TOWN,12:10,2025-10
Central Line,Inbound (Chris Hani/Nolungile/Phillipi/Langa/Mutual to Chris Hani),Weekend,9408,27,CAPE TOWN,13:25,2025-10
Central Line,Inbound (Chris Hani/Nolungile/Phillipi/Langa/Mutual to Chris Hani),Weekend,9308,27,CAPE TOWN,14:05,2025-10
Central Line,Inbound (Chris Hani/Nolungile/Phillipi/Langa/Mutual to Chris Hani),Weekend,9912,27,CAPE TOWN,15:45,2025-10
Central Line,Outbound (Cape Town to Chris Hani via Mutual/Langa/Nyanga),Weekend,9401,0,CAPE TOWN,05:05,2025-10
Central Line,Outbound (Cape Town to Chris Hani via Mutual/Langa/Nyanga),Weekend,9901,0,CAPE TOWN,05:30,2025-10
Central Line,Outbound (Cape Town to Chris Hani via Mutual/Langa/Nyanga),Weekend,9301,0,CAPE TOWN,06:05,2025-10
Central Line,Outbound (Cape Town to Chris Hani via Mutual/Langa/Nyanga),Weekend,9403,0,CAPE TOWN,06:20,2025-10
Central Line,Outbound (Cape Town to Chris Hani via Mutual/Langa/Nyanga),Weekend,9903,0,CAPE TOWN,06:50,2025-10
Central Line,Outbound (Cape Town to Chris Hani via Mutual/Langa/Nyanga),Weekend,9405,0,CAPE TOWN,07:45,2025-10
Central Line,Outbound (Cape Town to Chris Hani via Mutual/Langa/Nyanga),Weekend,9303,0,CAPE TOWN,08:05,2025-10
Central Line,Outbound (Cape Town to Chris Hani via Mutual/Langa/Nyanga),Weekend,9905,0,CAPE TOWN,08:15,2025-10
Central Line,Outbound (Cape Town to Chris Hani via Mutual/Langa/Nyanga),Weekend,9907,0,CAPE TOWN,09:30,2025-10
Central Line,Outbound (Cape Town to Chris Hani via Mutual/Langa/Nyanga),Weekend,9909,0,CAPE TOWN,10:00,2025-10
Central Line,Outbound (Cape Town to Chris Hani via Mutual/Langa/Nyanga),Weekend,9007,0,CAPE TOWN,10:50,2025-10
Central Line,Outbound (Cape Town to Chris Hani via Mutual/Langa/Nyanga),Weekend,9407,0,CAPE TOWN,12:00,2025-10
Central Line,Outbound (Cape Town to Chris Hani via Mutual/Langa/Nyanga),Weekend,9307,0,CAPE TOWN,12:55,2025-10
Central Line,Outbound (Cape Town to Chris Hani via Mutual/Langa/Nyanga),Weekend,9911,0,CAPE TOWN,13:10,2025-10
Central Line,Outbound (Cape Town to Chris Hani via Mutual/Langa/Nyanga),Weekend,9301,1,WOODSTOCK,06:08,2025-10
Central Line,Outbound (Cape Town to Chris Hani via Mutual/Langa/Nyanga),Weekend,9303,1,WOODSTOCK,08:08,2025-10
Central Line,Outbound (Cape Town to Chris Hani via Mutual/Langa/Nyanga),Weekend,9909,1,WOODSTOCK,10:03,2025-10
Central Line,Outbound (Cape Town to Chris Hani via Mutual/Langa/Nyanga),Weekend,9307,1,WOODSTOCK,12:58,2025-10
Central Line,Outbound (Cape Town to Chris Hani via Mutual/Langa/Nyanga),Weekend,9301,2,SALT RIVER,06:11,2025-10
Central Line,Outbound (Cape Town to Chris Hani via Mutual/Langa/Nyanga),Weekend,9303,2,SALT RIVER,08:11,2025-10
Central Line,Outbound (Cape Town to Chris Hani via Mutual/Langa/Nyanga),Weekend,9909,2,SALT RIVER,10:06,2025-10
Central Line,Outbound (Cape Town to Chris Hani via Mutual/Langa/Nyanga),Weekend,9307,2,SALT RIVER,13:01,2025-10
Central Line,Outbound (Cape Town to Chris Hani via Mutual/Langa/Nyanga),Weekend,9301,3,KOEBERG RD,06:13,2025-10
Central Line,Outbound (Cape Town to Chris Hani via Mutual/Langa/Nyanga),Weekend,9303,3,KOEBERG RD,08:13,2025-10
Central Line,Outbound (Cape Town to Chris Hani via Mutual/Langa/Nyanga),Weekend,9909,3,KOEBERG RD,10:08,2025-10
Central Line,Outbound (Cape Town to Chris Hani via Mutual/Langa/Nyanga),Weekend,9307,3,KOEBERG RD,13:03,2025-10
Central Line,Outbound (Cape Town to Chris Hani via Mutual/Langa/Nyanga),Weekend,9301,4,MAITLAND,06:15,2025-10
Central Line,Outbound (Cape Town to Chris Hani via Mutual/Langa/Nyanga),Weekend,9303,4,MAITLAND,08:15,2025-10
Central Line,Outbound (Cape Town to Chris Hani via Mutual/Langa/Nyanga),Weekend,9909,4,MAITLAND,10:10,2025-10
Central Line,Outbound (Cape Town to Chris Hani via Mutual/Langa/Nyanga),Weekend,9307,4,MAITLAND,13:05,2025-10
Central Line,Outbound (Cape Town to Chris Hani via Mutual/Langa/Nyanga),Weekend,9301,5,NDABENI,06:18,2025-10
Central Line,Outbound (Cape Town to Chris Hani via Mutual/Langa/Nyanga),Weekend,9303,5,NDABENI,08:18,2025-10
Central Line,Outbound (Cape Town to Chris Hani via Mutual/Langa/Nyanga),Weekend,9909,5,NDABENI,10:13,2025-10
Central Line,Outbound (Cape Town to Chris Hani via Mutual/Langa/Nyanga),Weekend,9307,5,NDABENI,13:08,2025-10
Central Line,Outbound (Cape Town to Chris Hani via Mutual/Langa/Nyanga),Weekend,9301,6,PINELANDS,06:21,2025-10
Central Line,Outbound (Cape Town to Chris Hani via Mutual/Langa/Nyanga),Weekend,9303,6,PINELANDS,08:21,2025-10
Central Line,Outbound (Cape Town to Chris Hani via Mutual/Langa/Nyanga),Weekend,9909,6,PINELANDS,10:16,2025-10
Central Line,Outbound (Cape Town to Chris Hani via Mutual/Langa/Nyanga),Weekend,9307,6,PINELANDS,13:11,2025-10
Central Line,Outbound (Cape Town to Chris Hani via Mutual/Langa/Nyanga),Weekend,9401,7,ESPLANADE,05:15,2025-10
Central Line,Outbound (Cape Town to Chris Hani via Mutual/Langa/Nyanga),Weekend,9901,7,ESPLANADE,05:40,2025-10
Central Line,Outbound (Cape Town to Chris Hani via Mutual/Langa/Nyanga),Weekend,9001,7,ESPLANADE,06:30,2025-10
Central Line,Outbound (Cape Town to Chris Hani via Mutual/Langa/Nyanga),Weekend,9403,7,ESPLANADE,07:00,2025-10
Central Line,Outbound (Cape Town to Chris Hani via Mutual/Langa/Nyanga),Weekend,9405,7,ESPLANADE,07:55,2025-10
Central Line,Outbound (Cape Town to Chris Hani via Mutual/Langa/Nyanga),Weekend,9905,7,ESPLANADE,08:25,2025-10
Central Line,Outbound (Cape Town to Chris Hani via Mutual/Langa/Nyanga),Weekend,9909,7,ESPLANADE,09:40,2025-10
Central Line,Outbound (Cape Town to Chris Hani via Mutual/Langa/Nyanga),Weekend,9007,7,ESPLANADE,11:00,2025-10
Central Line,Outbound (Cape Town to Chris Hani via Mutual/Langa/Nyanga),Weekend,9407,7,ESPLANADE,12:10,2025-10
Central Line,Outbound (Cape Town to Chris Hani via Mutual/Langa/Nyanga),Weekend,9911,7,ESPLANADE,13:20,2025-10
Central Line,Outbound (Cape Town to Chris Hani via Mutual/Langa/Nyanga),Weekend,9401,8,YSTERPLAAT,05:27,2025-10
Central Line,Outbound (Cape Town to Chris Hani via Mutual/Langa/Nyanga),Weekend,9901,8,YSTERPLAAT,05:52,2025-10
Central Line,Outbound (Cape Town to Chris Hani via Mutual/Langa/Nyanga),Weekend,9001,8,YSTERPLAAT,06:42,2025-10
Central Line,Outbound (Cape Town to Chris Hani via Mutual/Langa/Nyanga),Weekend,9403,8,YSTERPLAAT,07:12,2025-10
Central Line,Outbound (Cape Town to Chris Hani via Mutual/Langa/Nyanga),Weekend,9003,8,YSTERPLAAT,08:00,2025-10
Central Line,Outbound (Cape Town to Chris Hani via Mutual/Langa/Nyanga),Weekend,9405,8,YSTERPLAAT,08:07,2025-10
Central Line,Outbound (Cape Town to Chris Hani via Mutual/Langa/Nyanga),Weekend,9905,8,YSTERPLAAT,08:37,2025-10
Central Line,Outbound (Cape Town to Chris Hani via Mutual/Langa/Nyanga),Weekend,9909,8,YSTERPLAAT,09:52,2025-10
Central Line,Outbound (Cape Town to Chris Hani via Mutual/Langa/Nyanga),Weekend,9007,8,YSTERPLAAT,11:12,2025-10
Central Line,Outbound (Cape Town to Chris Hani via Mutual/Langa/Nyanga),Weekend,9407,8,YSTERPLAAT,12:22,2025-10
Central Line,Outbound (Cape Town to Chris Hani via Mutual/Langa/Nyanga),Weekend,9911,8,YSTERPLAAT,13:32,2025-10
Central Line,Outbound (Cape Town to Chris Hani via Mutual/Langa/Nyanga),Weekend,9401,9,MUTUAL,05:32,2025-10
Central Line,Outbound (Cape Town to Chris Hani via Mutual/Langa/Nyanga),Weekend,9901,9,MUTUAL,05:57,2025-10
Central Line,Outbound (Cape Town to Chris Hani via Mutual/Langa/Nyanga),Weekend,9001,9,MUTUAL,06:47,2025-10
Central Line,Outbound (Cape Town to Chris Hani via Mutual/Langa/Nyanga),Weekend,9403,9,MUTUAL,07:17,2025-10
Central Line,Outbound (Cape Town to Chris Hani via Mutual/Langa/Nyanga),Weekend,9003,9,MUTUAL,08:00,2025-10
Central Line,Outbound (Cape Town to Chris Hani via Mutual/Langa/Nyanga),Weekend,9405,9,MUTUAL,08:12,2025-10
Central Line,Outbound (Cape Town to Chris Hani via Mutual/Langa/Nyanga),Weekend,9905,9,MUTUAL,08:42,2025-10
Central Line,Outbound (Cape Town to Chris Hani via Mutual/Langa/Nyanga),Weekend,9005,9,MUTUAL,09:20,2025-10
Central Line,Outbound (Cape Town to Chris Hani via Mutual/Langa/Nyanga),Weekend,9909,9,MUTUAL,09:57,2025-10
Central Line,Outbound (Cape Town to Chris Hani via Mutual/Langa/Nyanga),Weekend,9007,9,MUTUAL,11:17,2025-10
Central Line,Outbound (Cape Town to Chris Hani via Mutual/Langa/Nyanga),Weekend,9407,9,MUTUAL,11:30,2025-10
Central Line,Outbound (Cape Town to Chris Hani via Mutual/Langa/Nyanga),Weekend,9009,9,MUTUAL,12:27,2025-10
Central Line,Outbound (Cape Town to Chris Hani via Mutual/Langa/Nyanga),Weekend,9307,9,MUTUAL,12:50,2025-10
Central Line,Outbound (Cape Town to Chris Hani via Mutual/Langa/Nyanga),Weekend,9911,9,MUTUAL,13:37,2025-10
Central Line,Outbound (Cape Town to Chris Hani via Mutual/Langa/Nyanga),Weekend,9011,9,MUTUAL,14:10,2025-10
Central Line,Outbound (Cape Town to Chris Hani via Mutual/Langa/Nyanga),Weekend,9401,10,LANGA,05:37,2025-10
Central Line,Outbound (Cape Town to Chris Hani via Mutual/Langa/Nyanga),Weekend,9901,10,LANGA,06:02,2025-10
Central Line,Outbound (Cape Town to Chris Hani via Mutual/Langa/Nyanga),Weekend,9301,10,LANGA,06:27,2025-10
Central Line,Outbound (Cape Town to Chris Hani via Mutual/Langa/Nyanga),Weekend,9001,10,LANGA,06:35,2025-10
Central Line,Outbound (Cape Town to Chris Hani via Mutual/Langa/Nyanga),Weekend,9403,10,LANGA,06:52,2025-10
Central Line,Outbound (Cape Town to Chris Hani via Mutual/Langa/Nyanga),Weekend,9903,10,LANGA,07:22,2025-10
Central Line,Outbound (Cape Town to Chris Hani via Mutual/Langa/Nyanga),Weekend,9003,10,LANGA,08:05,2025-10
Central Line,Outbound (Cape Town to Chris Hani via Mutual/Langa/Nyanga),Weekend,9405,10,LANGA,08:17,2025-10
Central Line,Outbound (Cape Town to Chris Hani via Mutual/Langa/Nyanga),Weekend,9303,10,LANGA,08:27,2025-10
Central Line,Outbound (Cape Town to Chris Hani via Mutual/Langa/Nyanga),Weekend,9905,10,LANGA,08:47,2025-10
Central Line,Outbound (Cape Town to Chris Hani via Mutual/Langa/Nyanga),Weekend,9005,10,LANGA,09:25,2025-10
Central Line,Outbound (Cape Town to Chris Hani via Mutual/Langa/Nyanga),Weekend,9909,10,LANGA,10:02,2025-10
Central Line,Outbound (Cape Town to Chris Hani via Mutual/Langa/Nyanga),Weekend,9007,10,LANGA,11:22,2025-10
Central Line,Outbound (Cape Town to Chris Hani via Mutual/Langa/Nyanga),Weekend,9407,10,LANGA,11:35,2025-10
Central Line,Outbound (Cape Town to Chris Hani via Mutual/Langa/Nyanga),Weekend,9009,10,LANGA,12:32,2025-10
Central Line,Outbound (Cape Town to Chris Hani via Mutual/Langa/Nyanga),Weekend,9307,10,LANGA,12:57,2025-10
Central Line,Outbound (Cape Town to Chris Hani via Mutual/Langa/Nyanga),Weekend,9911,10,LANGA,13:44,2025-10
Central Line,Outbound (Cape Town to Chris Hani via Mutual/Langa/Nyanga),Weekend,9011,10,LANGA,14:15,2025-10
Central Line,Outbound (Cape Town to Chris Hani via Mutual/Langa/Nyanga),Weekend,9401,11,BONTEHEUWEL,05:39,2025-10
Central Line,Outbound (Cape Town to Chris Hani via Mutual/Langa/Nyanga),Weekend,9901,11,BONTEHEUWEL,06:04,2025-10
Central Line,Outbound (Cape Town to Chris Hani via Mutual/Langa/Nyanga),Weekend,9301,11,BONTEHEUWEL,06:29,2025-10
Central Line,Outbound (Cape Town to Chris Hani via Mutual/Langa/Nyanga),Weekend,9001,11,BONTEHEUWEL,06:37,2025-10
Central Line,Outbound (Cape Town to Chris Hani via Mutual/Langa/Nyanga),Weekend,9403,11,BONTEHEUWEL,06:54,2025-10
Central Line,Outbound (Cape Town to Chris Hani via Mutual/Langa/Nyanga),Weekend,9903,11,BONTEHEUWEL,07:24,2025-10
Central Line,Outbound (Cape Town to Chris Hani via Mutual/Langa/Nyanga),Weekend,9003,11,BONTEHEUWEL,08:07,2025-10
Central Line,Outbound (Cape Town to Chris Hani via Mutual/Langa/Nyanga),Weekend,9405,11,BONTEHEUWEL,08:19,2025-10
Central Line,Outbound (Cape Town to Chris Hani via Mutual/Langa/Nyanga),Weekend,9303,11,BONTEHEUWEL,08:29,2025-10
Central Line,Outbound (Cape Town to Chris Hani via Mutual/Langa/Nyanga),Weekend,9905,11,BONTEHEUWEL,08:49,2025-10
Central Line,Outbound (Cape Town to Chris Hani via Mutual/Langa/Nyanga),Weekend,9005,11,BONTEHEUWEL,09:27,2025-10
Central Line,Outbound (Cape Town to Chris Hani via Mutual/Langa/Nyanga),Weekend,9909,11,BONTEHEUWEL,10:04,2025-10
Central Line,Outbound (Cape Town to Chris Hani via Mutual/Langa/Nyanga),Weekend,9007,11,BONTEHEUWEL,11:24,2025-10
Central Line,Outbound (Cape Town to Chris Hani via Mutual/Langa/Nyanga),Weekend,9407,11,BONTEHEUWEL,11:37,2025-10
Central Line,Outbound (Cape Town to Chris Hani via Mutual/Langa/Nyanga),Weekend,9009,11,BONTEHEUWEL,12:34,2025-10
Central Line,Outbound (Cape Town to Chris Hani via Mutual/Langa/Nyanga),Weekend,9307,11,BONTEHEUWEL,12:57,2025-10
Central Line,Outbound (Cape Town to Chris Hani via Mutual/Langa/Nyanga),Weekend,9911,11,BONTEHEUWEL,13:46,2025-10
Central Line,Outbound (Cape Town to Chris Hani via Mutual/Langa/Nyanga),Weekend,9011,11,BONTEHEUWEL,14:17,2025-10
Central Line,Outbound (Cape Town to Chris Hani via Mutual/Langa/Nyanga),Weekend,9401,12,NETREG,05:41,2025-10
Central Line,Outbound (Cape Town to Chris Hani via Mutual/Langa/Nyanga),Weekend,9901,12,NETREG,06:06,2025-10
Central Line,Outbound (Cape Town to Chris Hani via Mutual/Langa/Nyanga),Weekend,9301,12,NETREG,06:31,2025-10
Central Line,Outbound (Cape Town to Chris Hani via Mutual/Langa/Nyanga),Weekend,9403,12,NETREG,06:56,2025-10
Central Line,Outbound (Cape Town to Chris Hani via Mutual/Langa/Nyanga),Weekend,9903,12,NETREG,07:26,2025-10
Central Line,Outbound (Cape Town to Chris Hani via Mutual/Langa/Nyanga),Weekend,9003,12,NETREG,08:08,2025-10
Central Line,Outbound (Cape Town to Chris Hani via Mutual/Langa/Nyanga),Weekend,9405,12,NETREG,08:21,2025-10
Central Line,Outbound (Cape Town to Chris Hani via Mutual/Langa/Nyanga),Weekend,9303,12,NETREG,08:31,2025-10
Central Line,Outbound (Cape Town to Chris Hani via Mutual/Langa/Nyanga),Weekend,9905,12,NETREG,08:51,2025-10
Central Line,Outbound (Cape Town to Chris Hani via Mutual/Langa/Nyanga),Weekend,9909,12,NETREG,10:06,2025-10
Central Line,Outbound (Cape Town to Chris Hani via Mutual/Langa/Nyanga),Weekend,9007,12,NETREG,11:26,2025-10
Central Line,Outbound (Cape Town to Chris Hani via Mutual/Langa/Nyanga),Weekend,9407,12,NETREG,12:36,2025-10
Central Line,Outbound (Cape Town to Chris Hani via Mutual/Langa/Nyanga),Weekend,9401,13,HEIDEVELD,05:42,2025-10
Central Line,Outbound (Cape Town to Chris Hani via Mutual/Langa/Nyanga),Weekend,9901,13,HEIDEVELD,06:07,2025-10
Central Line,Outbound (Cape Town to Chris Hani via Mutual/Langa/Nyanga),Weekend,9301,13,HEIDEVELD,06:32,2025-10
Central Line,Outbound (Cape Town to Chris Hani via Mutual/Langa/Nyanga),Weekend,9403,13,HEIDEVELD,06:57,2025-10
Central Line,Outbound (Cape Town to Chris Hani via Mutual/Langa/Nyanga),Weekend,9903,13,HEIDEVELD,07:27,2025-10
Central Line,Outbound (Cape Town to Chris Hani via Mutual/Langa/Nyanga),Weekend,9003,13,HEIDEVELD,08:08,2025-10
Central Line,Outbound (Cape Town to Chris Hani via Mutual/Langa/Nyanga),Weekend,9405,13,HEIDEVELD,08:22,2025-10
Central Line,Outbound (Cape Town to Chris Hani via Mutual/Langa/Nyanga),Weekend,9303,13,HEIDEVELD,08:32,2025-10
Central Line,Outbound (Cape Town to Chris Hani via Mutual/Langa/Nyanga),Weekend,9905,13,HEIDEVELD,08:52,2025-10
Central Line,Outbound (Cape Town to Chris Hani via Mutual/Langa/Nyanga),Weekend,9909,13,HEIDEVELD,10:07,2025-10
Central Line,Outbound (Cape Town to Chris Hani via Mutual/Langa/Nyanga),Weekend,9007,13,HEIDEVELD,11:27,2025-10
Central Line,Outbound (Cape Town to Chris Hani via Mutual/Langa/Nyanga),Weekend,9407,13,HEIDEVELD,12:37,2025-10
Central Line,Outbound (Cape Town to Chris Hani via Mutual/Langa/Nyanga),Weekend,9401,14,NYANGA,05:46,2025-10
Central Line,Outbound (Cape Town to Chris Hani via Mutual/Langa/Nyanga),Weekend,9901,14,NYANGA,06:11,2025-10
Central Line,Outbound (Cape Town to Chris Hani via Mutual/Langa/Nyanga),Weekend,9301,14,NYANGA,06:36,2025-10
Central Line,Outbound (Cape Town to Chris Hani via Mutual/Langa/Nyanga),Weekend,9403,14,NYANGA,07:01,2025-10
Central Line,Outbound (Cape Town to Chris Hani via Mutual/Langa/Nyanga),Weekend,9903,14,NYANGA,07:31,2025-10
Central Line,Outbound (Cape Town to Chris Hani via Mutual/Langa/Nyanga),Weekend,9405,14,NYANGA,08:26,2025-10
Central Line,Outbound (Cape Town to Chris Hani via Mutual/Langa/Nyanga),Weekend,9303,14,NYANGA,08:36,2025-10
Central Line,Outbound (Cape Town to Chris Hani via Mutual/Langa/Nyanga),Weekend,9905,14,NYANGA,08:56,2025-10
Central Line,Outbound (Cape Town to Chris Hani via Mutual/Langa/Nyanga),Weekend,9909,14,NYANGA,10:11,2025-10
Central Line,Outbound (Cape Town to Chris Hani via Mutual/Langa/Nyanga),Weekend,9007,14,NYANGA,11:31,2025-10
Central Line,Outbound (Cape Town to Chris Hani via Mutual/Langa/Nyanga),Weekend,9407,14,NYANGA,12:41,2025-10
Central Line,Outbound (Cape Town to Chris Hani via Mutual/Langa/Nyanga),Weekend,9307,14,NYANGA,13:26,2025-10
Central Line,Outbound (Cape Town to Chris Hani via Mutual/Langa/Nyanga),Weekend,9401,15,PHILIPPI,05:49,2025-10
Central Line,Outbound (Cape Town to Chris Hani via Mutual/Langa/Nyanga),Weekend,9901,15,PHILIPPI,06:14,2025-10
Central Line,Outbound (Cape Town to Chris Hani via Mutual/Langa/Nyanga),Weekend,9403,15,PHILIPPI,07:04,2025-10
Central Line,Outbound (Cape Town to Chris Hani via Mutual/Langa/Nyanga),Weekend,9903,15,PHILIPPI,07:34,2025-10
Central Line,Outbound (Cape Town to Chris Hani via Mutual/Langa/Nyanga),Weekend,9405,15,PHILIPPI,08:29,2025-10
Central Line,Outbound (Cape Town to Chris Hani via Mutual/Langa/Nyanga),Weekend,9905,15,PHILIPPI,08:59,2025-10
Central Line,Outbound (Cape Town to Chris Hani via Mutual/Langa/Nyanga),Weekend,9909,15,PHILIPPI,10:14,2025-10
Central Line,Outbound (Cape Town to Chris Hani via Mutual/Langa/Nyanga),Weekend,9007,15,PHILIPPI,11:34,2025-10
Central Line,Outbound (Cape Town to Chris Hani via Mutual/Langa/Nyanga),Weekend,9407,15,PHILIPPI,12:44,2025-10
Central Line,Outbound (Cape Town to Chris Hani via Mutual/Langa/Nyanga),Weekend,9401,16,STOCK ROAD,05:53,2025-10
Central Line,Outbound (Cape Town to Chris Hani via Mutual/Langa/Nyanga),Weekend,9901,16,STOCK ROAD,06:18,2025-10
Central Line,Outbound (Cape Town to Chris Hani via Mutual/Langa/Nyanga),Weekend,9403,16,STOCK ROAD,07:08,2025-10
Central Line,Outbound (Cape Town to Chris Hani via Mutual/Langa/Nyanga),Weekend,9903,16,STOCK ROAD,07:38,2025-10
Central Line,Outbound (Cape Town to Chris Hani via Mutual/Langa/Nyanga),Weekend,9405,16,STOCK ROAD,08:33,2025-10
Central Line,Outbound (Cape Town to Chris Hani via Mutual/Langa/Nyanga),Weekend,9905,16,STOCK ROAD,09:03,2025-10
Central Line,Outbound (Cape Town to Chris Hani via Mutual/Langa/Nyanga),Weekend,9909,16,STOCK ROAD,10:18,2025-10
Central Line,Outbound (Cape Town to Chris Hani via Mutual/Langa/Nyanga),Weekend,9007,16,STOCK ROAD,11:38,2025-10
Central Line,Outbound (Cape Town to Chris Hani via Mutual/Langa/Nyanga),Weekend,9407,16,STOCK ROAD,12:48,2025-10
Central Line,Outbound (Cape Town to Chris Hani via Mutual/Langa/Nyanga),Weekend,9401,17,MANDALAY,05:57,2025-10
Central Line,Outbound (Cape Town to Chris Hani via Mutual/Langa/Nyanga),Weekend,9901,17,MANDALAY,06:22,2025-10
Central Line,Outbound (Cape Town to Chris Hani via Mutual/Langa/Nyanga),Weekend,9403,17,MANDALAY,07:12,2025-10
Central Line,Outbound (Cape Town to Chris Hani via Mutual/Langa/Nyanga),Weekend,9903,17,MANDALAY,07:42,2025-10
Central Line,Outbound (Cape Town to Chris Hani via Mutual/Langa/Nyanga),Weekend,9405,17,MANDALAY,08:37,2025-10
Central Line,Outbound (Cape Town to Chris Hani via Mutual/Langa/Nyanga),Weekend,9905,17,MANDALAY,09:07,2025-10
Central Line,Outbound (Cape Town to Chris Hani via Mutual/Langa/Nyanga),Weekend,9909,17,MANDALAY,10:22,2025-10
Central Line,Outbound (Cape Town to Chris Hani via Mutual/Langa/Nyanga),Weekend,9007,17,MANDALAY,11:42,2025-10
Central Line,Outbound (Cape Town to Chris Hani via Mutual/Langa/Nyanga),Weekend,9407,17,MANDALAY,12:52,2025-10
Central Line,Outbound (Cape Town to Chris Hani via Mutual/Langa/Nyanga),Weekend,9401,18,NOLUNGILE,06:01,2025-10
Central Line,Outbound (Cape Town to Chris Hani via Mutual/Langa/Nyanga),Weekend,9901,18,NOLUNGILE,06:26,2025-10
Central Line,Outbound (Cape Town to Chris Hani via Mutual/Langa/Nyanga),Weekend,9403,18,NOLUNGILE,07:16,2025-10
Central Line,Outbound (Cape Town to Chris Hani via Mutual/Langa/Nyanga),Weekend,9903,18,NOLUNGILE,07:46,2025-10
Central Line,Outbound (Cape Town to Chris Hani via Mutual/Langa/Nyanga),Weekend,9405,18,NOLUNGILE,08:41,2025-10
Central Line,Outbound (Cape Town to Chris Hani via Mutual/Langa/Nyanga),Weekend,9905,18,NOLUNGILE,09:11,2025-10
Central Line,Outbound (Cape Town to Chris Hani via Mutual/Langa/Nyanga),Weekend,9909,18,NOLUNGILE,10:26,2025-10
Central Line,Outbound (Cape Town to Chris Hani via Mutual/Langa/Nyanga),Weekend,9007,18,NOLUNGILE,11:46,2025-10
Central Line,Outbound (Cape Town to Chris Hani via Mutual/Langa/Nyanga),Weekend,9407,18,NOLUNGILE,12:56,2025-10
Central Line,Outbound (Cape Town to Chris Hani via Mutual/Langa/Nyanga),Weekend,9901,19,NONKQUBELA,06:30,2025-10
Central Line,Outbound (Cape Town to Chris Hani via Mutual/Langa/Nyanga),Weekend,9903,19,NONKQUBELA,07:50,2025-10
Central Line,Outbound (Cape Town to Chris Hani via Mutual/Langa/Nyanga),Weekend,9905,19,NONKQUBELA,09:15,2025-10
Central Line,Outbound (Cape Town to Chris Hani via Mutual/Langa/Nyanga),Weekend,9909,19,NONKQUBELA,10:30,2025-10
Central Line,Outbound (Cape Town to Chris Hani via Mutual/Langa/Nyanga),Weekend,9007,19,NONKQUBELA,11:50,2025-10
Central Line,Outbound (Cape Town to Chris Hani via Mutual/Langa/Nyanga),Weekend,9901,20,KHAYELITSHA,06:34,2025-10
Central Line,Outbound (Cape Town to Chris Hani via Mutual/Langa/Nyanga),Weekend,9903,20,KHAYELITSHA,07:54,2025-10
Central Line,Outbound (Cape Town to Chris Hani via Mutual/Langa/Nyanga),Weekend,9905,20,KHAYELITSHA,09:19,2025-10
Central Line,Outbound (Cape Town to Chris Hani via Mutual/Langa/Nyanga),Weekend,9909,20,KHAYELITSHA,10:34,2025-10
Central Line,Outbound (Cape Town to Chris Hani via Mutual/Langa/Nyanga),Weekend,9007,20,KHAYELITSHA,11:54,2025-10
Central Line,Outbound (Cape Town to Chris Hani via Mutual/Langa/Nyanga),Weekend,9901,21,CHRIS HANI,06:41,2025-10
Central Line,Outbound (Cape Town to Chris Hani via Mutual/Langa/Nyanga),Weekend,9903,21,CHRIS HANI,08:01,2025-10
Central Line,Outbound (Cape Town to Chris Hani via Mutual/Langa/Nyanga),Weekend,9905,21,CHRIS HANI,09:26,2025-10
Central Line,Outbound (Cape Town to Chris Hani via Mutual/Langa/Nyanga),Weekend,9909,21,CHRIS HANI,10:41,2025-10
Central Line,Outbound (Cape Town to Chris Hani via Mutual/Langa/Nyanga),Weekend,9007,21,CHRIS HANI,12:01,2025-10
Central Line,Outbound (Cape Town to Chris Hani via Mutual/Langa/Nyanga),Weekend,9301,22,LAVISTOWN,06:40,2025-10
Central Line,Outbound (Cape Town to Chris Hani via Mutual/Langa/Nyanga),Weekend,9403,22,LAVISTOWN,08:10,2025-10
Central Line,Outbound (Cape Town to Chris Hani via Mutual/Langa/Nyanga),Weekend,9905,22,LAVISTOWN,09:30,2025-10
Central Line,Outbound (Cape Town to Chris Hani via Mutual/Langa/Nyanga),Weekend,9407,22,LAVISTOWN,11:40,2025-10
Central Line,Outbound (Cape Town to Chris Hani via Mutual/Langa/Nyanga),Weekend,9307,22,LAVISTOWN,13:00,2025-10
Central Line,Outbound (Cape Town to Chris Hani via Mutual/Langa/Nyanga),Weekend,9301,23,BELHAR,06:45,2025-10
Central Line,Outbound (Cape Town to Chris Hani via Mutual/Langa/Nyanga),Weekend,9403,23,BELHAR,08:15,2025-10
Central Line,Outbound (Cape Town to Chris Hani via Mutual/Langa/Nyanga),Weekend,9905,23,BELHAR,09:35,2025-10
Central Line,Outbound (Cape Town to Chris Hani via Mutual/Langa/Nyanga),Weekend,9407,23,BELHAR,11:45,2025-10
Central Line,Outbound (Cape Town to Chris Hani via Mutual/Langa/Nyanga),Weekend,9307,23,BELHAR,13:05,2025-10
Central Line,Outbound (Cape Town to Chris Hani via Mutual/Langa/Nyanga),Weekend,9301,24,UNIBELL,06:48,2025-10
Central Line,Outbound (Cape Town to Chris Hani via Mutual/Langa/Nyanga),Weekend,9403,24,UNIBELL,08:18,2025-10
Central Line,Outbound (Cape Town to Chris Hani via Mutual/Langa/Nyanga),Weekend,9905,24,UNIBELL,09:38,2025-10
Central Line,Outbound (Cape Town to Chris Hani via Mutual/Langa/Nyanga),Weekend,9407,24,UNIBELL,11:48,2025-10
Central Line,Outbound (Cape Town to Chris Hani via Mutual/Langa/Nyanga),Weekend,9307,24,UNIBELL,13:08,2025-10
Central Line,Outbound (Cape Town to Chris Hani via Mutual/Langa/Nyanga),Weekend,9301,25,PENTECH,06:52,2025-10
Central Line,Outbound (Cape Town to Chris Hani via Mutual/Langa/Nyanga),Weekend,9403,25,PENTECH,08:22,2025-10
Central Line,Outbound (Cape Town to Chris Hani via Mutual/Langa/Nyanga),Weekend,9905,25,PENTECH,09:42,2025-10
Central Line,Outbound (Cape Town to Chris Hani via Mutual/Langa/Nyanga),Weekend,9407,25,PENTECH,11:52,2025-10
Central Line,Outbound (Cape Town to Chris Hani via Mutual/Langa/Nyanga),Weekend,9307,25,PENTECH,13:12,2025-10
Central Line,Outbound (Cape Town to Chris Hani via Mutual/Langa/Nyanga),Weekend,9301,26,SAREPTA,06:55,2025-10
Central Line,Outbound (Cape Town to Chris Hani via Mutual/Langa/Nyanga),Weekend,9403,26,SAREPTA,08:25,2025-10
Central Line,Outbound (Cape Town to Chris Hani via Mutual/Langa/Nyanga),Weekend,9905,26,SAREPTA,09:45,2025-10
Central Line,Outbound (Cape Town to Chris Hani via Mutual/Langa/Nyanga),Weekend,9407,26,SAREPTA,11:55,2025-10
Central Line,Outbound (Cape Town to Chris Hani via Mutual/Langa/Nyanga),Weekend,9307,26,SAREPTA,13:15,2025-10
Central Line,Outbound (Cape Town to Chris Hani via Mutual/Langa/Nyanga),Weekend,9301,27,BELLVILLE,07:00,2025-10
Central Line,Outbound (Cape Town to Chris Hani via Mutual/Langa/Nyanga),Weekend,9403,27,BELLVILLE,08:30,2025-10
Central Line,Outbound (Cape Town to Chris Hani via Mutual/Langa/Nyanga),Weekend,9905,27,BELLVILLE,09:50,2025-10
Central Line,Outbound (Cape Town to Chris Hani via Mutual/Langa/Nyanga),Weekend,9407,27,BELLVILLE,12:00,2025-10
Central Line,Outbound (Cape Town to Chris Hani via Mutual/Langa/Nyanga),Weekend,9307,27,BELLVILLE,13:20,2025-10
