{"type":"FeatureCollection","features":[{"type":"Feature","properties":{"highway":"motorway","name":"Nelson Mandela Boulevard","oneway":"yes","surface":"asphalt","lanes":"2","maxspeed":"80"},"geometry":{"type":"LineString","coordinates":[[18.4342734,-33.9196189],[18.4321211,-33.9181868]]}},{"type":"Feature","properties":{"highway":"motorway","name":"Nelson Mandela Boulevard","oneway":"yes","surface":"asphalt","lanes":"2","maxspeed":"80"},"geometry":{"type":"LineString","coordinates":[[18.4330495,-33.9248143],[18.4330235,-33.924615],[18.432984,-33.9242165],[18.4330134,-33.9239969],[18.4330674,-33.9237902],[18.4331884,-33.9235267],[18.4333333,-33.9233075],[18.433755,-33.9228896],[18.434791,-33.9220449],[18.4350552,-33.9217172],[18.4351464,-33.9215291],[18.4352115,-33.9213322],[18.435244,-33.9211065],[18.4352396,-33.9208809],[18.4351927,-33.9206617],[18.4351096,-33.9204508],[18.4349748,-33.9202505],[18.4348319,-33.9200613],[18.4342734,-33.9196189]]}},{"type":"Feature","properties":{"highway":"motorway","name":"Nelson Mandela Boulevard","oneway":"yes","surface":"asphalt","lanes":"3","maxspeed":"80"},"geometry":{"type":"LineString","coordinates":[[18.4354212,-33.9292924],[18.4339508,-33.9279399]]}},{"type":"Feature","properties":{"highway":"motorway_link","name":null,"oneway":"yes","surface":"asphalt","lanes":"2","maxspeed":"80"},"geometry":{"type":"LineString","coordinates":[[18.4331975,-33.9261122],[18.4331592,-33.9260301],[18.4331171,-33.9258082],[18.4329117,-33.9248397]]}},{"type":"Feature","properties":{"highway":"motorway_link","name":null,"oneway":"yes","surface":"asphalt","lanes":"4","maxspeed":null},"geometry":{"type":"LineString","coordinates":[[18.4326403,-33.9237944],[18.432572,-33.9235799],[18.4324939,-33.9233814],[18.4324361,-33.9232548],[18.4323317,-33.9230804]]}},{"type":"Feature","properties":{"highway":"motorway_link","name":null,"oneway":"yes","surface":"asphalt","lanes":"2","maxspeed":null},"geometry":{"type":"LineString","coordinates":[[18.4322044,-33.9225343],[18.4322519,-33.9225785],[18.4323857,-33.9226932],[18.4326298,-33.9229507],[18.4328124,-33.9231736],[18.4331162,-33.9236185],[18.4332437,-33.9238339]]}},{"type":"Feature","properties":{"highway":"motorway_link","name":null,"oneway":"yes","surface":"asphalt","lanes":"2","maxspeed":null},"geometry":{"type":"LineString","coordinates":[[18.4332946,-33.9240021],[18.4333196,-33.924133],[18.4333288,-33.9242985],[18.4333106,-33.9248088],[18.4333173,-33.9250956],[18.4333762,-33.9258125],[18.4333778,-33.9260405],[18.4333551,-33.9261236]]}},{"type":"Feature","properties":{"highway":"motorway_link","name":null,"oneway":"yes","surface":"asphalt","lanes":"1","maxspeed":null},"geometry":{"type":"LineString","coordinates":[[18.4313242,-33.9258304],[18.4319339,-33.9259887],[18.4321915,-33.9260286],[18.433424,-33.9260899],[18.4335574,-33.9261026],[18.4336882,-33.9261374],[18.4338111,-33.9261853],[18.4339137,-33.9262367]]}},{"type":"Feature","properties":{"highway":"motorway_link","name":null,"oneway":"yes","surface":"asphalt","lanes":"1","maxspeed":"60"},"geometry":{"type":"LineString","coordinates":[[18.4325308,-33.9263779],[18.4323653,-33.9263157],[18.4319544,-33.9261767],[18.4309281,-33.92584]]}},{"type":"Feature","properties":{"highway":"motorway_link","name":null,"oneway":"yes","surface":"asphalt","lanes":"1","maxspeed":null},"geometry":{"type":"LineString","coordinates":[[18.4335646,-33.927438],[18.4333929,-33.9272644],[18.4332586,-33.9270439],[18.4331683,-33.9269015],[18.4330759,-33.9267836],[18.4330021,-33.9267043],[18.4328984,-33.9266137],[18.432788,-33.9265236],[18.4326657,-33.9264417],[18.4325308,-33.9263779]]}},{"type":"Feature","properties":{"highway":"tertiary","name":"Strand Street","oneway":"yes","surface":"asphalt","lanes":"2","maxspeed":"60"},"geometry":{"type":"LineString","coordinates":[[18.4176324,-33.9178322],[18.4177231,-33.9178984],[18.4183035,-33.918322],[18.4185267,-33.9184811],[18.4186065,-33.918538]]}},{"type":"Feature","properties":{"highway":"tertiary","name":"Strand Street","oneway":"yes","surface":"asphalt","lanes":"2","maxspeed":null},"geometry":{"type":"LineString","coordinates":[[18.4184326,-33.9185505],[18.418233,-33.9184006],[18.4176407,-33.9179726],[18.4175556,-33.9179104]]}},{"type":"Feature","properties":{"highway":"primary","name":"Strand Street","oneway":"yes","surface":"asphalt","lanes":"3","maxspeed":"60"},"geometry":{"type":"LineString","coordinates":[[18.4231085,-33.9220528],[18.422532,-33.9216271],[18.4223926,-33.9215298],[18.4218791,-33.9211525],[18.4218196,-33.9211086]]}},{"type":"Feature","properties":{"highway":"footway","name":null,"oneway":null,"surface":"concrete","lanes":null,"maxspeed":null},"geometry":{"type":"LineString","coordinates":[[18.4263448,-33.9237296],[18.4263188,-33.9237547],[18.4262456,-33.9238253],[18.4261581,-33.9239098]]}},{"type":"Feature","properties":{"highway":"primary","name":"Strand Street","oneway":"yes","surface":"asphalt","lanes":"3","maxspeed":"60"},"geometry":{"type":"LineString","coordinates":[[18.426457,-33.924206],[18.4265875,-33.9242462],[18.4267058,-33.9242827],[18.4284823,-33.9248818],[18.4302442,-33.9254569],[18.4313242,-33.9258304]]}},{"type":"Feature","properties":{"highway":"primary","name":"Strand Street","oneway":"yes","surface":"asphalt","lanes":"3","maxspeed":"60"},"geometry":{"type":"LineString","coordinates":[[18.4245056,-33.9231005],[18.4244047,-33.9230277]]}},{"type":"Feature","properties":{"highway":"motorway","name":null,"oneway":"yes","surface":"asphalt","lanes":"2","maxspeed":"80"},"geometry":{"type":"LineString","coordinates":[[18.4354045,-33.9203042],[18.435057,-33.92015],[18.4346794,-33.9199679],[18.4343836,-33.9198154],[18.4340735,-33.9196178],[18.4337093,-33.9193852],[18.4326009,-33.9186544],[18.4320514,-33.9182641]]}},{"type":"Feature","properties":{"highway":"pedestrian","name":"Government Avenue","oneway":null,"surface":"asphalt","lanes":null,"maxspeed":null},"geometry":{"type":"LineString","coordinates":[[18.41994,-33.9249736],[18.4190455,-33.9258338],[18.4178859,-33.9269173],[18.4165527,-33.9281696],[18.4163744,-33.9283372],[18.416303,-33.9284031],[18.4161513,-33.9285466],[18.4160147,-33.9286773],[18.4152522,-33.9294115],[18.4147576,-33.92988],[18.4134304,-33.931148]]}},{"type":"Feature","properties":{"highway":"primary","name":"Nelson Mandela Boulevard","oneway":"yes","surface":"asphalt","lanes":"4","maxspeed":"60"},"geometry":{"type":"LineString","coordinates":[[18.4246546,-33.9149026],[18.4244753,-33.9149531]]}},{"type":"Feature","properties":{"highway":"primary","name":"Buiten Crescent","oneway":null,"surface":"asphalt","lanes":"3","maxspeed":"60"},"geometry":{"type":"LineString","coordinates":[[18.4119163,-33.9257831],[18.4119624,-33.9258172],[18.411991,-33.925839],[18.412207,-33.9260032]]}},{"type":"Feature","properties":{"highway":"service","name":null,"oneway":null,"surface":null,"lanes":null,"maxspeed":null},"geometry":{"type":"LineString","coordinates":[[18.4128863,-33.9297195],[18.412976,-33.9297505],[18.413033,-33.9297833],[18.4132738,-33.9299568],[18.413444,-33.9300757]]}},{"type":"Feature","properties":{"highway":"primary","name":"Orange Street","oneway":"yes","surface":"asphalt","lanes":"2","maxspeed":"60"},"geometry":{"type":"LineString","coordinates":[[18.4136166,-33.9316009],[18.4133203,-33.9312025],[18.4132793,-33.9311352],[18.4132299,-33.9310541],[18.4131912,-33.9309897],[18.4128441,-33.9304123],[18.4128163,-33.9303661],[18.4127752,-33.9302692],[18.4127385,-33.930177],[18.4127275,-33.9300753],[18.4127343,-33.9300107],[18.4127456,-33.9299638],[18.412787,-33.9298615],[18.412807,-33.9298211],[18.4128863,-33.9297195]]}},{"type":"Feature","properties":{"highway":"primary","name":"Orange Street","oneway":"yes","surface":"asphalt","lanes":"2","maxspeed":"60"},"geometry":{"type":"LineString","coordinates":[[18.4128863,-33.9297195],[18.4128754,-33.9298467],[18.4128627,-33.9298864],[18.4128358,-33.9299764],[18.41282,-33.9300387],[18.4128189,-33.9300863],[18.412833,-33.9301554],[18.4128595,-33.930221],[18.4128802,-33.930268],[18.4129389,-33.9303762]]}},{"type":"Feature","properties":{"highway":"primary","name":"Orange Street","oneway":"yes","surface":"asphalt","lanes":"2","maxspeed":"60"},"geometry":{"type":"LineString","coordinates":[[18.4137176,-33.9270498],[18.4137585,-33.9270804],[18.4137947,-33.9271299],[18.4138135,-33.9271622],[18.4138355,-33.9272095]]}},{"type":"Feature","properties":{"highway":"residential","name":"Rheede Street","oneway":null,"surface":"asphalt","lanes":"2","maxspeed":null},"geometry":{"type":"LineString","coordinates":[[18.4117817,-33.9289063],[18.4118361,-33.9289492],[18.4118611,-33.928969],[18.4122697,-33.9292915],[18.4127608,-33.9296722],[18.4128863,-33.9297195]]}},{"type":"Feature","properties":{"highway":"secondary","name":null,"oneway":"yes","surface":"asphalt","lanes":"3","maxspeed":"60"},"geometry":{"type":"LineString","coordinates":[[18.428169,-33.917775],[18.4280989,-33.9177788],[18.4280282,-33.9177755],[18.4279558,-33.9177682],[18.4278898,-33.9177485],[18.4278326,-33.9177161],[18.4277815,-33.9176783],[18.4277321,-33.917622],[18.4277091,-33.917592],[18.4276876,-33.9175393],[18.4276758,-33.9174625]]}},{"type":"Feature","properties":{"highway":"primary","name":"Buitengracht Street","oneway":"yes","surface":"asphalt","lanes":"2","maxspeed":"60"},"geometry":{"type":"LineString","coordinates":[[18.4159431,-33.9220071],[18.4158679,-33.9220785],[18.4154121,-33.922511],[18.4153426,-33.9225755],[18.4148829,-33.9229968],[18.414311,-33.923531],[18.4142784,-33.9235609],[18.4137568,-33.9240393],[18.4136964,-33.9240947],[18.4136347,-33.9241527],[18.4134592,-33.9243178],[18.4133074,-33.9244606],[18.4131237,-33.9246334],[18.4130796,-33.9246736],[18.4125396,-33.9251654],[18.4124586,-33.9252357],[18.412203,-33.9254963]]}},{"type":"Feature","properties":{"highway":"secondary","name":"Heerengracht Street","oneway":"yes","surface":"asphalt","lanes":"4","maxspeed":"60"},"geometry":{"type":"LineString","coordinates":[[18.4256234,-33.9194383],[18.4256625,-33.9194237],[18.4257086,-33.919398],[18.4257438,-33.9193686],[18.4258004,-33.9193133],[18.4258936,-33.9192221],[18.4264929,-33.9186416]]}},{"type":"Feature","properties":{"highway":"secondary","name":"Heerengracht Street","oneway":"yes","surface":"asphalt","lanes":"3","maxspeed":"60"},"geometry":{"type":"LineString","coordinates":[[18.4272144,-33.9185977],[18.4271609,-33.9186478],[18.4270064,-33.9187916],[18.4269553,-33.9188389]]}},{"type":"Feature","properties":{"highway":"secondary","name":"Heerengracht Boulevard","oneway":"yes","surface":"asphalt","lanes":"3","maxspeed":"60"},"geometry":{"type":"LineString","coordinates":[[18.4284019,-33.9170211],[18.4285268,-33.916893]]}},{"type":"Feature","properties":{"highway":"tertiary","name":"Walter Sisulu Avenue","oneway":"yes","surface":"asphalt","lanes":"2","maxspeed":"60"},"geometry":{"type":"LineString","coordinates":[[18.4276738,-33.9174299],[18.4276388,-33.9173288],[18.4276038,-33.9172598],[18.4275697,-33.9172181],[18.4275349,-33.917178],[18.4274878,-33.9171398],[18.4272482,-33.9169686],[18.4271121,-33.9168694],[18.4267203,-33.9165912]]}},{"type":"Feature","properties":{"highway":"secondary","name":"Adderley Street","oneway":"yes","surface":"asphalt","lanes":"2","maxspeed":"60"},"geometry":{"type":"LineString","coordinates":[[18.4216682,-33.9233966],[18.4217386,-33.9233294],[18.4221039,-33.9229805],[18.422162,-33.9229228]]}},{"type":"Feature","properties":{"highway":"secondary","name":"Adderley Street","oneway":"yes","surface":"asphalt","lanes":"2","maxspeed":"60"},"geometry":{"type":"LineString","coordinates":[[18.4254258,-33.9202141],[18.4253939,-33.9202282],[18.4253452,-33.9202732],[18.4248824,-33.9207126],[18.4246419,-33.920953],[18.424484,-33.9211026],[18.4242617,-33.9212881]]}},{"type":"Feature","properties":{"highway":"motorway_link","name":null,"oneway":"yes","surface":"asphalt","lanes":"1","maxspeed":null},"geometry":{"type":"LineString","coordinates":[[18.4256758,-33.914808],[18.4255579,-33.9148743],[18.4253255,-33.9149069],[18.4251216,-33.9149423]]}},{"type":"Feature","properties":{"highway":"residential","name":"Yusuf Drive","oneway":null,"surface":"asphalt","lanes":"2","maxspeed":null},"geometry":{"type":"LineString","coordinates":[[18.4123286,-33.917441],[18.4121749,-33.9175174],[18.4120442,-33.9175875],[18.4119782,-33.9176346],[18.4119182,-33.9176923],[18.4118642,-33.9177559],[18.4118258,-33.9178151],[18.4117687,-33.9179506],[18.4117435,-33.9180497],[18.4117363,-33.918179],[18.4117423,-33.9183771],[18.4117577,-33.9188404],[18.4117582,-33.9188763],[18.4117643,-33.9193063],[18.4117649,-33.9194039],[18.4117653,-33.9195054],[18.4117532,-33.9196011],[18.4117117,-33.9197413],[18.4116431,-33.919891],[18.4115923,-33.9200017],[18.4115331,-33.9201319],[18.4115121,-33.9202109],[18.4115101,-33.9202567],[18.4115309,-33.9203218],[18.4115505,-33.9203604],[18.4115782,-33.9203936],[18.4116328,-33.9204403],[18.4116887,-33.9204791],[18.4117745,-33.9205034],[18.4118585,-33.9205001],[18.4119195,-33.9204913],[18.4119676,-33.9204785],[18.4120313,-33.9204522],[18.4120896,-33.9204213],[18.4122675,-33.920315],[18.4123856,-33.9202493],[18.412525,-33.9201876],[18.4126445,-33.9201535],[18.4129671,-33.9200857],[18.4131884,-33.9200425],[18.4132818,-33.9200378],[18.4133526,-33.9200473],[18.4134062,-33.9200691],[18.4134718,-33.9201056],[18.4136054,-33.9201937],[18.4138963,-33.9204436]]}},{"type":"Feature","properties":{"highway":"tertiary","name":"Hertzog Boulevard","oneway":"yes","surface":"asphalt","lanes":"4","maxspeed":"60"},"geometry":{"type":"LineString","coordinates":[[18.4320389,-33.9227037],[18.4318967,-33.9225706]]}},{"type":"Feature","properties":{"highway":"secondary_link","name":null,"oneway":"yes","surface":"asphalt","lanes":"2","maxspeed":"60"},"geometry":{"type":"LineString","coordinates":[[18.4264929,-33.9186416],[18.426607,-33.9185612],[18.4266654,-33.9185291],[18.4267418,-33.9185027],[18.4268095,-33.91849],[18.4268826,-33.9184821],[18.4269461,-33.9184848],[18.4270093,-33.9184932],[18.4270666,-33.9185115],[18.4271213,-33.9185345],[18.427155,-33.9185532],[18.4271849,-33.9185742],[18.4272144,-33.9185977]]}},{"type":"Feature","properties":{"highway":"tertiary","name":"D.F. Malan Street","oneway":"yes","surface":"asphalt","lanes":"2","maxspeed":"60"},"geometry":{"type":"LineString","coordinates":[[18.4313168,-33.9176],[18.4312285,-33.9176778],[18.431022,-33.9178765],[18.430886,-33.9180028],[18.4306911,-33.9181884],[18.4306593,-33.9182206],[18.430491,-33.918383],[18.4304198,-33.9184518],[18.4302337,-33.9186317],[18.4296141,-33.919222]]}},{"type":"Feature","properties":{"highway":"tertiary","name":"Saint Johns Road","oneway":null,"surface":"asphalt","lanes":"2","maxspeed":"60"},"geometry":{"type":"LineString","coordinates":[[18.4161305,-33.9310902],[18.4162548,-33.9309672],[18.4171424,-33.9300962],[18.4174943,-33.9297338]]}},{"type":"Feature","properties":{"highway":"residential","name":"Hope Street","oneway":null,"surface":"asphalt","lanes":"2","maxspeed":"60"},"geometry":{"type":"LineString","coordinates":[[18.4198544,-33.9280983],[18.419589,-33.9286843],[18.4195459,-33.9287733],[18.4194169,-33.9290707],[18.4191809,-33.9296048],[18.419001,-33.9299987],[18.4189844,-33.9300351],[18.4188632,-33.9303178],[18.4187346,-33.9305875]]}},{"type":"Feature","properties":{"highway":"tertiary","name":"Roeland Street","oneway":"yes","surface":"asphalt","lanes":"2","maxspeed":"60"},"geometry":{"type":"LineString","coordinates":[[18.4214388,-33.9291907],[18.4215404,-33.9292089],[18.4216291,-33.9292572]]}},{"type":"Feature","properties":{"highway":"residential","name":"Vrede Street","oneway":null,"surface":"asphalt","lanes":"2","maxspeed":"60"},"geometry":{"type":"LineString","coordinates":[[18.4174943,-33.9297338],[18.4175785,-33.9297915],[18.4180446,-33.9301111],[18.4181979,-33.930222],[18.4185191,-33.9304491],[18.4187346,-33.9305875]]}},{"type":"Feature","properties":{"highway":"residential","name":"Barnet Street","oneway":"yes","surface":"asphalt","lanes":"1","maxspeed":"60"},"geometry":{"type":"LineString","coordinates":[[18.4159426,-33.932172],[18.416301,-33.93182],[18.4166606,-33.9314747],[18.417332,-33.9308091],[18.4180446,-33.9301111]]}},{"type":"Feature","properties":{"highway":"residential","name":"Wandel Street","oneway":"yes","surface":"asphalt","lanes":"1","maxspeed":"60"},"geometry":{"type":"LineString","coordinates":[[18.4173293,-33.9315971],[18.4174313,-33.9314987],[18.4178016,-33.9311414],[18.4178172,-33.9311251],[18.4185191,-33.9304491],[18.4189844,-33.9300351]]}},{"type":"Feature","properties":{"highway":"residential","name":"Grey's Pass","oneway":null,"surface":"asphalt","lanes":"2","maxspeed":"60"},"geometry":{"type":"LineString","coordinates":[[18.4142152,-33.928229],[18.4143345,-33.9282837],[18.414411,-33.9283188]]}},{"type":"Feature","properties":{"highway":"residential","name":"Chiappini Street","oneway":"yes","surface":"asphalt","lanes":"1","maxspeed":"60"},"geometry":{"type":"LineString","coordinates":[[18.4143875,-33.920828],[18.414784,-33.9204782],[18.4149945,-33.9202968],[18.415033,-33.9202637],[18.4155868,-33.9197639],[18.4158228,-33.9195567],[18.4160107,-33.9193917],[18.4162994,-33.9191262],[18.4165625,-33.9188843],[18.4170086,-33.9184622],[18.4171118,-33.9183646]]}},{"type":"Feature","properties":{"highway":"residential","name":"Napier Street","oneway":null,"surface":"asphalt","lanes":"2","maxspeed":"60"},"geometry":{"type":"LineString","coordinates":[[18.416711,-33.9155092],[18.4167735,-33.9154967],[18.4170853,-33.9153881],[18.4171415,-33.91537]]}},{"type":"Feature","properties":{"highway":"secondary","name":"Somerset Road","oneway":null,"surface":"asphalt","lanes":"4","maxspeed":null},"geometry":{"type":"LineString","coordinates":[[18.4188832,-33.9166186],[18.4187927,-33.9164384],[18.4186837,-33.9162183],[18.4184837,-33.915828],[18.4184413,-33.9157434],[18.4184119,-33.9156834],[18.4182959,-33.9154508],[18.4181676,-33.9151981],[18.4180646,-33.9149922]]}},{"type":"Feature","properties":{"highway":"footway","name":null,"oneway":null,"surface":null,"lanes":null,"maxspeed":null},"geometry":{"type":"LineString","coordinates":[[18.4240698,-33.9229274],[18.424793,-33.9228865]]}},{"type":"Feature","properties":{"highway":"primary_link","name":null,"oneway":"yes","surface":"asphalt","lanes":"2","maxspeed":"60"},"geometry":{"type":"LineString","coordinates":[[18.4217448,-33.9149837],[18.4219398,-33.915153],[18.4219765,-33.9151802],[18.4220147,-33.9152044],[18.4220577,-33.9152284],[18.4220974,-33.9152465],[18.4221409,-33.915261],[18.4221737,-33.9152699],[18.4222008,-33.9152752],[18.4222315,-33.915279],[18.4222759,-33.9152823],[18.4223242,-33.9152817],[18.4223627,-33.9152793],[18.4224165,-33.915272],[18.4224606,-33.9152631],[18.4225034,-33.9152526],[18.4225638,-33.9152334],[18.4226396,-33.915211]]}},{"type":"Feature","properties":{"highway":"primary","name":"Helen Suzman Boulevard","oneway":"yes","surface":"asphalt","lanes":"4","maxspeed":"60"},"geometry":{"type":"LineString","coordinates":[[18.4219523,-33.9153037],[18.4221246,-33.9154953],[18.422208,-33.9155847]]}},{"type":"Feature","properties":{"highway":"secondary","name":"Hans Strijdom Avenue","oneway":"yes","surface":"asphalt","lanes":"3","maxspeed":"60"},"geometry":{"type":"LineString","coordinates":[[18.4252458,-33.9198145],[18.4251292,-33.9195514],[18.4250926,-33.9195117],[18.425028,-33.919464],[18.4245407,-33.9191253],[18.4243415,-33.9189848]]}},{"type":"Feature","properties":{"highway":"service","name":"Jamieson Street","oneway":null,"surface":"asphalt","lanes":null,"maxspeed":null},"geometry":{"type":"LineString","coordinates":[[18.4114513,-33.928036],[18.4115452,-33.9279131],[18.4116966,-33.9277403],[18.4117542,-33.9276702],[18.4117795,-33.9276064],[18.4123419,-33.927093],[18.4128773,-33.9266148],[18.412934,-33.9265642]]}},{"type":"Feature","properties":{"highway":"service","name":"New Church Street","oneway":"yes","surface":"asphalt","lanes":null,"maxspeed":null},"geometry":{"type":"LineString","coordinates":[[18.4118503,-33.9263419],[18.4117692,-33.9264183],[18.4110684,-33.927057]]}},{"type":"Feature","properties":{"highway":"residential","name":"Orphan Street","oneway":null,"surface":"asphalt","lanes":"2","maxspeed":"60"},"geometry":{"type":"LineString","coordinates":[[18.4125396,-33.9251654],[18.4128656,-33.9253992],[18.4132087,-33.9256577]]}},{"type":"Feature","properties":{"highway":"residential","name":"Buiten Street","oneway":null,"surface":"asphalt","lanes":"2","maxspeed":"60"},"geometry":{"type":"LineString","coordinates":[[18.4131237,-33.9246334],[18.4132686,-33.9247386],[18.4134431,-33.9248695],[18.4137902,-33.925131],[18.4144598,-33.9256629],[18.4151055,-33.9261449]]}},{"type":"Feature","properties":{"highway":"residential","name":"Bloem Street","oneway":null,"surface":"asphalt","lanes":"2","maxspeed":"60"},"geometry":{"type":"LineString","coordinates":[[18.4136174,-33.9240334],[18.4136964,-33.9240947],[18.4137763,-33.9241544],[18.4140223,-33.9243383],[18.4143264,-33.9245659],[18.4144152,-33.9246308],[18.4150561,-33.9251189],[18.4156184,-33.9255521],[18.4156733,-33.9256222]]}},{"type":"Feature","properties":{"highway":"residential","name":"Pepper Street","oneway":"yes","surface":"asphalt","lanes":"1","maxspeed":"60"},"geometry":{"type":"LineString","coordinates":[[18.414311,-33.923531],[18.4146402,-33.9237716],[18.414948,-33.9240063],[18.4150331,-33.924068],[18.4156717,-33.9245582],[18.4163101,-33.925047]]}},{"type":"Feature","properties":{"highway":"tertiary","name":"Loop Street","oneway":"yes","surface":"asphalt","lanes":"2","maxspeed":"60"},"geometry":{"type":"LineString","coordinates":[[18.4132969,-33.9267559],[18.4133307,-33.926696],[18.4133437,-33.9266801],[18.4133716,-33.9266459],[18.4135721,-33.9264728]]}},{"type":"Feature","properties":{"highway":"residential","name":"Dorp Street","oneway":"yes","surface":"asphalt","lanes":"1","maxspeed":"60"},"geometry":{"type":"LineString","coordinates":[[18.4173757,-33.9240699],[18.4173162,-33.9240261],[18.4167278,-33.9235936],[18.4161578,-33.9231758],[18.4160858,-33.9231231],[18.4159836,-33.9230467],[18.4153426,-33.9225755]]}},{"type":"Feature","properties":{"highway":"residential","name":"Keerom Street","oneway":null,"surface":"asphalt","lanes":null,"maxspeed":"60"},"geometry":{"type":"LineString","coordinates":[[18.4157887,-33.9264768],[18.4159506,-33.9263282],[18.4162363,-33.9260515],[18.4169982,-33.9253511],[18.4174655,-33.9249216],[18.4179047,-33.9245189],[18.4179197,-33.924492]]}},{"type":"Feature","properties":{"highway":"residential","name":"Prestwich Street","oneway":null,"surface":"asphalt","lanes":"2","maxspeed":"60"},"geometry":{"type":"LineString","coordinates":[[18.4179799,-33.9123128],[18.4182408,-33.912802],[18.4184422,-33.9132125],[18.4188025,-33.913906],[18.4189698,-33.91424],[18.4191677,-33.9146335],[18.4193093,-33.9149115],[18.4194707,-33.9152452],[18.4194968,-33.915297],[18.4195261,-33.9153549],[18.4200111,-33.9163052]]}},{"type":"Feature","properties":{"highway":"residential","name":"Hospital Street","oneway":null,"surface":"asphalt","lanes":null,"maxspeed":null},"geometry":{"type":"LineString","coordinates":[[18.4211998,-33.9158768],[18.4206926,-33.91486],[18.4203715,-33.9142098]]}},{"type":"Feature","properties":{"highway":"primary","name":"Helen Suzman Boulevard","oneway":"yes","surface":"asphalt","lanes":"3","maxspeed":"60"},"geometry":{"type":"LineString","coordinates":[[18.4220652,-33.915699],[18.4219644,-33.9155929],[18.4218601,-33.9154832],[18.4215524,-33.9151272]]}},{"type":"Feature","properties":{"highway":"residential","name":"Alfred Street","oneway":null,"surface":"asphalt","lanes":"2","maxspeed":"60"},"geometry":{"type":"LineString","coordinates":[[18.4210494,-33.9147327],[18.4206926,-33.91486],[18.4203206,-33.9149973],[18.41961,-33.9152596],[18.4194968,-33.915297]]}},{"type":"Feature","properties":{"highway":"residential","name":"Bree Street","oneway":null,"surface":"asphalt","lanes":"2","maxspeed":"60"},"geometry":{"type":"LineString","coordinates":[[18.4114043,-33.9273136],[18.4119579,-33.9268054],[18.4121043,-33.9266743],[18.4124889,-33.9263196],[18.4125528,-33.9262607],[18.4126073,-33.92621],[18.4128893,-33.9259479],[18.4132087,-33.9256577],[18.4134962,-33.9253973],[18.4137902,-33.925131],[18.4142857,-33.9246736]]}},{"type":"Feature","properties":{"highway":"residential","name":"Bree Street","oneway":"yes","surface":"asphalt","lanes":"1","maxspeed":"60"},"geometry":{"type":"LineString","coordinates":[[18.4142857,-33.9246736],[18.4143264,-33.9245659],[18.4149107,-33.9240399],[18.414948,-33.9240063],[18.4155344,-33.9234764],[18.4159836,-33.9230467],[18.4160543,-33.922984],[18.4163373,-33.9227282]]}},{"type":"Feature","properties":{"highway":"residential","name":"Bree Street","oneway":"yes","surface":"asphalt","lanes":"2","maxspeed":null},"geometry":{"type":"LineString","coordinates":[[18.4190909,-33.9203503],[18.4189012,-33.9205245],[18.4188577,-33.9205646]]}},{"type":"Feature","properties":{"highway":"residential","name":"Church Street","oneway":"yes","surface":"asphalt","lanes":"1","maxspeed":null},"geometry":{"type":"LineString","coordinates":[[18.4206284,-33.9244004],[18.4205751,-33.9243607],[18.4199813,-33.9239185],[18.4193149,-33.9234215]]}},{"type":"Feature","properties":{"highway":"pedestrian","name":"Shortmarket Street","oneway":"yes","surface":null,"lanes":null,"maxspeed":null},"geometry":{"type":"LineString","coordinates":[[18.4215497,-33.9234266],[18.4209646,-33.9229986],[18.4205913,-33.9227179],[18.4202953,-33.9224948]]}},{"type":"Feature","properties":{"highway":"residential","name":"Hout Street","oneway":"yes","surface":"asphalt","lanes":"1","maxspeed":"60"},"geometry":{"type":"LineString","coordinates":[[18.4208393,-33.9219912],[18.4215144,-33.922488],[18.4221091,-33.9228928],[18.422162,-33.9229228]]}},{"type":"Feature","properties":{"highway":"residential","name":"Hudson Street","oneway":null,"surface":"asphalt","lanes":"2","maxspeed":"60"},"geometry":{"type":"LineString","coordinates":[[18.4186837,-33.9162183],[18.4186095,-33.9162804],[18.4179206,-33.9169053],[18.4178688,-33.9169532],[18.4172346,-33.9175204]]}},{"type":"Feature","properties":{"highway":"residential","name":"Grey's Pass","oneway":"yes","surface":"asphalt","lanes":"1","maxspeed":"60"},"geometry":{"type":"LineString","coordinates":[[18.4137725,-33.9279306],[18.4138423,-33.9279893],[18.4138848,-33.9280245],[18.4139197,-33.9280501],[18.4139605,-33.9280791],[18.4139929,-33.9281019]]}},{"type":"Feature","properties":{"highway":"residential","name":"Grey's Pass","oneway":"yes","surface":"asphalt","lanes":"2","maxspeed":"60"},"geometry":{"type":"LineString","coordinates":[[18.4142152,-33.928229],[18.4139056,-33.9281501]]}},{"type":"Feature","properties":{"highway":"residential","name":"Dorman Street","oneway":"yes","surface":"asphalt","lanes":"1","maxspeed":"60"},"geometry":{"type":"LineString","coordinates":[[18.4121605,-33.9285448],[18.4131224,-33.9292453]]}},{"type":"Feature","properties":{"highway":"residential","name":"Beckham Street","oneway":"yes","surface":"asphalt","lanes":"1","maxspeed":"60"},"geometry":{"type":"LineString","coordinates":[[18.4133073,-33.9288818],[18.4125088,-33.928281],[18.4124688,-33.9282511]]}},{"type":"Feature","properties":{"highway":"secondary","name":"Somerset Road","oneway":"yes","surface":"asphalt","lanes":"2","maxspeed":"60"},"geometry":{"type":"LineString","coordinates":[[18.4201206,-33.9177268],[18.4200561,-33.9176786],[18.4194421,-33.9172145]]}},{"type":"Feature","properties":{"highway":"secondary","name":"Somerset Road","oneway":"yes","surface":"asphalt","lanes":"4","maxspeed":"60"},"geometry":{"type":"LineString","coordinates":[[18.4194812,-33.9170909],[18.4201502,-33.9175919],[18.420215,-33.9176408]]}},{"type":"Feature","properties":{"highway":"residential","name":"Riebeek Street","oneway":"yes","surface":"asphalt","lanes":"2","maxspeed":"60"},"geometry":{"type":"LineString","coordinates":[[18.4212793,-33.9185927],[18.4212411,-33.9185684],[18.4212037,-33.91854],[18.4211328,-33.9184902],[18.421035,-33.9184219],[18.4209618,-33.9183706],[18.4207462,-33.9182019]]}},{"type":"Feature","properties":{"highway":"secondary","name":"Christiaan Barnard Street","oneway":"yes","surface":"asphalt","lanes":"3","maxspeed":"60"},"geometry":{"type":"LineString","coordinates":[[18.4345291,-33.920309],[18.4342596,-33.9205698],[18.4336157,-33.921188],[18.4335363,-33.9212644],[18.4332818,-33.9215019],[18.4329878,-33.9217875],[18.4328838,-33.9218891]]}},{"type":"Feature","properties":{"highway":"secondary","name":"Christiaan Barnard Street","oneway":"yes","surface":"asphalt","lanes":"3","maxspeed":"60"},"geometry":{"type":"LineString","coordinates":[[18.4303146,-33.9263103],[18.4303802,-33.9258322],[18.4304822,-33.9242232],[18.4305034,-33.9241063]]}},{"type":"Feature","properties":{"highway":"service","name":"Martin Hammerschlag Way","oneway":"no","surface":"asphalt","lanes":"2","maxspeed":null},"geometry":{"type":"LineString","coordinates":[[18.4332872,-33.9236426],[18.433984,-33.9229959]]}},{"type":"Feature","properties":{"highway":"service","name":"Louis Gradner Street","oneway":"no","surface":"asphalt","lanes":"2","maxspeed":"60"},"geometry":{"type":"LineString","coordinates":[[18.4319781,-33.9200778],[18.432213,-33.920244],[18.4323503,-33.9203425],[18.4327157,-33.9206067],[18.432831,-33.9206882],[18.432992,-33.9208055],[18.4330634,-33.9208567],[18.4333243,-33.921049]]}},{"type":"Feature","properties":{"highway":"secondary","name":"Tennant Street","oneway":"yes","surface":"asphalt","lanes":"2","maxspeed":"60"},"geometry":{"type":"LineString","coordinates":[[18.430298,-33.927951],[18.4302783,-33.9280329],[18.4302382,-33.9281406],[18.4301763,-33.9282745],[18.4301005,-33.928412],[18.4299671,-33.9286143]]}},{"type":"Feature","properties":{"highway":"secondary","name":"Tennant Street","oneway":null,"surface":"asphalt","lanes":"4","maxspeed":"60"},"geometry":{"type":"LineString","coordinates":[[18.4273544,-33.9313673],[18.4275063,-33.9312976],[18.4277305,-33.9311881],[18.4279041,-33.9310857],[18.4279828,-33.9310264],[18.4281067,-33.9309176],[18.4281889,-33.9308372],[18.4282464,-33.9307634]]}},{"type":"Feature","properties":{"highway":"residential","name":"Rose Street","oneway":null,"surface":"asphalt","lanes":"2","maxspeed":"60"},"geometry":{"type":"LineString","coordinates":[[18.4150574,-33.9212932],[18.415429,-33.9209477],[18.4156734,-33.9207274],[18.4162168,-33.9202434],[18.4166479,-33.9198524],[18.4169289,-33.919596],[18.4171999,-33.9193488],[18.4177509,-33.9188464]]}},{"type":"Feature","properties":{"highway":"service","name":"Rose Lane","oneway":"yes","surface":"asphalt","lanes":null,"maxspeed":null},"geometry":{"type":"LineString","coordinates":[[18.4184326,-33.9185505],[18.4180458,-33.9189125],[18.4179523,-33.9189988]]}},{"type":"Feature","properties":{"highway":"residential","name":"Castle Street","oneway":"yes","surface":"asphalt","lanes":"1","maxspeed":"60"},"geometry":{"type":"LineString","coordinates":[[18.4166919,-33.9180157],[18.4166912,-33.9180327],[18.416695,-33.9180504],[18.4167125,-33.9180676],[18.4171118,-33.9183646]]}},{"type":"Feature","properties":{"highway":"residential","name":"Constitution Street","oneway":"yes","surface":"asphalt","lanes":"1","maxspeed":"60"},"geometry":{"type":"LineString","coordinates":[[18.4246932,-33.9287367],[18.4246302,-33.9286837],[18.4242625,-33.9283916],[18.4240844,-33.9282501]]}},{"type":"Feature","properties":{"highway":"residential","name":"Harrington Street","oneway":null,"surface":"asphalt","lanes":"2","maxspeed":"60"},"geometry":{"type":"LineString","coordinates":[[18.4213287,-33.9310794],[18.4222499,-33.9298788],[18.4222828,-33.9298359]]}},{"type":"Feature","properties":{"highway":"secondary","name":"Castle Street","oneway":"yes","surface":"asphalt","lanes":"3","maxspeed":"60"},"geometry":{"type":"LineString","coordinates":[[18.4263879,-33.9243419],[18.4263339,-33.924435],[18.4260435,-33.9247722],[18.4260218,-33.9248133],[18.4260133,-33.9248478]]}},{"type":"Feature","properties":{"highway":"secondary","name":"Castle Street","oneway":"yes","surface":"asphalt","lanes":"2","maxspeed":"60"},"geometry":{"type":"LineString","coordinates":[[18.4259821,-33.925287],[18.4259987,-33.9252715],[18.4260229,-33.9252388],[18.4260318,-33.9252057],[18.4260326,-33.9251735],[18.4260238,-33.9251145],[18.4259696,-33.9249607],[18.4259353,-33.9248429]]}},{"type":"Feature","properties":{"highway":"secondary","name":"Roeland Street","oneway":"yes","surface":"asphalt","lanes":"2","maxspeed":"60"},"geometry":{"type":"LineString","coordinates":[[18.4245806,-33.932041],[18.4238672,-33.9312013],[18.4236851,-33.9309916],[18.4234421,-33.9307489],[18.4233178,-33.9306353]]}},{"type":"Feature","properties":{"highway":"tertiary","name":"Roeland Street","oneway":null,"surface":"asphalt","lanes":"4","maxspeed":"60"},"geometry":{"type":"LineString","coordinates":[[18.4194554,-33.9278399],[18.4195257,-33.9278734],[18.4195269,-33.9278742],[18.419681,-33.9279792],[18.4198544,-33.9280983],[18.4201184,-33.9282882],[18.4205634,-33.9285961],[18.4214388,-33.9291907]]}},{"type":"Feature","properties":{"highway":"secondary","name":"Christiaan Barnard Street","oneway":"yes","surface":"asphalt","lanes":"3","maxspeed":"60"},"geometry":{"type":"LineString","coordinates":[[18.4311572,-33.9235512],[18.4309756,-33.9237153],[18.4308986,-33.9237907],[18.430867,-33.9238249],[18.4308298,-33.923878],[18.4307899,-33.9239301],[18.4307572,-33.9239828],[18.4307201,-33.9240586],[18.4306806,-33.9241483],[18.430645,-33.92425],[18.4306296,-33.924319],[18.4306183,-33.924397],[18.4306056,-33.9245064]]}},{"type":"Feature","properties":{"highway":"secondary","name":"Christiaan Barnard Street","oneway":"yes","surface":"asphalt","lanes":"4","maxspeed":"60"},"geometry":{"type":"LineString","coordinates":[[18.4304458,-33.9263215],[18.4303852,-33.9270892],[18.4303763,-33.9271967]]}},{"type":"Feature","properties":{"highway":"secondary","name":"Christiaan Barnard Street","oneway":"yes","surface":"asphalt","lanes":"2","maxspeed":"60"},"geometry":{"type":"LineString","coordinates":[[18.4302521,-33.9271901],[18.4302593,-33.9270808],[18.4303105,-33.9263572]]}},{"type":"Feature","properties":{"highway":"residential","name":"Maynard Street","oneway":"yes","surface":"asphalt","lanes":"1","maxspeed":null},"geometry":{"type":"LineString","coordinates":[[18.4213287,-33.9310794],[18.4211829,-33.9311998],[18.4210568,-33.9312395],[18.4209654,-33.9313099]]}},{"type":"Feature","properties":{"highway":"residential","name":"Lower Long Street","oneway":"yes","surface":"paving_stones","lanes":"2","maxspeed":null},"geometry":{"type":"LineString","coordinates":[[18.426957,-33.9152477],[18.4267872,-33.9154143],[18.4265302,-33.9156663],[18.426513,-33.9156832]]}},{"type":"Feature","properties":{"highway":"residential","name":"F.W. de Klerk Boulevard","oneway":"no","surface":"asphalt","lanes":"2","maxspeed":null},"geometry":{"type":"LineString","coordinates":[[18.4278967,-33.914638],[18.428218,-33.9148775],[18.4283175,-33.9149818],[18.4284539,-33.915176],[18.428539,-33.915247],[18.4286128,-33.9152984],[18.4287681,-33.9153995]]}},{"type":"Feature","properties":{"highway":"pedestrian","name":"Saint George's Mall","oneway":"no","surface":"paving_stones","lanes":null,"maxspeed":null},"geometry":{"type":"LineString","coordinates":[[18.4194559,-33.9244096],[18.4199813,-33.9239185],[18.4205284,-33.9234073],[18.4209646,-33.9229986],[18.4215144,-33.922488],[18.4220138,-33.9220191],[18.422431,-33.9216292]]}},{"type":"Feature","properties":{"highway":"residential","name":"Burg Street","oneway":null,"surface":"asphalt","lanes":"2","maxspeed":null},"geometry":{"type":"LineString","coordinates":[[18.4186742,-33.9239943],[18.4187404,-33.9239333],[18.4187862,-33.9238926],[18.4189701,-33.9237287],[18.4193149,-33.9234215],[18.4198688,-33.9228948]]}},{"type":"Feature","properties":{"highway":"residential","name":"Castle Street","oneway":"yes","surface":"asphalt","lanes":"1","maxspeed":"60"},"geometry":{"type":"LineString","coordinates":[[18.4192528,-33.9199474],[18.4193137,-33.9199948],[18.4194028,-33.9200643],[18.4194592,-33.9201082]]}},{"type":"Feature","properties":{"highway":"tertiary","name":"Plein Street","oneway":null,"surface":"asphalt","lanes":"2","maxspeed":"60"},"geometry":{"type":"LineString","coordinates":[[18.4197173,-33.9275756],[18.4198848,-33.9274126],[18.4201668,-33.927145],[18.4202293,-33.9270858],[18.4204505,-33.9268682],[18.4204819,-33.9268393],[18.4206078,-33.9267196],[18.4208993,-33.9264424],[18.4212899,-33.926071],[18.4215831,-33.925782],[18.4215844,-33.9257807],[18.4216315,-33.9257326]]}},{"type":"Feature","properties":{"highway":"residential","name":"Bureau Street","oneway":null,"surface":"asphalt","lanes":"4","maxspeed":"60"},"geometry":{"type":"LineString","coordinates":[[18.4204436,-33.9247199],[18.4205175,-33.9247718],[18.4210095,-33.9251425],[18.4210261,-33.9251566]]}},{"type":"Feature","properties":{"highway":"residential","name":"Mostert Street","oneway":"yes","surface":"asphalt","lanes":"2","maxspeed":null},"geometry":{"type":"LineString","coordinates":[[18.4217051,-33.9256608],[18.4217706,-33.9257089],[18.4222902,-33.9260887]]}},{"type":"Feature","properties":{"highway":"residential","name":"Spin Street","oneway":"yes","surface":"asphalt","lanes":"2","maxspeed":null},"geometry":{"type":"LineString","coordinates":[[18.4216315,-33.9257326],[18.4215712,-33.92569],[18.4212355,-33.925446],[18.4211389,-33.9253596],[18.4210689,-33.9252786],[18.4210344,-33.9252132]]}},{"type":"Feature","properties":{"highway":"residential","name":"Mostert Street","oneway":"yes","surface":"asphalt","lanes":"2","maxspeed":"60"},"geometry":{"type":"LineString","coordinates":[[18.4221394,-33.9262315],[18.4221187,-33.9261767],[18.4220987,-33.9261264],[18.4220655,-33.9260677],[18.4220139,-33.9260159],[18.4216948,-33.9257796],[18.4216315,-33.9257326]]}},{"type":"Feature","properties":{"highway":"residential","name":"Corporation Street","oneway":"no","surface":"asphalt","lanes":null,"maxspeed":"60"},"geometry":{"type":"LineString","coordinates":[[18.4214858,-33.9268675],[18.4220223,-33.9263423]]}},{"type":"Feature","properties":{"highway":"residential","name":"Commercial Street","oneway":"yes","surface":"asphalt","lanes":"1","maxspeed":null},"geometry":{"type":"LineString","coordinates":[[18.4235641,-33.9294742],[18.4230949,-33.92912],[18.4224415,-33.9286562],[18.4224095,-33.9286327],[18.4202746,-33.927118],[18.4202293,-33.9270858]]}},{"type":"Feature","properties":{"highway":"residential","name":"Barrack Street","oneway":"yes","surface":"asphalt","lanes":"1","maxspeed":null},"geometry":{"type":"LineString","coordinates":[[18.4208993,-33.9264424],[18.4209342,-33.9264677],[18.4212933,-33.926728],[18.4214858,-33.9268675],[18.42233,-33.9274793],[18.4227169,-33.9277597],[18.4230538,-33.9280039],[18.4231086,-33.9280556],[18.4231716,-33.9281151],[18.4235353,-33.9283881],[18.423751,-33.92855]]}},{"type":"Feature","properties":{"highway":"residential","name":"Albertus Street","oneway":"yes","surface":"asphalt","lanes":"1","maxspeed":"60"},"geometry":{"type":"LineString","coordinates":[[18.4243224,-33.928036],[18.4236596,-33.9275525],[18.4228604,-33.926971],[18.4222503,-33.9265133],[18.4220223,-33.9263423]]}},{"type":"Feature","properties":{"highway":"residential","name":"Caledon Street","oneway":"yes","surface":"asphalt","lanes":"2","maxspeed":"60"},"geometry":{"type":"LineString","coordinates":[[18.4226853,-33.9258894],[18.4234189,-33.9264317],[18.4241435,-33.9269747],[18.4241909,-33.9270107],[18.4242375,-33.9270472],[18.424295,-33.9270885],[18.4248959,-33.9275202]]}},{"type":"Feature","properties":{"highway":"residential","name":"Parade Street","oneway":null,"surface":"asphalt","lanes":"2","maxspeed":null},"geometry":{"type":"LineString","coordinates":[[18.42233,-33.9274793],[18.4228604,-33.926971],[18.4234189,-33.9264317],[18.4239037,-33.9259652]]}},{"type":"Feature","properties":{"highway":"residential","name":"Longmarket Street","oneway":"yes","surface":"asphalt","lanes":"1","maxspeed":null},"geometry":{"type":"LineString","coordinates":[[18.4178755,-33.921484],[18.4179187,-33.9215152],[18.4184496,-33.9218981],[18.4185247,-33.9219521],[18.4185949,-33.9220027],[18.4191215,-33.9223906],[18.4191744,-33.922432]]}},{"type":"Feature","properties":{"highway":"tertiary","name":"Lower Plein Street","oneway":"yes","surface":"asphalt","lanes":"2","maxspeed":"60"},"geometry":{"type":"LineString","coordinates":[[18.4229958,-33.9244025],[18.4230761,-33.9243232]]}},{"type":"Feature","properties":{"highway":"residential","name":"Parliament Street","oneway":"yes","surface":"asphalt","lanes":"2","maxspeed":"60"},"geometry":{"type":"LineString","coordinates":[[18.421086,-33.9251684],[18.4211315,-33.9251269],[18.421462,-33.92481],[18.4218787,-33.9244133],[18.4223082,-33.9240075],[18.4223813,-33.9239541]]}},{"type":"Feature","properties":{"highway":"residential","name":"Sea Street","oneway":"yes","surface":"asphalt","lanes":null,"maxspeed":"60"},"geometry":{"type":"LineString","coordinates":[[18.4221344,-33.9192155],[18.422068,-33.9192757],[18.4216053,-33.9196955],[18.421573,-33.9197248],[18.421547,-33.9197485]]}},{"type":"Feature","properties":{"highway":"residential","name":"Napier Street","oneway":"yes","surface":"unhewn_cobblestone","lanes":"2","maxspeed":"60"},"geometry":{"type":"LineString","coordinates":[[18.4162102,-33.9156794],[18.4166728,-33.9155178],[18.416711,-33.9155092]]}},{"type":"Feature","properties":{"highway":"service","name":null,"oneway":null,"surface":"paving_stones","lanes":null,"maxspeed":null},"geometry":{"type":"LineString","coordinates":[[18.4235981,-33.9248391],[18.4236737,-33.9247679],[18.4237965,-33.9246522]]}},{"type":"Feature","properties":{"highway":"residential","name":"Watson Street","oneway":"yes","surface":"asphalt","lanes":"1","maxspeed":"60"},"geometry":{"type":"LineString","coordinates":[[18.4128893,-33.9259479],[18.4135721,-33.9264728]]}},{"type":"Feature","properties":{"highway":"residential","name":"Prestwich Street","oneway":"yes","surface":"asphalt","lanes":"1","maxspeed":"60"},"geometry":{"type":"LineString","coordinates":[[18.4200111,-33.9163052],[18.4203352,-33.9169725],[18.4203984,-33.9170264],[18.4205987,-33.9171971],[18.4206503,-33.9172411]]}},{"type":"Feature","properties":{"highway":"residential","name":"Mechau Street","oneway":"yes","surface":"asphalt","lanes":"1","maxspeed":"60"},"geometry":{"type":"LineString","coordinates":[[18.4211867,-33.9167024],[18.4210805,-33.9166414],[18.420932,-33.9165323],[18.4204258,-33.9161606]]}},{"type":"Feature","properties":{"highway":"residential","name":"Upper Leeuwen Street","oneway":null,"surface":"asphalt","lanes":"2","maxspeed":"60"},"geometry":{"type":"LineString","coordinates":[[18.4118486,-33.9207184],[18.4127152,-33.92136],[18.4134077,-33.921885],[18.4134962,-33.9219521]]}},{"type":"Feature","properties":{"highway":"residential","name":"Buitengracht Street","oneway":"yes","surface":"asphalt","lanes":"1","maxspeed":null},"geometry":{"type":"LineString","coordinates":[[18.415798,-33.921846],[18.4157085,-33.9219086],[18.4156763,-33.9219359],[18.4155429,-33.922061],[18.4152302,-33.9223504],[18.4149307,-33.9226342],[18.4146936,-33.9228558]]}},{"type":"Feature","properties":{"highway":"residential","name":"Jordaan Street","oneway":null,"surface":"asphalt","lanes":"2","maxspeed":null},"geometry":{"type":"LineString","coordinates":[[18.4119764,-33.9247368],[18.4125409,-33.9241983],[18.4131137,-33.9236629],[18.4137129,-33.9231058],[18.4140522,-33.9227844],[18.414083,-33.9227553],[18.4143009,-33.9225528]]}},{"type":"Feature","properties":{"highway":"residential","name":"Pentz Street","oneway":null,"surface":"asphalt","lanes":"2","maxspeed":"60"},"geometry":{"type":"LineString","coordinates":[[18.4138963,-33.9204436],[18.4139922,-33.9204163],[18.4141038,-33.9203484],[18.4142743,-33.9201872],[18.4143151,-33.9201618]]}},{"type":"Feature","properties":{"highway":"residential","name":"Dixon Street","oneway":"yes","surface":"asphalt","lanes":"1","maxspeed":"60"},"geometry":{"type":"LineString","coordinates":[[18.4184837,-33.915828],[18.4183943,-33.9158594],[18.4175486,-33.9161572]]}},{"type":"Feature","properties":{"highway":"residential","name":"Jarvis Street","oneway":"yes","surface":"cobblestone","lanes":"2","maxspeed":null},"geometry":{"type":"LineString","coordinates":[[18.4175486,-33.9161572],[18.4172146,-33.915491],[18.4171657,-33.9154152],[18.4171415,-33.91537],[18.417115,-33.9153323],[18.4170866,-33.9152693],[18.4168202,-33.9147546],[18.4165518,-33.9142546]]}},{"type":"Feature","properties":{"highway":"residential","name":"Waterkant Street","oneway":null,"surface":"asphalt","lanes":"2","maxspeed":"60"},"geometry":{"type":"LineString","coordinates":[[18.4170976,-33.9163189],[18.4171062,-33.9163639],[18.4171207,-33.9163897],[18.4173435,-33.9165551],[18.4178688,-33.9169532],[18.4182719,-33.9172612],[18.4188563,-33.9177051],[18.4188804,-33.9177302],[18.4188935,-33.9177636],[18.4188929,-33.9177897]]}},{"type":"Feature","properties":{"highway":"residential","name":"Buitengracht Street","oneway":null,"surface":"asphalt","lanes":"2","maxspeed":null},"geometry":{"type":"LineString","coordinates":[[18.4105574,-33.9267114],[18.4105892,-33.9267035],[18.4106161,-33.9266874],[18.4106304,-33.9266754],[18.4110227,-33.9263006],[18.4117313,-33.9256381],[18.4123718,-33.9250352],[18.4129504,-33.924498],[18.413451,-33.9240225],[18.4135189,-33.9239581],[18.4135768,-33.9239034],[18.4141194,-33.9233911]]}},{"type":"Feature","properties":{"highway":"residential","name":"Mechau Street","oneway":null,"surface":"asphalt","lanes":"2","maxspeed":"60"},"geometry":{"type":"LineString","coordinates":[[18.4213428,-33.9168252],[18.4214003,-33.9168714],[18.4220269,-33.9173723],[18.4220892,-33.9174221],[18.4221144,-33.9174422]]}},{"type":"Feature","properties":{"highway":"residential","name":"Buitengracht Street","oneway":"yes","surface":"asphalt","lanes":"1","maxspeed":"60"},"geometry":{"type":"LineString","coordinates":[[18.4141194,-33.9233911],[18.4144551,-33.9230798],[18.4146936,-33.9228558]]}},{"type":"Feature","properties":{"highway":"residential","name":"Longmarket Street","oneway":null,"surface":"asphalt","lanes":"2","maxspeed":"60"},"geometry":{"type":"LineString","coordinates":[[18.4171351,-33.9209083],[18.4169574,-33.9207865]]}},{"type":"Feature","properties":{"highway":"residential","name":"Longmarket Street","oneway":"yes","surface":"cobblestone","lanes":"1","maxspeed":"60"},"geometry":{"type":"LineString","coordinates":[[18.414474,-33.9189454],[18.4152565,-33.9195159],[18.4155868,-33.9197639],[18.4162168,-33.9202434],[18.4169574,-33.9207865]]}},{"type":"Feature","properties":{"highway":"residential","name":"Longmarket Street","oneway":null,"surface":"concrete","lanes":"2","maxspeed":"60"},"geometry":{"type":"LineString","coordinates":[[18.414474,-33.9189454],[18.4144064,-33.9188873],[18.4143637,-33.918836],[18.4142917,-33.9187342],[18.4142643,-33.9186981],[18.4142418,-33.9186762],[18.4141103,-33.9185881],[18.414092,-33.918576],[18.4140764,-33.918556],[18.4139171,-33.9182217],[18.4138832,-33.9181549],[18.4136348,-33.9176674],[18.4133825,-33.917129],[18.4131259,-33.9165732],[18.4128442,-33.9159646]]}},{"type":"Feature","properties":{"highway":"residential","name":"Ella Street","oneway":null,"surface":"asphalt","lanes":null,"maxspeed":null},"geometry":{"type":"LineString","coordinates":[[18.4120973,-33.9169077],[18.4131259,-33.9165732],[18.4138335,-33.9163583],[18.4138771,-33.9163394],[18.4138932,-33.9163179]]}},{"type":"Feature","properties":{"highway":"residential","name":"Leeuwen Street","oneway":null,"surface":"asphalt","lanes":"2","maxspeed":"60"},"geometry":{"type":"LineString","coordinates":[[18.4148111,-33.9229457],[18.4148829,-33.9229968],[18.4149569,-33.9230513],[18.4155344,-33.9234764],[18.4156112,-33.9235353],[18.4162567,-33.9240236],[18.4169063,-33.924499],[18.4174655,-33.9249216]]}},{"type":"Feature","properties":{"highway":"residential","name":"Pentz Street","oneway":null,"surface":"concrete","lanes":"2","maxspeed":"60"},"geometry":{"type":"LineString","coordinates":[[18.4138963,-33.9204436],[18.4134479,-33.9205038],[18.4131741,-33.9205405],[18.4118486,-33.9207184],[18.411128,-33.9208151],[18.4106241,-33.9208827]]}},{"type":"Feature","properties":{"highway":"residential","name":"Sachs Street","oneway":null,"surface":"asphalt","lanes":null,"maxspeed":"60"},"geometry":{"type":"LineString","coordinates":[[18.4125408,-33.9222273],[18.4121073,-33.9226292],[18.4120255,-33.9227038],[18.4119611,-33.9227316]]}},{"type":"Feature","properties":{"highway":"residential","name":"Upper Bloem Street","oneway":null,"surface":"asphalt","lanes":"2","maxspeed":"60"},"geometry":{"type":"LineString","coordinates":[[18.4119611,-33.9227316],[18.4119048,-33.9227182],[18.4118672,-33.9226904],[18.4117571,-33.9226079],[18.4116325,-33.9225146],[18.4114139,-33.9223443],[18.4113574,-33.9222585],[18.4113443,-33.9222385],[18.4112277,-33.9219365],[18.4106241,-33.9208827]]}},{"type":"Feature","properties":{"highway":"residential","name":"Lion Street","oneway":null,"surface":"asphalt","lanes":"2","maxspeed":null},"geometry":{"type":"LineString","coordinates":[[18.4095806,-33.9257519],[18.4095878,-33.9257228],[18.4096068,-33.9256976],[18.409864,-33.9254584],[18.4110653,-33.9243364],[18.4111782,-33.9242367],[18.4111943,-33.9242166],[18.4112009,-33.9241927],[18.4111997,-33.9241799],[18.4111948,-33.9241644],[18.4111896,-33.9241437],[18.411193,-33.9241204],[18.411199,-33.9241015],[18.4112184,-33.9240781],[18.4115728,-33.9237559],[18.4117332,-33.9236072],[18.4122538,-33.923115],[18.4123019,-33.9230686],[18.4129166,-33.9224991],[18.4129681,-33.922449],[18.4134962,-33.9219521]]}},{"type":"Feature","properties":{"highway":"residential","name":"Pepper Street","oneway":null,"surface":"paving_stones","lanes":"2","maxspeed":"60"},"geometry":{"type":"LineString","coordinates":[[18.411128,-33.9208151],[18.4119434,-33.9214072],[18.412,-33.9214474],[18.4120237,-33.9214708],[18.4120456,-33.9215063],[18.4123184,-33.9220168],[18.412338,-33.9220429],[18.4123742,-33.9220817],[18.4125408,-33.9222273],[18.4129166,-33.9224991]]}},{"type":"Feature","properties":{"highway":"residential","name":"Dorp Street","oneway":null,"surface":"asphalt","lanes":null,"maxspeed":"60"},"geometry":{"type":"LineString","coordinates":[[18.4134479,-33.9205038],[18.4136525,-33.9209616],[18.4137668,-33.9212266],[18.4137806,-33.9212587],[18.4138014,-33.921291],[18.413826,-33.9213123],[18.4140804,-33.9214921],[18.4144707,-33.9217935],[18.4147347,-33.9219871],[18.4152302,-33.9223504]]}},{"type":"Feature","properties":{"highway":"residential","name":"Van der Meulen Street","oneway":null,"surface":"asphalt","lanes":null,"maxspeed":"60"},"geometry":{"type":"LineString","coordinates":[[18.4140804,-33.9214921],[18.4146192,-33.9210044]]}},{"type":"Feature","properties":{"highway":"residential","name":"Church Street","oneway":null,"surface":"cobblestone","lanes":"2","maxspeed":"60"},"geometry":{"type":"LineString","coordinates":[[18.415033,-33.9202637],[18.4146999,-33.9200201],[18.4141827,-33.9196273],[18.4141583,-33.9196041],[18.4141008,-33.9195494],[18.4138086,-33.9192949],[18.4136958,-33.9190705],[18.4136463,-33.9189719],[18.4134158,-33.9185112]]}},{"type":"Feature","properties":{"highway":"residential","name":"Dawes Street","oneway":null,"surface":"paving_stones","lanes":null,"maxspeed":"60"},"geometry":{"type":"LineString","coordinates":[[18.4141008,-33.9195494],[18.41429,-33.9192371],[18.414474,-33.9189454],[18.4145924,-33.918846],[18.4147667,-33.918713],[18.4149283,-33.918604],[18.4150356,-33.9185444]]}},{"type":"Feature","properties":{"highway":"residential","name":"Bantam Street","oneway":null,"surface":"asphalt","lanes":"2","maxspeed":"60"},"geometry":{"type":"LineString","coordinates":[[18.4124443,-33.9193532],[18.4125059,-33.9193251],[18.4126777,-33.9192105],[18.4127518,-33.9191509],[18.4127909,-33.9191326],[18.4128238,-33.919122],[18.4128573,-33.9191183],[18.4129045,-33.9191167],[18.4129515,-33.9191209],[18.4130058,-33.9191295],[18.4130578,-33.9191582],[18.4130891,-33.9191821],[18.4131215,-33.919216],[18.4131471,-33.9192696],[18.413157,-33.919304],[18.4131598,-33.9193323],[18.4131585,-33.919362],[18.4131483,-33.9194041],[18.4131248,-33.919448],[18.4130779,-33.9195148],[18.4129322,-33.9197154],[18.4129074,-33.9197567],[18.4128957,-33.9198055],[18.4128998,-33.9198656],[18.4129671,-33.9200857]]}},{"type":"Feature","properties":{"highway":"service","name":"Tanabaru Street","oneway":null,"surface":"asphalt","lanes":null,"maxspeed":"60"},"geometry":{"type":"LineString","coordinates":[[18.4117649,-33.9194039],[18.4118554,-33.9194037],[18.4119084,-33.9193948],[18.4119432,-33.9193737],[18.411956,-33.919357],[18.411962,-33.9193375],[18.4119573,-33.9193147],[18.4119424,-33.9192844],[18.4119231,-33.9192045],[18.4119265,-33.9191417],[18.4119486,-33.9190771],[18.412017,-33.9189586],[18.4121229,-33.9187694],[18.4122222,-33.9186002],[18.4122805,-33.918534],[18.4123308,-33.9184934],[18.4123979,-33.9184511],[18.4127023,-33.9183348]]}},{"type":"Feature","properties":{"highway":"residential","name":"Bryant Street","oneway":null,"surface":"asphalt","lanes":"2","maxspeed":"60"},"geometry":{"type":"LineString","coordinates":[[18.4109525,-33.9257297],[18.4106018,-33.9254657],[18.4105897,-33.9254502],[18.4105885,-33.9254318],[18.4105985,-33.9254153],[18.4115358,-33.9245392],[18.4115605,-33.9245097],[18.411576,-33.9244763],[18.4115878,-33.9244435],[18.4115956,-33.9244131],[18.4116066,-33.9243895],[18.4116242,-33.9243684],[18.4121279,-33.923896],[18.4127005,-33.9233589]]}},{"type":"Feature","properties":{"highway":"residential","name":"Orphan Street","oneway":null,"surface":"asphalt","lanes":"2","maxspeed":"60"},"geometry":{"type":"LineString","coordinates":[[18.4115878,-33.9244435],[18.4119764,-33.9247368],[18.4119964,-33.9247519],[18.4123718,-33.9250352]]}},{"type":"Feature","properties":{"highway":"residential","name":"Buiten Street","oneway":null,"surface":"asphalt","lanes":"2","maxspeed":"60"},"geometry":{"type":"LineString","coordinates":[[18.4117332,-33.9236072],[18.4121279,-33.923896],[18.4125409,-33.9241983],[18.4129504,-33.924498]]}},{"type":"Feature","properties":{"highway":"residential","name":"Morris Street","oneway":null,"surface":"paving_stones","lanes":null,"maxspeed":"60"},"geometry":{"type":"LineString","coordinates":[[18.4146999,-33.9200201],[18.4149818,-33.9197716],[18.4152565,-33.9195159]]}},{"type":"Feature","properties":{"highway":"residential","name":"Signal Street","oneway":null,"surface":"paving_stones","lanes":null,"maxspeed":"60"},"geometry":{"type":"LineString","coordinates":[[18.41429,-33.9192371],[18.4149818,-33.9197716]]}},{"type":"Feature","properties":{"highway":"residential","name":"Jordaan Street","oneway":"yes","surface":"asphalt","lanes":null,"maxspeed":"60"},"geometry":{"type":"LineString","coordinates":[[18.4119964,-33.9247519],[18.4109525,-33.9257297],[18.4106364,-33.9260227]]}},{"type":"Feature","properties":{"highway":"residential","name":"Upper Bloem Street","oneway":null,"surface":"asphalt","lanes":"2","maxspeed":"60"},"geometry":{"type":"LineString","coordinates":[[18.4106241,-33.9208827],[18.4103959,-33.9204426],[18.4103124,-33.9202705],[18.4102278,-33.920096],[18.410197,-33.9200066],[18.4101805,-33.919876],[18.410197,-33.9197661],[18.410245,-33.9196741],[18.4103179,-33.9195971],[18.4104106,-33.9195202],[18.4104825,-33.9194735],[18.4107153,-33.9193223],[18.4108426,-33.9191793],[18.4109526,-33.9190335],[18.4110237,-33.91891],[18.4110639,-33.9188188],[18.4111243,-33.9186374],[18.4112651,-33.9181566],[18.4112905,-33.9180553],[18.4113023,-33.9179796],[18.411312,-33.9179129],[18.411316,-33.9176647],[18.4113254,-33.91752],[18.4113563,-33.9174499],[18.4114099,-33.9173887],[18.4114636,-33.917352],[18.4115373,-33.9173141],[18.411658,-33.9172952],[18.4116951,-33.9172915],[18.4121136,-33.9172597],[18.4121485,-33.9172601],[18.412184,-33.9172668],[18.4122149,-33.9172774],[18.4122437,-33.917293],[18.4122773,-33.9173431],[18.4123286,-33.917441]]}},{"type":"Feature","properties":{"highway":"residential","name":"Almonda Street","oneway":null,"surface":"paving_stones","lanes":null,"maxspeed":"60"},"geometry":{"type":"LineString","coordinates":[[18.4131741,-33.9205405],[18.4133741,-33.9210287]]}},{"type":"Feature","properties":{"highway":"path","name":null,"oneway":null,"surface":null,"lanes":null,"maxspeed":null},"geometry":{"type":"LineString","coordinates":[[18.4119424,-33.9192844],[18.4119773,-33.9192775]]}},{"type":"Feature","properties":{"highway":"footway","name":null,"oneway":null,"surface":null,"lanes":null,"maxspeed":null},"geometry":{"type":"LineString","coordinates":[[18.4127023,-33.9183348],[18.412764,-33.9183182],[18.4128635,-33.9185344],[18.4128666,-33.9185407],[18.4128917,-33.9186064],[18.4129249,-33.9186932],[18.4130067,-33.9188061],[18.4130001,-33.9188363]]}},{"type":"Feature","properties":{"highway":"secondary","name":"Wale Street","oneway":"yes","surface":"asphalt","lanes":"2","maxspeed":"60"},"geometry":{"type":"LineString","coordinates":[[18.4191117,-33.9242075],[18.4193497,-33.9243744],[18.4194309,-33.9244329],[18.4194859,-33.9244732],[18.4199602,-33.924826],[18.4200116,-33.9248585],[18.4200782,-33.9248738]]}},{"type":"Feature","properties":{"highway":"residential","name":"August Street","oneway":null,"surface":"asphalt","lanes":"2","maxspeed":"60"},"geometry":{"type":"LineString","coordinates":[[18.4123286,-33.917441],[18.4133825,-33.917129],[18.4142474,-33.9168656]]}},{"type":"Feature","properties":{"highway":"residential","name":"Church Street","oneway":null,"surface":"asphalt","lanes":"2","maxspeed":"60"},"geometry":{"type":"LineString","coordinates":[[18.4173791,-33.9219237],[18.4172942,-33.9218606],[18.4172319,-33.9218143],[18.4167942,-33.9214891],[18.4166389,-33.9213737]]}},{"type":"Feature","properties":{"highway":"residential","name":"Shortmarket Street","oneway":null,"surface":"asphalt","lanes":null,"maxspeed":"60"},"geometry":{"type":"LineString","coordinates":[[18.4182997,-33.9210764],[18.4182174,-33.9210214]]}},{"type":"Feature","properties":{"highway":"residential","name":"Mechau Street","oneway":"yes","surface":"asphalt","lanes":"1","maxspeed":"60"},"geometry":{"type":"LineString","coordinates":[[18.4221915,-33.917504],[18.4222684,-33.9175624],[18.4228397,-33.9180018]]}},{"type":"Feature","properties":{"highway":"residential","name":"Prestwich Street","oneway":"yes","surface":"asphalt","lanes":null,"maxspeed":"60"},"geometry":{"type":"LineString","coordinates":[[18.4223209,-33.9184817],[18.4222556,-33.9184402],[18.4221295,-33.9183539],[18.4219309,-33.9182062],[18.4218603,-33.9181549],[18.4217522,-33.9180731],[18.4217391,-33.9180638],[18.4216895,-33.9180292],[18.4216603,-33.9180061]]}},{"type":"Feature","properties":{"highway":"residential","name":"Lower Burg Street","oneway":"yes","surface":"paving_stones","lanes":"1","maxspeed":null},"geometry":{"type":"LineString","coordinates":[[18.4224119,-33.9204046],[18.4224677,-33.9204174],[18.4225102,-33.9204032]]}},{"type":"Feature","properties":{"highway":"residential","name":"Ella Street","oneway":null,"surface":"asphalt","lanes":null,"maxspeed":"60"},"geometry":{"type":"LineString","coordinates":[[18.4138932,-33.9163179],[18.4139033,-33.916291],[18.4138992,-33.9162592],[18.413855,-33.9161958],[18.4135829,-33.9158396]]}},{"type":"Feature","properties":{"highway":"pedestrian","name":"Neiderlands Lane","oneway":null,"surface":"cobblestone","lanes":null,"maxspeed":null},"geometry":{"type":"LineString","coordinates":[[18.4137138,-33.9224684],[18.414083,-33.9227553]]}},{"type":"Feature","properties":{"highway":"residential","name":"Upper Bloem Street","oneway":null,"surface":"cobblestone","lanes":"2","maxspeed":"60"},"geometry":{"type":"LineString","coordinates":[[18.4123019,-33.9230686],[18.4127005,-33.9233589]]}},{"type":"Feature","properties":{"highway":"residential","name":"Wale Street","oneway":null,"surface":"asphalt","lanes":"2","maxspeed":"60"},"geometry":{"type":"LineString","coordinates":[[18.4138963,-33.9204436],[18.4139701,-33.9205226],[18.4143875,-33.920828],[18.4146192,-33.9210044],[18.4150033,-33.9212576],[18.4150574,-33.9212932]]}},{"type":"Feature","properties":{"highway":"residential","name":"Waterkant Street","oneway":"yes","surface":"asphalt","lanes":"1","maxspeed":null},"geometry":{"type":"LineString","coordinates":[[18.4162088,-33.9144187],[18.4162194,-33.9144634],[18.4166771,-33.9154197],[18.416711,-33.9155092],[18.4167294,-33.9155568],[18.4170843,-33.9162654],[18.4170976,-33.9163189]]}},{"type":"Feature","properties":{"highway":"secondary","name":"Hans Strijdom Avenue","oneway":"yes","surface":"asphalt","lanes":"3","maxspeed":"60"},"geometry":{"type":"LineString","coordinates":[[18.4226303,-33.916066],[18.4227027,-33.9161681],[18.4227613,-33.9162648],[18.422868,-33.9164681],[18.4229346,-33.9166267],[18.4229635,-33.9167286],[18.4229695,-33.9167514],[18.4229866,-33.9168168]]}},{"type":"Feature","properties":{"highway":"residential","name":"Civic Road","oneway":"yes","surface":"asphalt","lanes":null,"maxspeed":"60"},"geometry":{"type":"LineString","coordinates":[[18.4298339,-33.922802],[18.4303899,-33.9222659],[18.4307573,-33.921921],[18.4308205,-33.9218289]]}},{"type":"Feature","properties":{"highway":"service","name":null,"oneway":"yes","surface":"asphalt","lanes":"2","maxspeed":null},"geometry":{"type":"LineString","coordinates":[[18.4349962,-33.918681],[18.4348674,-33.9185859],[18.4344017,-33.918243]]}},{"type":"Feature","properties":{"highway":"residential","name":"New Church Street","oneway":null,"surface":"asphalt","lanes":"2","maxspeed":null},"geometry":{"type":"LineString","coordinates":[[18.412207,-33.9260032],[18.4122668,-33.9259483],[18.4128656,-33.9253992],[18.4134431,-33.9248695],[18.4140223,-33.9243383],[18.4146048,-33.923804],[18.4146402,-33.9237716]]}},{"type":"Feature","properties":{"highway":"pedestrian","name":"Schiebe Street","oneway":null,"surface":"paved","lanes":null,"maxspeed":null},"geometry":{"type":"LineString","coordinates":[[18.4186421,-33.9148255],[18.4186788,-33.9148876],[18.4189163,-33.9153519],[18.4189824,-33.9154808]]}},{"type":"Feature","properties":{"highway":"pedestrian","name":"Lower Burg Street","oneway":null,"surface":null,"lanes":null,"maxspeed":null},"geometry":{"type":"LineString","coordinates":[[18.4235378,-33.9194219],[18.4234996,-33.9194595],[18.4234283,-33.9195308],[18.4231092,-33.9198266],[18.4230979,-33.9198366]]}},{"type":"Feature","properties":{"highway":"service","name":null,"oneway":"no","surface":"concrete","lanes":"3","maxspeed":null},"geometry":{"type":"LineString","coordinates":[[18.4241643,-33.919165],[18.4242912,-33.9190346],[18.4243415,-33.9189848]]}},{"type":"Feature","properties":{"highway":"residential","name":"Lower Street","oneway":"no","surface":"asphalt","lanes":"2","maxspeed":"60"},"geometry":{"type":"LineString","coordinates":[[18.4253235,-33.9166672],[18.4252857,-33.9166244],[18.4252441,-33.9165871],[18.4250669,-33.916451],[18.4248202,-33.9162723],[18.4247911,-33.9162152],[18.4247917,-33.9161617]]}},{"type":"Feature","properties":{"highway":"service","name":"Roggebaai Square","oneway":"yes","surface":"asphalt","lanes":"1","maxspeed":null},"geometry":{"type":"LineString","coordinates":[[18.4270622,-33.9171412],[18.4270425,-33.9171836],[18.4270018,-33.9172246],[18.4269544,-33.9173137],[18.4266877,-33.9175752],[18.4266368,-33.917589],[18.4265857,-33.9175846],[18.4264952,-33.9175175],[18.4264869,-33.91749],[18.4265039,-33.9174604],[18.4267715,-33.917208],[18.4269655,-33.9171929],[18.4269843,-33.9171891],[18.4270016,-33.9171795],[18.4270182,-33.9171628],[18.4270622,-33.9171412]]}},{"type":"Feature","properties":{"highway":"service","name":"Salazar Square","oneway":"no","surface":"asphalt","lanes":"2","maxspeed":"60"},"geometry":{"type":"LineString","coordinates":[[18.4292189,-33.918808],[18.4298309,-33.9182265]]}},{"type":"Feature","properties":{"highway":"service","name":"Rua Vasco da Gama Plain","oneway":"no","surface":"asphalt","lanes":"2","maxspeed":null},"geometry":{"type":"LineString","coordinates":[[18.4283615,-33.9181847],[18.4285411,-33.9183151],[18.4288058,-33.9185074],[18.4289076,-33.9185786],[18.4290695,-33.9187014],[18.4292189,-33.918808],[18.429292,-33.9188605]]}},{"type":"Feature","properties":{"highway":"service","name":"Heerengracht Street","oneway":"yes","surface":"asphalt","lanes":"2","maxspeed":null},"geometry":{"type":"LineString","coordinates":[[18.4295756,-33.9159068],[18.4297145,-33.9158249],[18.4298508,-33.915776],[18.4300067,-33.915731],[18.4302021,-33.9156758],[18.4303026,-33.9156598],[18.4303694,-33.9156536],[18.4305458,-33.9156553],[18.4305958,-33.9156595],[18.4306417,-33.9156653],[18.43071,-33.9156779],[18.430761,-33.9156948],[18.4308218,-33.9157202],[18.4308837,-33.9157571],[18.4309549,-33.915801]]}},{"type":"Feature","properties":{"highway":"service","name":"Heerengracht Street","oneway":"yes","surface":"asphalt","lanes":"2","maxspeed":null},"geometry":{"type":"LineString","coordinates":[[18.4309549,-33.915801],[18.430798,-33.9157659],[18.4307021,-33.9157463],[18.4306258,-33.9157358],[18.4305431,-33.9157299],[18.4304318,-33.9157271],[18.4303788,-33.9157288],[18.4303151,-33.9157343],[18.4302311,-33.9157507],[18.430122,-33.91579],[18.4300533,-33.9158206],[18.4299696,-33.915854],[18.4298397,-33.9159122],[18.429719,-33.915997]]}},{"type":"Feature","properties":{"highway":"service","name":null,"oneway":"no","surface":"asphalt","lanes":"4","maxspeed":null},"geometry":{"type":"LineString","coordinates":[[18.4323566,-33.9168223],[18.4324216,-33.9168557],[18.4325071,-33.9168873],[18.4325526,-33.9168963],[18.4325872,-33.9168998],[18.4326247,-33.9168991],[18.4326817,-33.9168884],[18.432715,-33.9168782],[18.4327529,-33.9168603],[18.4327917,-33.9168425],[18.4328216,-33.9168229],[18.4328597,-33.9167878],[18.4328893,-33.9167589]]}},{"type":"Feature","properties":{"highway":"residential","name":"Old Marine Drive","oneway":"yes","surface":"asphalt","lanes":"1","maxspeed":null},"geometry":{"type":"LineString","coordinates":[[18.4258208,-33.9200847],[18.4257691,-33.9202618],[18.4257595,-33.920346],[18.4257693,-33.9204395],[18.4257864,-33.9204894],[18.4258113,-33.9205364],[18.4258615,-33.9206132]]}},{"type":"Feature","properties":{"highway":"residential","name":"Old Marine Drive","oneway":"no","surface":"asphalt","lanes":"2","maxspeed":null},"geometry":{"type":"LineString","coordinates":[[18.4283007,-33.9217717],[18.4284996,-33.9218928],[18.4285713,-33.9219264],[18.4286434,-33.9219601],[18.4289819,-33.9221925],[18.4291681,-33.9223221],[18.4298339,-33.922802],[18.4299139,-33.9228574],[18.4301002,-33.9229903],[18.4303737,-33.9232006],[18.4304869,-33.9232983],[18.4306989,-33.923489],[18.4307763,-33.9235545]]}},{"type":"Feature","properties":{"highway":"residential","name":"Jan Smuts Street","oneway":"yes","surface":"asphalt","lanes":"1","maxspeed":null},"geometry":{"type":"LineString","coordinates":[[18.4310652,-33.9215787],[18.4311673,-33.9215068],[18.4312059,-33.9214665],[18.4312144,-33.9214511],[18.4312187,-33.9214352],[18.4312176,-33.9214144],[18.4312118,-33.9213959],[18.4312032,-33.9213808],[18.4311785,-33.9213582],[18.4311023,-33.9213016],[18.4310702,-33.9212643],[18.431051,-33.9212324]]}},{"type":"Feature","properties":{"highway":"service","name":"Lower Bre\u00eb Street","oneway":"yes","surface":"paved","lanes":"1","maxspeed":null},"geometry":{"type":"LineString","coordinates":[[18.4237093,-33.9164628],[18.4236408,-33.9165233],[18.4234332,-33.9166347]]}},{"type":"Feature","properties":{"highway":"residential","name":"Lower Bre\u00eb Street","oneway":"yes","surface":"asphalt","lanes":"2","maxspeed":null},"geometry":{"type":"LineString","coordinates":[[18.4234363,-33.9167178],[18.4233917,-33.916733],[18.4233476,-33.9167555]]}},{"type":"Feature","properties":{"highway":"residential","name":"Canterbury Street","oneway":null,"surface":"asphalt","lanes":"2","maxspeed":"60"},"geometry":{"type":"LineString","coordinates":[[18.4228169,-33.9300879],[18.4228695,-33.9300452],[18.4228864,-33.9300315],[18.4233008,-33.9296952],[18.4235641,-33.9294742],[18.4238726,-33.9292226],[18.4242946,-33.9289727],[18.4246932,-33.9287367]]}},{"type":"Feature","properties":{"highway":"residential","name":"Primrose Street","oneway":"yes","surface":"asphalt","lanes":"1","maxspeed":null},"geometry":{"type":"LineString","coordinates":[[18.4269604,-33.9273891],[18.4265006,-33.9277923],[18.4259699,-33.9282993]]}},{"type":"Feature","properties":{"highway":"pedestrian","name":"Burg Street","oneway":null,"surface":"cobblestone","lanes":null,"maxspeed":null},"geometry":{"type":"LineString","coordinates":[[18.4198688,-33.9228948],[18.4198852,-33.9228804],[18.4202953,-33.9224948],[18.4204618,-33.9223443],[18.4204866,-33.922322]]}},{"type":"Feature","properties":{"highway":"service","name":null,"oneway":"yes","surface":"asphalt","lanes":"1","maxspeed":null},"geometry":{"type":"LineString","coordinates":[[18.4259544,-33.9204509],[18.4259117,-33.9204917],[18.4264424,-33.9208629],[18.4265514,-33.920893]]}},{"type":"Feature","properties":{"highway":"residential","name":"Drury Lane","oneway":null,"surface":"asphalt","lanes":"2","maxspeed":"60"},"geometry":{"type":"LineString","coordinates":[[18.4234421,-33.9307489],[18.4233481,-33.9308053],[18.4233394,-33.9308105],[18.4229859,-33.9310429],[18.4228273,-33.9311526],[18.4226518,-33.9312696],[18.4223784,-33.9314518]]}},{"type":"Feature","properties":{"highway":"residential","name":"Cullinan Hotel Road","oneway":null,"surface":"paved","lanes":null,"maxspeed":null},"geometry":{"type":"LineString","coordinates":[[18.4233846,-33.915583],[18.4233429,-33.915656],[18.4233127,-33.9157343],[18.4233031,-33.9158218],[18.4233146,-33.915907],[18.4233352,-33.9159581],[18.4233558,-33.915984],[18.4235658,-33.9162482],[18.423695,-33.9164109],[18.4237093,-33.9164628],[18.4237232,-33.9165092]]}},{"type":"Feature","properties":{"highway":"service","name":null,"oneway":"yes","surface":"asphalt","lanes":"1","maxspeed":null},"geometry":{"type":"LineString","coordinates":[[18.4234332,-33.9166347],[18.4234424,-33.9166585],[18.4234441,-33.916678],[18.4234363,-33.9167178]]}},{"type":"Feature","properties":{"highway":"residential","name":"Wharf Street","oneway":"yes","surface":"asphalt","lanes":"1","maxspeed":"60"},"geometry":{"type":"LineString","coordinates":[[18.4253775,-33.9167889],[18.4254101,-33.9168349],[18.425714,-33.9170579]]}},{"type":"Feature","properties":{"highway":"residential","name":"Jetty Street","oneway":"yes","surface":"asphalt","lanes":"1","maxspeed":null},"geometry":{"type":"LineString","coordinates":[[18.4258529,-33.9171598],[18.4262692,-33.9167468]]}},{"type":"Feature","properties":{"highway":"residential","name":"Jetty Street","oneway":"yes","surface":"asphalt","lanes":"1","maxspeed":"60"},"geometry":{"type":"LineString","coordinates":[[18.4258529,-33.9171598],[18.4255024,-33.9174933],[18.4252623,-33.9177218],[18.4247145,-33.9182419],[18.4246878,-33.9182517]]}},{"type":"Feature","properties":{"highway":"residential","name":null,"oneway":"no","surface":"asphalt","lanes":"2","maxspeed":null},"geometry":{"type":"LineString","coordinates":[[18.4235784,-33.9172984],[18.4239066,-33.9175259],[18.4239533,-33.9175599],[18.4243167,-33.9178102]]}},{"type":"Feature","properties":{"highway":"residential","name":"Jan Smuts Street","oneway":"no","surface":"asphalt","lanes":"2","maxspeed":"60"},"geometry":{"type":"LineString","coordinates":[[18.431051,-33.9212324],[18.4306715,-33.9209507],[18.4306398,-33.920923],[18.4306093,-33.9208809],[18.4305917,-33.9208465],[18.4305828,-33.9208179],[18.4305808,-33.9207849],[18.4305827,-33.9207531],[18.4305877,-33.9207285],[18.4305944,-33.9207003],[18.4306098,-33.9206714],[18.430621,-33.9206535],[18.4306307,-33.9206419],[18.4308456,-33.9204364],[18.4312927,-33.9200054],[18.4314103,-33.9198937],[18.4316767,-33.9196377],[18.432019,-33.9193063],[18.4324792,-33.9188671],[18.4325921,-33.9187608],[18.4327928,-33.9185645]]}},{"type":"Feature","properties":{"highway":"residential","name":"Jan Smuts Street","oneway":"yes","surface":"asphalt","lanes":"1","maxspeed":null},"geometry":{"type":"LineString","coordinates":[[18.431051,-33.9212324],[18.4310952,-33.9212488],[18.4311449,-33.9212713],[18.4312215,-33.9213199],[18.4312602,-33.9213495],[18.431299,-33.9213875],[18.431312,-33.9214057],[18.4313175,-33.9214316],[18.4313198,-33.9214608],[18.431315,-33.9215029],[18.4313075,-33.9215175],[18.4312921,-33.9215431],[18.4312603,-33.9215807],[18.4311576,-33.9216491]]}},{"type":"Feature","properties":{"highway":"secondary","name":"Christiaan Barnard Street","oneway":"yes","surface":"asphalt","lanes":"3","maxspeed":"60"},"geometry":{"type":"LineString","coordinates":[[18.4314153,-33.9231271],[18.4316227,-33.922923],[18.431799,-33.9227137],[18.4318967,-33.9225706]]}},{"type":"Feature","properties":{"highway":"service","name":null,"oneway":"no","surface":"asphalt","lanes":"2","maxspeed":null},"geometry":{"type":"LineString","coordinates":[[18.4304653,-33.922324],[18.4303899,-33.9222659],[18.4303362,-33.9222317],[18.4303232,-33.9222223]]}},{"type":"Feature","properties":{"highway":"service","name":null,"oneway":"no","surface":"asphalt","lanes":"2","maxspeed":null},"geometry":{"type":"LineString","coordinates":[[18.4316305,-33.9241721],[18.4317333,-33.9240934],[18.4317486,-33.9240806],[18.4317943,-33.9240536],[18.4320926,-33.9240017],[18.4322162,-33.9239752]]}},{"type":"Feature","properties":{"highway":"service","name":null,"oneway":"no","surface":"asphalt","lanes":"2","maxspeed":null},"geometry":{"type":"LineString","coordinates":[[18.4316428,-33.9238962],[18.4313472,-33.9236914],[18.4312985,-33.9236547],[18.4316428,-33.9233479],[18.4316676,-33.9233299],[18.4316916,-33.9233151],[18.4317144,-33.9233099],[18.431744,-33.9233031],[18.4318046,-33.9233098],[18.4318461,-33.9233305],[18.4318764,-33.9233691],[18.4322162,-33.9239752],[18.4322672,-33.9240656],[18.4324542,-33.924469],[18.4326165,-33.9247114],[18.4326395,-33.9247555]]}},{"type":"Feature","properties":{"highway":"service","name":"Old Marine Drive","oneway":"yes","surface":"asphalt","lanes":null,"maxspeed":"80"},"geometry":{"type":"LineString","coordinates":[[18.4327154,-33.9220541],[18.4327429,-33.9221095],[18.4328613,-33.9224291],[18.4328889,-33.9225015],[18.4329144,-33.9225691],[18.4329972,-33.9228037],[18.4331145,-33.9231309],[18.4331864,-33.9233399],[18.4332872,-33.9236426],[18.4337016,-33.924636],[18.4337092,-33.9246676],[18.4337029,-33.9247016]]}},{"type":"Feature","properties":{"highway":"service","name":null,"oneway":"yes","surface":"asphalt","lanes":"1","maxspeed":null},"geometry":{"type":"LineString","coordinates":[[18.4313747,-33.9241748],[18.4312788,-33.9241685],[18.4312127,-33.9241331],[18.4310282,-33.923973],[18.4310075,-33.9239583],[18.4310735,-33.9239104]]}},{"type":"Feature","properties":{"highway":"residential","name":null,"oneway":"yes","surface":"asphalt","lanes":"2","maxspeed":"60"},"geometry":{"type":"LineString","coordinates":[[18.4311576,-33.9216491],[18.4310923,-33.9217138],[18.4309864,-33.9218289],[18.430919,-33.9218941]]}},{"type":"Feature","properties":{"highway":"service","name":null,"oneway":"no","surface":"asphalt","lanes":"1","maxspeed":null},"geometry":{"type":"LineString","coordinates":[[18.4307664,-33.9179166],[18.430886,-33.9180028]]}},{"type":"Feature","properties":{"highway":"service","name":"Rua Bartholemew Dias Street","oneway":"no","surface":"asphalt","lanes":"2","maxspeed":null},"geometry":{"type":"LineString","coordinates":[[18.4289534,-33.9175977],[18.4288311,-33.9175163],[18.4287436,-33.9175013],[18.4287065,-33.9174967]]}},{"type":"Feature","properties":{"highway":"service","name":null,"oneway":"no","surface":"asphalt","lanes":"2","maxspeed":null},"geometry":{"type":"LineString","coordinates":[[18.4291646,-33.9195405],[18.4290935,-33.919456],[18.4290157,-33.9193814],[18.4289762,-33.919339]]}},{"type":"Feature","properties":{"highway":"service","name":null,"oneway":"no","surface":"asphalt","lanes":"2","maxspeed":null},"geometry":{"type":"LineString","coordinates":[[18.4266794,-33.9208756],[18.4268046,-33.9207538],[18.4268664,-33.9206959],[18.4269268,-33.920635],[18.4270928,-33.9204734]]}},{"type":"Feature","properties":{"highway":"service","name":"D.F. Malan Street","oneway":"yes","surface":"asphalt","lanes":"2","maxspeed":null},"geometry":{"type":"LineString","coordinates":[[18.4279013,-33.9203155],[18.4280771,-33.9201505],[18.4281321,-33.9200878],[18.4281701,-33.9200376],[18.428195,-33.9200018],[18.4282422,-33.919942]]}},{"type":"Feature","properties":{"highway":"service","name":"D.F. Malan Street","oneway":"yes","surface":"asphalt","lanes":"2","maxspeed":null},"geometry":{"type":"LineString","coordinates":[[18.4284677,-33.9199227],[18.4284076,-33.9199781],[18.4283564,-33.9200267],[18.4282999,-33.9200776],[18.4282342,-33.9201239],[18.4281723,-33.920168],[18.427967,-33.9203631]]}},{"type":"Feature","properties":{"highway":"service","name":null,"oneway":"no","surface":"asphalt","lanes":"1","maxspeed":null},"geometry":{"type":"LineString","coordinates":[[18.4263985,-33.9199713],[18.4266111,-33.9201302],[18.4270928,-33.9204734],[18.4277471,-33.9209483],[18.427797,-33.9209837]]}},{"type":"Feature","properties":{"highway":"residential","name":"Dunkley Street","oneway":"yes","surface":"asphalt","lanes":"1","maxspeed":"60"},"geometry":{"type":"LineString","coordinates":[[18.4166606,-33.9314747],[18.4166321,-33.931454],[18.4161786,-33.9311251],[18.4161305,-33.9310902]]}},{"type":"Feature","properties":{"highway":"residential","name":"Wesley Street","oneway":"yes","surface":"asphalt","lanes":"1","maxspeed":"60"},"geometry":{"type":"LineString","coordinates":[[18.4184747,-33.9311793],[18.4200341,-33.9316595],[18.4200462,-33.9316632],[18.4200975,-33.931679]]}},{"type":"Feature","properties":{"highway":"residential","name":"Upper Canterbury Street","oneway":null,"surface":"asphalt","lanes":"2","maxspeed":null},"geometry":{"type":"LineString","coordinates":[[18.4212276,-33.9320146],[18.4217904,-33.9312405],[18.4218434,-33.9311688],[18.4220012,-33.9309669],[18.4224051,-33.9305086],[18.4225013,-33.9303911],[18.4225478,-33.9303191],[18.4225947,-33.9302601],[18.4226305,-33.9302284],[18.4226512,-33.9302101],[18.4227175,-33.9301656]]}},{"type":"Feature","properties":{"highway":"residential","name":"Constitution Street","oneway":"yes","surface":"asphalt","lanes":"1","maxspeed":null},"geometry":{"type":"LineString","coordinates":[[18.4251491,-33.929192],[18.4253585,-33.9293494],[18.4256371,-33.9295957],[18.4261622,-33.9301236],[18.4262962,-33.9302694],[18.4263659,-33.9304047]]}},{"type":"Feature","properties":{"highway":"residential","name":"Drury Street","oneway":null,"surface":"asphalt","lanes":"2","maxspeed":"60"},"geometry":{"type":"LineString","coordinates":[[18.4235479,-33.9306903],[18.4236155,-33.930645],[18.4236269,-33.9306373],[18.4237658,-33.9305441],[18.423995,-33.9303903],[18.4246186,-33.9299791],[18.4253767,-33.9294663]]}},{"type":"Feature","properties":{"highway":"residential","name":"Bloemhof Street","oneway":null,"surface":"asphalt","lanes":"2","maxspeed":"60"},"geometry":{"type":"LineString","coordinates":[[18.4238726,-33.9292226],[18.4246186,-33.9299791]]}},{"type":"Feature","properties":{"highway":"residential","name":"Mount Street","oneway":null,"surface":"asphalt","lanes":"2","maxspeed":"60"},"geometry":{"type":"LineString","coordinates":[[18.4255624,-33.9296487],[18.4256371,-33.9295957]]}},{"type":"Feature","properties":{"highway":"residential","name":"Vernon Terrace Crescent","oneway":"yes","surface":"asphalt","lanes":"1","maxspeed":"60"},"geometry":{"type":"LineString","coordinates":[[18.4277686,-33.9296203],[18.4276467,-33.929776],[18.4273789,-33.9301084],[18.4273623,-33.9301491],[18.4273652,-33.9302118],[18.4273505,-33.930253],[18.4273093,-33.9302854],[18.4272481,-33.930306],[18.4271889,-33.9303051],[18.4271173,-33.9302808],[18.4265772,-33.9298389],[18.4265508,-33.9297952],[18.4265673,-33.929746],[18.4271618,-33.9291653]]}},{"type":"Feature","properties":{"highway":"residential","name":"Van de Leur Close","oneway":null,"surface":"asphalt","lanes":"2","maxspeed":"60"},"geometry":{"type":"LineString","coordinates":[[18.4276467,-33.929776],[18.4275076,-33.9297044],[18.4273741,-33.9296706],[18.4272654,-33.9296787]]}},{"type":"Feature","properties":{"highway":"residential","name":"Longmarket Street","oneway":"yes","surface":"asphalt","lanes":"1","maxspeed":"20"},"geometry":{"type":"LineString","coordinates":[[18.4265006,-33.9277923],[18.4262332,-33.9275964],[18.4254464,-33.9270167]]}},{"type":"Feature","properties":{"highway":"tertiary","name":"Mount Street","oneway":"yes","surface":"asphalt","lanes":"1","maxspeed":null},"geometry":{"type":"LineString","coordinates":[[18.4277031,-33.9271557],[18.4277281,-33.9271912],[18.4277628,-33.9272294]]}},{"type":"Feature","properties":{"highway":"residential","name":"Tuin Plein","oneway":"yes","surface":"asphalt","lanes":"1","maxspeed":"60"},"geometry":{"type":"LineString","coordinates":[[18.4181979,-33.930222],[18.4193205,-33.9290243],[18.4195459,-33.9287733]]}},{"type":"Feature","properties":{"highway":"residential","name":"Incholm Place","oneway":null,"surface":"asphalt","lanes":"2","maxspeed":"60"},"geometry":{"type":"LineString","coordinates":[[18.4178172,-33.9311251],[18.4181246,-33.9313267],[18.4183502,-33.9314613]]}},{"type":"Feature","properties":{"highway":"service","name":"Avenue Street","oneway":null,"surface":"asphalt","lanes":null,"maxspeed":null},"geometry":{"type":"LineString","coordinates":[[18.4162548,-33.9309672],[18.4162034,-33.9309286],[18.415425,-33.9303447]]}},{"type":"Feature","properties":{"highway":"service","name":"Gallery Lane","oneway":null,"surface":"asphalt","lanes":null,"maxspeed":null},"geometry":{"type":"LineString","coordinates":[[18.418038,-33.9291979],[18.4180031,-33.929174],[18.4172088,-33.9286292]]}},{"type":"Feature","properties":{"highway":"service","name":"Paddock Terrace","oneway":null,"surface":"asphalt","lanes":null,"maxspeed":null},"geometry":{"type":"LineString","coordinates":[[18.415425,-33.9303447],[18.4159026,-33.9298825],[18.4167902,-33.9290237]]}},{"type":"Feature","properties":{"highway":"secondary_link","name":null,"oneway":"yes","surface":"asphalt","lanes":"1","maxspeed":null},"geometry":{"type":"LineString","coordinates":[[18.4291674,-33.9271239],[18.4293053,-33.9271072],[18.4294432,-33.9270864],[18.4297044,-33.9270242],[18.4298667,-33.9269677],[18.4299803,-33.9269059],[18.430068,-33.9268362],[18.4301434,-33.9267444],[18.4301963,-33.9266532],[18.4302319,-33.9265741],[18.43026,-33.9265074]]}},{"type":"Feature","properties":{"highway":"residential","name":null,"oneway":null,"surface":"asphalt","lanes":"2","maxspeed":null},"geometry":{"type":"LineString","coordinates":[[18.4333029,-33.9307318],[18.4332476,-33.9308301]]}},{"type":"Feature","properties":{"highway":"service","name":null,"oneway":null,"surface":"asphalt","lanes":"2","maxspeed":null},"geometry":{"type":"LineString","coordinates":[[18.4279828,-33.9310264],[18.4280022,-33.9310429],[18.4280457,-33.9310732],[18.4281454,-33.9311368],[18.4282357,-33.9312084],[18.4282881,-33.9312373],[18.4283945,-33.9312958],[18.4285885,-33.9313979],[18.4287891,-33.9315036],[18.4289438,-33.931585],[18.428997,-33.9316128],[18.4290759,-33.9316524],[18.429093,-33.9316609],[18.429198,-33.9317317],[18.4293101,-33.9318152],[18.4296071,-33.9319567],[18.4296701,-33.931983],[18.430449,-33.9322737],[18.4304802,-33.9322895],[18.4305359,-33.9323393],[18.4305486,-33.9323673],[18.4305655,-33.9323911],[18.43059,-33.9324094],[18.430623,-33.9324248],[18.4312591,-33.9326827],[18.4313031,-33.932696],[18.4313485,-33.9327051],[18.4314332,-33.932722],[18.4318882,-33.9328862],[18.4320354,-33.932923],[18.4322199,-33.932967],[18.432305,-33.9329975],[18.4323642,-33.9330255],[18.4324126,-33.9330636],[18.4324579,-33.9331044],[18.4324904,-33.9331526],[18.4325093,-33.9332132],[18.432504,-33.9332749],[18.4324952,-33.9333075],[18.4324899,-33.9333269],[18.4324735,-33.9333875]]}},{"type":"Feature","properties":{"highway":"pedestrian","name":null,"oneway":null,"surface":null,"lanes":null,"maxspeed":null},"geometry":{"type":"LineString","coordinates":[[18.4283543,-33.9291308],[18.4285872,-33.9292486]]}},{"type":"Feature","properties":{"highway":"service","name":"Saint Marks Street","oneway":null,"surface":"asphalt","lanes":"1","maxspeed":null},"geometry":{"type":"LineString","coordinates":[[18.4311868,-33.9304573],[18.4312354,-33.9304749],[18.4313875,-33.9305321],[18.4314897,-33.9305732],[18.431526,-33.9306114],[18.4315242,-33.930675],[18.4314867,-33.9307533],[18.4313256,-33.9310761],[18.4312785,-33.9311657],[18.43126,-33.9312009]]}},{"type":"Feature","properties":{"highway":"pedestrian","name":null,"oneway":null,"surface":"paving_stones","lanes":null,"maxspeed":null},"geometry":{"type":"LineString","coordinates":[[18.4285872,-33.9292486],[18.4293996,-33.9296506]]}},{"type":"Feature","properties":{"highway":"pedestrian","name":null,"oneway":null,"surface":null,"lanes":null,"maxspeed":null},"geometry":{"type":"LineString","coordinates":[[18.4293996,-33.9296506],[18.4296342,-33.9296069]]}},{"type":"Feature","properties":{"highway":"residential","name":"Chapel Street","oneway":"yes","surface":"asphalt","lanes":"1","maxspeed":"60"},"geometry":{"type":"LineString","coordinates":[[18.4348088,-33.9289383],[18.4347541,-33.9289115],[18.434704,-33.9288924],[18.4346618,-33.9288791],[18.4346199,-33.9288676],[18.4345719,-33.9288584],[18.4345242,-33.9288524],[18.4343977,-33.9288368]]}},{"type":"Feature","properties":{"highway":"residential","name":"Chapel Street","oneway":"yes","surface":"asphalt","lanes":"1","maxspeed":null},"geometry":{"type":"LineString","coordinates":[[18.4343977,-33.9288368],[18.4345295,-33.9288266],[18.4346127,-33.9288135],[18.434664,-33.9288029],[18.43471,-33.9287886],[18.4347461,-33.9287735],[18.4347816,-33.9287576],[18.4348191,-33.9287386]]}},{"type":"Feature","properties":{"highway":"residential","name":"Chapel Street","oneway":null,"surface":"asphalt","lanes":"2","maxspeed":null},"geometry":{"type":"LineString","coordinates":[[18.4313766,-33.9301103],[18.4314402,-33.9300087]]}},{"type":"Feature","properties":{"highway":"residential","name":"Pontac Street","oneway":null,"surface":"asphalt","lanes":null,"maxspeed":"60"},"geometry":{"type":"LineString","coordinates":[[18.4318545,-33.9293558],[18.4325574,-33.9297161]]}},{"type":"Feature","properties":{"highway":"residential","name":"Sydney Street","oneway":null,"surface":"asphalt","lanes":"2","maxspeed":null},"geometry":{"type":"LineString","coordinates":[[18.4299671,-33.9286143],[18.4300754,-33.9286237],[18.4304036,-33.9286449],[18.4305539,-33.9286578],[18.431055,-33.9286878],[18.4310956,-33.9286784],[18.4311221,-33.9286612],[18.4311399,-33.9286372],[18.4311542,-33.9285927],[18.4311717,-33.9283472],[18.4311746,-33.9283209],[18.4312428,-33.9274138],[18.4312439,-33.9273987],[18.4312487,-33.927335],[18.4312565,-33.9272495]]}},{"type":"Feature","properties":{"highway":"residential","name":"Muir Street","oneway":null,"surface":"asphalt","lanes":"2","maxspeed":null},"geometry":{"type":"LineString","coordinates":[[18.431989,-33.9272873],[18.431985,-33.9273706],[18.4319812,-33.9274427],[18.4319806,-33.927455],[18.4319508,-33.9280208]]}},{"type":"Feature","properties":{"highway":"residential","name":"Matveld Street","oneway":null,"surface":"asphalt","lanes":null,"maxspeed":null},"geometry":{"type":"LineString","coordinates":[[18.4319014,-33.9286774],[18.4319753,-33.9286814],[18.4326299,-33.9287171]]}},{"type":"Feature","properties":{"highway":"residential","name":"Selkirk Street","oneway":null,"surface":"asphalt","lanes":"2","maxspeed":null},"geometry":{"type":"LineString","coordinates":[[18.4319508,-33.9280208],[18.432686,-33.9280643],[18.4333185,-33.9280965],[18.4334327,-33.9281043],[18.4335963,-33.9281166],[18.434943,-33.9281772],[18.4351229,-33.9281853],[18.4352188,-33.9281896]]}},{"type":"Feature","properties":{"highway":"residential","name":"Reform Street","oneway":null,"surface":"asphalt","lanes":"2","maxspeed":null},"geometry":{"type":"LineString","coordinates":[[18.4327418,-33.927326],[18.4327363,-33.9274061],[18.4327305,-33.9274822],[18.432686,-33.9280643],[18.4326363,-33.9286429],[18.4326299,-33.9287171]]}},{"type":"Feature","properties":{"highway":"residential","name":"Stuckeris Street","oneway":null,"surface":"asphalt","lanes":null,"maxspeed":"60"},"geometry":{"type":"LineString","coordinates":[[18.4334655,-33.9276001],[18.4334621,-33.9276523],[18.43345,-33.9278391],[18.4334327,-33.9281043],[18.4334081,-33.9286871],[18.4334075,-33.9286991],[18.4334039,-33.9287678],[18.4333623,-33.929335],[18.4333596,-33.9293708],[18.4333275,-33.9297927]]}},{"type":"Feature","properties":{"highway":"residential","name":"Ummah Close","oneway":null,"surface":"asphalt","lanes":null,"maxspeed":"60"},"geometry":{"type":"LineString","coordinates":[[18.4340718,-33.9296145],[18.4345811,-33.9296447],[18.4346466,-33.9296355],[18.4346975,-33.9296008],[18.4347103,-33.9295494],[18.4347212,-33.9293758],[18.4346958,-33.9293275],[18.4345656,-33.9292125]]}},{"type":"Feature","properties":{"highway":"residential","name":"Canterbury Street","oneway":"yes","surface":"asphalt","lanes":"2","maxspeed":"60"},"geometry":{"type":"LineString","coordinates":[[18.4256892,-33.9280965],[18.4257207,-33.9280528],[18.4259678,-33.9278293],[18.4259821,-33.9278164],[18.4262332,-33.9275964],[18.4264141,-33.9274381],[18.4267046,-33.9271754]]}},{"type":"Feature","properties":{"highway":"service","name":null,"oneway":"yes","surface":null,"lanes":null,"maxspeed":null},"geometry":{"type":"LineString","coordinates":[[18.4247422,-33.9239964],[18.424882,-33.9238667]]}},{"type":"Feature","properties":{"highway":"secondary","name":"Sir Lowry Road","oneway":"yes","surface":"asphalt","lanes":"2","maxspeed":"60"},"geometry":{"type":"LineString","coordinates":[[18.4291667,-33.9272196],[18.4290732,-33.9272159],[18.4286253,-33.9271933],[18.4282062,-33.9271722],[18.4281395,-33.9271697],[18.4280506,-33.9271715]]}},{"type":"Feature","properties":{"highway":"motorway","name":null,"oneway":"yes","surface":"asphalt","lanes":"2","maxspeed":"80"},"geometry":{"type":"LineString","coordinates":[[18.4336897,-33.91809],[18.4339291,-33.9181965],[18.4342354,-33.9183455],[18.4343949,-33.9184298],[18.4345519,-33.918521],[18.4347173,-33.9186249],[18.4349042,-33.9187527],[18.4350991,-33.9188907],[18.4352126,-33.9189871],[18.4352769,-33.9190416]]}},{"type":"Feature","properties":{"highway":"tertiary","name":"Mount Street","oneway":"yes","surface":"asphalt","lanes":"1","maxspeed":"60"},"geometry":{"type":"LineString","coordinates":[[18.4282062,-33.9271722],[18.4279641,-33.9273889],[18.4279395,-33.9274115],[18.4277216,-33.9276113],[18.4276965,-33.9276408],[18.4276867,-33.9276764],[18.4276897,-33.9276983],[18.4276915,-33.9277112],[18.4277058,-33.9277441],[18.4277742,-33.9278249]]}},{"type":"Feature","properties":{"highway":"residential","name":"De Roos Street","oneway":null,"surface":"asphalt","lanes":"2","maxspeed":"60"},"geometry":{"type":"LineString","coordinates":[[18.4284457,-33.9284422],[18.4285474,-33.9283518],[18.4286059,-33.9283001],[18.4288931,-33.928041]]}},{"type":"Feature","properties":{"highway":"residential","name":"Van de Leur Street","oneway":null,"surface":"asphalt","lanes":"2","maxspeed":null},"geometry":{"type":"LineString","coordinates":[[18.4289836,-33.9274155],[18.4289272,-33.9274573],[18.4286627,-33.927703],[18.4286385,-33.9277335],[18.4286278,-33.9277609],[18.4286247,-33.927794],[18.4286289,-33.9278157],[18.4286393,-33.9278344],[18.4288931,-33.928041],[18.4291536,-33.9282202],[18.4292079,-33.9282352],[18.4292624,-33.9282381],[18.429308,-33.9282264],[18.4293372,-33.9282088],[18.4296515,-33.9279161]]}},{"type":"Feature","properties":{"highway":"residential","name":"Gore Street","oneway":null,"surface":"asphalt","lanes":"2","maxspeed":"60"},"geometry":{"type":"LineString","coordinates":[[18.4289836,-33.9274155],[18.4292941,-33.9276302],[18.4296515,-33.9279161],[18.4298276,-33.9280166],[18.4298692,-33.9280344],[18.4299339,-33.9280268]]}},{"type":"Feature","properties":{"highway":"residential","name":"Constitution Street","oneway":"yes","surface":"asphalt","lanes":"1","maxspeed":null},"geometry":{"type":"LineString","coordinates":[[18.4263659,-33.9304047],[18.4262431,-33.9303301],[18.4256794,-33.9297699],[18.4255624,-33.9296487],[18.4253767,-33.9294663],[18.4251491,-33.929192]]}},{"type":"Feature","properties":{"highway":"service","name":null,"oneway":null,"surface":null,"lanes":null,"maxspeed":null},"geometry":{"type":"LineString","coordinates":[[18.413532,-33.9305399],[18.4136166,-33.9304604],[18.4136187,-33.9304463],[18.413615,-33.9304321],[18.4136054,-33.9304209],[18.4133407,-33.9302173],[18.4133307,-33.9302089],[18.4133265,-33.9301954],[18.413332,-33.9301856],[18.413444,-33.9300757],[18.4138329,-33.9297088],[18.413854,-33.9296969],[18.4138766,-33.9296965],[18.4139,-33.9297032],[18.414137,-33.9298732],[18.4139233,-33.930071],[18.4138337,-33.9301599]]}},{"type":"Feature","properties":{"highway":"residential","name":"Spin Street","oneway":"yes","surface":"asphalt","lanes":"2","maxspeed":"60"},"geometry":{"type":"LineString","coordinates":[[18.421086,-33.9251684],[18.4211347,-33.9252147],[18.4212014,-33.9252771],[18.4212918,-33.9253515],[18.4213823,-33.9254251],[18.4216442,-33.9256182],[18.4217051,-33.9256608]]}},{"type":"Feature","properties":{"highway":"residential","name":"Green Street","oneway":"yes","surface":"asphalt","lanes":"1","maxspeed":"60"},"geometry":{"type":"LineString","coordinates":[[18.4159506,-33.9263282],[18.4164995,-33.92673]]}},{"type":"Feature","properties":{"highway":"service","name":"Dean Street","oneway":"yes","surface":"asphalt","lanes":"1","maxspeed":null},"geometry":{"type":"LineString","coordinates":[[18.414411,-33.9283188],[18.4149826,-33.9276935],[18.4149957,-33.9276808],[18.4150091,-33.9276791],[18.4150273,-33.927686],[18.4153089,-33.9278806]]}},{"type":"Feature","properties":{"highway":"service","name":"Perth Street","oneway":null,"surface":null,"lanes":null,"maxspeed":null},"geometry":{"type":"LineString","coordinates":[[18.415119,-33.9268774],[18.4158086,-33.9273958]]}},{"type":"Feature","properties":{"highway":"service","name":"University Street","oneway":null,"surface":null,"lanes":null,"maxspeed":null},"geometry":{"type":"LineString","coordinates":[[18.415981,-33.9268441],[18.4162044,-33.927015]]}},{"type":"Feature","properties":{"highway":"service","name":"Vredenburg Lane","oneway":null,"surface":null,"lanes":null,"maxspeed":null},"geometry":{"type":"LineString","coordinates":[[18.4153722,-33.9263992],[18.4147972,-33.9269302]]}},{"type":"Feature","properties":{"highway":"residential","name":"Queen Victoria Street","oneway":null,"surface":"asphalt","lanes":"2","maxspeed":"60"},"geometry":{"type":"LineString","coordinates":[[18.414411,-33.9283188],[18.414602,-33.9283935],[18.4146591,-33.9284068],[18.4147157,-33.9283982],[18.4147529,-33.9283868],[18.4147816,-33.9283654],[18.4151548,-33.9280336],[18.4152773,-33.9279099],[18.4153089,-33.9278806],[18.4154363,-33.9277622],[18.4154745,-33.927729],[18.4156691,-33.9275377],[18.4158086,-33.9273958],[18.4162044,-33.927015],[18.4164995,-33.92673],[18.4167935,-33.9264457],[18.4169695,-33.926274],[18.4188427,-33.9244658],[18.4189917,-33.9243222],[18.4190545,-33.9242616],[18.4191117,-33.9242075]]}},{"type":"Feature","properties":{"highway":"residential","name":"Bouquet Street","oneway":"yes","surface":"asphalt","lanes":"1","maxspeed":"60"},"geometry":{"type":"LineString","coordinates":[[18.4190989,-33.9283444],[18.4192189,-33.9284276],[18.4195236,-33.9286435],[18.419589,-33.9286843]]}},{"type":"Feature","properties":{"highway":"service","name":"Stal Street","oneway":null,"surface":"paving_stones","lanes":null,"maxspeed":null},"geometry":{"type":"LineString","coordinates":[[18.4191987,-33.9269682],[18.4195484,-33.9272148],[18.4196356,-33.9272526],[18.4196903,-33.9272869]]}},{"type":"Feature","properties":{"highway":"residential","name":"Lelie Street","oneway":null,"surface":"asphalt","lanes":"2","maxspeed":null},"geometry":{"type":"LineString","coordinates":[[18.4198179,-33.9263722],[18.4202507,-33.926679]]}},{"type":"Feature","properties":{"highway":"motorway_link","name":null,"oneway":"yes","surface":"asphalt","lanes":"1","maxspeed":null},"geometry":{"type":"LineString","coordinates":[[18.4339137,-33.9262367],[18.434037,-33.9263185],[18.4341117,-33.926389],[18.4341874,-33.9264725],[18.4342375,-33.9265405],[18.4342864,-33.926624],[18.4343223,-33.9267063],[18.4343548,-33.9268064],[18.4343669,-33.9269238],[18.4343586,-33.9270926],[18.4343288,-33.9275109],[18.4343336,-33.9276367],[18.4343603,-33.9277787],[18.4344001,-33.927906],[18.4344647,-33.9280305],[18.4345535,-33.9281587],[18.4346774,-33.9282942],[18.4349147,-33.9285173],[18.4351684,-33.9287631],[18.4352948,-33.9288998],[18.4354489,-33.9291191]]}},{"type":"Feature","properties":{"highway":"motorway_link","name":null,"oneway":"yes","surface":"asphalt","lanes":"1","maxspeed":null},"geometry":{"type":"LineString","coordinates":[[18.4323317,-33.9230804],[18.4322848,-33.923042],[18.4322423,-33.9230067],[18.4321896,-33.9229842],[18.4321325,-33.9229656],[18.4320759,-33.9229549],[18.4319986,-33.9229496],[18.4319181,-33.9229522],[18.4318985,-33.9229563],[18.4318748,-33.9229603],[18.431845,-33.9229676],[18.4316648,-33.9230522]]}},{"type":"Feature","properties":{"highway":"residential","name":"Kent Street","oneway":null,"surface":"cobblestone","lanes":"2","maxspeed":"60"},"geometry":{"type":"LineString","coordinates":[[18.4233008,-33.9296952],[18.4237049,-33.9300998],[18.4238197,-33.9302147],[18.4239122,-33.9303074],[18.423995,-33.9303903]]}},{"type":"Feature","properties":{"highway":"residential","name":"Carl Street","oneway":null,"surface":"asphalt","lanes":null,"maxspeed":"60"},"geometry":{"type":"LineString","coordinates":[[18.4134748,-33.9183777],[18.4139171,-33.9182217]]}},{"type":"Feature","properties":{"highway":"residential","name":"Frederick Street","oneway":null,"surface":"asphalt","lanes":null,"maxspeed":"60"},"geometry":{"type":"LineString","coordinates":[[18.4133038,-33.9177754],[18.4136348,-33.9176674]]}},{"type":"Feature","properties":{"highway":"residential","name":"Stadzicht Street","oneway":null,"surface":"concrete","lanes":null,"maxspeed":"60"},"geometry":{"type":"LineString","coordinates":[[18.4136463,-33.9189719],[18.4142917,-33.9187342]]}},{"type":"Feature","properties":{"highway":"service","name":"Denton Terrace","oneway":"no","surface":"concrete","lanes":null,"maxspeed":null},"geometry":{"type":"LineString","coordinates":[[18.4131471,-33.9192696],[18.4132898,-33.9192077],[18.4133541,-33.9191796],[18.4135463,-33.9191212]]}},{"type":"Feature","properties":{"highway":"residential","name":"Almond Terrace","oneway":"no","surface":"asphalt","lanes":null,"maxspeed":null},"geometry":{"type":"LineString","coordinates":[[18.4135049,-33.919373],[18.4138086,-33.9192949]]}},{"type":"Feature","properties":{"highway":"residential","name":"Vos Street","oneway":null,"surface":"asphalt","lanes":"2","maxspeed":"60"},"geometry":{"type":"LineString","coordinates":[[18.4166459,-33.917213],[18.4167253,-33.9171478],[18.4167813,-33.9171003],[18.4168337,-33.9170401],[18.4168638,-33.9170008],[18.4169995,-33.9168666],[18.4170091,-33.9168427]]}},{"type":"Feature","properties":{"highway":"footway","name":null,"oneway":null,"surface":"paved","lanes":null,"maxspeed":null},"geometry":{"type":"LineString","coordinates":[[18.4161381,-33.9278628],[18.4166687,-33.9273625],[18.4167594,-33.9272864]]}},{"type":"Feature","properties":{"highway":"footway","name":null,"oneway":null,"surface":"paving_stones","lanes":null,"maxspeed":null},"geometry":{"type":"LineString","coordinates":[[18.4157142,-33.9278382],[18.415927,-33.9279974],[18.4160238,-33.9280689],[18.4163744,-33.9283372],[18.4167201,-33.9285917],[18.4170168,-33.9288101]]}},{"type":"Feature","properties":{"highway":"residential","name":"Harrington Street","oneway":null,"surface":"asphalt","lanes":"2","maxspeed":null},"geometry":{"type":"LineString","coordinates":[[18.4223789,-33.9297637],[18.4224257,-33.9297254],[18.4224447,-33.9297098],[18.4230949,-33.92912],[18.4232998,-33.9289419],[18.4235304,-33.9287416],[18.4237333,-33.9285653],[18.423751,-33.92855],[18.4238515,-33.9284596],[18.424058,-33.9282738],[18.4240844,-33.9282501],[18.4242057,-33.9281387],[18.4243224,-33.928036],[18.424531,-33.9278455],[18.4248959,-33.9275202]]}},{"type":"Feature","properties":{"highway":"service","name":null,"oneway":"no","surface":"paving_stones","lanes":"2","maxspeed":null},"geometry":{"type":"LineString","coordinates":[[18.4261412,-33.9266305],[18.4262042,-33.9265797],[18.4262183,-33.9265661],[18.4263064,-33.9264908],[18.4264999,-33.9264051],[18.4265169,-33.9263975]]}},{"type":"Feature","properties":{"highway":"footway","name":null,"oneway":null,"surface":"paving_stones","lanes":null,"maxspeed":null},"geometry":{"type":"LineString","coordinates":[[18.4272538,-33.9247873],[18.4272087,-33.9249007],[18.4271185,-33.9251274],[18.4271282,-33.925161],[18.4271636,-33.9251935],[18.4271951,-33.9252284],[18.4272057,-33.9252758],[18.4271876,-33.925317],[18.4270636,-33.925444],[18.4269639,-33.9255195],[18.4269009,-33.9255415],[18.4267209,-33.925558],[18.4263607,-33.9257338],[18.4263355,-33.9257547],[18.4263187,-33.9257808],[18.4263116,-33.9258098],[18.426315,-33.9258393],[18.4263286,-33.9258667],[18.4263511,-33.9258896],[18.4265946,-33.9261117],[18.4267349,-33.9262959]]}},{"type":"Feature","properties":{"highway":"pedestrian","name":"Longmarket Street","oneway":null,"surface":"paving_stones","lanes":null,"maxspeed":null},"geometry":{"type":"LineString","coordinates":[[18.4239571,-33.9259138],[18.4247516,-33.9265016]]}},{"type":"Feature","properties":{"highway":"pedestrian","name":"Longmarket Street","oneway":"no","surface":"paving_stones","lanes":null,"maxspeed":null},"geometry":{"type":"LineString","coordinates":[[18.4248092,-33.9265397],[18.4249476,-33.9266433],[18.4254464,-33.9270167]]}},{"type":"Feature","properties":{"highway":"service","name":"Martin Hammerschlag Way","oneway":"no","surface":"asphalt","lanes":"2","maxspeed":"60"},"geometry":{"type":"LineString","coordinates":[[18.4342596,-33.9205698],[18.4343565,-33.9206361],[18.4347325,-33.9209221],[18.4352503,-33.9212904],[18.4354328,-33.9214248],[18.4356183,-33.921566]]}},{"type":"Feature","properties":{"highway":"service","name":"Martin Hammerschlag Way","oneway":"no","surface":"asphalt","lanes":"2","maxspeed":"60"},"geometry":{"type":"LineString","coordinates":[[18.4342596,-33.9205698],[18.4340728,-33.9204398],[18.4339958,-33.9203883],[18.4333425,-33.919915],[18.4328068,-33.9195264],[18.432761,-33.9194955],[18.4327422,-33.919487],[18.4327174,-33.9194801],[18.4326894,-33.9194776],[18.4326695,-33.9194769],[18.4326403,-33.9194813],[18.4326099,-33.9194911],[18.4325417,-33.9195352],[18.4324523,-33.9196165],[18.4319781,-33.9200778],[18.4316651,-33.9203762],[18.4314649,-33.9205674],[18.4314198,-33.920619],[18.4313902,-33.9206592],[18.431372,-33.9207062]]}},{"type":"Feature","properties":{"highway":"service","name":"Jack Craig Street","oneway":"yes","surface":"asphalt","lanes":"2","maxspeed":"60"},"geometry":{"type":"LineString","coordinates":[[18.4341519,-33.9227581],[18.4339808,-33.9226372],[18.4339381,-33.9226064],[18.4333751,-33.9222325],[18.4329696,-33.921958],[18.4328838,-33.9218891]]}},{"type":"Feature","properties":{"highway":"footway","name":null,"oneway":null,"surface":"paved","lanes":null,"maxspeed":null},"geometry":{"type":"LineString","coordinates":[[18.415326,-33.92865],[18.4156144,-33.928378],[18.4157397,-33.9282558]]}},{"type":"Feature","properties":{"highway":"footway","name":null,"oneway":null,"surface":"paved","lanes":null,"maxspeed":null},"geometry":{"type":"LineString","coordinates":[[18.4151548,-33.9280336],[18.4156144,-33.928378],[18.4160147,-33.9286773]]}},{"type":"Feature","properties":{"highway":"footway","name":null,"oneway":null,"surface":"paving_stones","lanes":null,"maxspeed":null},"geometry":{"type":"LineString","coordinates":[[18.4155817,-33.9278378],[18.4154045,-33.9280074],[18.4156952,-33.9282231],[18.4157397,-33.9282558],[18.4157847,-33.9282854],[18.4161513,-33.9285466],[18.416501,-33.9288038],[18.4167902,-33.9290237]]}},{"type":"Feature","properties":{"highway":"footway","name":null,"oneway":null,"surface":"paving_stones","lanes":null,"maxspeed":null},"geometry":{"type":"LineString","coordinates":[[18.4155511,-33.9277932],[18.4155817,-33.9278378],[18.4156311,-33.9279078],[18.4158446,-33.928072],[18.4159455,-33.9281405],[18.416303,-33.9284031],[18.4166671,-33.9286447],[18.4169642,-33.9288597]]}},{"type":"Feature","properties":{"highway":"footway","name":null,"oneway":null,"surface":"paving_stones","lanes":null,"maxspeed":null},"geometry":{"type":"LineString","coordinates":[[18.4155817,-33.9278378],[18.4156108,-33.9278106],[18.4158019,-33.9276419],[18.4160994,-33.9278341],[18.4161381,-33.9278628],[18.4162026,-33.9279105],[18.4165527,-33.9281696],[18.4168953,-33.9284231],[18.4171934,-33.9286437]]}},{"type":"Feature","properties":{"highway":"footway","name":null,"oneway":null,"surface":"paving_stones","lanes":null,"maxspeed":null},"geometry":{"type":"LineString","coordinates":[[18.4156952,-33.9282231],[18.4158446,-33.928072],[18.415927,-33.9279974],[18.4160994,-33.9278341]]}},{"type":"Feature","properties":{"highway":"footway","name":null,"oneway":null,"surface":"paving_stones","lanes":null,"maxspeed":null},"geometry":{"type":"LineString","coordinates":[[18.4157847,-33.9282854],[18.4159455,-33.9281405],[18.4160238,-33.9280689],[18.4162026,-33.9279105]]}},{"type":"Feature","properties":{"highway":"footway","name":null,"oneway":null,"surface":"paved","lanes":null,"maxspeed":null},"geometry":{"type":"LineString","coordinates":[[18.4166687,-33.9273625],[18.4162044,-33.927015]]}},{"type":"Feature","properties":{"highway":"service","name":"Old Marine Drive","oneway":"no","surface":"asphalt","lanes":"2","maxspeed":"60"},"geometry":{"type":"LineString","coordinates":[[18.4316305,-33.9241721],[18.431579,-33.924217],[18.4315504,-33.9242433],[18.4315383,-33.9242661],[18.4315353,-33.9242927],[18.4315456,-33.9243163],[18.4315708,-33.9243407],[18.4317089,-33.924445],[18.4320235,-33.9246551]]}},{"type":"Feature","properties":{"highway":"motorway","name":"Nelson Mandela Boulevard","oneway":"yes","surface":"asphalt","lanes":"2","maxspeed":"80"},"geometry":{"type":"LineString","coordinates":[[18.4346785,-33.9188177],[18.4349029,-33.91894],[18.4351107,-33.9190683],[18.4352636,-33.9191817],[18.4354362,-33.9193245],[18.4355735,-33.9194657],[18.4357169,-33.9196401],[18.4358433,-33.9198188],[18.4359413,-33.9199924],[18.4360227,-33.9201735],[18.4360722,-33.9203454],[18.4360918,-33.9204573],[18.4361015,-33.9205842],[18.436095,-33.9206884],[18.4360883,-33.9207696],[18.436071,-33.9208936],[18.4360462,-33.9210013],[18.4360003,-33.9211373],[18.4359348,-33.9212715],[18.4358507,-33.9214029],[18.4357507,-33.9215337],[18.4355988,-33.9216861],[18.4354081,-33.9218606],[18.4338442,-33.9231203],[18.4337056,-33.9232455],[18.4335615,-33.9233906],[18.4334575,-33.9235016],[18.4333757,-33.9236135],[18.4333056,-33.9237377],[18.4332367,-33.9238854],[18.4331895,-33.9240239],[18.4331518,-33.924224],[18.4331396,-33.9244086],[18.4331519,-33.9246086],[18.4331665,-33.9248079]]}},{"type":"Feature","properties":{"highway":"busway","name":null,"oneway":"yes","surface":"paved","lanes":"1","maxspeed":null},"geometry":{"type":"LineString","coordinates":[[18.4319378,-33.9225183],[18.4318401,-33.9224486],[18.4310476,-33.9218627],[18.4309864,-33.9218289],[18.4308832,-33.9217637],[18.4307643,-33.9216837],[18.430483,-33.9214901]]}},{"type":"Feature","properties":{"highway":"busway","name":null,"oneway":"yes","surface":null,"lanes":"1","maxspeed":null},"geometry":{"type":"LineString","coordinates":[[18.4264929,-33.9186416],[18.4266461,-33.9186023],[18.4267311,-33.9185756],[18.4267997,-33.9185549],[18.4268539,-33.9185462],[18.4269157,-33.9185447],[18.4269788,-33.9185545],[18.4270671,-33.9185848],[18.4271,-33.9186028],[18.4271328,-33.9186258],[18.4271609,-33.9186478],[18.4273739,-33.9188054],[18.42762,-33.9189858],[18.4282577,-33.9194287],[18.4285299,-33.919623],[18.4285988,-33.9196739],[18.4287357,-33.9197677]]}},{"type":"Feature","properties":{"highway":"busway","name":null,"oneway":"yes","surface":"asphalt","lanes":"1","maxspeed":null},"geometry":{"type":"LineString","coordinates":[[18.4282907,-33.9198905],[18.42822,-33.9198364],[18.4279913,-33.9196662],[18.4271345,-33.9190461],[18.4270633,-33.9189926],[18.4270322,-33.9189745],[18.4269968,-33.9189599],[18.4269626,-33.9189515],[18.4269227,-33.918946],[18.4268819,-33.9189443]]}},{"type":"Feature","properties":{"highway":"busway","name":null,"oneway":"yes","surface":"paved","lanes":"1","maxspeed":null},"geometry":{"type":"LineString","coordinates":[[18.4320389,-33.9227037],[18.4319378,-33.9225183]]}},{"type":"Feature","properties":{"highway":"busway","name":null,"oneway":"no","surface":"paved","lanes":"2","maxspeed":null},"geometry":{"type":"LineString","coordinates":[[18.4321365,-33.9226029],[18.432184,-33.9226427],[18.4322137,-33.9226644],[18.4323707,-33.9227958],[18.4325336,-33.9229899],[18.4326345,-33.9231628],[18.4327057,-33.9233262],[18.4329583,-33.9238441],[18.4330882,-33.9241083],[18.4332289,-33.9243706],[18.4336133,-33.9248917]]}},{"type":"Feature","properties":{"highway":"busway","name":null,"oneway":"yes","surface":"paved","lanes":"1","maxspeed":null},"geometry":{"type":"LineString","coordinates":[[18.43199,-33.9224611],[18.4322044,-33.9225343]]}},{"type":"Feature","properties":{"highway":"busway","name":null,"oneway":"yes","surface":null,"lanes":"1","maxspeed":null},"geometry":{"type":"LineString","coordinates":[[18.4279913,-33.9196662],[18.4279795,-33.919638],[18.4279757,-33.9196093],[18.42798,-33.9195826],[18.4279937,-33.9195517],[18.4280129,-33.9195277],[18.4280805,-33.9194641],[18.4281108,-33.919443],[18.4281378,-33.9194319],[18.4281761,-33.9194219],[18.4282175,-33.9194209],[18.4282577,-33.9194287]]}},{"type":"Feature","properties":{"highway":"busway","name":null,"oneway":"yes","surface":"paved","lanes":"1","maxspeed":null},"geometry":{"type":"LineString","coordinates":[[18.4306692,-33.9213472],[18.4308958,-33.9215458],[18.4309984,-33.9216334],[18.4310923,-33.9217138],[18.4311477,-33.921763],[18.4318991,-33.9223899],[18.43199,-33.9224611]]}},{"type":"Feature","properties":{"highway":"secondary","name":"Tennant Street","oneway":"yes","surface":"asphalt","lanes":"2","maxspeed":"60"},"geometry":{"type":"LineString","coordinates":[[18.4296757,-33.9287839],[18.4298367,-33.9285725],[18.4298945,-33.9284924],[18.4300218,-33.9283],[18.4300794,-33.9281868],[18.4301281,-33.9280797],[18.4301443,-33.9280347],[18.4301563,-33.9279951]]}},{"type":"Feature","properties":{"highway":"tertiary","name":"D.F. Malan Street","oneway":"yes","surface":"asphalt","lanes":"3","maxspeed":"60"},"geometry":{"type":"LineString","coordinates":[[18.4282907,-33.9198905],[18.428328,-33.9198479],[18.4283727,-33.9198086],[18.4285286,-33.9197137],[18.4285988,-33.9196739],[18.4286745,-33.9196415]]}},{"type":"Feature","properties":{"highway":"tertiary","name":"Hanover Street","oneway":"yes","surface":"asphalt","lanes":"1","maxspeed":"60"},"geometry":{"type":"LineString","coordinates":[[18.4271248,-33.9274056],[18.4272731,-33.9275311],[18.4275552,-33.9277367],[18.4276099,-33.9277671],[18.4276738,-33.9277921],[18.4277742,-33.9278249]]}},{"type":"Feature","properties":{"highway":"primary","name":"Buiten Crescent","oneway":"yes","surface":"asphalt","lanes":"3","maxspeed":"60"},"geometry":{"type":"LineString","coordinates":[[18.4133888,-33.9268066],[18.4134454,-33.9268417],[18.4136437,-33.9269935],[18.4137176,-33.9270498]]}},{"type":"Feature","properties":{"highway":"tertiary","name":"Hanover Street","oneway":"yes","surface":"asphalt","lanes":"2","maxspeed":"60"},"geometry":{"type":"LineString","coordinates":[[18.4294071,-33.9291395],[18.4292859,-33.9290517],[18.4287424,-33.9286576],[18.4286652,-33.9286033],[18.4284457,-33.9284422],[18.4281057,-33.9281928],[18.4279049,-33.9280411],[18.4278087,-33.9279684],[18.4275193,-33.9278015]]}},{"type":"Feature","properties":{"highway":"secondary","name":"F.W. de Klerk Boulevard","oneway":"yes","surface":"asphalt","lanes":"3","maxspeed":"60"},"geometry":{"type":"LineString","coordinates":[[18.4295756,-33.9159068],[18.429719,-33.915997],[18.4300217,-33.9161898],[18.4306159,-33.9165698],[18.4307309,-33.9166426]]}},{"type":"Feature","properties":{"highway":"secondary","name":"F.W. de Klerk Boulevard","oneway":"yes","surface":"asphalt","lanes":"3","maxspeed":"60"},"geometry":{"type":"LineString","coordinates":[[18.4340644,-33.9195247],[18.4339543,-33.9193899],[18.4338244,-33.919257],[18.4336679,-33.9191205],[18.4331901,-33.9188152],[18.4331436,-33.9187866],[18.4330765,-33.9187454],[18.4327928,-33.9185645],[18.4318605,-33.9179552]]}},{"type":"Feature","properties":{"highway":"secondary","name":"Christiaan Barnard Street","oneway":"yes","surface":"asphalt","lanes":"3","maxspeed":"60"},"geometry":{"type":"LineString","coordinates":[[18.4320389,-33.9227037],[18.4316648,-33.9230522]]}},{"type":"Feature","properties":{"highway":"tertiary","name":"Hanover Street","oneway":"yes","surface":"asphalt","lanes":"2","maxspeed":"60"},"geometry":{"type":"LineString","coordinates":[[18.4333029,-33.9307318],[18.433928,-33.9309759],[18.4342095,-33.9310852]]}},{"type":"Feature","properties":{"highway":"secondary","name":"Darling Street","oneway":null,"surface":"asphalt","lanes":"5","maxspeed":"60"},"geometry":{"type":"LineString","coordinates":[[18.4253073,-33.9260719],[18.4253968,-33.9261346],[18.4256305,-33.926301],[18.4257768,-33.9264051]]}},{"type":"Feature","properties":{"highway":"secondary","name":"Christiaan Barnard Street","oneway":"yes","surface":"asphalt","lanes":"3","maxspeed":"60"},"geometry":{"type":"LineString","coordinates":[[18.4320471,-33.9223992],[18.4321391,-33.9222994],[18.432467,-33.9219823]]}},{"type":"Feature","properties":{"highway":"secondary","name":"Heerengracht Boulevard","oneway":"yes","surface":"asphalt","lanes":"3","maxspeed":"60"},"geometry":{"type":"LineString","coordinates":[[18.429719,-33.915997],[18.4294551,-33.9162513],[18.4293855,-33.9163025]]}},{"type":"Feature","properties":{"highway":"secondary","name":"Darling Street","oneway":"yes","surface":"asphalt","lanes":"2","maxspeed":"60"},"geometry":{"type":"LineString","coordinates":[[18.4267046,-33.9271754],[18.4264151,-33.9269243],[18.4260921,-33.9266674],[18.4259489,-33.9265621],[18.4258905,-33.9265157],[18.4258708,-33.9264909],[18.4258567,-33.9264636]]}},{"type":"Feature","properties":{"highway":"busway","name":null,"oneway":"yes","surface":null,"lanes":"1","maxspeed":null},"geometry":{"type":"LineString","coordinates":[[18.4297691,-33.9209757],[18.429207,-33.9205706],[18.4288012,-33.9202782],[18.4284813,-33.9200354]]}},{"type":"Feature","properties":{"highway":"busway","name":null,"oneway":"yes","surface":null,"lanes":"1","maxspeed":null},"geometry":{"type":"LineString","coordinates":[[18.4306692,-33.9213472],[18.4306821,-33.9213887],[18.4306768,-33.92142],[18.4306662,-33.921453],[18.4306456,-33.9214757],[18.4306185,-33.9214934],[18.4305887,-33.9214998],[18.4305535,-33.921496],[18.430483,-33.9214901]]}},{"type":"Feature","properties":{"highway":"motorway","name":"Nelson Mandela Boulevard","oneway":"yes","surface":"asphalt","lanes":"3","maxspeed":"80"},"geometry":{"type":"LineString","coordinates":[[18.4333551,-33.9261236],[18.4333887,-33.9265286],[18.4334267,-33.9267136],[18.4334757,-33.9268867],[18.4335546,-33.9270778],[18.4336152,-33.9272104],[18.433712,-33.9273824],[18.4338462,-33.9275797],[18.4339614,-33.9277329],[18.4340906,-33.9278676],[18.4354489,-33.9291191],[18.4355441,-33.9292093]]}},{"type":"Feature","properties":{"highway":"motorway","name":"Nelson Mandela Boulevard","oneway":"yes","surface":"asphalt","lanes":"2","maxspeed":"80"},"geometry":{"type":"LineString","coordinates":[[18.4331975,-33.9261122],[18.433207,-33.9260326],[18.433179,-33.925805],[18.4330495,-33.9248143]]}},{"type":"Feature","properties":{"highway":"busway","name":null,"oneway":"yes","surface":null,"lanes":"1","maxspeed":null},"geometry":{"type":"LineString","coordinates":[[18.4287357,-33.9197677],[18.4288394,-33.919839],[18.4290741,-33.920016],[18.4294801,-33.9203082],[18.4300437,-33.9207107]]}},{"type":"Feature","properties":{"highway":"primary","name":"Orange Street","oneway":"yes","surface":"asphalt","lanes":"4","maxspeed":"60"},"geometry":{"type":"LineString","coordinates":[[18.4134304,-33.931148],[18.4137172,-33.9315547],[18.4137275,-33.9315693],[18.414381,-33.9324905],[18.4144806,-33.9326286]]}},{"type":"Feature","properties":{"highway":"motorway_link","name":null,"oneway":"yes","surface":"asphalt","lanes":"2","maxspeed":"80"},"geometry":{"type":"LineString","coordinates":[[18.4329117,-33.9248397],[18.4326403,-33.9237944]]}},{"type":"Feature","properties":{"highway":"motorway","name":"Nelson Mandela Boulevard","oneway":"yes","surface":"asphalt","lanes":"2","maxspeed":"80"},"geometry":{"type":"LineString","coordinates":[[18.4331665,-33.9248079],[18.4332975,-33.9258112],[18.4333234,-33.9260401],[18.4333551,-33.9261236]]}},{"type":"Feature","properties":{"highway":"residential","name":"Chiappini Street","oneway":null,"surface":"asphalt","lanes":"2","maxspeed":"60"},"geometry":{"type":"LineString","coordinates":[[18.4171118,-33.9183646],[18.4171665,-33.9182557],[18.4171817,-33.9182384],[18.4174985,-33.9179611],[18.4175556,-33.9179104]]}},{"type":"Feature","properties":{"highway":"residential","name":"Hout Street","oneway":"yes","surface":"asphalt","lanes":"1","maxspeed":"60"},"geometry":{"type":"LineString","coordinates":[[18.4171999,-33.9193488],[18.4169795,-33.9191882],[18.4167171,-33.918997],[18.4165625,-33.9188843]]}},{"type":"Feature","properties":{"highway":"tertiary","name":"Long Street","oneway":"yes","surface":"asphalt","lanes":"2","maxspeed":"60"},"geometry":{"type":"LineString","coordinates":[[18.4144514,-33.9267294],[18.4143841,-33.9267483],[18.4142607,-33.9268556],[18.4141783,-33.9269057],[18.4140663,-33.9269508],[18.4138752,-33.9270048],[18.4138382,-33.9270151],[18.4138001,-33.9270259],[18.4137176,-33.9270498]]}},{"type":"Feature","properties":{"highway":"primary","name":"Orange Street","oneway":"yes","surface":"asphalt","lanes":"2","maxspeed":"60"},"geometry":{"type":"LineString","coordinates":[[18.4138355,-33.9272095],[18.4138463,-33.9272323],[18.4138698,-33.9273352],[18.4138883,-33.9274431],[18.4139114,-33.9276112],[18.4139144,-33.9276577],[18.4139121,-33.9276713],[18.4139033,-33.9277225],[18.4138644,-33.927806],[18.4137871,-33.9278976]]}},{"type":"Feature","properties":{"highway":"primary_link","name":null,"oneway":"yes","surface":"asphalt","lanes":"2","maxspeed":"60"},"geometry":{"type":"LineString","coordinates":[[18.4142205,-33.9269541],[18.4141159,-33.9270009],[18.4139425,-33.927076],[18.4139061,-33.9270997],[18.4138846,-33.9271245],[18.4138537,-33.9271683],[18.4138355,-33.9272095]]}},{"type":"Feature","properties":{"highway":"residential","name":"Hout Street","oneway":"yes","surface":"asphalt","lanes":"1","maxspeed":"60"},"geometry":{"type":"LineString","coordinates":[[18.4208393,-33.9219912],[18.4202487,-33.9215596],[18.4201861,-33.9215138]]}},{"type":"Feature","properties":{"highway":"secondary","name":null,"oneway":"yes","surface":"asphalt","lanes":"3","maxspeed":"60"},"geometry":{"type":"LineString","coordinates":[[18.4257294,-33.9201142],[18.4256847,-33.9201215],[18.4256393,-33.9201246],[18.4255938,-33.9201234],[18.4255487,-33.9201181],[18.4255046,-33.9201086],[18.425462,-33.920095],[18.4254216,-33.9200776],[18.4253891,-33.9200599],[18.4253587,-33.9200396],[18.4253346,-33.9200163],[18.4253088,-33.9199902],[18.4252853,-33.9199597],[18.4252649,-33.9199213]]}},{"type":"Feature","properties":{"highway":"residential","name":"Caledon Street","oneway":null,"surface":"asphalt","lanes":"2","maxspeed":"60"},"geometry":{"type":"LineString","coordinates":[[18.4286541,-33.9301345],[18.4287622,-33.9301903]]}},{"type":"Feature","properties":{"highway":"residential","name":"Hout Street","oneway":"yes","surface":"asphalt","lanes":"1","maxspeed":"60"},"geometry":{"type":"LineString","coordinates":[[18.4195834,-33.9210904],[18.4195181,-33.9210479],[18.4194541,-33.9210062],[18.4189295,-33.9206172],[18.4188577,-33.9205646],[18.4187736,-33.920503],[18.4187,-33.920449]]}},{"type":"Feature","properties":{"highway":"secondary","name":"Roeland Street","oneway":"yes","surface":"asphalt","lanes":"2","maxspeed":"60"},"geometry":{"type":"LineString","coordinates":[[18.4228169,-33.9300879],[18.422907,-33.9301575],[18.423167,-33.9303562],[18.4233291,-33.9305021],[18.4235479,-33.9306903],[18.4236927,-33.9308522],[18.4238885,-33.9310698],[18.4242677,-33.9315297],[18.4243099,-33.9315798],[18.4245058,-33.9318126],[18.4246561,-33.9319901]]}},{"type":"Feature","properties":{"highway":"residential","name":"Burg Street","oneway":null,"surface":"asphalt","lanes":"2","maxspeed":null},"geometry":{"type":"LineString","coordinates":[[18.4208393,-33.9219912],[18.4213475,-33.9215281],[18.4217638,-33.9211574],[18.4218196,-33.9211086]]}},{"type":"Feature","properties":{"highway":"primary","name":"Strand Street","oneway":"yes","surface":"asphalt","lanes":"3","maxspeed":"60"},"geometry":{"type":"LineString","coordinates":[[18.4232492,-33.9221701],[18.4231085,-33.9220528]]}},{"type":"Feature","properties":{"highway":"secondary","name":"Tennant Street","oneway":"yes","surface":"asphalt","lanes":"2","maxspeed":"60"},"geometry":{"type":"LineString","coordinates":[[18.4286541,-33.9301345],[18.4287208,-33.9300546],[18.4287685,-33.9299898],[18.428843,-33.9298911],[18.4291096,-33.9295388]]}},{"type":"Feature","properties":{"highway":"tertiary","name":"Long Street","oneway":"yes","surface":"asphalt","lanes":"3","maxspeed":"60"},"geometry":{"type":"LineString","coordinates":[[18.4201861,-33.9215138],[18.4201475,-33.9215488],[18.4196705,-33.9219799],[18.4196366,-33.9220116],[18.419594,-33.9220496],[18.4191744,-33.922432],[18.4190522,-33.9225423],[18.4186376,-33.9229164],[18.4183172,-33.9232066]]}},{"type":"Feature","properties":{"highway":"primary","name":"Strand Street","oneway":"yes","surface":"asphalt","lanes":"3","maxspeed":"60"},"geometry":{"type":"LineString","coordinates":[[18.41899,-33.9189887],[18.4188602,-33.9188808]]}},{"type":"Feature","properties":{"highway":"residential","name":"Harrington Street","oneway":"yes","surface":"asphalt","lanes":"1","maxspeed":null},"geometry":{"type":"LineString","coordinates":[[18.4259882,-33.9265255],[18.4259489,-33.9265621],[18.4254464,-33.9270167]]}},{"type":"Feature","properties":{"highway":"primary","name":"Strand Street","oneway":"yes","surface":"asphalt","lanes":"2","maxspeed":"60"},"geometry":{"type":"LineString","coordinates":[[18.4344714,-33.9267478],[18.4335556,-33.9267034],[18.4331528,-33.9266812],[18.432937,-33.9266514],[18.4327421,-33.926619],[18.4325965,-33.9265785],[18.4325014,-33.9265464],[18.4322508,-33.9264614],[18.4315078,-33.9261821],[18.4310625,-33.9260163],[18.4306886,-33.9258764],[18.4302213,-33.9257],[18.4299742,-33.9255601]]}},{"type":"Feature","properties":{"highway":"residential","name":"Caledon Street","oneway":null,"surface":"asphalt","lanes":"2","maxspeed":"60"},"geometry":{"type":"LineString","coordinates":[[18.4256892,-33.9280965],[18.4257768,-33.9281629],[18.4259699,-33.9282993],[18.4265528,-33.9287208],[18.4268182,-33.9289075],[18.4271618,-33.9291653],[18.4277686,-33.9296203]]}},{"type":"Feature","properties":{"highway":"secondary","name":"Adderley Street","oneway":"yes","surface":"asphalt","lanes":"2","maxspeed":"60"},"geometry":{"type":"LineString","coordinates":[[18.4229577,-33.9223813],[18.422658,-33.9226071],[18.4224424,-33.9227889]]}},{"type":"Feature","properties":{"highway":"primary","name":"Orange Street","oneway":null,"surface":"asphalt","lanes":"4","maxspeed":"60"},"geometry":{"type":"LineString","coordinates":[[18.4136745,-33.9281377],[18.4136549,-33.9281798],[18.4134541,-33.9285914],[18.413394,-33.9287102],[18.4133073,-33.9288818],[18.4132675,-33.9289601],[18.4131224,-33.9292453]]}},{"type":"Feature","properties":{"highway":"tertiary","name":"Long Street","oneway":"yes","surface":"asphalt","lanes":"2","maxspeed":"60"},"geometry":{"type":"LineString","coordinates":[[18.4179849,-33.9235132],[18.4179243,-33.9235685],[18.4175739,-33.9238887],[18.4174973,-33.9239588],[18.4174439,-33.9240076],[18.4173757,-33.9240699],[18.417326,-33.9241154],[18.4169063,-33.924499],[18.4164486,-33.9249195],[18.4163101,-33.925047],[18.4162809,-33.9250734],[18.4156733,-33.9256222],[18.4153643,-33.9259083],[18.4151055,-33.9261449],[18.4150715,-33.926176],[18.4148148,-33.9264065],[18.4146472,-33.9265627],[18.4145914,-33.9266147]]}},{"type":"Feature","properties":{"highway":"primary","name":"Strand Street","oneway":"yes","surface":"asphalt","lanes":"3","maxspeed":"60"},"geometry":{"type":"LineString","coordinates":[[18.4214074,-33.9207925],[18.4212268,-33.9206541],[18.4211671,-33.920611]]}},{"type":"Feature","properties":{"highway":"pedestrian","name":"Pier Place","oneway":null,"surface":null,"lanes":null,"maxspeed":null},"geometry":{"type":"LineString","coordinates":[[18.4266073,-33.9181401],[18.4263689,-33.9179638],[18.4260643,-33.9177407],[18.4260389,-33.9177236],[18.4260217,-33.9177101],[18.4259583,-33.917772],[18.4259069,-33.9178206],[18.4257297,-33.9179878],[18.4256467,-33.9180113],[18.4255569,-33.9180905],[18.4261368,-33.9185171],[18.4261738,-33.9185443],[18.426223,-33.9184983],[18.4262546,-33.9184687],[18.4262749,-33.9184497],[18.426564,-33.918179],[18.426595,-33.91815],[18.4266073,-33.9181401]]}},{"type":"Feature","properties":{"highway":"footway","name":null,"oneway":null,"surface":"paved","lanes":null,"maxspeed":null},"geometry":{"type":"LineString","coordinates":[[18.4262546,-33.9184687],[18.4256952,-33.9180475],[18.4256467,-33.9180113],[18.4255717,-33.9179545],[18.4253098,-33.9177568]]}},{"type":"Feature","properties":{"highway":"service","name":null,"oneway":null,"surface":"paved","lanes":"1","maxspeed":null},"geometry":{"type":"LineString","coordinates":[[18.4244922,-33.9188694],[18.4245271,-33.9188358],[18.4248832,-33.9185045],[18.4252583,-33.9181549]]}},{"type":"Feature","properties":{"highway":"service","name":null,"oneway":null,"surface":null,"lanes":null,"maxspeed":null},"geometry":{"type":"LineString","coordinates":[[18.424584,-33.9182265],[18.4245827,-33.9182611],[18.424608,-33.9183108],[18.4246416,-33.9183434],[18.4246655,-33.9183579],[18.4248832,-33.9185045]]}},{"type":"Feature","properties":{"highway":"track","name":null,"oneway":null,"surface":null,"lanes":null,"maxspeed":null},"geometry":{"type":"LineString","coordinates":[[18.4116672,-33.9152765],[18.4117579,-33.9152881],[18.4118053,-33.9151106],[18.4116873,-33.9150295],[18.411115,-33.9149264],[18.4107033,-33.9149695],[18.4105167,-33.9150365],[18.4097289,-33.9148431],[18.4095555,-33.9148005],[18.4094637,-33.914778],[18.4088654,-33.9144813],[18.4084873,-33.9143616],[18.4082821,-33.9143432],[18.4082024,-33.9143534],[18.4081401,-33.9143767],[18.4079568,-33.9146048],[18.4077729,-33.9148401],[18.4077379,-33.9148727],[18.4076972,-33.9148872],[18.4076561,-33.9148928],[18.4076052,-33.9148766],[18.4074621,-33.9148142],[18.4073703,-33.9147797],[18.4071216,-33.9147026],[18.4070488,-33.9146881],[18.4069851,-33.9146913],[18.4069374,-33.9146985],[18.4068714,-33.9147234],[18.4068169,-33.9147541],[18.4067619,-33.9147946],[18.4067034,-33.9148469],[18.4066475,-33.9149176],[18.4066244,-33.914939],[18.4065978,-33.9149486],[18.4065393,-33.9149504],[18.4064313,-33.9149136],[18.4060696,-33.9147147],[18.4057716,-33.9145224],[18.4054784,-33.9142985],[18.4053431,-33.9141991],[18.4051944,-33.9141175],[18.4048311,-33.9139708],[18.4045967,-33.913875],[18.4043672,-33.9138063],[18.4041807,-33.9137603],[18.4040218,-33.9137538],[18.4037293,-33.9137657],[18.403453,-33.9138067],[18.403187,-33.9138259],[18.4029022,-33.9138535],[18.4027599,-33.9138978],[18.4026406,-33.9139736]]}},{"type":"Feature","properties":{"highway":"residential","name":"Glynn Street","oneway":"yes","surface":"asphalt","lanes":"1","maxspeed":"60"},"geometry":{"type":"LineString","coordinates":[[18.4204919,-33.9308206],[18.4204244,-33.9307998],[18.4188632,-33.9303178]]}},{"type":"Feature","properties":{"highway":"residential","name":"Glynn Street","oneway":null,"surface":"asphalt","lanes":"2","maxspeed":"60"},"geometry":{"type":"LineString","coordinates":[[18.4217904,-33.9312405],[18.4213287,-33.9310794]]}},{"type":"Feature","properties":{"highway":"service","name":"Krom Elbow Lane","oneway":null,"surface":null,"lanes":null,"maxspeed":null},"geometry":{"type":"LineString","coordinates":[[18.4212933,-33.926728],[18.4210094,-33.9270039],[18.420647,-33.9267474],[18.4206078,-33.9267196]]}},{"type":"Feature","properties":{"highway":"secondary","name":"Adderley Street","oneway":"yes","surface":"asphalt","lanes":"3","maxspeed":"60"},"geometry":{"type":"LineString","coordinates":[[18.4237504,-33.9214835],[18.424257,-33.9209392],[18.4243374,-33.9208657]]}},{"type":"Feature","properties":{"highway":"secondary","name":"Heerengracht Street","oneway":"yes","surface":"asphalt","lanes":"4","maxspeed":"60"},"geometry":{"type":"LineString","coordinates":[[18.4267422,-33.9190482],[18.4261824,-33.919585],[18.4261385,-33.9196297]]}},{"type":"Feature","properties":{"highway":"secondary","name":"Heerengracht Boulevard","oneway":"yes","surface":"asphalt","lanes":"2","maxspeed":"60"},"geometry":{"type":"LineString","coordinates":[[18.4264929,-33.9186416],[18.4268398,-33.9182931],[18.4269099,-33.9182231],[18.4269948,-33.9181615]]}},{"type":"Feature","properties":{"highway":"tertiary","name":"Hertzog Boulevard","oneway":"yes","surface":"asphalt","lanes":"2","maxspeed":"60"},"geometry":{"type":"LineString","coordinates":[[18.4286745,-33.9196415],[18.4288074,-33.9197346],[18.4289219,-33.9198143],[18.4291201,-33.9199729],[18.4295247,-33.9202652],[18.4297016,-33.9203922],[18.4300868,-33.9206691]]}},{"type":"Feature","properties":{"highway":"tertiary","name":"Long Street","oneway":"yes","surface":"asphalt","lanes":"3","maxspeed":"60"},"geometry":{"type":"LineString","coordinates":[[18.4211671,-33.920611],[18.4211065,-33.9206668],[18.4208728,-33.9208817],[18.4207335,-33.9210099],[18.4206985,-33.921042],[18.4206596,-33.921077],[18.4203367,-33.9213745]]}},{"type":"Feature","properties":{"highway":"tertiary","name":"Lower Long Street","oneway":"yes","surface":"asphalt","lanes":"2","maxspeed":"60"},"geometry":{"type":"LineString","coordinates":[[18.4261775,-33.9160147],[18.4260725,-33.9161151]]}},{"type":"Feature","properties":{"highway":"tertiary","name":"Loop Street","oneway":"yes","surface":"asphalt","lanes":"3","maxspeed":"60"},"geometry":{"type":"LineString","coordinates":[[18.4206063,-33.9200552],[18.4206599,-33.9200072],[18.4208064,-33.9198723],[18.4211717,-33.9195361]]}},{"type":"Feature","properties":{"highway":"residential","name":"Riebeek Street","oneway":"yes","surface":"asphalt","lanes":"1","maxspeed":"60"},"geometry":{"type":"LineString","coordinates":[[18.4211661,-33.9184609],[18.4212225,-33.9185234],[18.4212539,-33.9185548],[18.4212793,-33.9185927]]}},{"type":"Feature","properties":{"highway":"residential","name":"Riebeek Street","oneway":"no","surface":"asphalt","lanes":"4","maxspeed":"60"},"geometry":{"type":"LineString","coordinates":[[18.4226865,-33.9196188],[18.4229956,-33.9198514],[18.42305,-33.9198923],[18.423109,-33.9199367],[18.4236714,-33.9203503],[18.4237449,-33.920406],[18.4238187,-33.9204707]]}},{"type":"Feature","properties":{"highway":"primary","name":"Strand Street","oneway":"yes","surface":"asphalt","lanes":"3","maxspeed":"60"},"geometry":{"type":"LineString","coordinates":[[18.4214788,-33.9207084],[18.4216008,-33.9207997],[18.4218947,-33.9210196],[18.4222265,-33.9212681],[18.4224745,-33.9214531],[18.4226098,-33.9215529],[18.4227453,-33.9216532]]}},{"type":"Feature","properties":{"highway":"primary","name":"Strand Street","oneway":"yes","surface":"asphalt","lanes":"3","maxspeed":"60"},"geometry":{"type":"LineString","coordinates":[[18.4205095,-33.9201436],[18.4204444,-33.9200949],[18.4200675,-33.9198136]]}},{"type":"Feature","properties":{"highway":"motorway","name":"Nelson Mandela Boulevard","oneway":"yes","surface":"asphalt","lanes":"3","maxspeed":"80"},"geometry":{"type":"LineString","coordinates":[[18.4308656,-33.9173944],[18.4296848,-33.9166284]]}},{"type":"Feature","properties":{"highway":"footway","name":null,"oneway":null,"surface":null,"lanes":null,"maxspeed":null},"geometry":{"type":"LineString","coordinates":[[18.4285967,-33.9298953],[18.4290987,-33.930166]]}},{"type":"Feature","properties":{"highway":"primary","name":"Strand Street","oneway":"yes","surface":"asphalt","lanes":"3","maxspeed":"60"},"geometry":{"type":"LineString","coordinates":[[18.4196549,-33.9193463],[18.4197853,-33.9194484],[18.419852,-33.9195008]]}},{"type":"Feature","properties":{"highway":"service","name":null,"oneway":"yes","surface":"asphalt","lanes":"1","maxspeed":null},"geometry":{"type":"LineString","coordinates":[[18.4337029,-33.9247016],[18.4336635,-33.9248156],[18.4336416,-33.924854],[18.4336133,-33.9248917]]}},{"type":"Feature","properties":{"highway":"service","name":null,"oneway":"no","surface":"asphalt","lanes":"2","maxspeed":null},"geometry":{"type":"LineString","coordinates":[[18.4336133,-33.9248917],[18.4336683,-33.92498],[18.4336891,-33.925048]]}},{"type":"Feature","properties":{"highway":"residential","name":"Lower Long Street","oneway":"yes","surface":"paving_stones","lanes":"2","maxspeed":null},"geometry":{"type":"LineString","coordinates":[[18.4264145,-33.9156145],[18.4264636,-33.9155705],[18.4266964,-33.915351],[18.4268709,-33.9151866]]}},{"type":"Feature","properties":{"highway":"path","name":null,"oneway":null,"surface":"concrete","lanes":null,"maxspeed":null},"geometry":{"type":"LineString","coordinates":[[18.4242251,-33.9159252],[18.4240385,-33.9153435],[18.424032,-33.9153234],[18.4239441,-33.9150494],[18.423937,-33.9150271],[18.423801,-33.9146034]]}},{"type":"Feature","properties":{"highway":"service","name":"Old Marine Drive","oneway":null,"surface":"asphalt","lanes":"2","maxspeed":"60"},"geometry":{"type":"LineString","coordinates":[[18.4336891,-33.925048],[18.4341409,-33.9250763],[18.4345875,-33.9250824],[18.4351632,-33.9250935],[18.4354153,-33.9251013],[18.4356391,-33.9250971]]}},{"type":"Feature","properties":{"highway":"secondary","name":"Buitenkant Street","oneway":"yes","surface":"asphalt","lanes":"2","maxspeed":"60"},"geometry":{"type":"LineString","coordinates":[[18.4216291,-33.9292572],[18.421688,-33.9292088],[18.4223134,-33.9287134],[18.4224095,-33.9286327]]}},{"type":"Feature","properties":{"highway":"primary","name":"Buitengracht Street","oneway":"yes","surface":"asphalt","lanes":"2","maxspeed":"60"},"geometry":{"type":"LineString","coordinates":[[18.4162033,-33.9215141],[18.4164181,-33.9212878],[18.4169574,-33.9207865],[18.4173775,-33.9203917],[18.4179382,-33.9198728],[18.4181046,-33.9197055],[18.4182294,-33.91958],[18.418442,-33.9193521]]}},{"type":"Feature","properties":{"highway":"primary","name":"Buitengracht Street","oneway":"yes","surface":"asphalt","lanes":"2","maxspeed":"60"},"geometry":{"type":"LineString","coordinates":[[18.4136174,-33.9240334],[18.4136793,-33.9239784],[18.4142302,-33.9234882],[18.4148111,-33.9229457],[18.4153008,-33.9224734]]}},{"type":"Feature","properties":{"highway":"tertiary","name":"Buitenkant Street","oneway":null,"surface":"asphalt","lanes":"2","maxspeed":"60"},"geometry":{"type":"LineString","coordinates":[[18.4200975,-33.931679],[18.4201316,-33.9316046],[18.4203172,-33.9312001],[18.4204919,-33.9308206]]}},{"type":"Feature","properties":{"highway":"secondary","name":"Castle Street","oneway":"yes","surface":"asphalt","lanes":"2","maxspeed":"60"},"geometry":{"type":"LineString","coordinates":[[18.4260133,-33.9248478],[18.4260448,-33.9249427],[18.4261183,-33.9251309],[18.4261301,-33.9251716],[18.4261402,-33.9252123],[18.4261394,-33.9252445],[18.4261267,-33.9252845],[18.4261081,-33.9253083],[18.4259062,-33.9255039],[18.425624,-33.9257731]]}},{"type":"Feature","properties":{"highway":"tertiary","name":"Buitenkant Street","oneway":null,"surface":"asphalt","lanes":"2","maxspeed":"60"},"geometry":{"type":"LineString","coordinates":[[18.4204919,-33.9308206],[18.4205484,-33.9306955],[18.4205639,-33.9306615],[18.4205964,-33.9306028],[18.4206473,-33.9305247],[18.4207121,-33.9304312],[18.4208485,-33.9302531],[18.4209535,-33.9301337],[18.4209649,-33.9301207],[18.4211128,-33.9299527],[18.4211611,-33.9298978]]}},{"type":"Feature","properties":{"highway":"residential","name":"Castle Street","oneway":"yes","surface":"asphalt","lanes":"1","maxspeed":"60"},"geometry":{"type":"LineString","coordinates":[[18.4171118,-33.9183646],[18.4175326,-33.9186819],[18.4177509,-33.9188464]]}},{"type":"Feature","properties":{"highway":"residential","name":"Castle Street","oneway":"yes","surface":"asphalt","lanes":"1","maxspeed":null},"geometry":{"type":"LineString","coordinates":[[18.4177509,-33.9188464],[18.4179523,-33.9189988],[18.4180916,-33.9191038],[18.4182052,-33.9191869],[18.418372,-33.9193021],[18.418442,-33.9193521]]}},{"type":"Feature","properties":{"highway":"residential","name":"Chiappini Street","oneway":null,"surface":"asphalt","lanes":"2","maxspeed":"60"},"geometry":{"type":"LineString","coordinates":[[18.4190364,-33.9166645],[18.4191905,-33.9166078],[18.4192455,-33.9165872],[18.4200111,-33.9163052],[18.4204258,-33.9161606],[18.4211998,-33.9158768]]}},{"type":"Feature","properties":{"highway":"secondary","name":"Christiaan Barnard Street","oneway":"yes","surface":"asphalt","lanes":"3","maxspeed":"60"},"geometry":{"type":"LineString","coordinates":[[18.4318967,-33.9225706],[18.4319378,-33.9225183],[18.43199,-33.9224611],[18.4320471,-33.9223992]]}},{"type":"Feature","properties":{"highway":"residential","name":"Glynn Street","oneway":"yes","surface":"asphalt","lanes":"1","maxspeed":"60"},"geometry":{"type":"LineString","coordinates":[[18.4213287,-33.9310794],[18.4210993,-33.9310054],[18.4205535,-33.9308394],[18.4204919,-33.9308206]]}},{"type":"Feature","properties":{"highway":"residential","name":"Hope Street","oneway":null,"surface":"asphalt","lanes":"2","maxspeed":"60"},"geometry":{"type":"LineString","coordinates":[[18.4187346,-33.9305875],[18.4186281,-33.9308301],[18.4184747,-33.9311793]]}},{"type":"Feature","properties":{"highway":"residential","name":"Hope Street","oneway":null,"surface":"asphalt","lanes":"2","maxspeed":"60"},"geometry":{"type":"LineString","coordinates":[[18.4184747,-33.9311793],[18.4183502,-33.9314613],[18.4182777,-33.9316213],[18.4181517,-33.9318993],[18.4179927,-33.9322599],[18.4178596,-33.9325439],[18.4177162,-33.9328729],[18.41767,-33.9329738],[18.4176218,-33.933079],[18.4173954,-33.933588]]}},{"type":"Feature","properties":{"highway":"secondary","name":"Roeland Street","oneway":"yes","surface":"asphalt","lanes":"2","maxspeed":"60"},"geometry":{"type":"LineString","coordinates":[[18.4222828,-33.9298359],[18.4219223,-33.9295937],[18.4217031,-33.9294422],[18.4216185,-33.9293819]]}},{"type":"Feature","properties":{"highway":"residential","name":"Rose Street","oneway":null,"surface":"asphalt","lanes":"2","maxspeed":"60"},"geometry":{"type":"LineString","coordinates":[[18.4177509,-33.9188464],[18.418233,-33.9184006],[18.4183035,-33.918322],[18.4188929,-33.9177897]]}},{"type":"Feature","properties":{"highway":"secondary","name":"Somerset Road","oneway":null,"surface":"asphalt","lanes":"4","maxspeed":"60"},"geometry":{"type":"LineString","coordinates":[[18.4180646,-33.9149922],[18.4177846,-33.9144383],[18.4174785,-33.9138084],[18.4173434,-33.9135484],[18.4171811,-33.913263]]}},{"type":"Feature","properties":{"highway":"tertiary","name":"Saint Johns Road","oneway":null,"surface":"asphalt","lanes":"2","maxspeed":"60"},"geometry":{"type":"LineString","coordinates":[[18.4174943,-33.9297338],[18.418038,-33.9291979],[18.4189955,-33.9282661]]}},{"type":"Feature","properties":{"highway":"tertiary","name":"Strand Street","oneway":"yes","surface":"asphalt","lanes":"2","maxspeed":null},"geometry":{"type":"LineString","coordinates":[[18.4175556,-33.9179104],[18.4174774,-33.9178408],[18.4171561,-33.9175983],[18.4166459,-33.917213]]}},{"type":"Feature","properties":{"highway":"tertiary","name":"Strand Street","oneway":"yes","surface":"asphalt","lanes":"1","maxspeed":null},"geometry":{"type":"LineString","coordinates":[[18.4165509,-33.9171394],[18.4164434,-33.9170563],[18.4162307,-33.9168598],[18.4161349,-33.9167499],[18.4160563,-33.9166446],[18.4158502,-33.9163409]]}},{"type":"Feature","properties":{"highway":"residential","name":"Wale Street","oneway":null,"surface":"asphalt","lanes":"3","maxspeed":"60"},"geometry":{"type":"LineString","coordinates":[[18.4150574,-33.9212932],[18.4157381,-33.9218058],[18.415798,-33.921846]]}},{"type":"Feature","properties":{"highway":"service","name":null,"oneway":"no","surface":"asphalt","lanes":"1","maxspeed":null},"geometry":{"type":"LineString","coordinates":[[18.4265169,-33.9263975],[18.4265473,-33.926383]]}},{"type":"Feature","properties":{"highway":"pedestrian","name":null,"oneway":null,"surface":null,"lanes":null,"maxspeed":null},"geometry":{"type":"LineString","coordinates":[[18.4300372,-33.9197243],[18.4299891,-33.9197709],[18.4299471,-33.9197409],[18.4299237,-33.9197636],[18.4298445,-33.9198402],[18.4298558,-33.9198482],[18.4298246,-33.9198784],[18.4297804,-33.9198813],[18.4295955,-33.9200602],[18.4295301,-33.9200137],[18.429546,-33.9199983],[18.4294291,-33.9199152],[18.4294147,-33.919929],[18.429323,-33.9198638],[18.4293377,-33.9198496],[18.4293119,-33.9198313],[18.4292968,-33.9198205],[18.4292795,-33.9198082],[18.4292702,-33.9198016],[18.4292129,-33.9198571],[18.4292786,-33.9199039],[18.4292933,-33.9198897],[18.4293218,-33.91991],[18.4293069,-33.9199244],[18.4293211,-33.9199347],[18.4293371,-33.9199458],[18.4293518,-33.919956],[18.4293716,-33.9199703],[18.429386,-33.9199564],[18.4295044,-33.9200407],[18.4294873,-33.9200573],[18.4295021,-33.9200677],[18.4295192,-33.9200799],[18.4295353,-33.9200915],[18.4295542,-33.9201048],[18.4295693,-33.9200902],[18.4296114,-33.9201202],[18.4296271,-33.920105],[18.429641,-33.9200915],[18.4297473,-33.9199886],[18.4297926,-33.9199448],[18.4298976,-33.9199381],[18.4299506,-33.9199758],[18.4300149,-33.9199135],[18.4300033,-33.9199053],[18.4300793,-33.9198316],[18.4301253,-33.9197871],[18.4302868,-33.9196309],[18.4302563,-33.9196092],[18.4302377,-33.9196271],[18.4302231,-33.9196166],[18.4301398,-33.919557],[18.4300733,-33.9196214],[18.4300778,-33.9196247],[18.43007,-33.9196322],[18.4300507,-33.919651],[18.4300866,-33.9196765],[18.4300372,-33.9197243]]}},{"type":"Feature","properties":{"highway":"steps","name":null,"oneway":null,"surface":"concrete","lanes":null,"maxspeed":null},"geometry":{"type":"LineString","coordinates":[[18.4288937,-33.9200176],[18.4288437,-33.9200676]]}},{"type":"Feature","properties":{"highway":"steps","name":null,"oneway":null,"surface":"concrete","lanes":null,"maxspeed":null},"geometry":{"type":"LineString","coordinates":[[18.4287891,-33.9201224],[18.4288401,-33.920071],[18.4288437,-33.9200676]]}},{"type":"Feature","properties":{"highway":"steps","name":null,"oneway":null,"surface":"concrete","lanes":null,"maxspeed":null},"geometry":{"type":"LineString","coordinates":[[18.4293328,-33.9197855],[18.4292968,-33.9198205]]}},{"type":"Feature","properties":{"highway":"steps","name":null,"oneway":null,"surface":"concrete","lanes":null,"maxspeed":null},"geometry":{"type":"LineString","coordinates":[[18.4288437,-33.9200676],[18.4289466,-33.9201385]]}},{"type":"Feature","properties":{"highway":"steps","name":null,"oneway":null,"surface":"concrete","lanes":null,"maxspeed":null},"geometry":{"type":"LineString","coordinates":[[18.4295498,-33.9200502],[18.4295192,-33.9200799],[18.4294949,-33.9201035]]}},{"type":"Feature","properties":{"highway":"steps","name":null,"oneway":null,"surface":"concrete","lanes":null,"maxspeed":null},"geometry":{"type":"LineString","coordinates":[[18.4284802,-33.9203512],[18.4285796,-33.9204204],[18.4286229,-33.9204506]]}},{"type":"Feature","properties":{"highway":"steps","name":null,"oneway":null,"surface":"concrete","lanes":null,"maxspeed":null},"geometry":{"type":"LineString","coordinates":[[18.4293648,-33.919919],[18.4293371,-33.9199458],[18.4293109,-33.9199712]]}},{"type":"Feature","properties":{"highway":"service","name":null,"oneway":"no","surface":"asphalt","lanes":"2","maxspeed":null},"geometry":{"type":"LineString","coordinates":[[18.4307559,-33.919409],[18.4312717,-33.9197958],[18.4313106,-33.9198251],[18.4313265,-33.9198363],[18.4314103,-33.9198937]]}},{"type":"Feature","properties":{"highway":"service","name":null,"oneway":"no","surface":"asphalt","lanes":"2","maxspeed":null},"geometry":{"type":"LineString","coordinates":[[18.4312927,-33.9200054],[18.431208,-33.9199511],[18.4311863,-33.9199452],[18.4311439,-33.919897],[18.4306351,-33.9195217],[18.4307559,-33.919409],[18.4308702,-33.9192995],[18.430928,-33.9193424],[18.4313764,-33.9196623]]}},{"type":"Feature","properties":{"highway":"pedestrian","name":"Waterkant Street","oneway":null,"surface":"paving_stones","lanes":null,"maxspeed":null},"geometry":{"type":"LineString","coordinates":[[18.4224222,-33.9204718],[18.422457,-33.9204987],[18.4231078,-33.9209873]]}},{"type":"Feature","properties":{"highway":"residential","name":"Waterkant Street","oneway":"yes","surface":"paving_stones","lanes":null,"maxspeed":"60"},"geometry":{"type":"LineString","coordinates":[[18.4205965,-33.9190431],[18.4206298,-33.9190692],[18.4211466,-33.9194516],[18.4212114,-33.9194996]]}},{"type":"Feature","properties":{"highway":"residential","name":"Waterkant Street","oneway":"yes","surface":"paving_stones","lanes":null,"maxspeed":"60"},"geometry":{"type":"LineString","coordinates":[[18.4218536,-33.9199757],[18.4218994,-33.9200028],[18.4221615,-33.9202083],[18.4224119,-33.9204046]]}},{"type":"Feature","properties":{"highway":"residential","name":"Waterkant Street","oneway":"no","surface":"asphalt","lanes":null,"maxspeed":"60"},"geometry":{"type":"LineString","coordinates":[[18.4204721,-33.9189456],[18.4205506,-33.9190071],[18.4205965,-33.9190431]]}},{"type":"Feature","properties":{"highway":"residential","name":"Waterkant Street","oneway":"yes","surface":"paving_stones","lanes":null,"maxspeed":"60"},"geometry":{"type":"LineString","coordinates":[[18.4218536,-33.9199757],[18.4217854,-33.9199251],[18.4217139,-33.9198721],[18.421547,-33.9197485],[18.421274,-33.919546],[18.4212114,-33.9194996]]}},{"type":"Feature","properties":{"highway":"residential","name":"Waterkant Street","oneway":"yes","surface":"paving_stones","lanes":null,"maxspeed":"60"},"geometry":{"type":"LineString","coordinates":[[18.4204352,-33.9189155],[18.420399,-33.9188882],[18.4199924,-33.9185811],[18.4199203,-33.9185441]]}},{"type":"Feature","properties":{"highway":"residential","name":"Waterkant Street","oneway":"yes","surface":"asphalt","lanes":"1","maxspeed":"60"},"geometry":{"type":"LineString","coordinates":[[18.4194692,-33.9183174],[18.41945,-33.9182195],[18.4194138,-33.9181707],[18.419364,-33.9181314],[18.4192113,-33.9180212],[18.4189524,-33.9178288],[18.4188929,-33.9177897]]}},{"type":"Feature","properties":{"highway":"steps","name":null,"oneway":null,"surface":"metal","lanes":null,"maxspeed":null},"geometry":{"type":"LineString","coordinates":[[18.4198933,-33.9184499],[18.4198665,-33.9184302]]}},{"type":"Feature","properties":{"highway":"footway","name":null,"oneway":null,"surface":"paving_stones","lanes":null,"maxspeed":null},"geometry":{"type":"LineString","coordinates":[[18.4204722,-33.918831],[18.4204448,-33.9188286],[18.4201843,-33.9186338],[18.4200647,-33.9185452],[18.4199473,-33.9184609],[18.4199375,-33.9184458],[18.419792,-33.9183218]]}},{"type":"Feature","properties":{"highway":"footway","name":null,"oneway":null,"surface":null,"lanes":null,"maxspeed":null},"geometry":{"type":"LineString","coordinates":[[18.4194082,-33.9180909],[18.4193959,-33.918083],[18.419279,-33.9180047],[18.4192832,-33.9179323],[18.4189551,-33.9176847]]}},{"type":"Feature","properties":{"highway":"footway","name":null,"oneway":null,"surface":null,"lanes":null,"maxspeed":null},"geometry":{"type":"LineString","coordinates":[[18.4132299,-33.9310541],[18.4133377,-33.9310051]]}},{"type":"Feature","properties":{"highway":"service","name":null,"oneway":null,"surface":null,"lanes":null,"maxspeed":null},"geometry":{"type":"LineString","coordinates":[[18.4143595,-33.9288382],[18.4143347,-33.9288305]]}},{"type":"Feature","properties":{"highway":"service","name":null,"oneway":null,"surface":null,"lanes":null,"maxspeed":null},"geometry":{"type":"LineString","coordinates":[[18.4147157,-33.9283982],[18.4146354,-33.9285638],[18.4145822,-33.9286286],[18.4144011,-33.9288288],[18.4143775,-33.9288386],[18.4143595,-33.9288382]]}},{"type":"Feature","properties":{"highway":"footway","name":null,"oneway":null,"surface":"paved","lanes":null,"maxspeed":null},"geometry":{"type":"LineString","coordinates":[[18.4179465,-33.926961],[18.4178859,-33.9269173],[18.4175116,-33.9266579]]}},{"type":"Feature","properties":{"highway":"service","name":null,"oneway":null,"surface":null,"lanes":null,"maxspeed":null},"geometry":{"type":"LineString","coordinates":[[18.4127343,-33.9300107],[18.4124703,-33.9300502],[18.4124006,-33.9300145]]}},{"type":"Feature","properties":{"highway":"tertiary","name":"D.F. Malan Street","oneway":"yes","surface":"asphalt","lanes":"2","maxspeed":"60"},"geometry":{"type":"LineString","coordinates":[[18.4290935,-33.919456],[18.429196,-33.9194048],[18.4292501,-33.9193713],[18.4293416,-33.9192937],[18.4295594,-33.919068],[18.4301913,-33.9184749]]}},{"type":"Feature","properties":{"highway":"tertiary","name":"D.F. Malan Street","oneway":"yes","surface":"asphalt","lanes":"3","maxspeed":"60"},"geometry":{"type":"LineString","coordinates":[[18.4311873,-33.9175158],[18.4313694,-33.9173414],[18.4314532,-33.9172637],[18.4314775,-33.9172457],[18.431503,-33.9172354],[18.4315314,-33.9172258],[18.4315695,-33.9172185],[18.4316049,-33.917216],[18.4316432,-33.9172188]]}},{"type":"Feature","properties":{"highway":"tertiary","name":"D.F. Malan Street","oneway":"yes","surface":"asphalt","lanes":"2","maxspeed":"60"},"geometry":{"type":"LineString","coordinates":[[18.4287357,-33.9197677],[18.428501,-33.9198992],[18.4284677,-33.9199227],[18.4284388,-33.919933],[18.4284107,-33.9199445],[18.4283757,-33.9199533],[18.428341,-33.9199558],[18.4282984,-33.9199529],[18.4282422,-33.919942]]}},{"type":"Feature","properties":{"highway":"secondary","name":"Heerengracht Boulevard","oneway":"yes","surface":"asphalt","lanes":"4","maxspeed":"60"},"geometry":{"type":"LineString","coordinates":[[18.4293855,-33.9163025],[18.4292617,-33.9164095],[18.4286197,-33.9170465],[18.4285412,-33.9171244],[18.4285186,-33.9171468],[18.4284462,-33.9172868]]}},{"type":"Feature","properties":{"highway":"tertiary","name":"Long Street","oneway":"yes","surface":"asphalt","lanes":"3","maxspeed":"60"},"geometry":{"type":"LineString","coordinates":[[18.4224397,-33.9194388],[18.4223678,-33.919507],[18.4221313,-33.9197226],[18.421929,-33.9199112],[18.4218791,-33.9199541],[18.4218536,-33.9199757],[18.4218151,-33.9200107],[18.4214718,-33.9203214]]}},{"type":"Feature","properties":{"highway":"secondary","name":"F.W. de Klerk Boulevard","oneway":"yes","surface":"asphalt","lanes":"2","maxspeed":"60"},"geometry":{"type":"LineString","coordinates":[[18.4293855,-33.9163025],[18.4292355,-33.9162045]]}},{"type":"Feature","properties":{"highway":"secondary","name":"F.W. de Klerk Boulevard","oneway":"yes","surface":"asphalt","lanes":"3","maxspeed":"60"},"geometry":{"type":"LineString","coordinates":[[18.4311873,-33.9175158],[18.4310725,-33.9174422],[18.4308137,-33.9172667],[18.4301376,-33.9168083]]}},{"type":"Feature","properties":{"highway":"tertiary","name":"Walter Sisulu Avenue","oneway":"yes","surface":"asphalt","lanes":"4","maxspeed":"60"},"geometry":{"type":"LineString","coordinates":[[18.4263002,-33.9160916],[18.4267704,-33.9164779],[18.4268967,-33.9165814],[18.4274586,-33.9169885],[18.4275517,-33.9170533],[18.4276167,-33.9170934],[18.427695,-33.9171249]]}},{"type":"Feature","properties":{"highway":"tertiary","name":"Walter Sisulu Avenue","oneway":"yes","surface":"asphalt","lanes":"3","maxspeed":"60"},"geometry":{"type":"LineString","coordinates":[[18.4260725,-33.9161151],[18.4259729,-33.9160419]]}},{"type":"Feature","properties":{"highway":"service","name":"Victoria Road","oneway":null,"surface":null,"lanes":null,"maxspeed":null},"geometry":{"type":"LineString","coordinates":[[18.4119579,-33.9268054],[18.4123419,-33.927093]]}},{"type":"Feature","properties":{"highway":"steps","name":null,"oneway":null,"surface":null,"lanes":null,"maxspeed":null},"geometry":{"type":"LineString","coordinates":[[18.4120215,-33.9266111],[18.4118178,-33.9264554]]}},{"type":"Feature","properties":{"highway":"secondary","name":"Sir Lowry Road","oneway":"yes","surface":"asphalt","lanes":"2","maxspeed":"60"},"geometry":{"type":"LineString","coordinates":[[18.4268302,-33.9271054],[18.4269506,-33.9271993],[18.4270356,-33.9272445],[18.4271199,-33.9272673],[18.4272139,-33.9272807],[18.4273398,-33.9272737],[18.4274415,-33.9272426],[18.4277031,-33.9271557],[18.4278379,-33.9271162],[18.4279359,-33.9270943],[18.428035,-33.9270789],[18.4281291,-33.9270766],[18.4282156,-33.9270781],[18.4284553,-33.9270852],[18.4291674,-33.9271239]]}},{"type":"Feature","properties":{"highway":"service","name":"Avenue Street","oneway":null,"surface":"unpaved","lanes":null,"maxspeed":null},"geometry":{"type":"LineString","coordinates":[[18.4147576,-33.92988],[18.4151223,-33.9301244],[18.415425,-33.9303447]]}},{"type":"Feature","properties":{"highway":"footway","name":null,"oneway":null,"surface":"paved","lanes":null,"maxspeed":null},"geometry":{"type":"LineString","coordinates":[[18.4168659,-33.9271987],[18.4168376,-33.9271823],[18.4168035,-33.9271781],[18.4167707,-33.9271871],[18.4167462,-33.9272073],[18.4167351,-33.9272344],[18.4167399,-33.9272628],[18.4167594,-33.9272864],[18.4167927,-33.9273009],[18.4168304,-33.9273002],[18.4168629,-33.9272845],[18.4168821,-33.9272576],[18.4168832,-33.9272264],[18.4168659,-33.9271987]]}},{"type":"Feature","properties":{"highway":"footway","name":null,"oneway":null,"surface":"paved","lanes":null,"maxspeed":null},"geometry":{"type":"LineString","coordinates":[[18.4168659,-33.9271987],[18.4174011,-33.9266683]]}},{"type":"Feature","properties":{"highway":"footway","name":null,"oneway":null,"surface":"paved","lanes":null,"maxspeed":null},"geometry":{"type":"LineString","coordinates":[[18.4159026,-33.9298825],[18.4156084,-33.9296588],[18.4152522,-33.9294115]]}},{"type":"Feature","properties":{"highway":"footway","name":null,"oneway":null,"surface":"paved","lanes":null,"maxspeed":null},"geometry":{"type":"LineString","coordinates":[[18.4151223,-33.9301244],[18.4156084,-33.9296588],[18.416501,-33.9288038],[18.4166671,-33.9286447]]}},{"type":"Feature","properties":{"highway":"residential","name":"Glynn Street","oneway":null,"surface":"asphalt","lanes":"2","maxspeed":"60"},"geometry":{"type":"LineString","coordinates":[[18.4223784,-33.9314518],[18.4217904,-33.9312405]]}},{"type":"Feature","properties":{"highway":"residential","name":"McKenzie Street","oneway":null,"surface":"asphalt","lanes":"2","maxspeed":"30"},"geometry":{"type":"LineString","coordinates":[[18.4246561,-33.9319901],[18.4247067,-33.9319568],[18.4247254,-33.9319445],[18.4251921,-33.9316376],[18.4262914,-33.9309146],[18.426646,-33.9306814]]}},{"type":"Feature","properties":{"highway":"service","name":null,"oneway":null,"surface":null,"lanes":null,"maxspeed":null},"geometry":{"type":"LineString","coordinates":[[18.4224051,-33.9305086],[18.4224844,-33.9305878]]}},{"type":"Feature","properties":{"highway":"service","name":null,"oneway":null,"surface":null,"lanes":null,"maxspeed":null},"geometry":{"type":"LineString","coordinates":[[18.4228317,-33.9304148],[18.4225615,-33.9305884],[18.422538,-33.9305967],[18.4225226,-33.9305995],[18.4225032,-33.9305962],[18.4224844,-33.9305878]]}},{"type":"Feature","properties":{"highway":"service","name":null,"oneway":null,"surface":"asphalt","lanes":null,"maxspeed":null},"geometry":{"type":"LineString","coordinates":[[18.417332,-33.9308091],[18.4178016,-33.9311414]]}},{"type":"Feature","properties":{"highway":"residential","name":"Corporation Street","oneway":"yes","surface":"asphalt","lanes":"1","maxspeed":"60"},"geometry":{"type":"LineString","coordinates":[[18.4220223,-33.9263423],[18.4221394,-33.9262315],[18.4222902,-33.9260887],[18.4223845,-33.9260046],[18.4225317,-33.9258715],[18.4226868,-33.9257201]]}},{"type":"Feature","properties":{"highway":"primary","name":"Buitengracht Street","oneway":"yes","surface":"asphalt","lanes":"6","maxspeed":"60"},"geometry":{"type":"LineString","coordinates":[[18.4233862,-33.9154063],[18.4229444,-33.915627],[18.4226148,-33.9158273],[18.4225866,-33.9158469],[18.4224909,-33.915912]]}},{"type":"Feature","properties":{"highway":"motorway","name":"Nelson Mandela Boulevard","oneway":"yes","surface":"asphalt","lanes":"3","maxspeed":"80"},"geometry":{"type":"LineString","coordinates":[[18.4291437,-33.915565],[18.4297209,-33.9159199],[18.4316499,-33.9170952]]}},{"type":"Feature","properties":{"highway":"motorway","name":"Nelson Mandela Boulevard","oneway":"yes","surface":"asphalt","lanes":"4","maxspeed":"80"},"geometry":{"type":"LineString","coordinates":[[18.4275825,-33.9153664],[18.4273794,-33.9152504],[18.4271773,-33.9151536],[18.4269835,-33.9150747]]}},{"type":"Feature","properties":{"highway":"motorway","name":"Nelson Mandela Boulevard","oneway":"yes","surface":"asphalt","lanes":"3","maxspeed":"80"},"geometry":{"type":"LineString","coordinates":[[18.4296848,-33.9166284],[18.4281111,-33.9156623],[18.4275825,-33.9153664]]}},{"type":"Feature","properties":{"highway":"motorway","name":"Nelson Mandela Boulevard","oneway":"yes","surface":"asphalt","lanes":"3","maxspeed":"80"},"geometry":{"type":"LineString","coordinates":[[18.426739,-33.9142027],[18.4268073,-33.9142226],[18.4270477,-33.9143116],[18.4272474,-33.9143975],[18.4274545,-33.914511],[18.4276917,-33.9146459],[18.428524,-33.9151845],[18.4290057,-33.9154811]]}},{"type":"Feature","properties":{"highway":"motorway","name":"Nelson Mandela Boulevard","oneway":"yes","surface":"asphalt","lanes":"5","maxspeed":"80"},"geometry":{"type":"LineString","coordinates":[[18.4269835,-33.9150747],[18.4267878,-33.9149968],[18.4265865,-33.914936],[18.4263862,-33.9148846],[18.4262025,-33.9148502],[18.4260168,-33.9148286],[18.4258329,-33.9148146]]}},{"type":"Feature","properties":{"highway":"motorway_link","name":null,"oneway":"yes","surface":"asphalt","lanes":"2","maxspeed":null},"geometry":{"type":"LineString","coordinates":[[18.4251216,-33.9149423],[18.4250939,-33.914957],[18.4250499,-33.9150226],[18.4250332,-33.915102],[18.425069,-33.9152105]]}},{"type":"Feature","properties":{"highway":"primary","name":"Buitengracht Street","oneway":"yes","surface":"asphalt","lanes":"3","maxspeed":"60"},"geometry":{"type":"LineString","coordinates":[[18.4197376,-33.9182813],[18.4196743,-33.9183399],[18.419643,-33.918367],[18.4196072,-33.9183993]]}},{"type":"Feature","properties":{"highway":"primary","name":"Buitengracht Street","oneway":"yes","surface":"asphalt","lanes":"5","maxspeed":"60"},"geometry":{"type":"LineString","coordinates":[[18.4226396,-33.915211],[18.4229634,-33.9149296],[18.4231622,-33.9147754],[18.4233728,-33.9146284],[18.4236564,-33.9144491],[18.4237459,-33.9144001]]}},{"type":"Feature","properties":{"highway":"motorway","name":null,"oneway":"yes","surface":"asphalt","lanes":"2","maxspeed":"80"},"geometry":{"type":"LineString","coordinates":[[18.4320514,-33.9182641],[18.4308656,-33.9173944]]}},{"type":"Feature","properties":{"highway":"motorway","name":"Nelson Mandela Boulevard","oneway":"yes","surface":"asphalt","lanes":"2","maxspeed":"80"},"geometry":{"type":"LineString","coordinates":[[18.4321211,-33.9181868],[18.4308656,-33.9173944]]}},{"type":"Feature","properties":{"highway":"living_street","name":"Shortmarket Street","oneway":"yes","surface":"paving_stones","lanes":"1","maxspeed":null},"geometry":{"type":"LineString","coordinates":[[18.4196366,-33.9220116],[18.4195881,-33.9219778],[18.4190455,-33.9215889],[18.4189788,-33.9215401]]}},{"type":"Feature","properties":{"highway":"residential","name":"Burg Street","oneway":null,"surface":"asphalt","lanes":null,"maxspeed":"60"},"geometry":{"type":"LineString","coordinates":[[18.4204866,-33.922322],[18.4205582,-33.9222564],[18.4208393,-33.9219912]]}},{"type":"Feature","properties":{"highway":"service","name":null,"oneway":"yes","surface":"asphalt","lanes":"1","maxspeed":null},"geometry":{"type":"LineString","coordinates":[[18.4264542,-33.9210672],[18.4264768,-33.9210953],[18.4265531,-33.9211477],[18.4268036,-33.921318],[18.4271497,-33.9215509],[18.4271528,-33.9215552],[18.4272464,-33.9215476],[18.4272833,-33.9214835]]}},{"type":"Feature","properties":{"highway":"steps","name":null,"oneway":null,"surface":"concrete","lanes":null,"maxspeed":null},"geometry":{"type":"LineString","coordinates":[[18.4273271,-33.9215558],[18.4272853,-33.921595]]}},{"type":"Feature","properties":{"highway":"secondary_link","name":null,"oneway":"yes","surface":"asphalt","lanes":"1","maxspeed":null},"geometry":{"type":"LineString","coordinates":[[18.4305034,-33.9241063],[18.430527,-33.9241371],[18.4305431,-33.9241649],[18.4305619,-33.9242116],[18.4305646,-33.9242628],[18.4305619,-33.9243641],[18.4305713,-33.9244208],[18.4306056,-33.9245064]]}},{"type":"Feature","properties":{"highway":"service","name":"Station Deck","oneway":null,"surface":"asphalt","lanes":"2","maxspeed":"60"},"geometry":{"type":"LineString","coordinates":[[18.4261263,-33.9218589],[18.426246,-33.92174],[18.4264044,-33.9215825],[18.4266066,-33.9213816],[18.4266352,-33.9213703],[18.4266652,-33.921368],[18.4266937,-33.9213816],[18.4267199,-33.9214],[18.4270492,-33.9216311],[18.4273776,-33.9218643],[18.4274112,-33.9218881],[18.4274767,-33.9219346],[18.4275017,-33.9219523],[18.4279462,-33.9222953],[18.4283302,-33.9225738],[18.4284213,-33.9226396],[18.4300989,-33.9238318]]}},{"type":"Feature","properties":{"highway":"footway","name":null,"oneway":null,"surface":"paved","lanes":null,"maxspeed":null},"geometry":{"type":"LineString","coordinates":[[18.4277346,-33.9220496],[18.427758,-33.9220268],[18.428084,-33.9217212]]}},{"type":"Feature","properties":{"highway":"service","name":"Paddock Avenue","oneway":null,"surface":"asphalt","lanes":null,"maxspeed":null},"geometry":{"type":"LineString","coordinates":[[18.4167902,-33.9290237],[18.4169642,-33.9288597],[18.4170168,-33.9288101],[18.4171934,-33.9286437],[18.4172088,-33.9286292]]}},{"type":"Feature","properties":{"highway":"footway","name":null,"oneway":null,"surface":"paved","lanes":null,"maxspeed":null},"geometry":{"type":"LineString","coordinates":[[18.4174011,-33.9266683],[18.4174284,-33.92668],[18.417459,-33.9266821],[18.4174882,-33.9266743],[18.4175116,-33.9266579],[18.4175257,-33.9266353],[18.4175283,-33.9266099],[18.4175189,-33.9265856],[18.4174991,-33.9265662],[18.4174718,-33.9265545],[18.4174412,-33.9265524],[18.417412,-33.9265602],[18.4173886,-33.9265766],[18.4173745,-33.9265992],[18.4173719,-33.9266246],[18.4173813,-33.9266489],[18.4174011,-33.9266683]]}},{"type":"Feature","properties":{"highway":"footway","name":null,"oneway":null,"surface":"paved","lanes":null,"maxspeed":null},"geometry":{"type":"LineString","coordinates":[[18.4182491,-33.9258639],[18.4187919,-33.9258043],[18.4190455,-33.9258338],[18.4191025,-33.925872]]}},{"type":"Feature","properties":{"highway":"service","name":null,"oneway":null,"surface":"asphalt","lanes":null,"maxspeed":null},"geometry":{"type":"LineString","coordinates":[[18.4281057,-33.9281928],[18.4280476,-33.9282489],[18.4279703,-33.9283236]]}},{"type":"Feature","properties":{"highway":"service","name":null,"oneway":null,"surface":"asphalt","lanes":null,"maxspeed":null},"geometry":{"type":"LineString","coordinates":[[18.4280834,-33.9298227],[18.4281399,-33.9297499],[18.4281495,-33.9297383]]}},{"type":"Feature","properties":{"highway":"service","name":null,"oneway":null,"surface":"compacted","lanes":null,"maxspeed":null},"geometry":{"type":"LineString","coordinates":[[18.4285498,-33.9296061],[18.4287345,-33.9296951],[18.4288704,-33.9294951],[18.4290397,-33.9292481],[18.4290437,-33.9292347],[18.4290417,-33.9292231],[18.429035,-33.9292125],[18.4287041,-33.9290529]]}},{"type":"Feature","properties":{"highway":"service","name":null,"oneway":null,"surface":"asphalt","lanes":null,"maxspeed":null},"geometry":{"type":"LineString","coordinates":[[18.4281525,-33.9291564],[18.4281368,-33.9291791],[18.428013,-33.9293534],[18.4278751,-33.9295462],[18.4278557,-33.9295702],[18.4278453,-33.9295837]]}},{"type":"Feature","properties":{"highway":"service","name":null,"oneway":null,"surface":"asphalt","lanes":null,"maxspeed":null},"geometry":{"type":"LineString","coordinates":[[18.4283095,-33.9292345],[18.4282899,-33.9292582],[18.428167,-33.9294264],[18.4280274,-33.929627],[18.4280006,-33.9296582],[18.4279918,-33.9296686]]}},{"type":"Feature","properties":{"highway":"service","name":null,"oneway":null,"surface":"asphalt","lanes":null,"maxspeed":null},"geometry":{"type":"LineString","coordinates":[[18.4286145,-33.9293717],[18.4284752,-33.9295698],[18.4283196,-33.9297802],[18.4282936,-33.9298193]]}},{"type":"Feature","properties":{"highway":"service","name":null,"oneway":null,"surface":"asphalt","lanes":null,"maxspeed":null},"geometry":{"type":"LineString","coordinates":[[18.4275193,-33.9278015],[18.4274843,-33.9278365],[18.4273325,-33.9279876]]}},{"type":"Feature","properties":{"highway":"service","name":null,"oneway":null,"surface":null,"lanes":null,"maxspeed":null},"geometry":{"type":"LineString","coordinates":[[18.4291687,-33.9277611],[18.4289704,-33.9276048],[18.4289562,-33.9276029],[18.4289417,-33.9276062],[18.4288268,-33.9277072],[18.4288229,-33.9277245],[18.4288294,-33.927738],[18.4292112,-33.92805],[18.4292317,-33.9280524],[18.4292492,-33.9280479],[18.429365,-33.9279455],[18.4293671,-33.9279284],[18.4293582,-33.9279119],[18.4291687,-33.9277611]]}},{"type":"Feature","properties":{"highway":"service","name":null,"oneway":null,"surface":null,"lanes":null,"maxspeed":null},"geometry":{"type":"LineString","coordinates":[[18.4305636,-33.9285146],[18.4305666,-33.9284699],[18.4308954,-33.9284857],[18.4309132,-33.9284825],[18.430926,-33.9284731],[18.4309338,-33.9284564],[18.430945,-33.9283336],[18.4310049,-33.9283373]]}},{"type":"Feature","properties":{"highway":"service","name":null,"oneway":null,"surface":"asphalt","lanes":null,"maxspeed":null},"geometry":{"type":"LineString","coordinates":[[18.4305666,-33.9284699],[18.4303892,-33.9284616],[18.4303527,-33.9284413],[18.4303397,-33.9284146],[18.4304239,-33.9283046],[18.4305538,-33.9281409],[18.4305804,-33.928129],[18.4306673,-33.9281327],[18.4309555,-33.9281503],[18.430945,-33.9283336]]}},{"type":"Feature","properties":{"highway":"service","name":null,"oneway":null,"surface":null,"lanes":null,"maxspeed":null},"geometry":{"type":"LineString","coordinates":[[18.430945,-33.9283336],[18.4304239,-33.9283046]]}},{"type":"Feature","properties":{"highway":"service","name":null,"oneway":null,"surface":null,"lanes":null,"maxspeed":null},"geometry":{"type":"LineString","coordinates":[[18.4309555,-33.9281503],[18.4309629,-33.9280035],[18.4309579,-33.9279905],[18.4309474,-33.9279868],[18.430704,-33.9279734],[18.4306895,-33.9279763],[18.4306819,-33.9279857],[18.4306673,-33.9281327]]}},{"type":"Feature","properties":{"highway":"service","name":null,"oneway":null,"surface":"asphalt","lanes":null,"maxspeed":null},"geometry":{"type":"LineString","coordinates":[[18.4309746,-33.9298233],[18.4310246,-33.9297753],[18.4311304,-33.929674],[18.431648,-33.9292452],[18.4316639,-33.9290542],[18.4318272,-33.9290617],[18.4318534,-33.9290667],[18.4318748,-33.9290745],[18.4318936,-33.9290856],[18.4319203,-33.9291119],[18.4320274,-33.92921]]}},{"type":"Feature","properties":{"highway":"service","name":null,"oneway":null,"surface":"asphalt","lanes":null,"maxspeed":null},"geometry":{"type":"LineString","coordinates":[[18.431648,-33.9292452],[18.4316129,-33.929393],[18.431392,-33.9297444],[18.4313732,-33.9297577],[18.4313478,-33.9297644],[18.4313183,-33.9297577],[18.4311304,-33.929674]]}},{"type":"Feature","properties":{"highway":"service","name":null,"oneway":null,"surface":"asphalt","lanes":null,"maxspeed":null},"geometry":{"type":"LineString","coordinates":[[18.4316639,-33.9290542],[18.4316736,-33.9289093],[18.4316783,-33.9288976],[18.4316857,-33.9288915],[18.4316998,-33.9288876],[18.4318279,-33.9288928]]}},{"type":"Feature","properties":{"highway":"service","name":null,"oneway":null,"surface":"asphalt","lanes":null,"maxspeed":null},"geometry":{"type":"LineString","coordinates":[[18.4329396,-33.9269257],[18.4341225,-33.9269703],[18.434156,-33.9269792],[18.4341721,-33.9269947],[18.4341748,-33.9270125],[18.4341668,-33.927145],[18.434152,-33.9271639],[18.4341319,-33.9271706],[18.4341051,-33.9271728],[18.432949,-33.9271043],[18.432937,-33.9270982],[18.4329282,-33.9270877],[18.4329282,-33.9270804],[18.4329396,-33.9269257]]}},{"type":"Feature","properties":{"highway":"service","name":null,"oneway":null,"surface":null,"lanes":null,"maxspeed":null},"geometry":{"type":"LineString","coordinates":[[18.4327673,-33.926918],[18.4324951,-33.9269052],[18.4324555,-33.926899],[18.4324408,-33.9268879],[18.4324354,-33.9268612],[18.4324294,-33.9267586],[18.4324243,-33.9267419],[18.4324153,-33.9267327],[18.4323915,-33.9267263],[18.4322758,-33.9267132]]}},{"type":"Feature","properties":{"highway":"service","name":null,"oneway":null,"surface":null,"lanes":null,"maxspeed":null},"geometry":{"type":"LineString","coordinates":[[18.4361078,-33.9264196],[18.4358586,-33.9264573],[18.4357989,-33.9264625],[18.435246,-33.9264793],[18.4344654,-33.926454],[18.4344366,-33.9264425],[18.434418,-33.9264285],[18.4343136,-33.9262912],[18.4360984,-33.9263549],[18.4361078,-33.9264196]]}},{"type":"Feature","properties":{"highway":"service","name":null,"oneway":null,"surface":null,"lanes":null,"maxspeed":null},"geometry":{"type":"LineString","coordinates":[[18.4343136,-33.9262912],[18.4342144,-33.9261863],[18.434209,-33.9261715],[18.4342117,-33.9261585],[18.4342177,-33.9261485],[18.4342278,-33.9261429],[18.4360705,-33.9262152],[18.4360845,-33.9262189],[18.4360929,-33.9262252],[18.4360979,-33.9262386],[18.4360984,-33.9263549]]}},{"type":"Feature","properties":{"highway":"service","name":null,"oneway":null,"surface":null,"lanes":null,"maxspeed":null},"geometry":{"type":"LineString","coordinates":[[18.4206276,-33.9275545],[18.4207581,-33.9276492],[18.420902,-33.9277481],[18.4210305,-33.9278374],[18.4211668,-33.9279278],[18.4212787,-33.9279996],[18.4212821,-33.9280046],[18.4212868,-33.9280152],[18.4212848,-33.9280235],[18.4211272,-33.9281798],[18.4211178,-33.9281821],[18.4211057,-33.928181],[18.4210977,-33.9281776],[18.4209969,-33.928106],[18.420858,-33.9280113],[18.4207295,-33.9279174],[18.420597,-33.9278232],[18.4204882,-33.9277553],[18.4204821,-33.927747],[18.4204801,-33.9277375],[18.4204815,-33.9277275],[18.4204875,-33.9277158],[18.4206276,-33.9275545]]}},{"type":"Feature","properties":{"highway":"service","name":null,"oneway":null,"surface":"asphalt","lanes":null,"maxspeed":null},"geometry":{"type":"LineString","coordinates":[[18.4201505,-33.9280522],[18.4199987,-33.9279617],[18.4201113,-33.9278388],[18.4201348,-33.9278132],[18.4201542,-33.9278004],[18.4202125,-33.9277622],[18.4203031,-33.9277108],[18.4203306,-33.9276874],[18.4203467,-33.927673],[18.4204585,-33.9275418],[18.4204902,-33.9275049]]}},{"type":"Feature","properties":{"highway":"service","name":null,"oneway":null,"surface":"asphalt","lanes":null,"maxspeed":null},"geometry":{"type":"LineString","coordinates":[[18.4203149,-33.9281567],[18.4203368,-33.9281729],[18.4204934,-33.9281895],[18.420578,-33.9280819],[18.4205867,-33.928073],[18.4205968,-33.9280697],[18.4206109,-33.9280702],[18.420627,-33.9280775],[18.420806,-33.9281971],[18.42081,-33.9282043],[18.420808,-33.928216],[18.4207993,-33.9282299],[18.420713,-33.9283175],[18.4206618,-33.9283785],[18.4206464,-33.9283824],[18.4206317,-33.9283807],[18.4206183,-33.9283768],[18.4203773,-33.9282065],[18.4203368,-33.9281729]]}},{"type":"Feature","properties":{"highway":"service","name":null,"oneway":null,"surface":"asphalt","lanes":null,"maxspeed":null},"geometry":{"type":"LineString","coordinates":[[18.420713,-33.9283175],[18.4204934,-33.9281895]]}},{"type":"Feature","properties":{"highway":"service","name":null,"oneway":null,"surface":"asphalt","lanes":null,"maxspeed":null},"geometry":{"type":"LineString","coordinates":[[18.4202125,-33.9277622],[18.4202602,-33.9278449],[18.420279,-33.9278711],[18.420295,-33.9278861],[18.4203507,-33.9279228],[18.4204553,-33.9279896],[18.4204607,-33.9279973],[18.420462,-33.9280152],[18.4204566,-33.9280229],[18.4203368,-33.9281729]]}},{"type":"Feature","properties":{"highway":"service","name":null,"oneway":null,"surface":null,"lanes":null,"maxspeed":null},"geometry":{"type":"LineString","coordinates":[[18.4203507,-33.9279228],[18.420424,-33.9278443]]}},{"type":"Feature","properties":{"highway":"service","name":null,"oneway":null,"surface":null,"lanes":null,"maxspeed":null},"geometry":{"type":"LineString","coordinates":[[18.420597,-33.9278232],[18.4207581,-33.9276492]]}},{"type":"Feature","properties":{"highway":"service","name":null,"oneway":null,"surface":null,"lanes":null,"maxspeed":null},"geometry":{"type":"LineString","coordinates":[[18.4207295,-33.9279174],[18.420902,-33.9277481]]}},{"type":"Feature","properties":{"highway":"service","name":null,"oneway":null,"surface":null,"lanes":null,"maxspeed":null},"geometry":{"type":"LineString","coordinates":[[18.420858,-33.9280113],[18.4210305,-33.9278374]]}},{"type":"Feature","properties":{"highway":"service","name":null,"oneway":null,"surface":null,"lanes":null,"maxspeed":null},"geometry":{"type":"LineString","coordinates":[[18.4209969,-33.928106],[18.4211668,-33.9279278]]}},{"type":"Feature","properties":{"highway":"service","name":null,"oneway":"yes","surface":null,"lanes":null,"maxspeed":null},"geometry":{"type":"LineString","coordinates":[[18.418549,-33.9281299],[18.4186274,-33.9281826],[18.4186312,-33.9281935],[18.4186312,-33.9282047],[18.418624,-33.9282182],[18.4182378,-33.9285787],[18.4180853,-33.9284708],[18.4180755,-33.9284595],[18.4180759,-33.928448],[18.4180851,-33.928437],[18.4184524,-33.9280962],[18.4184643,-33.9280892],[18.4184799,-33.928088],[18.4184976,-33.9280922],[18.418549,-33.9281299]]}},{"type":"Feature","properties":{"highway":"secondary","name":"Darling Street","oneway":null,"surface":"asphalt","lanes":"4","maxspeed":"60"},"geometry":{"type":"LineString","coordinates":[[18.4223813,-33.9239541],[18.4224559,-33.9240086],[18.4228654,-33.9243073],[18.422909,-33.9243391],[18.4229958,-33.9244025]]}},{"type":"Feature","properties":{"highway":"pedestrian","name":"Parliament Street","oneway":null,"surface":"paving_stones","lanes":null,"maxspeed":null},"geometry":{"type":"LineString","coordinates":[[18.4223813,-33.9239541],[18.4232691,-33.9231267]]}},{"type":"Feature","properties":{"highway":"motorway","name":"Nelson Mandela Boulevard","oneway":"yes","surface":"asphalt","lanes":"4","maxspeed":"80"},"geometry":{"type":"LineString","coordinates":[[18.4339508,-33.9279399],[18.4338174,-33.9278079],[18.4336932,-33.9276413],[18.4335646,-33.927438]]}},{"type":"Feature","properties":{"highway":"motorway","name":"Nelson Mandela Boulevard","oneway":"yes","surface":"asphalt","lanes":"3","maxspeed":"80"},"geometry":{"type":"LineString","coordinates":[[18.4335646,-33.927438],[18.4334675,-33.9272426],[18.4334128,-33.9271198],[18.4333331,-33.9269201],[18.4332677,-33.9267182],[18.4332413,-33.9265279],[18.4331975,-33.9261122]]}},{"type":"Feature","properties":{"highway":"motorway","name":"Nelson Mandela Boulevard","oneway":"yes","surface":"asphalt","lanes":"2","maxspeed":"80"},"geometry":{"type":"LineString","coordinates":[[18.4316499,-33.9170952],[18.4322092,-33.9174759],[18.432994,-33.9179093],[18.4334435,-33.9181429]]}},{"type":"Feature","properties":{"highway":"residential","name":"Faure Street","oneway":"yes","surface":"asphalt","lanes":null,"maxspeed":null},"geometry":{"type":"LineString","coordinates":[[18.410908,-33.9308285],[18.4114118,-33.9302598],[18.4118212,-33.9297977],[18.4122697,-33.9292915]]}},{"type":"Feature","properties":{"highway":"service","name":null,"oneway":"yes","surface":"asphalt","lanes":null,"maxspeed":null},"geometry":{"type":"LineString","coordinates":[[18.4133203,-33.9312025],[18.4132742,-33.9312906]]}},{"type":"Feature","properties":{"highway":"service","name":null,"oneway":"yes","surface":"paving_stones","lanes":null,"maxspeed":null},"geometry":{"type":"LineString","coordinates":[[18.4131913,-33.9313418],[18.4132127,-33.9312815]]}},{"type":"Feature","properties":{"highway":"service","name":null,"oneway":"yes","surface":"asphalt","lanes":null,"maxspeed":null},"geometry":{"type":"LineString","coordinates":[[18.4132348,-33.931262],[18.4133203,-33.9312025]]}},{"type":"Feature","properties":{"highway":"service","name":null,"oneway":"yes","surface":"paving_stones","lanes":null,"maxspeed":null},"geometry":{"type":"LineString","coordinates":[[18.4132127,-33.9312815],[18.4132348,-33.931262]]}},{"type":"Feature","properties":{"highway":"service","name":null,"oneway":"yes","surface":"paving_stones","lanes":null,"maxspeed":null},"geometry":{"type":"LineString","coordinates":[[18.4132742,-33.9312906],[18.4132535,-33.9313113]]}},{"type":"Feature","properties":{"highway":"service","name":null,"oneway":"yes","surface":"asphalt","lanes":null,"maxspeed":null},"geometry":{"type":"LineString","coordinates":[[18.4124586,-33.9252357],[18.4124563,-33.9253389],[18.4122907,-33.9255047],[18.412203,-33.9254963]]}},{"type":"Feature","properties":{"highway":"service","name":null,"oneway":null,"surface":"paving_stones","lanes":null,"maxspeed":null},"geometry":{"type":"LineString","coordinates":[[18.4138883,-33.9274431],[18.4139503,-33.9274577],[18.4139744,-33.9274749],[18.4139978,-33.9275272]]}},{"type":"Feature","properties":{"highway":"secondary","name":"Wale Street","oneway":"yes","surface":"asphalt","lanes":"2","maxspeed":"60"},"geometry":{"type":"LineString","coordinates":[[18.4159431,-33.9220071],[18.4158504,-33.921937]]}},{"type":"Feature","properties":{"highway":"secondary","name":"Wale Street","oneway":"yes","surface":"asphalt","lanes":"2","maxspeed":"60"},"geometry":{"type":"LineString","coordinates":[[18.420103,-33.924949],[18.4200333,-33.9249495],[18.4199724,-33.9249215],[18.4194266,-33.9245304],[18.4192897,-33.9244322],[18.4190545,-33.9242616]]}},{"type":"Feature","properties":{"highway":"residential","name":"Wale Street","oneway":"yes","surface":"asphalt","lanes":"2","maxspeed":"60"},"geometry":{"type":"LineString","coordinates":[[18.415798,-33.921846],[18.4159253,-33.9218514]]}},{"type":"Feature","properties":{"highway":"service","name":null,"oneway":"no","surface":"asphalt","lanes":"2","maxspeed":null},"geometry":{"type":"LineString","coordinates":[[18.423921,-33.9176089],[18.4239533,-33.9175599]]}},{"type":"Feature","properties":{"highway":"service","name":null,"oneway":null,"surface":"asphalt","lanes":"2","maxspeed":null},"geometry":{"type":"LineString","coordinates":[[18.4272253,-33.9111011],[18.426857,-33.9114421],[18.4268473,-33.9114574],[18.4268432,-33.9114784],[18.426846,-33.9114945],[18.4268541,-33.9115088],[18.4268663,-33.9115214],[18.427819,-33.9122268],[18.429038,-33.913138],[18.4293365,-33.9133586],[18.4298201,-33.9137142],[18.4303054,-33.9140596],[18.430331,-33.9140776],[18.4307832,-33.9144121],[18.431209,-33.9147233],[18.4330888,-33.9160843],[18.4335061,-33.9163974],[18.4346765,-33.9172712],[18.4347754,-33.917345],[18.4355467,-33.9179318],[18.4356603,-33.9180183]]}},{"type":"Feature","properties":{"highway":"service","name":null,"oneway":null,"surface":"asphalt","lanes":"2","maxspeed":null},"geometry":{"type":"LineString","coordinates":[[18.4272253,-33.9111011],[18.4282321,-33.9118381],[18.4290254,-33.9124188],[18.4296748,-33.9129053],[18.4306527,-33.9136171],[18.4312839,-33.9140796],[18.4333222,-33.9155827],[18.4335232,-33.9157306],[18.4341121,-33.9161665],[18.4354948,-33.9171841],[18.4360885,-33.9176224],[18.4373463,-33.9185481],[18.4398472,-33.9203829],[18.4399249,-33.9204362],[18.4400156,-33.920489],[18.4402514,-33.920619],[18.4403648,-33.9206882]]}},{"type":"Feature","properties":{"highway":"service","name":null,"oneway":"yes","surface":"asphalt","lanes":"2","maxspeed":null},"geometry":{"type":"LineString","coordinates":[[18.4225261,-33.9150409],[18.4224635,-33.9149143],[18.4224532,-33.9148958],[18.4224352,-33.9148782]]}},{"type":"Feature","properties":{"highway":"service","name":null,"oneway":null,"surface":"asphalt","lanes":"2","maxspeed":null},"geometry":{"type":"LineString","coordinates":[[18.4220451,-33.9150512],[18.4221075,-33.9150972],[18.4221216,-33.9151038],[18.4222381,-33.9151448],[18.4223099,-33.9151526],[18.4223402,-33.9151495],[18.4224111,-33.9151219],[18.4223662,-33.9150163],[18.4223315,-33.9149408],[18.4223208,-33.9149313],[18.4223043,-33.9149249]]}},{"type":"Feature","properties":{"highway":"service","name":null,"oneway":null,"surface":"asphalt","lanes":"2","maxspeed":null},"geometry":{"type":"LineString","coordinates":[[18.4220451,-33.9150512],[18.4220264,-33.9150337],[18.4220135,-33.9150146],[18.4220117,-33.914997],[18.4220204,-33.914982],[18.4220504,-33.9149684],[18.4222651,-33.9149241],[18.4222871,-33.9149222],[18.4223043,-33.9149249]]}},{"type":"Feature","properties":{"highway":"primary","name":"Hans Strijdom Avenue","oneway":"yes","surface":"asphalt","lanes":"4","maxspeed":"60"},"geometry":{"type":"LineString","coordinates":[[18.422208,-33.9155847],[18.4223616,-33.9157622],[18.4224909,-33.915912]]}},{"type":"Feature","properties":{"highway":"primary","name":"Hans Strijdom Avenue","oneway":"yes","surface":"asphalt","lanes":"4","maxspeed":"60"},"geometry":{"type":"LineString","coordinates":[[18.4223435,-33.9160128],[18.4221492,-33.9157938],[18.4220652,-33.915699]]}},{"type":"Feature","properties":{"highway":"primary","name":"Helen Suzman Boulevard","oneway":"yes","surface":"asphalt","lanes":"3","maxspeed":"60"},"geometry":{"type":"LineString","coordinates":[[18.4217448,-33.9149837],[18.4219523,-33.9153037]]}},{"type":"Feature","properties":{"highway":"primary","name":"Helen Suzman Boulevard","oneway":"yes","surface":"asphalt","lanes":"4","maxspeed":"60"},"geometry":{"type":"LineString","coordinates":[[18.4216321,-33.9147873],[18.4217448,-33.9149837]]}},{"type":"Feature","properties":{"highway":"service","name":null,"oneway":"yes","surface":"asphalt","lanes":"1","maxspeed":null},"geometry":{"type":"LineString","coordinates":[[18.4215058,-33.9150733],[18.4212912,-33.9146404],[18.4210338,-33.9139707]]}},{"type":"Feature","properties":{"highway":"service","name":null,"oneway":"no","surface":"paved","lanes":"2","maxspeed":null},"geometry":{"type":"LineString","coordinates":[[18.4309409,-33.9165369],[18.4303515,-33.9161578]]}},{"type":"Feature","properties":{"highway":"service","name":null,"oneway":"yes","surface":"paved","lanes":"2","maxspeed":null},"geometry":{"type":"LineString","coordinates":[[18.4303515,-33.9161578],[18.4305493,-33.9159669]]}},{"type":"Feature","properties":{"highway":"service","name":null,"oneway":"no","surface":"paved","lanes":"2","maxspeed":null},"geometry":{"type":"LineString","coordinates":[[18.4303575,-33.9158245],[18.4305493,-33.9159669]]}},{"type":"Feature","properties":{"highway":"service","name":null,"oneway":"no","surface":"paved","lanes":"2","maxspeed":null},"geometry":{"type":"LineString","coordinates":[[18.4307613,-33.915987],[18.4306868,-33.9160655]]}},{"type":"Feature","properties":{"highway":"service","name":null,"oneway":"yes","surface":"paved","lanes":"2","maxspeed":null},"geometry":{"type":"LineString","coordinates":[[18.4311157,-33.9163731],[18.4309409,-33.9165369]]}},{"type":"Feature","properties":{"highway":"service","name":null,"oneway":"no","surface":"paved","lanes":"2","maxspeed":null},"geometry":{"type":"LineString","coordinates":[[18.4309026,-33.9160791],[18.4308225,-33.9161628]]}},{"type":"Feature","properties":{"highway":"service","name":null,"oneway":"no","surface":"paved","lanes":"2","maxspeed":null},"geometry":{"type":"LineString","coordinates":[[18.4303515,-33.9161578],[18.4301496,-33.9160305]]}},{"type":"Feature","properties":{"highway":"service","name":null,"oneway":"no","surface":"paved","lanes":"2","maxspeed":null},"geometry":{"type":"LineString","coordinates":[[18.4315082,-33.9165163],[18.4314315,-33.9165931]]}},{"type":"Feature","properties":{"highway":"service","name":null,"oneway":"no","surface":"paved","lanes":"2","maxspeed":null},"geometry":{"type":"LineString","coordinates":[[18.4315715,-33.9166906],[18.4316556,-33.9166085]]}},{"type":"Feature","properties":{"highway":"service","name":null,"oneway":"no","surface":"paved","lanes":"2","maxspeed":null},"geometry":{"type":"LineString","coordinates":[[18.4315715,-33.9166906],[18.4317807,-33.9168363]]}},{"type":"Feature","properties":{"highway":"service","name":null,"oneway":"yes","surface":"paved","lanes":"2","maxspeed":null},"geometry":{"type":"LineString","coordinates":[[18.4309409,-33.9165369],[18.4314254,-33.9168313],[18.4315715,-33.9166906]]}},{"type":"Feature","properties":{"highway":"service","name":null,"oneway":"yes","surface":"paved","lanes":"2","maxspeed":null},"geometry":{"type":"LineString","coordinates":[[18.4315715,-33.9166906],[18.4314315,-33.9165931],[18.4311157,-33.9163731]]}},{"type":"Feature","properties":{"highway":"service","name":null,"oneway":"no","surface":"paved","lanes":"2","maxspeed":null},"geometry":{"type":"LineString","coordinates":[[18.4311157,-33.9163731],[18.4313281,-33.916174],[18.4313898,-33.9161162]]}},{"type":"Feature","properties":{"highway":"service","name":null,"oneway":"yes","surface":"paved","lanes":"2","maxspeed":null},"geometry":{"type":"LineString","coordinates":[[18.4305493,-33.9159669],[18.4306868,-33.9160655],[18.4308225,-33.9161628],[18.4311157,-33.9163731]]}},{"type":"Feature","properties":{"highway":"service","name":"Heerengracht Street","oneway":null,"surface":"asphalt","lanes":"2","maxspeed":null},"geometry":{"type":"LineString","coordinates":[[18.4309549,-33.915801],[18.4313898,-33.9161162],[18.431488,-33.9161863]]}},{"type":"Feature","properties":{"highway":"service","name":null,"oneway":null,"surface":"asphalt","lanes":null,"maxspeed":null},"geometry":{"type":"LineString","coordinates":[[18.4294126,-33.9155629],[18.4294764,-33.9156091],[18.429537,-33.9156529],[18.4295769,-33.9156488],[18.42963,-33.9156293],[18.4296543,-33.9156062],[18.4298729,-33.9153978],[18.4299344,-33.9154423],[18.429991,-33.9153883],[18.4300669,-33.915316],[18.4301041,-33.9152806],[18.4299911,-33.9151989],[18.4299767,-33.9152127],[18.4299232,-33.9152637],[18.4298537,-33.9152134],[18.4298132,-33.9151842],[18.4294362,-33.9155406],[18.4294126,-33.9155629]]}},{"type":"Feature","properties":{"highway":"service","name":null,"oneway":"no","surface":"asphalt","lanes":"2","maxspeed":null},"geometry":{"type":"LineString","coordinates":[[18.431488,-33.9161863],[18.4316868,-33.9163356],[18.4317283,-33.9163668]]}},{"type":"Feature","properties":{"highway":"service","name":null,"oneway":"yes","surface":"asphalt","lanes":"1","maxspeed":null},"geometry":{"type":"LineString","coordinates":[[18.4323566,-33.9168223],[18.4321924,-33.9167328]]}},{"type":"Feature","properties":{"highway":"service","name":null,"oneway":"yes","surface":"asphalt","lanes":"1","maxspeed":null},"geometry":{"type":"LineString","coordinates":[[18.4322285,-33.9166893],[18.4323566,-33.9168223]]}},{"type":"Feature","properties":{"highway":"service","name":null,"oneway":"yes","surface":"asphalt","lanes":"1","maxspeed":null},"geometry":{"type":"LineString","coordinates":[[18.4321924,-33.9167328],[18.4317878,-33.916446],[18.4317283,-33.9163668]]}},{"type":"Feature","properties":{"highway":"service","name":null,"oneway":"yes","surface":"asphalt","lanes":"1","maxspeed":null},"geometry":{"type":"LineString","coordinates":[[18.4317283,-33.9163668],[18.4318211,-33.9164008],[18.4322285,-33.9166893]]}},{"type":"Feature","properties":{"highway":"service","name":null,"oneway":"no","surface":"concrete","lanes":"2","maxspeed":null},"geometry":{"type":"LineString","coordinates":[[18.4289336,-33.915057],[18.428144,-33.9144946],[18.4281376,-33.9144862],[18.4281344,-33.9144738],[18.4281371,-33.9144641],[18.4281419,-33.9144531],[18.4282418,-33.9143553],[18.4283748,-33.9142376],[18.4284011,-33.9142116],[18.4284202,-33.9141938],[18.4284315,-33.9141891]]}},{"type":"Feature","properties":{"highway":"service","name":null,"oneway":"no","surface":"asphalt","lanes":"2","maxspeed":null},"geometry":{"type":"LineString","coordinates":[[18.4302311,-33.9157507],[18.4302021,-33.9156758],[18.4301018,-33.9155143],[18.4300399,-33.9154327],[18.429991,-33.9153883],[18.4298771,-33.915321]]}},{"type":"Feature","properties":{"highway":"service","name":null,"oneway":"no","surface":"asphalt","lanes":"2","maxspeed":null},"geometry":{"type":"LineString","coordinates":[[18.4298771,-33.915321],[18.4296288,-33.915564],[18.4295036,-33.9156058],[18.4294764,-33.9156091],[18.4294268,-33.9155992]]}},{"type":"Feature","properties":{"highway":"residential","name":"F.W. de Klerk Boulevard","oneway":"yes","surface":"asphalt","lanes":"1","maxspeed":null},"geometry":{"type":"LineString","coordinates":[[18.4287681,-33.9153995],[18.4292122,-33.9156631]]}},{"type":"Feature","properties":{"highway":"residential","name":"F.W. de Klerk Boulevard","oneway":"yes","surface":"asphalt","lanes":"2","maxspeed":null},"geometry":{"type":"LineString","coordinates":[[18.4292122,-33.9156631],[18.4293904,-33.9157947],[18.4295756,-33.9159068]]}},{"type":"Feature","properties":{"highway":"service","name":null,"oneway":"yes","surface":"asphalt","lanes":"3","maxspeed":null},"geometry":{"type":"LineString","coordinates":[[18.4292355,-33.9162045],[18.4290946,-33.9161161],[18.4289517,-33.9160215]]}},{"type":"Feature","properties":{"highway":"service","name":null,"oneway":"yes","surface":"asphalt","lanes":"3","maxspeed":null},"geometry":{"type":"LineString","coordinates":[[18.4287972,-33.9158002],[18.4288668,-33.9157158]]}},{"type":"Feature","properties":{"highway":"service","name":null,"oneway":"yes","surface":"asphalt","lanes":"2","maxspeed":null},"geometry":{"type":"LineString","coordinates":[[18.4284909,-33.9160523],[18.4287972,-33.9158002]]}},{"type":"Feature","properties":{"highway":"service","name":null,"oneway":"yes","surface":"asphalt","lanes":"2","maxspeed":null},"geometry":{"type":"LineString","coordinates":[[18.4289517,-33.9160215],[18.4288657,-33.9159407],[18.4288361,-33.9159099],[18.4288202,-33.9158844],[18.428808,-33.9158479],[18.4287972,-33.9158002]]}},{"type":"Feature","properties":{"highway":"service","name":null,"oneway":"yes","surface":"asphalt","lanes":"2","maxspeed":null},"geometry":{"type":"LineString","coordinates":[[18.4289517,-33.9160215],[18.4288446,-33.9159779],[18.4288067,-33.9159689],[18.42874,-33.9159639],[18.4287003,-33.91597],[18.4286722,-33.9159807],[18.4285413,-33.9160878]]}},{"type":"Feature","properties":{"highway":"service","name":null,"oneway":"yes","surface":"asphalt","lanes":"2","maxspeed":null},"geometry":{"type":"LineString","coordinates":[[18.4288668,-33.9157158],[18.428958,-33.915667],[18.4289961,-33.9156489],[18.4290381,-33.9156414],[18.4290616,-33.9156394],[18.429088,-33.9156425],[18.4292122,-33.9156631]]}},{"type":"Feature","properties":{"highway":"service","name":null,"oneway":"yes","surface":"asphalt","lanes":"1","maxspeed":null},"geometry":{"type":"LineString","coordinates":[[18.4288668,-33.9157158],[18.4288819,-33.9156143],[18.4288833,-33.9155917],[18.4288821,-33.9155716],[18.4288626,-33.9155213],[18.4288486,-33.9154887],[18.4287681,-33.9153995]]}},{"type":"Feature","properties":{"highway":"pedestrian","name":null,"oneway":null,"surface":"paved","lanes":null,"maxspeed":null},"geometry":{"type":"LineString","coordinates":[[18.4289767,-33.9156989],[18.4290086,-33.9156804],[18.4290574,-33.915672],[18.4290967,-33.9156759],[18.4291369,-33.9156948],[18.4293475,-33.915823],[18.4293777,-33.915849],[18.4294005,-33.915879],[18.4294072,-33.9159085],[18.4293985,-33.9159363],[18.4292576,-33.9160749],[18.4292221,-33.9160905],[18.4291778,-33.9160938],[18.4291363,-33.9160816],[18.4291109,-33.9160709],[18.4290558,-33.9160309],[18.4289036,-33.9159285],[18.4288774,-33.9159085],[18.4288573,-33.9158851],[18.4288446,-33.9158434],[18.4288486,-33.9158328],[18.4288687,-33.915805],[18.4289276,-33.9157515],[18.4289767,-33.9156989]]}},{"type":"Feature","properties":{"highway":"pedestrian","name":null,"oneway":null,"surface":"paved","lanes":null,"maxspeed":null},"geometry":{"type":"LineString","coordinates":[[18.4285422,-33.9154274],[18.4287836,-33.9155746],[18.4287374,-33.9156268],[18.4288046,-33.9156678],[18.4287272,-33.9157552],[18.4286484,-33.9157071],[18.4286111,-33.9157492],[18.4285942,-33.9157686],[18.428633,-33.9157723],[18.4287115,-33.9157762],[18.4287423,-33.9157746],[18.4287635,-33.9157622],[18.4288531,-33.915664],[18.4288597,-33.9156117],[18.4288463,-33.9155522],[18.4288119,-33.9154924],[18.4287547,-33.9154576],[18.4286924,-33.9154219],[18.4286606,-33.9154042],[18.4285987,-33.9154079],[18.4285422,-33.9154274]]}},{"type":"Feature","properties":{"highway":"service","name":null,"oneway":null,"surface":"asphalt","lanes":null,"maxspeed":null},"geometry":{"type":"LineString","coordinates":[[18.4278478,-33.9156679],[18.4280173,-33.9155019],[18.4280866,-33.9154378],[18.4281318,-33.9153897],[18.4281615,-33.9153618],[18.4282027,-33.9153216],[18.4282172,-33.9153228],[18.4282437,-33.9153063],[18.4283171,-33.9153532],[18.4283455,-33.9153761],[18.4283937,-33.9154044],[18.4284721,-33.9154497],[18.4284949,-33.9154752],[18.4284563,-33.9155171],[18.4283335,-33.9156392],[18.4285129,-33.9157522],[18.4285127,-33.9157886],[18.428528,-33.9158111],[18.4285556,-33.9158306],[18.4284039,-33.9159909],[18.428277,-33.9159015],[18.4282558,-33.9159222],[18.4281442,-33.915846],[18.4281575,-33.9158295],[18.427971,-33.9156995],[18.4279604,-33.915714],[18.4279407,-33.9157333],[18.4278478,-33.9156679]]}},{"type":"Feature","properties":{"highway":"service","name":null,"oneway":"no","surface":"asphalt","lanes":"2","maxspeed":null},"geometry":{"type":"LineString","coordinates":[[18.4285833,-33.9156046],[18.4284563,-33.9155171],[18.4284239,-33.915498],[18.4283465,-33.915453]]}},{"type":"Feature","properties":{"highway":"pedestrian","name":null,"oneway":null,"surface":"paved","lanes":null,"maxspeed":null},"geometry":{"type":"LineString","coordinates":[[18.4289134,-33.9156153],[18.4289112,-33.9155749],[18.4288979,-33.9155116],[18.4290185,-33.9155832],[18.428972,-33.9155915],[18.4289134,-33.9156153]]}},{"type":"Feature","properties":{"highway":"service","name":null,"oneway":"yes","surface":"asphalt","lanes":"1","maxspeed":null},"geometry":{"type":"LineString","coordinates":[[18.4286128,-33.9152984],[18.4284721,-33.9154497],[18.4284239,-33.915498],[18.4283249,-33.9156022],[18.4282782,-33.9156541]]}},{"type":"Feature","properties":{"highway":"service","name":null,"oneway":"no","surface":"asphalt","lanes":"2","maxspeed":null},"geometry":{"type":"LineString","coordinates":[[18.4278118,-33.9153628],[18.4278172,-33.915376],[18.4280173,-33.9155019],[18.4282088,-33.9156141],[18.4282782,-33.9156541],[18.4284627,-33.9157698]]}},{"type":"Feature","properties":{"highway":"service","name":null,"oneway":"yes","surface":"asphalt","lanes":"1","maxspeed":null},"geometry":{"type":"LineString","coordinates":[[18.4283249,-33.9156022],[18.4282526,-33.9155595],[18.4280866,-33.9154378],[18.4278886,-33.915301],[18.4278729,-33.9152985],[18.4278607,-33.9153006],[18.4278147,-33.9153458],[18.4278118,-33.9153628]]}},{"type":"Feature","properties":{"highway":"service","name":null,"oneway":"yes","surface":"asphalt","lanes":"2","maxspeed":null},"geometry":{"type":"LineString","coordinates":[[18.4284627,-33.9157698],[18.4284796,-33.9157781],[18.4285127,-33.9157886],[18.4286275,-33.9158002],[18.4286772,-33.9158071],[18.4287292,-33.9158089],[18.4287972,-33.9158002]]}},{"type":"Feature","properties":{"highway":"service","name":null,"oneway":"no","surface":"asphalt","lanes":"2","maxspeed":null},"geometry":{"type":"LineString","coordinates":[[18.427537,-33.9150245],[18.4276752,-33.9151255],[18.4278522,-33.9151411],[18.4281615,-33.9153618],[18.4282575,-33.9154195],[18.4283324,-33.9154681]]}},{"type":"Feature","properties":{"highway":"service","name":null,"oneway":"yes","surface":"asphalt","lanes":"1","maxspeed":null},"geometry":{"type":"LineString","coordinates":[[18.428539,-33.915247],[18.4283937,-33.9154044],[18.4283465,-33.915453],[18.4283324,-33.9154681],[18.4282526,-33.9155595],[18.4282088,-33.9156141]]}},{"type":"Feature","properties":{"highway":"service","name":null,"oneway":"no","surface":"asphalt","lanes":"2","maxspeed":null},"geometry":{"type":"LineString","coordinates":[[18.4276874,-33.9147354],[18.4282823,-33.9151744],[18.428324,-33.9152068],[18.4283475,-33.9152249],[18.4283639,-33.9152466],[18.4283706,-33.9152691],[18.4283698,-33.9152936],[18.4283539,-33.9153221],[18.4283171,-33.9153532],[18.4282575,-33.9154195]]}},{"type":"Feature","properties":{"highway":"service","name":"Duncan Road","oneway":"no","surface":"asphalt","lanes":"2","maxspeed":null},"geometry":{"type":"LineString","coordinates":[[18.4245109,-33.9104106],[18.4241809,-33.9107253],[18.4236998,-33.911183],[18.4236527,-33.9112307],[18.4236111,-33.9112838],[18.4235853,-33.9113335],[18.4235687,-33.9113888],[18.4235637,-33.9114385],[18.4235637,-33.9114916],[18.4235795,-33.9115558],[18.4236072,-33.9116187],[18.4236494,-33.9116806],[18.4236819,-33.9117188],[18.4237434,-33.9117698],[18.4238582,-33.9118265],[18.4287914,-33.9137375],[18.4291209,-33.9138651],[18.4292691,-33.9139351],[18.4293582,-33.9139865],[18.4294147,-33.9140222],[18.4294169,-33.9140238],[18.4316533,-33.9156647],[18.431984,-33.9159073]]}},{"type":"Feature","properties":{"highway":"service","name":"Duncan Road","oneway":"no","surface":"asphalt","lanes":"3","maxspeed":null},"geometry":{"type":"LineString","coordinates":[[18.4342007,-33.9175048],[18.4342608,-33.9175511]]}},{"type":"Feature","properties":{"highway":"service","name":"Duncan Road","oneway":"no","surface":"asphalt","lanes":"4","maxspeed":null},"geometry":{"type":"LineString","coordinates":[[18.4342608,-33.9175511],[18.4344264,-33.9176796],[18.4344989,-33.9177335],[18.4346296,-33.9178306],[18.4348193,-33.9179714],[18.4352052,-33.9182563]]}},{"type":"Feature","properties":{"highway":"service","name":"Duncan Road","oneway":"no","surface":"asphalt","lanes":"3","maxspeed":null},"geometry":{"type":"LineString","coordinates":[[18.431984,-33.9159073],[18.4328529,-33.916525],[18.4330161,-33.9166462]]}},{"type":"Feature","properties":{"highway":"service","name":"Duncan Road","oneway":"no","surface":"asphalt","lanes":"3","maxspeed":null},"geometry":{"type":"LineString","coordinates":[[18.4330161,-33.9166462],[18.4331793,-33.9167594],[18.4339178,-33.9172893],[18.4342007,-33.9175048]]}},{"type":"Feature","properties":{"highway":"service","name":null,"oneway":"yes","surface":"asphalt","lanes":"1","maxspeed":null},"geometry":{"type":"LineString","coordinates":[[18.4340847,-33.9179815],[18.4339834,-33.9179072],[18.4339472,-33.9178709]]}},{"type":"Feature","properties":{"highway":"service","name":null,"oneway":"yes","surface":"asphalt","lanes":"1","maxspeed":null},"geometry":{"type":"LineString","coordinates":[[18.4340512,-33.918013],[18.4340263,-33.9179962],[18.4340088,-33.9179813],[18.4339796,-33.9179494],[18.4339597,-33.9179127],[18.4339472,-33.9178709]]}},{"type":"Feature","properties":{"highway":"service","name":null,"oneway":"yes","surface":"asphalt","lanes":"1","maxspeed":null},"geometry":{"type":"LineString","coordinates":[[18.4344017,-33.918243],[18.4342237,-33.9181411],[18.4341772,-33.9181064]]}},{"type":"Feature","properties":{"highway":"service","name":null,"oneway":"yes","surface":"asphalt","lanes":"1","maxspeed":null},"geometry":{"type":"LineString","coordinates":[[18.4342126,-33.9180731],[18.4341376,-33.91802]]}},{"type":"Feature","properties":{"highway":"service","name":null,"oneway":"yes","surface":"asphalt","lanes":"1","maxspeed":null},"geometry":{"type":"LineString","coordinates":[[18.4341772,-33.9181064],[18.4341054,-33.9180536]]}},{"type":"Feature","properties":{"highway":"service","name":null,"oneway":"yes","surface":"asphalt","lanes":"1","maxspeed":null},"geometry":{"type":"LineString","coordinates":[[18.4342682,-33.91801],[18.4344447,-33.9181087],[18.4344861,-33.9181397]]}},{"type":"Feature","properties":{"highway":"service","name":null,"oneway":"yes","surface":"asphalt","lanes":"1","maxspeed":null},"geometry":{"type":"LineString","coordinates":[[18.4342682,-33.91801],[18.4344093,-33.9181484],[18.4344482,-33.9181758]]}},{"type":"Feature","properties":{"highway":"service","name":null,"oneway":"yes","surface":"asphalt","lanes":"1","maxspeed":null},"geometry":{"type":"LineString","coordinates":[[18.4344017,-33.918243],[18.434256,-33.9181036],[18.4342126,-33.9180731]]}},{"type":"Feature","properties":{"highway":"service","name":null,"oneway":"no","surface":"asphalt","lanes":"2","maxspeed":null},"geometry":{"type":"LineString","coordinates":[[18.4328893,-33.9167589],[18.4330161,-33.9166462]]}},{"type":"Feature","properties":{"highway":"service","name":null,"oneway":"yes","surface":"asphalt","lanes":"1","maxspeed":null},"geometry":{"type":"LineString","coordinates":[[18.4331793,-33.9167594],[18.4329529,-33.9168062],[18.4329021,-33.9168179],[18.4327529,-33.9168603]]}},{"type":"Feature","properties":{"highway":"service","name":null,"oneway":"yes","surface":"asphalt","lanes":"1","maxspeed":null},"geometry":{"type":"LineString","coordinates":[[18.4327529,-33.9168603],[18.4327919,-33.9168227],[18.4328068,-33.9167924],[18.4328182,-33.9167579],[18.4328275,-33.9167177],[18.4328414,-33.9166237],[18.4328529,-33.916525]]}},{"type":"Feature","properties":{"highway":"service","name":null,"oneway":"yes","surface":"asphalt","lanes":"2","maxspeed":null},"geometry":{"type":"LineString","coordinates":[[18.4342608,-33.9175511],[18.4341663,-33.9176364],[18.4341263,-33.9176745],[18.4340985,-33.9176995],[18.4340717,-33.9177299],[18.4340576,-33.9177558],[18.4340526,-33.9177862],[18.4340551,-33.9178117],[18.4340643,-33.917842],[18.4340797,-33.9178652],[18.4341092,-33.9178933],[18.4342682,-33.91801]]}},{"type":"Feature","properties":{"highway":"service","name":null,"oneway":"yes","surface":"asphalt","lanes":"2","maxspeed":null},"geometry":{"type":"LineString","coordinates":[[18.4339472,-33.9178709],[18.4339379,-33.9178321],[18.4339373,-33.9177961],[18.4339458,-33.9177638],[18.4339629,-33.9177354],[18.4339933,-33.917698],[18.434038,-33.917654],[18.4340646,-33.9176266],[18.4341129,-33.9175818],[18.4342007,-33.9175048]]}},{"type":"Feature","properties":{"highway":"service","name":null,"oneway":"no","surface":"asphalt","lanes":"2","maxspeed":null},"geometry":{"type":"LineString","coordinates":[[18.4307021,-33.9157463],[18.43071,-33.9156779],[18.4307054,-33.9156531],[18.4306987,-33.9156275],[18.4306854,-33.9156062],[18.4306604,-33.9155857],[18.430445,-33.9154243],[18.4303565,-33.9153484],[18.4302674,-33.9152432],[18.4301809,-33.9151198],[18.4301118,-33.9150341],[18.4299973,-33.9149337],[18.42864,-33.9139522]]}},{"type":"Feature","properties":{"highway":"service","name":null,"oneway":"no","surface":"asphalt","lanes":"1","maxspeed":null},"geometry":{"type":"LineString","coordinates":[[18.4323186,-33.9169393],[18.4325773,-33.9171084],[18.4326391,-33.917132],[18.4326788,-33.9171344],[18.4327237,-33.9171271],[18.4327907,-33.9171069]]}},{"type":"Feature","properties":{"highway":"service","name":null,"oneway":null,"surface":"asphalt","lanes":"1","maxspeed":null},"geometry":{"type":"LineString","coordinates":[[18.4340088,-33.9179813],[18.4338593,-33.9180485]]}},{"type":"Feature","properties":{"highway":"service","name":null,"oneway":"no","surface":"asphalt","lanes":"2","maxspeed":null},"geometry":{"type":"LineString","coordinates":[[18.4335805,-33.91791],[18.4331329,-33.9175911],[18.433125,-33.9175829],[18.4331222,-33.9175727],[18.4331236,-33.9175628],[18.4331292,-33.9175538],[18.433214,-33.9174738],[18.4332635,-33.9174275],[18.4333478,-33.917348],[18.4333577,-33.9173425],[18.433369,-33.9173401],[18.4333818,-33.9173415],[18.4333926,-33.9173475],[18.4338369,-33.9176752],[18.4338449,-33.9176836],[18.4338506,-33.9176932],[18.4338527,-33.9177071],[18.4338497,-33.9177211],[18.4338452,-33.917731],[18.4338359,-33.9177398],[18.4336576,-33.9179077],[18.433646,-33.917915],[18.4336319,-33.9179195],[18.4336145,-33.9179206],[18.4335958,-33.9179173],[18.4335805,-33.91791]]}},{"type":"Feature","properties":{"highway":"service","name":null,"oneway":"yes","surface":"asphalt","lanes":"2","maxspeed":null},"geometry":{"type":"LineString","coordinates":[[18.4328156,-33.9171373],[18.4329165,-33.9171771],[18.4331768,-33.9173657],[18.4332635,-33.9174275]]}},{"type":"Feature","properties":{"highway":"service","name":null,"oneway":"yes","surface":"asphalt","lanes":"2","maxspeed":null},"geometry":{"type":"LineString","coordinates":[[18.4312769,-33.9152396],[18.4314873,-33.9153981]]}},{"type":"Feature","properties":{"highway":"service","name":null,"oneway":"yes","surface":"asphalt","lanes":"2","maxspeed":null},"geometry":{"type":"LineString","coordinates":[[18.4314873,-33.9153981],[18.4317868,-33.9156289],[18.431984,-33.9159073]]}},{"type":"Feature","properties":{"highway":"service","name":null,"oneway":null,"surface":"asphalt","lanes":"2","maxspeed":null},"geometry":{"type":"LineString","coordinates":[[18.4346765,-33.9172712],[18.4344186,-33.9175112],[18.4339874,-33.9171921]]}},{"type":"Feature","properties":{"highway":"service","name":null,"oneway":"yes","surface":"asphalt","lanes":"2","maxspeed":null},"geometry":{"type":"LineString","coordinates":[[18.431209,-33.9147233],[18.4309954,-33.9149351],[18.4309858,-33.9149533],[18.4309823,-33.9149789],[18.4309895,-33.9150057],[18.4310067,-33.9150246],[18.4312769,-33.9152396]]}},{"type":"Feature","properties":{"highway":"primary","name":"Buitengracht Street","oneway":"yes","surface":"asphalt","lanes":"4","maxspeed":"60"},"geometry":{"type":"LineString","coordinates":[[18.4220652,-33.915699],[18.422208,-33.9155847]]}},{"type":"Feature","properties":{"highway":"primary","name":"Buitengracht Street","oneway":"yes","surface":"asphalt","lanes":"4","maxspeed":"60"},"geometry":{"type":"LineString","coordinates":[[18.4244753,-33.9149531],[18.4240676,-33.9150973]]}},{"type":"Feature","properties":{"highway":"motorway","name":"Nelson Mandela Boulevard","oneway":"yes","surface":"asphalt","lanes":"2","maxspeed":"80"},"geometry":{"type":"LineString","coordinates":[[18.4335333,-33.9181896],[18.4338801,-33.9183698],[18.4344012,-33.9186651],[18.4346785,-33.9188177]]}},{"type":"Feature","properties":{"highway":"footway","name":null,"oneway":null,"surface":"paved","lanes":null,"maxspeed":null},"geometry":{"type":"LineString","coordinates":[[18.4230439,-33.9167145],[18.4229737,-33.9164939],[18.422798,-33.9161492],[18.4227122,-33.916027],[18.4226761,-33.9159755],[18.4226738,-33.9159486],[18.4227132,-33.9158975],[18.4231119,-33.9156718],[18.423252,-33.9156209],[18.4233005,-33.9156039]]}},{"type":"Feature","properties":{"highway":"service","name":null,"oneway":"no","surface":"paved","lanes":"2","maxspeed":null},"geometry":{"type":"LineString","coordinates":[[18.4229249,-33.9162586],[18.4230561,-33.9161829]]}},{"type":"Feature","properties":{"highway":"footway","name":null,"oneway":null,"surface":"paved","lanes":null,"maxspeed":null},"geometry":{"type":"LineString","coordinates":[[18.4233836,-33.9159334],[18.4236146,-33.9162187],[18.4237126,-33.9163398]]}},{"type":"Feature","properties":{"highway":"service","name":null,"oneway":"no","surface":"paved","lanes":"2","maxspeed":null},"geometry":{"type":"LineString","coordinates":[[18.4230017,-33.9164038],[18.4231576,-33.9163143]]}},{"type":"Feature","properties":{"highway":"footway","name":null,"oneway":null,"surface":"concrete","lanes":null,"maxspeed":null},"geometry":{"type":"LineString","coordinates":[[18.4239831,-33.9150165],[18.423937,-33.9150271]]}},{"type":"Feature","properties":{"highway":"service","name":null,"oneway":"yes","surface":"paved","lanes":"1","maxspeed":null},"geometry":{"type":"LineString","coordinates":[[18.4231734,-33.9159065],[18.423257,-33.9160084]]}},{"type":"Feature","properties":{"highway":"service","name":null,"oneway":"no","surface":"paved","lanes":"2","maxspeed":null},"geometry":{"type":"LineString","coordinates":[[18.4228548,-33.9161365],[18.4229721,-33.9160739]]}},{"type":"Feature","properties":{"highway":"service","name":null,"oneway":"no","surface":"paved","lanes":"2","maxspeed":null},"geometry":{"type":"LineString","coordinates":[[18.4230869,-33.9165477],[18.4232623,-33.9164501]]}},{"type":"Feature","properties":{"highway":"service","name":null,"oneway":"no","surface":"paved","lanes":"2","maxspeed":null},"geometry":{"type":"LineString","coordinates":[[18.4228922,-33.9159704],[18.4227835,-33.9160282]]}},{"type":"Feature","properties":{"highway":"service","name":null,"oneway":"yes","surface":"paved","lanes":"1","maxspeed":null},"geometry":{"type":"LineString","coordinates":[[18.4233842,-33.9158718],[18.4234177,-33.9159161],[18.4234374,-33.9159423]]}},{"type":"Feature","properties":{"highway":"footway","name":null,"oneway":null,"surface":"paved","lanes":null,"maxspeed":null},"geometry":{"type":"LineString","coordinates":[[18.4240989,-33.9153639],[18.4241718,-33.9153341],[18.4244266,-33.915226],[18.4244686,-33.9151551],[18.4245147,-33.9150941]]}},{"type":"Feature","properties":{"highway":"steps","name":null,"oneway":null,"surface":"metal","lanes":null,"maxspeed":null},"geometry":{"type":"LineString","coordinates":[[18.4240385,-33.9153435],[18.4241219,-33.9153245]]}},{"type":"Feature","properties":{"highway":"service","name":null,"oneway":"yes","surface":"paved","lanes":"1","maxspeed":null},"geometry":{"type":"LineString","coordinates":[[18.423257,-33.9160084],[18.423272,-33.9160273],[18.4233047,-33.9160087],[18.4233558,-33.915984]]}},{"type":"Feature","properties":{"highway":"service","name":null,"oneway":"yes","surface":"paved","lanes":"1","maxspeed":null},"geometry":{"type":"LineString","coordinates":[[18.4235198,-33.9155862],[18.4234732,-33.9156205],[18.4234435,-33.9156521]]}},{"type":"Feature","properties":{"highway":"steps","name":null,"oneway":null,"surface":"metal","lanes":null,"maxspeed":null},"geometry":{"type":"LineString","coordinates":[[18.4239986,-33.9150432],[18.4240378,-33.9150324],[18.4240255,-33.9149887],[18.4239767,-33.9149995],[18.4239831,-33.9150165]]}},{"type":"Feature","properties":{"highway":"footway","name":null,"oneway":null,"surface":"paved","lanes":null,"maxspeed":null},"geometry":{"type":"LineString","coordinates":[[18.4234378,-33.9159058],[18.4234177,-33.9159161],[18.4233836,-33.9159334],[18.4233352,-33.9159581],[18.4232852,-33.9159835]]}},{"type":"Feature","properties":{"highway":"footway","name":null,"oneway":null,"surface":"paved","lanes":null,"maxspeed":null},"geometry":{"type":"LineString","coordinates":[[18.4236077,-33.9157819],[18.423501,-33.9157647],[18.4233653,-33.9157437]]}},{"type":"Feature","properties":{"highway":"service","name":null,"oneway":"yes","surface":"paved","lanes":"1","maxspeed":null},"geometry":{"type":"LineString","coordinates":[[18.4228922,-33.9159704],[18.4230429,-33.91589],[18.4230893,-33.9158702],[18.4231299,-33.9158696],[18.4231636,-33.9158918],[18.4231734,-33.9159065]]}},{"type":"Feature","properties":{"highway":"service","name":null,"oneway":"no","surface":"paved","lanes":"2","maxspeed":null},"geometry":{"type":"LineString","coordinates":[[18.4234332,-33.9166347],[18.4232623,-33.9164501],[18.4231576,-33.9163143],[18.4230561,-33.9161829],[18.4229721,-33.9160739],[18.4228922,-33.9159704]]}},{"type":"Feature","properties":{"highway":"footway","name":null,"oneway":null,"surface":"paved","lanes":null,"maxspeed":null},"geometry":{"type":"LineString","coordinates":[[18.4237381,-33.9145482],[18.4236886,-33.9146083],[18.4236926,-33.9146604],[18.4237972,-33.9149696],[18.4239377,-33.9150463],[18.4239986,-33.9150432]]}},{"type":"Feature","properties":{"highway":"footway","name":null,"oneway":null,"surface":"paved","lanes":null,"maxspeed":null},"geometry":{"type":"LineString","coordinates":[[18.4236886,-33.9146083],[18.4234844,-33.9147431],[18.4232762,-33.9148985],[18.4231387,-33.9150274],[18.423068,-33.9151539],[18.4228538,-33.9153656],[18.4226506,-33.9155425],[18.4224691,-33.9157097]]}},{"type":"Feature","properties":{"highway":"footway","name":null,"oneway":null,"surface":"paved","lanes":null,"maxspeed":null},"geometry":{"type":"LineString","coordinates":[[18.423252,-33.9156209],[18.4232294,-33.9156707],[18.4232166,-33.9157188],[18.4232124,-33.9157701],[18.4232124,-33.9158235],[18.4232282,-33.9159135],[18.4232852,-33.9159835],[18.4233047,-33.9160087]]}},{"type":"Feature","properties":{"highway":"service","name":null,"oneway":"yes","surface":"paved","lanes":"2","maxspeed":null},"geometry":{"type":"LineString","coordinates":[[18.4233846,-33.915583],[18.4234435,-33.9156521],[18.4234752,-33.9156973],[18.423501,-33.9157647],[18.4234598,-33.9158288],[18.4233842,-33.9158718],[18.4233146,-33.915907]]}},{"type":"Feature","properties":{"highway":"residential","name":"Cullinan Street","oneway":"no","surface":"asphalt","lanes":"2","maxspeed":"60"},"geometry":{"type":"LineString","coordinates":[[18.4247917,-33.9161617],[18.4249536,-33.9160127],[18.4250145,-33.9159567],[18.425215,-33.9157722],[18.4253105,-33.9156833],[18.4253885,-33.9156124]]}},{"type":"Feature","properties":{"highway":"tertiary","name":"Lower Loop Street","oneway":"yes","surface":"asphalt","lanes":"4","maxspeed":"60"},"geometry":{"type":"LineString","coordinates":[[18.4255928,-33.9164098],[18.4259036,-33.916109],[18.4259729,-33.9160419]]}},{"type":"Feature","properties":{"highway":"tertiary","name":null,"oneway":"yes","surface":"asphalt","lanes":"3","maxspeed":"60"},"geometry":{"type":"LineString","coordinates":[[18.4259729,-33.9160419],[18.4260773,-33.9159409]]}},{"type":"Feature","properties":{"highway":"tertiary","name":"Lower Loop Street","oneway":"yes","surface":"asphalt","lanes":"3","maxspeed":"60"},"geometry":{"type":"LineString","coordinates":[[18.4253235,-33.9166672],[18.4254137,-33.9165832],[18.4255505,-33.9164508]]}},{"type":"Feature","properties":{"highway":"tertiary","name":"Lower Loop Street","oneway":"yes","surface":"asphalt","lanes":"4","maxspeed":"60"},"geometry":{"type":"LineString","coordinates":[[18.4249489,-33.916911],[18.4250478,-33.9168764],[18.4251381,-33.9168323],[18.4253235,-33.9166672]]}},{"type":"Feature","properties":{"highway":"service","name":"Parking Protea North Wharf & ENSafrica","oneway":"yes","surface":"asphalt","lanes":"1","maxspeed":null},"geometry":{"type":"LineString","coordinates":[[18.4234868,-33.9173825],[18.4235002,-33.9173254],[18.4239422,-33.9169284]]}},{"type":"Feature","properties":{"highway":"service","name":"Parking Protea North Wharf & ENSafrica","oneway":"yes","surface":"asphalt","lanes":"1","maxspeed":null},"geometry":{"type":"LineString","coordinates":[[18.424191,-33.916702],[18.4246863,-33.9162245],[18.4247917,-33.9161617]]}},{"type":"Feature","properties":{"highway":"service","name":null,"oneway":"yes","surface":"paved","lanes":"1","maxspeed":null},"geometry":{"type":"LineString","coordinates":[[18.4250145,-33.9159567],[18.4249315,-33.9158935],[18.4248958,-33.9158553],[18.4248803,-33.9158086],[18.4248876,-33.9157605],[18.4249165,-33.9157185],[18.4249626,-33.9156888],[18.4250189,-33.915676],[18.4250768,-33.915682],[18.4251275,-33.915706],[18.425215,-33.9157722]]}},{"type":"Feature","properties":{"highway":"footway","name":null,"oneway":null,"surface":"paved","lanes":null,"maxspeed":null},"geometry":{"type":"LineString","coordinates":[[18.4248862,-33.9162437],[18.4248925,-33.9161493],[18.4253461,-33.915743],[18.4253702,-33.915731],[18.4253949,-33.9157299],[18.4254194,-33.9157341],[18.4257789,-33.9160099],[18.4257757,-33.9160344],[18.425765,-33.916072],[18.4255478,-33.9162774],[18.4254719,-33.9164009],[18.4253409,-33.9165283],[18.4253017,-33.9165338],[18.4252377,-33.9165042],[18.4248862,-33.9162437]]}},{"type":"Feature","properties":{"highway":"footway","name":null,"oneway":null,"surface":"paved","lanes":null,"maxspeed":null},"geometry":{"type":"LineString","coordinates":[[18.4247718,-33.916289],[18.4250327,-33.9164826],[18.4252143,-33.9166164],[18.4252368,-33.9166325],[18.4250832,-33.9167776],[18.4249788,-33.9168464],[18.4248098,-33.9169028],[18.4246943,-33.9169323],[18.4245546,-33.9169659],[18.4244712,-33.9169665],[18.4242175,-33.9170013],[18.4239894,-33.9170408]]}},{"type":"Feature","properties":{"highway":"service","name":null,"oneway":"yes","surface":"paved","lanes":"1","maxspeed":null},"geometry":{"type":"LineString","coordinates":[[18.4236257,-33.916212],[18.4236146,-33.9162187],[18.4235658,-33.9162482]]}},{"type":"Feature","properties":{"highway":"footway","name":null,"oneway":null,"surface":"paved","lanes":null,"maxspeed":null},"geometry":{"type":"LineString","coordinates":[[18.4249165,-33.9157185],[18.4248875,-33.915699]]}},{"type":"Feature","properties":{"highway":"service","name":null,"oneway":"no","surface":"paved","lanes":"2","maxspeed":null},"geometry":{"type":"LineString","coordinates":[[18.4249536,-33.9160127],[18.4248699,-33.9159518]]}},{"type":"Feature","properties":{"highway":"footway","name":null,"oneway":null,"surface":"asphalt","lanes":null,"maxspeed":null},"geometry":{"type":"LineString","coordinates":[[18.4253861,-33.9168584],[18.4254101,-33.9168349],[18.4254489,-33.9167976]]}},{"type":"Feature","properties":{"highway":"footway","name":null,"oneway":null,"surface":"paving_stones","lanes":null,"maxspeed":null},"geometry":{"type":"LineString","coordinates":[[18.4242175,-33.9170013],[18.4242262,-33.9170432]]}},{"type":"Feature","properties":{"highway":"footway","name":null,"oneway":null,"surface":"asphalt","lanes":null,"maxspeed":null},"geometry":{"type":"LineString","coordinates":[[18.4252257,-33.9166052],[18.4252441,-33.9165871],[18.4252799,-33.9165531]]}},{"type":"Feature","properties":{"highway":"footway","name":null,"oneway":null,"surface":"asphalt","lanes":null,"maxspeed":null},"geometry":{"type":"LineString","coordinates":[[18.425377,-33.9165555],[18.4254137,-33.9165832],[18.4255167,-33.9166603]]}},{"type":"Feature","properties":{"highway":"footway","name":null,"oneway":null,"surface":"paving_stones","lanes":null,"maxspeed":null},"geometry":{"type":"LineString","coordinates":[[18.4266527,-33.9153178],[18.4266964,-33.915351],[18.4267872,-33.9154143],[18.4268548,-33.9154628],[18.4268891,-33.9154874]]}},{"type":"Feature","properties":{"highway":"footway","name":null,"oneway":null,"surface":"asphalt","lanes":null,"maxspeed":null},"geometry":{"type":"LineString","coordinates":[[18.4252592,-33.9169529],[18.4252372,-33.9169312],[18.4251381,-33.9168323],[18.4251025,-33.9167968]]}},{"type":"Feature","properties":{"highway":"pedestrian","name":null,"oneway":null,"surface":"wood","lanes":null,"maxspeed":null},"geometry":{"type":"LineString","coordinates":[[18.4242012,-33.9162769],[18.4241224,-33.9163214],[18.4239146,-33.9164386],[18.4238856,-33.9164031],[18.4238709,-33.9163851],[18.4238914,-33.9163736],[18.4239127,-33.9163615],[18.4240667,-33.9162747],[18.4241574,-33.9162235],[18.4242012,-33.9162769]]}},{"type":"Feature","properties":{"highway":"pedestrian","name":"Convention Square","oneway":null,"surface":"paved","lanes":null,"maxspeed":null},"geometry":{"type":"LineString","coordinates":[[18.4263726,-33.9155856],[18.4264059,-33.9155538],[18.4266527,-33.9153178],[18.4267069,-33.9152659],[18.4267188,-33.9152369],[18.4267143,-33.915204],[18.4266957,-33.9151754],[18.4266618,-33.9151623],[18.4264995,-33.9151156],[18.4264014,-33.9150958],[18.4260866,-33.9154041],[18.4261198,-33.9154274],[18.4261314,-33.915416],[18.4262879,-33.9155261],[18.426325,-33.9155521],[18.4263726,-33.9155856]]}},{"type":"Feature","properties":{"highway":"residential","name":"Lower Long Street","oneway":"yes","surface":"paved","lanes":"2","maxspeed":null},"geometry":{"type":"LineString","coordinates":[[18.4268709,-33.9151866],[18.4269744,-33.9150891],[18.4275028,-33.9145911]]}},{"type":"Feature","properties":{"highway":"residential","name":"Lower Long Street","oneway":"yes","surface":"asphalt","lanes":"2","maxspeed":null},"geometry":{"type":"LineString","coordinates":[[18.4262674,-33.9159219],[18.4262565,-33.9159328],[18.4261775,-33.9160147]]}},{"type":"Feature","properties":{"highway":"residential","name":"Lower Long Street","oneway":"yes","surface":"paving_stones","lanes":"2","maxspeed":null},"geometry":{"type":"LineString","coordinates":[[18.426513,-33.9156832],[18.4265012,-33.9156949],[18.4262674,-33.9159219]]}},{"type":"Feature","properties":{"highway":"residential","name":"Lower Long Street","oneway":"yes","surface":"asphalt","lanes":"2","maxspeed":null},"geometry":{"type":"LineString","coordinates":[[18.4260773,-33.9159409],[18.4261589,-33.915862],[18.426169,-33.9158521]]}},{"type":"Feature","properties":{"highway":"residential","name":"Lower Long Street","oneway":"yes","surface":"paving_stones","lanes":"2","maxspeed":null},"geometry":{"type":"LineString","coordinates":[[18.426169,-33.9158521],[18.4262678,-33.9157565],[18.426378,-33.9156499],[18.426402,-33.9156267],[18.4264145,-33.9156145]]}},{"type":"Feature","properties":{"highway":"tertiary","name":"Walter Sisulu Avenue","oneway":"yes","surface":"asphalt","lanes":"3","maxspeed":"60"},"geometry":{"type":"LineString","coordinates":[[18.4246546,-33.9149026],[18.425069,-33.9152105],[18.42537,-33.9154236]]}},{"type":"Feature","properties":{"highway":"tertiary","name":"Walter Sisulu Avenue","oneway":"yes","surface":"asphalt","lanes":"4","maxspeed":"60"},"geometry":{"type":"LineString","coordinates":[[18.4260773,-33.9159409],[18.4261775,-33.9160147]]}},{"type":"Feature","properties":{"highway":"tertiary","name":"Walter Sisulu Avenue","oneway":"yes","surface":"asphalt","lanes":"4","maxspeed":"60"},"geometry":{"type":"LineString","coordinates":[[18.42537,-33.9154236],[18.4256707,-33.9156418],[18.4259556,-33.9158493],[18.4260773,-33.9159409]]}},{"type":"Feature","properties":{"highway":"service","name":null,"oneway":"yes","surface":"asphalt","lanes":"1","maxspeed":null},"geometry":{"type":"LineString","coordinates":[[18.4265844,-33.9150521],[18.4265164,-33.9150231],[18.4262796,-33.9149705],[18.4260516,-33.9149499],[18.4257025,-33.9149437],[18.4252903,-33.914966],[18.4252523,-33.9149729],[18.4252164,-33.9149925],[18.425188,-33.9150199],[18.425171,-33.9150515],[18.4251625,-33.9150822],[18.4251659,-33.9151095],[18.4251731,-33.9151345],[18.4251897,-33.9151601],[18.4252217,-33.9152042]]}},{"type":"Feature","properties":{"highway":"pedestrian","name":null,"oneway":null,"surface":"paved","lanes":null,"maxspeed":null},"geometry":{"type":"LineString","coordinates":[[18.4271043,-33.9144823],[18.4272672,-33.9145641],[18.4272025,-33.9146255],[18.4271875,-33.9146397],[18.4271323,-33.9146924],[18.4271168,-33.9147068],[18.427061,-33.91476],[18.4270465,-33.9147738],[18.4269916,-33.9148263],[18.4269776,-33.9148401],[18.4270179,-33.9148678],[18.426784,-33.9150695],[18.4266466,-33.9150303],[18.4266436,-33.915035],[18.4266379,-33.9150467],[18.4267931,-33.9150887],[18.4268421,-33.9150946],[18.4268875,-33.9150869],[18.4269158,-33.9150704],[18.4269275,-33.9150591],[18.4274498,-33.9145576],[18.4274673,-33.9145098],[18.4274685,-33.9144654],[18.4274534,-33.9144285],[18.4274329,-33.9143927],[18.4273926,-33.9143639],[18.4272035,-33.9142739],[18.4271338,-33.9144154],[18.4271043,-33.9144823]]}},{"type":"Feature","properties":{"highway":"service","name":null,"oneway":"yes","surface":"asphalt","lanes":"1","maxspeed":null},"geometry":{"type":"LineString","coordinates":[[18.4252217,-33.9152042],[18.4254265,-33.9153487]]}},{"type":"Feature","properties":{"highway":"service","name":null,"oneway":"no","surface":"paved","lanes":"2","maxspeed":null},"geometry":{"type":"LineString","coordinates":[[18.4268709,-33.9151866],[18.426957,-33.9152477]]}},{"type":"Feature","properties":{"highway":"service","name":null,"oneway":"no","surface":"paved","lanes":"2","maxspeed":null},"geometry":{"type":"LineString","coordinates":[[18.4264254,-33.9150722],[18.4265625,-33.9150997]]}},{"type":"Feature","properties":{"highway":"service","name":null,"oneway":"yes","surface":"asphalt","lanes":"1","maxspeed":null},"geometry":{"type":"LineString","coordinates":[[18.4266237,-33.9150777],[18.4265844,-33.9150521]]}},{"type":"Feature","properties":{"highway":"service","name":null,"oneway":"yes","surface":"asphalt","lanes":"1","maxspeed":null},"geometry":{"type":"LineString","coordinates":[[18.4267126,-33.9151359],[18.4266237,-33.9150777]]}},{"type":"Feature","properties":{"highway":"footway","name":null,"oneway":null,"surface":"paved","lanes":null,"maxspeed":null},"geometry":{"type":"LineString","coordinates":[[18.4262808,-33.9159505],[18.4263721,-33.916015],[18.4276762,-33.916935]]}},{"type":"Feature","properties":{"highway":"service","name":null,"oneway":"no","surface":"paved","lanes":"2","maxspeed":null},"geometry":{"type":"LineString","coordinates":[[18.4265625,-33.9150997],[18.426609,-33.9151096]]}},{"type":"Feature","properties":{"highway":"footway","name":null,"oneway":null,"surface":"paving_stones","lanes":null,"maxspeed":null},"geometry":{"type":"LineString","coordinates":[[18.4265277,-33.9157128],[18.4262926,-33.9159393]]}},{"type":"Feature","properties":{"highway":"footway","name":null,"oneway":null,"surface":"paving_stones","lanes":null,"maxspeed":null},"geometry":{"type":"LineString","coordinates":[[18.4262926,-33.9159393],[18.4262808,-33.9159505]]}},{"type":"Feature","properties":{"highway":"service","name":null,"oneway":"yes","surface":"paved","lanes":"1","maxspeed":null},"geometry":{"type":"LineString","coordinates":[[18.426325,-33.9155521],[18.4264059,-33.9155538],[18.4264636,-33.9155705]]}},{"type":"Feature","properties":{"highway":"footway","name":null,"oneway":null,"surface":"paving_stones","lanes":null,"maxspeed":null},"geometry":{"type":"LineString","coordinates":[[18.4271243,-33.915196],[18.4268548,-33.9154628],[18.4265819,-33.9157328]]}},{"type":"Feature","properties":{"highway":"footway","name":null,"oneway":null,"surface":"paved","lanes":null,"maxspeed":null},"geometry":{"type":"LineString","coordinates":[[18.4260375,-33.9157755],[18.4256601,-33.915508],[18.4256362,-33.9155012]]}},{"type":"Feature","properties":{"highway":"service","name":null,"oneway":"no","surface":"paved","lanes":"2","maxspeed":null},"geometry":{"type":"LineString","coordinates":[[18.4267126,-33.9151359],[18.4268709,-33.9151866]]}},{"type":"Feature","properties":{"highway":"service","name":null,"oneway":"yes","surface":"asphalt","lanes":"1","maxspeed":null},"geometry":{"type":"LineString","coordinates":[[18.4254265,-33.9153487],[18.4256362,-33.9155012],[18.4256707,-33.9156418]]}},{"type":"Feature","properties":{"highway":"footway","name":null,"oneway":null,"surface":"paved","lanes":null,"maxspeed":null},"geometry":{"type":"LineString","coordinates":[[18.4262808,-33.9159505],[18.4262565,-33.9159328],[18.4261589,-33.915862],[18.4260375,-33.9157755]]}},{"type":"Feature","properties":{"highway":"footway","name":null,"oneway":null,"surface":"paved","lanes":null,"maxspeed":null},"geometry":{"type":"LineString","coordinates":[[18.4269275,-33.9150591],[18.4269744,-33.9150891],[18.4270583,-33.9151484],[18.4271243,-33.915196]]}},{"type":"Feature","properties":{"highway":"footway","name":null,"oneway":null,"surface":"paving_stones","lanes":null,"maxspeed":null},"geometry":{"type":"LineString","coordinates":[[18.4263307,-33.916055],[18.4263002,-33.9160916],[18.4261839,-33.916197],[18.4261651,-33.9162152]]}},{"type":"Feature","properties":{"highway":"service","name":null,"oneway":"yes","surface":"paved","lanes":"1","maxspeed":null},"geometry":{"type":"LineString","coordinates":[[18.4262678,-33.9157565],[18.4262119,-33.9156575],[18.4263113,-33.9155649],[18.426325,-33.9155521]]}},{"type":"Feature","properties":{"highway":"footway","name":null,"oneway":null,"surface":"concrete","lanes":null,"maxspeed":null},"geometry":{"type":"LineString","coordinates":[[18.4265819,-33.9157328],[18.4265656,-33.9157399],[18.4265277,-33.9157128],[18.4265012,-33.9156949],[18.426402,-33.9156267],[18.4263113,-33.9155649],[18.4262736,-33.9155401]]}},{"type":"Feature","properties":{"highway":"secondary","name":"Heerengracht Street","oneway":"yes","surface":"asphalt","lanes":"4","maxspeed":"60"},"geometry":{"type":"LineString","coordinates":[[18.4269948,-33.9181615],[18.427478,-33.9177],[18.4275101,-33.917671],[18.427619,-33.9175625],[18.4276458,-33.9175242],[18.4276758,-33.9174625]]}},{"type":"Feature","properties":{"highway":"footway","name":null,"oneway":null,"surface":"paved","lanes":null,"maxspeed":null},"geometry":{"type":"LineString","coordinates":[[18.4269723,-33.9187644],[18.4269231,-33.9187257],[18.4268055,-33.9187513],[18.4266728,-33.9187708],[18.4266349,-33.9187449],[18.4265848,-33.9187088]]}},{"type":"Feature","properties":{"highway":"pedestrian","name":null,"oneway":null,"surface":"paved","lanes":null,"maxspeed":null},"geometry":{"type":"LineString","coordinates":[[18.427637,-33.9169738],[18.4277637,-33.9170551],[18.4278,-33.9170211],[18.4282088,-33.9170111],[18.4282676,-33.9169948],[18.4283163,-33.916966],[18.4290153,-33.9162556],[18.4290789,-33.9161938],[18.4290388,-33.9161687],[18.4287458,-33.9159859],[18.4286824,-33.9159947],[18.4285754,-33.9161119],[18.4286974,-33.916191],[18.4287239,-33.9161644],[18.4287999,-33.9162167],[18.4287811,-33.9162355],[18.4288947,-33.9163136],[18.4283206,-33.9168985],[18.4283058,-33.9168881],[18.428285,-33.9169033],[18.4282628,-33.9169241],[18.4282262,-33.9169545],[18.4281536,-33.9169058],[18.428061,-33.916999],[18.427904,-33.9168874],[18.4277857,-33.9170017],[18.4276868,-33.9169238],[18.4276762,-33.916935],[18.4276608,-33.9169512],[18.427637,-33.9169738]]}},{"type":"Feature","properties":{"highway":"footway","name":null,"oneway":null,"surface":"asphalt","lanes":null,"maxspeed":null},"geometry":{"type":"LineString","coordinates":[[18.426595,-33.91815],[18.4266061,-33.9181571],[18.4266507,-33.9181899],[18.4267097,-33.9182044],[18.4268398,-33.9182931],[18.4268754,-33.918319]]}},{"type":"Feature","properties":{"highway":"footway","name":null,"oneway":null,"surface":"concrete","lanes":null,"maxspeed":null},"geometry":{"type":"LineString","coordinates":[[18.4257213,-33.9145561],[18.4257199,-33.9146515],[18.42556,-33.9149842]]}},{"type":"Feature","properties":{"highway":"secondary","name":"Heerengracht Street","oneway":"yes","surface":"asphalt","lanes":"4","maxspeed":"60"},"geometry":{"type":"LineString","coordinates":[[18.4269553,-33.9188389],[18.4268467,-33.9189459],[18.4267422,-33.9190482]]}},{"type":"Feature","properties":{"highway":"secondary","name":null,"oneway":"yes","surface":"asphalt","lanes":"3","maxspeed":"60"},"geometry":{"type":"LineString","coordinates":[[18.4284088,-33.9176253],[18.428337,-33.9176939],[18.4282879,-33.9177256],[18.428236,-33.9177514],[18.428169,-33.917775]]}},{"type":"Feature","properties":{"highway":"secondary","name":"Heerengracht Street","oneway":"yes","surface":"asphalt","lanes":"3","maxspeed":"60"},"geometry":{"type":"LineString","coordinates":[[18.4274148,-33.9184041],[18.4273286,-33.9184879],[18.4272144,-33.9185977]]}},{"type":"Feature","properties":{"highway":"secondary","name":null,"oneway":"yes","surface":"asphalt","lanes":"3","maxspeed":"60"},"geometry":{"type":"LineString","coordinates":[[18.4276758,-33.9174625],[18.4276738,-33.9174299]]}},{"type":"Feature","properties":{"highway":"secondary","name":"Heerengracht Street","oneway":"yes","surface":"asphalt","lanes":"2","maxspeed":"60"},"geometry":{"type":"LineString","coordinates":[[18.428169,-33.917775],[18.4280955,-33.9178007],[18.428037,-33.9178272],[18.4279826,-33.917862],[18.4279401,-33.917898],[18.4278921,-33.9179407]]}},{"type":"Feature","properties":{"highway":"secondary","name":null,"oneway":"yes","surface":"asphalt","lanes":"3","maxspeed":"60"},"geometry":{"type":"LineString","coordinates":[[18.427904,-33.9171612],[18.4279613,-33.9171416],[18.4280286,-33.9171284],[18.4280868,-33.9171217],[18.4281554,-33.9171196]]}},{"type":"Feature","properties":{"highway":"secondary","name":null,"oneway":"yes","surface":"asphalt","lanes":"3","maxspeed":"60"},"geometry":{"type":"LineString","coordinates":[[18.4281554,-33.9171196],[18.428217,-33.9171273],[18.4282754,-33.9171432],[18.4283187,-33.9171615],[18.4283707,-33.9171934],[18.4284139,-33.9172371],[18.4284462,-33.9172868]]}},{"type":"Feature","properties":{"highway":"secondary","name":null,"oneway":"yes","surface":"asphalt","lanes":"4","maxspeed":"60"},"geometry":{"type":"LineString","coordinates":[[18.4284616,-33.9173798],[18.4284669,-33.9174349],[18.4284638,-33.9174797],[18.4284531,-33.9175215],[18.4284427,-33.9175562],[18.428415,-33.9176145]]}},{"type":"Feature","properties":{"highway":"secondary","name":null,"oneway":"yes","surface":"asphalt","lanes":"4","maxspeed":"60"},"geometry":{"type":"LineString","coordinates":[[18.428415,-33.9176145],[18.4284088,-33.9176253]]}},{"type":"Feature","properties":{"highway":"secondary","name":null,"oneway":"yes","surface":"asphalt","lanes":"2","maxspeed":"60"},"geometry":{"type":"LineString","coordinates":[[18.4276738,-33.9174299],[18.4277173,-33.917345],[18.4277489,-33.9172951],[18.4277893,-33.9172482],[18.4278398,-33.9172085],[18.427904,-33.9171612]]}},{"type":"Feature","properties":{"highway":"service","name":null,"oneway":"yes","surface":"asphalt","lanes":null,"maxspeed":null},"geometry":{"type":"LineString","coordinates":[[18.4258936,-33.9192221],[18.4258012,-33.9190851],[18.4263618,-33.9185466],[18.4267097,-33.9182044],[18.4267717,-33.9181436],[18.4269356,-33.9179843],[18.4271692,-33.9177533],[18.4272014,-33.9177301],[18.4272397,-33.9177187],[18.427478,-33.9177]]}},{"type":"Feature","properties":{"highway":"pedestrian","name":null,"oneway":null,"surface":"paved","lanes":null,"maxspeed":null},"geometry":{"type":"LineString","coordinates":[[18.4273331,-33.9170683],[18.427304,-33.917093],[18.4274914,-33.9172316],[18.4275424,-33.9172693],[18.4271329,-33.9176506],[18.4271427,-33.9176578],[18.4271808,-33.917686],[18.427194,-33.9176718],[18.4273564,-33.917677],[18.4274539,-33.9176308],[18.4275417,-33.9175438],[18.4275578,-33.9175156],[18.4275634,-33.9174563],[18.4275588,-33.917382],[18.4275558,-33.9173212],[18.4275402,-33.9172441],[18.4275213,-33.9172044],[18.4273331,-33.9170683]]}},{"type":"Feature","properties":{"highway":"footway","name":null,"oneway":null,"surface":"paved","lanes":null,"maxspeed":null},"geometry":{"type":"LineString","coordinates":[[18.4275759,-33.9177136],[18.4277321,-33.9178271],[18.4278308,-33.9178943]]}},{"type":"Feature","properties":{"highway":"footway","name":null,"oneway":null,"surface":"paved","lanes":null,"maxspeed":null},"geometry":{"type":"LineString","coordinates":[[18.4271472,-33.9190341],[18.4271744,-33.9189993],[18.4272278,-33.918947],[18.4272543,-33.918922],[18.427285,-33.9188931],[18.427332,-33.9188472],[18.4273575,-33.9188218]]}},{"type":"Feature","properties":{"highway":"footway","name":null,"oneway":null,"surface":"paved","lanes":null,"maxspeed":null},"geometry":{"type":"LineString","coordinates":[[18.4275468,-33.9186392],[18.4274009,-33.9185404]]}},{"type":"Feature","properties":{"highway":"footway","name":null,"oneway":null,"surface":"paved","lanes":null,"maxspeed":null},"geometry":{"type":"LineString","coordinates":[[18.4262195,-33.9196145],[18.4263292,-33.9196945],[18.4263614,-33.9197088]]}},{"type":"Feature","properties":{"highway":"footway","name":null,"oneway":null,"surface":"asphalt","lanes":null,"maxspeed":null},"geometry":{"type":"LineString","coordinates":[[18.4272904,-33.9184608],[18.4272423,-33.9184151],[18.4271516,-33.9185041]]}},{"type":"Feature","properties":{"highway":"footway","name":null,"oneway":null,"surface":"paved","lanes":null,"maxspeed":null},"geometry":{"type":"LineString","coordinates":[[18.4261169,-33.9195398],[18.4259343,-33.919408],[18.4258642,-33.9193599]]}},{"type":"Feature","properties":{"highway":"footway","name":null,"oneway":null,"surface":"asphalt","lanes":null,"maxspeed":null},"geometry":{"type":"LineString","coordinates":[[18.4274539,-33.9176308],[18.4275101,-33.917671],[18.4275759,-33.9177136]]}},{"type":"Feature","properties":{"highway":"footway","name":null,"oneway":null,"surface":"asphalt","lanes":null,"maxspeed":null},"geometry":{"type":"LineString","coordinates":[[18.4261001,-33.9199366],[18.4261723,-33.9198727],[18.4262451,-33.9198083],[18.4263614,-33.9197088]]}},{"type":"Feature","properties":{"highway":"footway","name":null,"oneway":null,"surface":"asphalt","lanes":null,"maxspeed":null},"geometry":{"type":"LineString","coordinates":[[18.4261169,-33.9195398],[18.4261318,-33.9195499],[18.4261824,-33.919585],[18.4262195,-33.9196145]]}},{"type":"Feature","properties":{"highway":"footway","name":null,"oneway":null,"surface":"asphalt","lanes":null,"maxspeed":null},"geometry":{"type":"LineString","coordinates":[[18.4257034,-33.9192511],[18.4258004,-33.9193133],[18.4258487,-33.9193486],[18.4258642,-33.9193599]]}},{"type":"Feature","properties":{"highway":"footway","name":null,"oneway":null,"surface":"asphalt","lanes":null,"maxspeed":null},"geometry":{"type":"LineString","coordinates":[[18.4278308,-33.9178943],[18.4278581,-33.917915],[18.4278921,-33.9179407],[18.4279432,-33.9179801]]}},{"type":"Feature","properties":{"highway":"footway","name":null,"oneway":null,"surface":"asphalt","lanes":null,"maxspeed":null},"geometry":{"type":"LineString","coordinates":[[18.4270447,-33.918819],[18.4270064,-33.9187916],[18.4269723,-33.9187644]]}},{"type":"Feature","properties":{"highway":"footway","name":null,"oneway":null,"surface":"paved","lanes":null,"maxspeed":null},"geometry":{"type":"LineString","coordinates":[[18.4263614,-33.9197088],[18.4263834,-33.9196883],[18.4268795,-33.9192266],[18.4269515,-33.9191597],[18.4270464,-33.9191315]]}},{"type":"Feature","properties":{"highway":"footway","name":null,"oneway":null,"surface":"asphalt","lanes":null,"maxspeed":null},"geometry":{"type":"LineString","coordinates":[[18.4274009,-33.9185404],[18.4273286,-33.9184879],[18.4272904,-33.9184608]]}},{"type":"Feature","properties":{"highway":"footway","name":null,"oneway":null,"surface":"asphalt","lanes":null,"maxspeed":null},"geometry":{"type":"LineString","coordinates":[[18.4273575,-33.9188218],[18.4273739,-33.9188054],[18.4274241,-33.9187613],[18.4274616,-33.9187249]]}},{"type":"Feature","properties":{"highway":"footway","name":null,"oneway":null,"surface":"paved","lanes":null,"maxspeed":null},"geometry":{"type":"LineString","coordinates":[[18.4281498,-33.9180749],[18.4281185,-33.9181042],[18.4275468,-33.9186392],[18.4274616,-33.9187249]]}},{"type":"Feature","properties":{"highway":"service","name":null,"oneway":"yes","surface":"paved","lanes":"1","maxspeed":null},"geometry":{"type":"LineString","coordinates":[[18.4267717,-33.9181436],[18.426711,-33.9180761],[18.4268399,-33.9179544],[18.4269356,-33.9179843]]}},{"type":"Feature","properties":{"highway":"footway","name":null,"oneway":null,"surface":"asphalt","lanes":null,"maxspeed":null},"geometry":{"type":"LineString","coordinates":[[18.4270464,-33.9191315],[18.4270832,-33.9190951],[18.4271345,-33.9190461],[18.4271472,-33.9190341]]}},{"type":"Feature","properties":{"highway":"footway","name":null,"oneway":null,"surface":"asphalt","lanes":null,"maxspeed":null},"geometry":{"type":"LineString","coordinates":[[18.4265848,-33.9187088],[18.4265575,-33.9186892],[18.4264929,-33.9186416],[18.4263618,-33.9185466],[18.4262639,-33.9184755],[18.4262546,-33.9184687]]}},{"type":"Feature","properties":{"highway":"pedestrian","name":null,"oneway":null,"surface":"paved","lanes":null,"maxspeed":null},"geometry":{"type":"LineString","coordinates":[[18.4275217,-33.9177672],[18.4275759,-33.9177136],[18.4276224,-33.9176703],[18.4276272,-33.9176676],[18.4276328,-33.9176673],[18.4276368,-33.91767],[18.4276552,-33.9176947],[18.4276806,-33.9177237],[18.4277076,-33.9177486],[18.4277358,-33.9177705],[18.4277711,-33.9177951],[18.4278081,-33.9178152],[18.4278449,-33.9178313],[18.4278715,-33.9178414],[18.4278754,-33.9178438],[18.4278765,-33.9178478],[18.4278749,-33.9178522],[18.4278308,-33.9178943],[18.427771,-33.9179524],[18.4276747,-33.9178809],[18.4275217,-33.9177672]]}},{"type":"Feature","properties":{"highway":"pedestrian","name":null,"oneway":null,"surface":"paved","lanes":null,"maxspeed":null},"geometry":{"type":"LineString","coordinates":[[18.4278548,-33.9176524],[18.427809,-33.9176194],[18.4278437,-33.9175862],[18.4279253,-33.9175082],[18.4279954,-33.9174412],[18.4280215,-33.91746],[18.4281408,-33.917346],[18.4282162,-33.9172738],[18.428255,-33.9172367],[18.4282981,-33.9172677],[18.4282592,-33.9173049],[18.428184,-33.9173769],[18.4280634,-33.9174914],[18.4280906,-33.9175111],[18.4280192,-33.9175782],[18.4279324,-33.9176611],[18.4279042,-33.917688],[18.4278548,-33.9176524]]}},{"type":"Feature","properties":{"highway":"footway","name":null,"oneway":null,"surface":"asphalt","lanes":null,"maxspeed":null},"geometry":{"type":"LineString","coordinates":[[18.4268754,-33.918319],[18.4270795,-33.9184542],[18.4271516,-33.9185041]]}},{"type":"Feature","properties":{"highway":"footway","name":null,"oneway":null,"surface":"asphalt","lanes":null,"maxspeed":null},"geometry":{"type":"LineString","coordinates":[[18.426019,-33.9177421],[18.426595,-33.91815]]}},{"type":"Feature","properties":{"highway":"busway","name":"Adderley Street Bus Lane","oneway":"yes","surface":"asphalt","lanes":"2","maxspeed":null},"geometry":{"type":"LineString","coordinates":[[18.4252961,-33.9202097],[18.4245762,-33.920903],[18.4245449,-33.9209306]]}},{"type":"Feature","properties":{"highway":"busway","name":"Adderley Street Bus Lane","oneway":"yes","surface":"asphalt","lanes":"1","maxspeed":null},"geometry":{"type":"LineString","coordinates":[[18.4243295,-33.9209925],[18.4243825,-33.9209327],[18.4244496,-33.9208603]]}},{"type":"Feature","properties":{"highway":"secondary","name":"Adderley Street","oneway":"yes","surface":"asphalt","lanes":"3","maxspeed":"60"},"geometry":{"type":"LineString","coordinates":[[18.4231945,-33.9219725],[18.4237504,-33.9214835]]}},{"type":"Feature","properties":{"highway":"secondary","name":"Adderley Street","oneway":"yes","surface":"asphalt","lanes":"3","maxspeed":"60"},"geometry":{"type":"LineString","coordinates":[[18.4238957,-33.9215896],[18.423778,-33.9216841],[18.4234502,-33.921997],[18.4233483,-33.9220854]]}},{"type":"Feature","properties":{"highway":"secondary","name":"Hans Strijdom Avenue","oneway":"yes","surface":"asphalt","lanes":"3","maxspeed":"60"},"geometry":{"type":"LineString","coordinates":[[18.4251625,-33.9193667],[18.4252169,-33.9193999],[18.4252816,-33.9194279],[18.4253572,-33.9194421],[18.4254451,-33.9194511],[18.4254976,-33.9194516],[18.425576,-33.9194477]]}},{"type":"Feature","properties":{"highway":"busway","name":"Heerengracht Bus Lane","oneway":"yes","surface":"asphalt","lanes":"1","maxspeed":null},"geometry":{"type":"LineString","coordinates":[[18.425576,-33.9194477],[18.425583,-33.9194801],[18.4255887,-33.9195065],[18.4256259,-33.9195064],[18.4256651,-33.9195105],[18.4257156,-33.919519],[18.4257707,-33.9195363],[18.4258138,-33.9195546],[18.4258543,-33.9195787],[18.425885,-33.9196054],[18.4259154,-33.9196377],[18.4259359,-33.9196695],[18.4259497,-33.9197071],[18.4259561,-33.9197333],[18.4259588,-33.9197666]]}},{"type":"Feature","properties":{"highway":"busway","name":"Heerengracht Bus Lane","oneway":"yes","surface":"asphalt","lanes":"1","maxspeed":null},"geometry":{"type":"LineString","coordinates":[[18.425529,-33.9200217],[18.4254911,-33.9200107],[18.4254456,-33.9199936],[18.4254076,-33.9199683],[18.4253679,-33.9199396],[18.4253345,-33.9199114],[18.4253039,-33.9198718]]}},{"type":"Feature","properties":{"highway":"busway","name":"Heerengracht Bus Lane","oneway":"yes","surface":"asphalt","lanes":"1","maxspeed":null},"geometry":{"type":"LineString","coordinates":[[18.4259588,-33.9197666],[18.4259483,-33.9198028],[18.425932,-33.9198401],[18.4259141,-33.9198748],[18.4258868,-33.9199103],[18.4258552,-33.91994],[18.4258111,-33.9199732],[18.42576,-33.9199993],[18.4257114,-33.9200164],[18.42566,-33.9200248],[18.4255994,-33.9200273],[18.425529,-33.9200217]]}},{"type":"Feature","properties":{"highway":"secondary","name":null,"oneway":"yes","surface":"asphalt","lanes":"2","maxspeed":"60"},"geometry":{"type":"LineString","coordinates":[[18.425576,-33.9194477],[18.4256234,-33.9194383]]}},{"type":"Feature","properties":{"highway":"secondary","name":"Heerengracht Boulevard","oneway":"yes","surface":"asphalt","lanes":"4","maxspeed":"60"},"geometry":{"type":"LineString","coordinates":[[18.4261385,-33.9196297],[18.4260981,-33.9196853],[18.4260611,-33.9197522]]}},{"type":"Feature","properties":{"highway":"secondary","name":null,"oneway":"yes","surface":"asphalt","lanes":"3","maxspeed":null},"geometry":{"type":"LineString","coordinates":[[18.4252649,-33.9199213],[18.425255,-33.9198922],[18.4252489,-33.9198572],[18.4252458,-33.9198145]]}},{"type":"Feature","properties":{"highway":"secondary","name":null,"oneway":"yes","surface":"asphalt","lanes":"4","maxspeed":"60"},"geometry":{"type":"LineString","coordinates":[[18.4258923,-33.9200489],[18.4258561,-33.9200694],[18.4258208,-33.9200847]]}},{"type":"Feature","properties":{"highway":"secondary","name":null,"oneway":"yes","surface":"asphalt","lanes":"3","maxspeed":"60"},"geometry":{"type":"LineString","coordinates":[[18.4260611,-33.9197522],[18.4260542,-33.9197833],[18.4260451,-33.9198255],[18.4260281,-33.9198725],[18.4260059,-33.9199234],[18.4259776,-33.9199698],[18.4259393,-33.9200134],[18.4258923,-33.9200489]]}},{"type":"Feature","properties":{"highway":"secondary","name":null,"oneway":"yes","surface":"asphalt","lanes":"2","maxspeed":"60"},"geometry":{"type":"LineString","coordinates":[[18.4256234,-33.9194383],[18.4256775,-33.9194382],[18.425726,-33.9194363],[18.4257783,-33.9194452],[18.4258341,-33.9194576],[18.4258866,-33.9194789],[18.4259319,-33.9195093],[18.4259715,-33.9195449],[18.4260199,-33.9195913],[18.4260455,-33.919637],[18.4260513,-33.9196723],[18.4260604,-33.9197122],[18.4260611,-33.9197522]]}},{"type":"Feature","properties":{"highway":"secondary","name":null,"oneway":"yes","surface":"asphalt","lanes":"2","maxspeed":"60"},"geometry":{"type":"LineString","coordinates":[[18.4252458,-33.9198145],[18.4252542,-33.9197598],[18.4252648,-33.9197217],[18.4252905,-33.9196649],[18.4253141,-33.919632],[18.4253533,-33.9195881],[18.4253893,-33.9195516],[18.4254216,-33.9195293],[18.4254593,-33.9195047],[18.425576,-33.9194477]]}},{"type":"Feature","properties":{"highway":"footway","name":null,"oneway":null,"surface":"paving_stones","lanes":null,"maxspeed":null},"geometry":{"type":"LineString","coordinates":[[18.4266349,-33.9187449],[18.4259343,-33.919408]]}},{"type":"Feature","properties":{"highway":"footway","name":null,"oneway":null,"surface":"paved","lanes":null,"maxspeed":null},"geometry":{"type":"LineString","coordinates":[[18.4277321,-33.9178271],[18.4276747,-33.9178809],[18.4270795,-33.9184542]]}},{"type":"Feature","properties":{"highway":"footway","name":null,"oneway":null,"surface":"asphalt","lanes":null,"maxspeed":null},"geometry":{"type":"LineString","coordinates":[[18.4250904,-33.9200565],[18.4251427,-33.9200945],[18.4251998,-33.9201349],[18.4252506,-33.9201725],[18.4252961,-33.9202097],[18.4253452,-33.9202732],[18.425379,-33.9203198]]}},{"type":"Feature","properties":{"highway":"secondary","name":"Hans Strijdom Avenue","oneway":"yes","surface":"asphalt","lanes":"3","maxspeed":"60"},"geometry":{"type":"LineString","coordinates":[[18.4237156,-33.9183215],[18.4238003,-33.9183829],[18.4244922,-33.9188694]]}},{"type":"Feature","properties":{"highway":"secondary","name":"Hans Strijdom Avenue","oneway":"yes","surface":"asphalt","lanes":"3","maxspeed":"60"},"geometry":{"type":"LineString","coordinates":[[18.4244922,-33.9188694],[18.4246273,-33.9189645],[18.4249233,-33.9191876],[18.4251625,-33.9193667]]}},{"type":"Feature","properties":{"highway":"service","name":"Roggebaai Square","oneway":"no","surface":"asphalt","lanes":"2","maxspeed":null},"geometry":{"type":"LineString","coordinates":[[18.4272482,-33.9169686],[18.4270622,-33.9171412]]}},{"type":"Feature","properties":{"highway":"service","name":"Ryk Tulbagh Plein","oneway":"no","surface":"asphalt","lanes":"2","maxspeed":null},"geometry":{"type":"LineString","coordinates":[[18.4251313,-33.9189856],[18.4249835,-33.9191311]]}},{"type":"Feature","properties":{"highway":"service","name":"Ryk Tulbagh Plein","oneway":"no","surface":"asphalt","lanes":"2","maxspeed":null},"geometry":{"type":"LineString","coordinates":[[18.4249835,-33.9191311],[18.4249731,-33.9191403],[18.4249233,-33.9191876]]}},{"type":"Feature","properties":{"highway":"service","name":"Ryk Tulbagh Plein","oneway":"no","surface":"asphalt","lanes":"2","maxspeed":null},"geometry":{"type":"LineString","coordinates":[[18.4251714,-33.9189465],[18.4251313,-33.9189856]]}},{"type":"Feature","properties":{"highway":"service","name":"Ryk Tulbagh Plein","oneway":"yes","surface":"asphalt","lanes":"1","maxspeed":null},"geometry":{"type":"LineString","coordinates":[[18.4252052,-33.9189677],[18.4251714,-33.9189465],[18.425018,-33.9188351],[18.4254735,-33.9183921],[18.4256608,-33.9185247],[18.4252052,-33.9189677]]}},{"type":"Feature","properties":{"highway":"tertiary","name":"Walter Sisulu Avenue","oneway":"yes","surface":"asphalt","lanes":"3","maxspeed":"60"},"geometry":{"type":"LineString","coordinates":[[18.4267203,-33.9165912],[18.4261839,-33.916197],[18.4260725,-33.9161151]]}},{"type":"Feature","properties":{"highway":"pedestrian","name":null,"oneway":null,"surface":null,"lanes":null,"maxspeed":null},"geometry":{"type":"LineString","coordinates":[[18.4262926,-33.9175234],[18.4261181,-33.917689],[18.4260643,-33.9177407],[18.4260389,-33.9177236],[18.4260217,-33.9177101],[18.4261864,-33.9175518],[18.4258661,-33.9173223],[18.4259414,-33.9172512],[18.4260117,-33.9171823],[18.4263625,-33.9174433],[18.4263184,-33.9174579],[18.4263426,-33.9174753],[18.4262926,-33.9175234]]}},{"type":"Feature","properties":{"highway":"footway","name":null,"oneway":null,"surface":"asphalt","lanes":null,"maxspeed":null},"geometry":{"type":"LineString","coordinates":[[18.4255167,-33.9166603],[18.4255367,-33.9166765]]}},{"type":"Feature","properties":{"highway":"footway","name":null,"oneway":null,"surface":"paving_stones","lanes":null,"maxspeed":null},"geometry":{"type":"LineString","coordinates":[[18.4246106,-33.9190296],[18.4245794,-33.9190679]]}},{"type":"Feature","properties":{"highway":"footway","name":null,"oneway":null,"surface":"paved","lanes":null,"maxspeed":null},"geometry":{"type":"LineString","coordinates":[[18.4268369,-33.9171319],[18.4268943,-33.9170773]]}},{"type":"Feature","properties":{"highway":"service","name":null,"oneway":"no","surface":"paved","lanes":"2","maxspeed":null},"geometry":{"type":"LineString","coordinates":[[18.4263488,-33.9166972],[18.4262863,-33.9167069],[18.4262692,-33.9167468]]}},{"type":"Feature","properties":{"highway":"footway","name":null,"oneway":null,"surface":"paved","lanes":null,"maxspeed":null},"geometry":{"type":"LineString","coordinates":[[18.4257034,-33.9192511],[18.4256154,-33.9191932]]}},{"type":"Feature","properties":{"highway":"footway","name":null,"oneway":null,"surface":"paved","lanes":null,"maxspeed":null},"geometry":{"type":"LineString","coordinates":[[18.425715,-33.9171307],[18.4253626,-33.9168815]]}},{"type":"Feature","properties":{"highway":"footway","name":null,"oneway":null,"surface":"paved","lanes":null,"maxspeed":null},"geometry":{"type":"LineString","coordinates":[[18.426287,-33.9174893],[18.4259414,-33.9172512],[18.4259108,-33.9172241]]}},{"type":"Feature","properties":{"highway":"footway","name":null,"oneway":null,"surface":"asphalt","lanes":null,"maxspeed":null},"geometry":{"type":"LineString","coordinates":[[18.4253098,-33.9177568],[18.4252623,-33.9177218],[18.4251659,-33.91765]]}},{"type":"Feature","properties":{"highway":"footway","name":null,"oneway":null,"surface":"asphalt","lanes":null,"maxspeed":null},"geometry":{"type":"LineString","coordinates":[[18.4246389,-33.9189172],[18.4246273,-33.9189645],[18.4246152,-33.9190137],[18.4246106,-33.9190296]]}},{"type":"Feature","properties":{"highway":"footway","name":null,"oneway":null,"surface":"asphalt","lanes":null,"maxspeed":null},"geometry":{"type":"LineString","coordinates":[[18.4255717,-33.9179545],[18.4253069,-33.9182023],[18.4245941,-33.9188824]]}},{"type":"Feature","properties":{"highway":"footway","name":null,"oneway":null,"surface":"paved","lanes":null,"maxspeed":null},"geometry":{"type":"LineString","coordinates":[[18.4258652,-33.9164],[18.4262863,-33.9167069],[18.4263452,-33.9167995],[18.4259108,-33.9172241],[18.4255748,-33.9175381],[18.4253098,-33.9177568],[18.4246655,-33.9183579],[18.4246532,-33.9183695]]}},{"type":"Feature","properties":{"highway":"footway","name":null,"oneway":null,"surface":"asphalt","lanes":null,"maxspeed":null},"geometry":{"type":"LineString","coordinates":[[18.4253626,-33.9168815],[18.4252722,-33.9169658],[18.4248307,-33.9173769],[18.4247839,-33.9174208],[18.4242591,-33.9179137]]}},{"type":"Feature","properties":{"highway":"footway","name":null,"oneway":null,"surface":"asphalt","lanes":null,"maxspeed":null},"geometry":{"type":"LineString","coordinates":[[18.4245794,-33.9190679],[18.4245711,-33.9190811],[18.4245407,-33.9191253],[18.4245188,-33.9191579],[18.4244996,-33.9191863]]}},{"type":"Feature","properties":{"highway":"footway","name":null,"oneway":null,"surface":"paved","lanes":null,"maxspeed":null},"geometry":{"type":"LineString","coordinates":[[18.4256952,-33.9180475],[18.426019,-33.9177421],[18.4260389,-33.9177236],[18.426287,-33.9174893],[18.4263184,-33.9174579],[18.4265039,-33.9174604]]}},{"type":"Feature","properties":{"highway":"footway","name":null,"oneway":null,"surface":"paved","lanes":null,"maxspeed":null},"geometry":{"type":"LineString","coordinates":[[18.4253141,-33.9193986],[18.425349,-33.9193983],[18.4253864,-33.9193931],[18.4254109,-33.919389],[18.4255342,-33.9193769],[18.4256021,-33.9193447],[18.4257034,-33.9192511]]}},{"type":"Feature","properties":{"highway":"pedestrian","name":null,"oneway":null,"surface":"paved","lanes":null,"maxspeed":null},"geometry":{"type":"LineString","coordinates":[[18.4262692,-33.9167468],[18.4263452,-33.9167995],[18.4268369,-33.9171319],[18.4270622,-33.9171412]]}},{"type":"Feature","properties":{"highway":"footway","name":null,"oneway":null,"surface":"paved","lanes":null,"maxspeed":null},"geometry":{"type":"LineString","coordinates":[[18.4277637,-33.9170551],[18.427695,-33.9171249],[18.4276564,-33.9171636]]}},{"type":"Feature","properties":{"highway":"footway","name":null,"oneway":null,"surface":"paved","lanes":null,"maxspeed":null},"geometry":{"type":"LineString","coordinates":[[18.424584,-33.9182265],[18.4245982,-33.9181868],[18.4251659,-33.91765],[18.425715,-33.9171307]]}},{"type":"Feature","properties":{"highway":"footway","name":null,"oneway":null,"surface":"asphalt","lanes":null,"maxspeed":null},"geometry":{"type":"LineString","coordinates":[[18.4258142,-33.9164496],[18.4258279,-33.9164364],[18.4258652,-33.9164]]}},{"type":"Feature","properties":{"highway":"footway","name":null,"oneway":null,"surface":"paved","lanes":null,"maxspeed":null},"geometry":{"type":"LineString","coordinates":[[18.4274539,-33.9176308],[18.4272878,-33.9175227],[18.4271427,-33.9176578],[18.4266061,-33.9181571],[18.4262639,-33.9184755],[18.4255598,-33.9191559],[18.4256154,-33.9191932],[18.4254109,-33.919389]]}},{"type":"Feature","properties":{"highway":"secondary","name":"Hans Strijdom Avenue","oneway":"yes","surface":"asphalt","lanes":"3","maxspeed":"60"},"geometry":{"type":"LineString","coordinates":[[18.4232651,-33.9179177],[18.4232931,-33.9179626],[18.4233162,-33.9179986],[18.4233471,-33.9180372],[18.4233865,-33.9180825],[18.4235667,-33.9182196],[18.4237156,-33.9183215]]}},{"type":"Feature","properties":{"highway":"tertiary","name":"Lower Long Street","oneway":"yes","surface":"asphalt","lanes":"3","maxspeed":"60"},"geometry":{"type":"LineString","coordinates":[[18.4241087,-33.9180078],[18.4237619,-33.9182885],[18.4237156,-33.9183215]]}},{"type":"Feature","properties":{"highway":"tertiary","name":"Lower Long Street","oneway":"yes","surface":"asphalt","lanes":"2","maxspeed":"60"},"geometry":{"type":"LineString","coordinates":[[18.4257806,-33.9164015],[18.4255167,-33.9166603],[18.4253775,-33.9167889]]}},{"type":"Feature","properties":{"highway":"tertiary","name":"Lower Long Street","oneway":"yes","surface":"asphalt","lanes":"2","maxspeed":"60"},"geometry":{"type":"LineString","coordinates":[[18.4251211,-33.917042],[18.4247976,-33.917351],[18.4243167,-33.9178102],[18.4241087,-33.9180078]]}},{"type":"Feature","properties":{"highway":"residential","name":"Wharf Street","oneway":"no","surface":"asphalt","lanes":"2","maxspeed":"60"},"geometry":{"type":"LineString","coordinates":[[18.4253235,-33.9166672],[18.4253775,-33.9167889]]}},{"type":"Feature","properties":{"highway":"service","name":null,"oneway":"no","surface":"gravel","lanes":"2","maxspeed":null},"geometry":{"type":"LineString","coordinates":[[18.4245053,-33.9171462],[18.4246753,-33.917266]]}},{"type":"Feature","properties":{"highway":"service","name":null,"oneway":"no","surface":"gravel","lanes":"2","maxspeed":null},"geometry":{"type":"LineString","coordinates":[[18.4239948,-33.9172461],[18.4243862,-33.9175336]]}},{"type":"Feature","properties":{"highway":"service","name":null,"oneway":"no","surface":"gravel","lanes":"2","maxspeed":null},"geometry":{"type":"LineString","coordinates":[[18.4243305,-33.9171689],[18.4245755,-33.9173584]]}},{"type":"Feature","properties":{"highway":"service","name":null,"oneway":null,"surface":null,"lanes":null,"maxspeed":null},"geometry":{"type":"LineString","coordinates":[[18.4239533,-33.9175599],[18.4240455,-33.9174682]]}},{"type":"Feature","properties":{"highway":"service","name":null,"oneway":"no","surface":"gravel","lanes":"2","maxspeed":null},"geometry":{"type":"LineString","coordinates":[[18.4246808,-33.9171232],[18.424769,-33.9171792]]}},{"type":"Feature","properties":{"highway":"service","name":null,"oneway":"no","surface":"gravel","lanes":"2","maxspeed":null},"geometry":{"type":"LineString","coordinates":[[18.4241388,-33.9171993],[18.4244757,-33.9174507]]}},{"type":"Feature","properties":{"highway":"footway","name":null,"oneway":null,"surface":"paved","lanes":null,"maxspeed":null},"geometry":{"type":"LineString","coordinates":[[18.4254489,-33.9167976],[18.42556,-33.9166953],[18.4258142,-33.9164496]]}},{"type":"Feature","properties":{"highway":"footway","name":null,"oneway":null,"surface":"paving_stones","lanes":null,"maxspeed":null},"geometry":{"type":"LineString","coordinates":[[18.4249488,-33.917541],[18.4248285,-33.9174533],[18.4247839,-33.9174208]]}},{"type":"Feature","properties":{"highway":"footway","name":null,"oneway":null,"surface":"asphalt","lanes":null,"maxspeed":null},"geometry":{"type":"LineString","coordinates":[[18.4248307,-33.9173769],[18.4247976,-33.917351],[18.4247715,-33.9173314]]}},{"type":"Feature","properties":{"highway":"service","name":null,"oneway":"no","surface":"gravel","lanes":"2","maxspeed":null},"geometry":{"type":"LineString","coordinates":[[18.4238737,-33.917309],[18.4238645,-33.9173157],[18.4238636,-33.9173236],[18.423865,-33.9173326],[18.4238692,-33.917338],[18.4240455,-33.9174682],[18.4242626,-33.9176272]]}},{"type":"Feature","properties":{"highway":"footway","name":null,"oneway":null,"surface":"paved","lanes":null,"maxspeed":null},"geometry":{"type":"LineString","coordinates":[[18.4258652,-33.9164],[18.4258854,-33.9163803],[18.4260318,-33.9162383],[18.4260698,-33.9162249],[18.4261034,-33.9162275],[18.4261347,-33.9162441]]}},{"type":"Feature","properties":{"highway":"service","name":null,"oneway":"no","surface":"gravel","lanes":"2","maxspeed":null},"geometry":{"type":"LineString","coordinates":[[18.4248261,-33.9171234],[18.4248256,-33.9171187],[18.4248202,-33.9171135],[18.4248102,-33.9171123],[18.4246808,-33.9171232],[18.4245053,-33.9171462],[18.4243305,-33.9171689],[18.4241388,-33.9171993],[18.4240676,-33.9172194],[18.4239948,-33.9172461],[18.4238737,-33.917309]]}},{"type":"Feature","properties":{"highway":"service","name":null,"oneway":"no","surface":"gravel","lanes":"2","maxspeed":null},"geometry":{"type":"LineString","coordinates":[[18.4242626,-33.9176272],[18.4242804,-33.9176262],[18.4242933,-33.9176211],[18.4243016,-33.9176174],[18.4243862,-33.9175336],[18.4244757,-33.9174507],[18.4245755,-33.9173584],[18.4246753,-33.917266],[18.424769,-33.9171792],[18.4248261,-33.9171234]]}},{"type":"Feature","properties":{"highway":"service","name":null,"oneway":"no","surface":"asphalt","lanes":"2","maxspeed":null},"geometry":{"type":"LineString","coordinates":[[18.4256134,-33.9175704],[18.4255748,-33.9175381],[18.4255024,-33.9174933]]}},{"type":"Feature","properties":{"highway":"service","name":null,"oneway":"no","surface":"asphalt","lanes":"2","maxspeed":null},"geometry":{"type":"LineString","coordinates":[[18.4233129,-33.916707],[18.4233476,-33.9167555],[18.4233641,-33.9167795],[18.4233826,-33.9168058],[18.4233913,-33.9168182],[18.4234039,-33.916836]]}},{"type":"Feature","properties":{"highway":"pedestrian","name":null,"oneway":null,"surface":"paved","lanes":null,"maxspeed":null},"geometry":{"type":"LineString","coordinates":[[18.4244441,-33.9187731],[18.4238455,-33.9183196],[18.4241805,-33.9180197],[18.4246532,-33.9183695],[18.4246296,-33.918391],[18.42422,-33.9180835],[18.424178,-33.918122],[18.4241346,-33.9180894],[18.4239459,-33.9182625],[18.4239893,-33.9182951],[18.423949,-33.918332],[18.4244412,-33.9187016],[18.4244815,-33.9186646],[18.424525,-33.9186973],[18.4244441,-33.9187731]]}},{"type":"Feature","properties":{"highway":"service","name":null,"oneway":"yes","surface":"asphalt","lanes":"2","maxspeed":null},"geometry":{"type":"LineString","coordinates":[[18.4250239,-33.916493],[18.4250327,-33.9164826],[18.4250669,-33.916451]]}},{"type":"Feature","properties":{"highway":"residential","name":"Lower Bre\u00eb Street","oneway":"yes","surface":"asphalt","lanes":"1","maxspeed":null},"geometry":{"type":"LineString","coordinates":[[18.4233129,-33.916707],[18.4233382,-33.9166825],[18.4234332,-33.9166347]]}},{"type":"Feature","properties":{"highway":"residential","name":"Lower Bre\u00eb Street","oneway":"yes","surface":"asphalt","lanes":"1","maxspeed":"60"},"geometry":{"type":"LineString","coordinates":[[18.4229866,-33.9168168],[18.4230638,-33.9168037],[18.4231155,-33.9167964],[18.423154,-33.9167876],[18.4231879,-33.916775]]}},{"type":"Feature","properties":{"highway":"residential","name":"Lower Bre\u00eb Street","oneway":"yes","surface":"asphalt","lanes":"1","maxspeed":null},"geometry":{"type":"LineString","coordinates":[[18.4233476,-33.9167555],[18.4230834,-33.9168887],[18.4230107,-33.9169164]]}},{"type":"Feature","properties":{"highway":"residential","name":"Lower Bre\u00eb Street","oneway":"no","surface":"asphalt","lanes":null,"maxspeed":null},"geometry":{"type":"LineString","coordinates":[[18.4235251,-33.9167006],[18.423488,-33.9167119],[18.4234589,-33.9167161],[18.4234363,-33.9167178]]}},{"type":"Feature","properties":{"highway":"residential","name":"Lower Bre\u00eb Street","oneway":"yes","surface":"asphalt","lanes":null,"maxspeed":null},"geometry":{"type":"LineString","coordinates":[[18.4237232,-33.9165092],[18.4237287,-33.9165442],[18.4237209,-33.9165753],[18.4236973,-33.916598],[18.4235251,-33.9167006]]}},{"type":"Feature","properties":{"highway":"cycleway","name":null,"oneway":"yes","surface":"asphalt","lanes":null,"maxspeed":null},"geometry":{"type":"LineString","coordinates":[[18.4234441,-33.916678],[18.4234874,-33.9166858],[18.4235015,-33.9166848],[18.4235638,-33.9166518],[18.4236483,-33.9166033],[18.4236857,-33.9165746],[18.4237232,-33.9165092],[18.423745,-33.9164187],[18.4237332,-33.9163672]]}},{"type":"Feature","properties":{"highway":"footway","name":null,"oneway":null,"surface":"paved","lanes":null,"maxspeed":null},"geometry":{"type":"LineString","coordinates":[[18.4242397,-33.9158101],[18.4247128,-33.9161665],[18.4247917,-33.9161617]]}},{"type":"Feature","properties":{"highway":"footway","name":null,"oneway":null,"surface":"paving_stones","lanes":null,"maxspeed":null},"geometry":{"type":"LineString","coordinates":[[18.42424,-33.9159664],[18.4242251,-33.9159252]]}},{"type":"Feature","properties":{"highway":"footway","name":null,"oneway":null,"surface":"asphalt","lanes":null,"maxspeed":null},"geometry":{"type":"LineString","coordinates":[[18.4233029,-33.9174618],[18.4233248,-33.9175329],[18.4233491,-33.9176062]]}},{"type":"Feature","properties":{"highway":"footway","name":null,"oneway":null,"surface":"asphalt","lanes":null,"maxspeed":null},"geometry":{"type":"LineString","coordinates":[[18.4231074,-33.916968],[18.4230991,-33.916959],[18.4230834,-33.9168887],[18.4230638,-33.9168037],[18.4230439,-33.9167145]]}},{"type":"Feature","properties":{"highway":"footway","name":null,"oneway":null,"surface":"paving_stones","lanes":null,"maxspeed":null},"geometry":{"type":"LineString","coordinates":[[18.4240989,-33.9153639],[18.4242397,-33.9158101],[18.4242794,-33.9159335],[18.42424,-33.9159664],[18.4238849,-33.9162814],[18.4237704,-33.9163462],[18.4237332,-33.9163672],[18.4237126,-33.9163398]]}},{"type":"Feature","properties":{"highway":"footway","name":null,"oneway":null,"surface":"paved","lanes":null,"maxspeed":null},"geometry":{"type":"LineString","coordinates":[[18.4236,-33.9167078],[18.4233913,-33.9168182],[18.4231074,-33.916968],[18.4231071,-33.9170055],[18.42312,-33.9170545],[18.4231891,-33.9173892],[18.4232206,-33.9174369],[18.4232614,-33.91746],[18.4232851,-33.9174635],[18.423291,-33.917463],[18.4233029,-33.9174618],[18.4233125,-33.9174609],[18.4233351,-33.9174543],[18.4233578,-33.9174405],[18.4233792,-33.9174161],[18.4233975,-33.9173798]]}},{"type":"Feature","properties":{"highway":"secondary","name":"Hans Strijdom Avenue","oneway":"yes","surface":"asphalt","lanes":"3","maxspeed":"60"},"geometry":{"type":"LineString","coordinates":[[18.4229866,-33.9168168],[18.4230107,-33.9169164]]}},{"type":"Feature","properties":{"highway":"secondary","name":"Hans Strijdom Avenue","oneway":"yes","surface":"asphalt","lanes":"3","maxspeed":"60"},"geometry":{"type":"LineString","coordinates":[[18.4230107,-33.9169164],[18.4230494,-33.9170226],[18.4230606,-33.9170705],[18.4230899,-33.9172037]]}},{"type":"Feature","properties":{"highway":"footway","name":null,"oneway":null,"surface":"paved","lanes":null,"maxspeed":null},"geometry":{"type":"LineString","coordinates":[[18.423985,-33.9152872],[18.4240295,-33.915268],[18.4240651,-33.9152527]]}},{"type":"Feature","properties":{"highway":"footway","name":null,"oneway":null,"surface":"asphalt","lanes":null,"maxspeed":null},"geometry":{"type":"LineString","coordinates":[[18.4223192,-33.9162151],[18.4223849,-33.9161829],[18.422448,-33.9161528],[18.4226303,-33.916066],[18.4227122,-33.916027]]}},{"type":"Feature","properties":{"highway":"tertiary","name":"D.F. Malan Street","oneway":"yes","surface":"asphalt","lanes":"4","maxspeed":"60"},"geometry":{"type":"LineString","coordinates":[[18.4293879,-33.9194],[18.4292684,-33.9194782],[18.4291646,-33.9195405],[18.4289085,-33.9196881],[18.4288074,-33.9197346]]}},{"type":"Feature","properties":{"highway":"secondary","name":"Heerengracht Boulevard","oneway":"yes","surface":"asphalt","lanes":"4","maxspeed":"60"},"geometry":{"type":"LineString","coordinates":[[18.4292355,-33.9162045],[18.4294517,-33.9159933],[18.4295756,-33.9159068]]}},{"type":"Feature","properties":{"highway":"service","name":"Rua Bartholemew Dias Street","oneway":"yes","surface":"asphalt","lanes":"1","maxspeed":"60"},"geometry":{"type":"LineString","coordinates":[[18.4304198,-33.9184518],[18.4303709,-33.9184681],[18.430324,-33.9184784],[18.4302691,-33.9184801],[18.4302279,-33.9184784],[18.4301913,-33.9184749]]}},{"type":"Feature","properties":{"highway":"service","name":"Rua Bartholemew Dias Street","oneway":"no","surface":"asphalt","lanes":"2","maxspeed":null},"geometry":{"type":"LineString","coordinates":[[18.4298309,-33.9182265],[18.4296844,-33.9181211],[18.429517,-33.9179923],[18.4293343,-33.9178633],[18.4289534,-33.9175977]]}},{"type":"Feature","properties":{"highway":"service","name":"Rua Vasco da Gama Plain","oneway":"yes","surface":"asphalt","lanes":"1","maxspeed":null},"geometry":{"type":"LineString","coordinates":[[18.4284088,-33.9176253],[18.4284068,-33.9176649],[18.4283921,-33.9177184],[18.4283584,-33.917766],[18.4282713,-33.9178489],[18.428231,-33.9179062],[18.4282126,-33.9179641],[18.4282106,-33.9180395]]}},{"type":"Feature","properties":{"highway":"service","name":null,"oneway":"yes","surface":"paved","lanes":"1","maxspeed":null},"geometry":{"type":"LineString","coordinates":[[18.4290392,-33.9184555],[18.4289303,-33.9183796],[18.4289073,-33.9183625],[18.428674,-33.9181854]]}},{"type":"Feature","properties":{"highway":"pedestrian","name":"Heerengracht","oneway":null,"surface":"paved","lanes":null,"maxspeed":"60"},"geometry":{"type":"LineString","coordinates":[[18.4295831,-33.9160505],[18.4295118,-33.9160631],[18.4294659,-33.9160822],[18.4294163,-33.9161244],[18.4293653,-33.9161773],[18.429359,-33.916209],[18.4293755,-33.9162322],[18.4294061,-33.9162354],[18.429429,-33.9162206],[18.4295958,-33.9160705],[18.4295946,-33.9160568],[18.4295831,-33.9160505]]}},{"type":"Feature","properties":{"highway":"footway","name":null,"oneway":null,"surface":"paved","lanes":null,"maxspeed":null},"geometry":{"type":"LineString","coordinates":[[18.4288257,-33.917562],[18.4287451,-33.9175558],[18.4287399,-33.9175432]]}},{"type":"Feature","properties":{"highway":"footway","name":null,"oneway":null,"surface":"paved","lanes":null,"maxspeed":null},"geometry":{"type":"LineString","coordinates":[[18.4301697,-33.9183577],[18.4299752,-33.9182223]]}},{"type":"Feature","properties":{"highway":"service","name":null,"oneway":"no","surface":"asphalt","lanes":"2","maxspeed":null},"geometry":{"type":"LineString","coordinates":[[18.4288058,-33.9185074],[18.4287542,-33.9185543],[18.428726,-33.9185794]]}},{"type":"Feature","properties":{"highway":"service","name":null,"oneway":"no","surface":"paved","lanes":"1","maxspeed":null},"geometry":{"type":"LineString","coordinates":[[18.4292059,-33.917988],[18.4287754,-33.9176739],[18.4286879,-33.9177565]]}},{"type":"Feature","properties":{"highway":"footway","name":null,"oneway":null,"surface":"asphalt","lanes":null,"maxspeed":null},"geometry":{"type":"LineString","coordinates":[[18.4281498,-33.9180749],[18.4282106,-33.9180395],[18.4282751,-33.9180058]]}},{"type":"Feature","properties":{"highway":"footway","name":null,"oneway":null,"surface":"paved","lanes":null,"maxspeed":null},"geometry":{"type":"LineString","coordinates":[[18.4288609,-33.9184473],[18.4289303,-33.9183796],[18.4293707,-33.9179505]]}},{"type":"Feature","properties":{"highway":"footway","name":null,"oneway":null,"surface":"asphalt","lanes":null,"maxspeed":null},"geometry":{"type":"LineString","coordinates":[[18.4290153,-33.9162556],[18.4291176,-33.9163167],[18.4292617,-33.9164095],[18.429415,-33.9165062],[18.4295211,-33.9163903],[18.4295568,-33.9163514]]}},{"type":"Feature","properties":{"highway":"footway","name":null,"oneway":null,"surface":"paved","lanes":null,"maxspeed":null},"geometry":{"type":"LineString","coordinates":[[18.430039,-33.9184764],[18.4298296,-33.9183257],[18.4293815,-33.9187768],[18.4295674,-33.9189053]]}},{"type":"Feature","properties":{"highway":"service","name":null,"oneway":"no","surface":"asphalt","lanes":"2","maxspeed":null},"geometry":{"type":"LineString","coordinates":[[18.4290695,-33.9187014],[18.4290979,-33.9186747],[18.4291302,-33.9186442],[18.4296493,-33.9181542],[18.4296844,-33.9181211]]}},{"type":"Feature","properties":{"highway":"footway","name":null,"oneway":null,"surface":"paved","lanes":null,"maxspeed":null},"geometry":{"type":"LineString","coordinates":[[18.4287677,-33.9180941],[18.4286839,-33.9181758],[18.4286777,-33.9181818],[18.428674,-33.9181854]]}},{"type":"Feature","properties":{"highway":"service","name":null,"oneway":"no","surface":"asphalt","lanes":"2","maxspeed":null},"geometry":{"type":"LineString","coordinates":[[18.4290396,-33.9179695],[18.4291467,-33.9180454],[18.4292059,-33.917988],[18.4292983,-33.9178982],[18.4293343,-33.9178633]]}},{"type":"Feature","properties":{"highway":"service","name":null,"oneway":"no","surface":"asphalt","lanes":"2","maxspeed":null},"geometry":{"type":"LineString","coordinates":[[18.4289076,-33.9185786],[18.428934,-33.9185537],[18.4289677,-33.9185219],[18.4290392,-33.9184555],[18.429517,-33.9179923]]}},{"type":"Feature","properties":{"highway":"footway","name":null,"oneway":null,"surface":"paved","lanes":null,"maxspeed":null},"geometry":{"type":"LineString","coordinates":[[18.4282751,-33.9180058],[18.4287451,-33.9175558]]}},{"type":"Feature","properties":{"highway":"footway","name":null,"oneway":null,"surface":"paved","lanes":null,"maxspeed":null},"geometry":{"type":"LineString","coordinates":[[18.4286674,-33.9195154],[18.4290157,-33.9193814],[18.4291507,-33.9193294],[18.4294447,-33.9190425],[18.4294287,-33.9190313],[18.4292554,-33.918909],[18.429244,-33.918901],[18.4287542,-33.9185543],[18.4281185,-33.9181042],[18.4279432,-33.9179801]]}},{"type":"Feature","properties":{"highway":"tertiary","name":"D.F. Malan Street","oneway":"yes","surface":"asphalt","lanes":"3","maxspeed":"60"},"geometry":{"type":"LineString","coordinates":[[18.4286745,-33.9196415],[18.4287839,-33.9195941],[18.4290935,-33.919456]]}},{"type":"Feature","properties":{"highway":"tertiary","name":"D.F. Malan Street","oneway":"yes","surface":"asphalt","lanes":"3","maxspeed":"60"},"geometry":{"type":"LineString","coordinates":[[18.4301913,-33.9184749],[18.4305401,-33.9181338],[18.4307664,-33.9179166],[18.4311067,-33.9175916],[18.4311873,-33.9175158]]}},{"type":"Feature","properties":{"highway":"tertiary","name":"Hertzog Boulevard","oneway":"yes","surface":"asphalt","lanes":"2","maxspeed":"60"},"geometry":{"type":"LineString","coordinates":[[18.4272144,-33.9185977],[18.4274241,-33.9187613],[18.4275943,-33.9188862],[18.4279541,-33.9191447],[18.4281648,-33.9192793]]}},{"type":"Feature","properties":{"highway":"service","name":null,"oneway":"yes","surface":"asphalt","lanes":"1","maxspeed":null},"geometry":{"type":"LineString","coordinates":[[18.4289762,-33.919339],[18.4289269,-33.9193369],[18.4288757,-33.9193568],[18.4288291,-33.9193856],[18.4287765,-33.9194055],[18.4287194,-33.9194009],[18.428681,-33.9193804],[18.4281596,-33.9190004],[18.4281003,-33.9189984],[18.4280278,-33.9189533],[18.4277522,-33.9187603],[18.4277191,-33.9187514],[18.4276828,-33.9187714],[18.4276448,-33.9188173],[18.4276099,-33.9188508],[18.4275943,-33.9188862]]}},{"type":"Feature","properties":{"highway":"service","name":null,"oneway":"yes","surface":"asphalt","lanes":"1","maxspeed":null},"geometry":{"type":"LineString","coordinates":[[18.4281003,-33.9189984],[18.4279541,-33.9191447]]}},{"type":"Feature","properties":{"highway":"service","name":null,"oneway":"no","surface":"asphalt","lanes":"2","maxspeed":null},"geometry":{"type":"LineString","coordinates":[[18.4282551,-33.918792],[18.4289368,-33.9192611],[18.4289832,-33.919293],[18.4289762,-33.919339]]}},{"type":"Feature","properties":{"highway":"footway","name":null,"oneway":null,"surface":"asphalt","lanes":null,"maxspeed":null},"geometry":{"type":"LineString","coordinates":[[18.4310237,-33.9175385],[18.4311067,-33.9175916],[18.4312285,-33.9176778],[18.4312634,-33.9177032]]}},{"type":"Feature","properties":{"highway":"tertiary","name":"D.F. Malan Street","oneway":"yes","surface":"asphalt","lanes":"3","maxspeed":"60"},"geometry":{"type":"LineString","coordinates":[[18.4296141,-33.919222],[18.4294966,-33.9193204],[18.4293879,-33.9194]]}},{"type":"Feature","properties":{"highway":"tertiary","name":"D.F. Malan Street","oneway":"yes","surface":"asphalt","lanes":"3","maxspeed":"60"},"geometry":{"type":"LineString","coordinates":[[18.4316432,-33.9172188],[18.4316302,-33.9172773],[18.4316067,-33.9173214],[18.4315789,-33.9173532],[18.4315403,-33.9173896],[18.4314333,-33.9174945],[18.431422,-33.917506],[18.4313168,-33.9176]]}},{"type":"Feature","properties":{"highway":"service","name":"Rua Vasco da Gama Plain","oneway":"yes","surface":"asphalt","lanes":null,"maxspeed":null},"geometry":{"type":"LineString","coordinates":[[18.4295594,-33.919068],[18.4295688,-33.9190764],[18.4295915,-33.9191146],[18.4296016,-33.9191509],[18.4296141,-33.919222]]}},{"type":"Feature","properties":{"highway":"footway","name":null,"oneway":null,"surface":"paved","lanes":null,"maxspeed":null},"geometry":{"type":"LineString","coordinates":[[18.4282367,-33.9198193],[18.4282664,-33.9197874],[18.42846,-33.9196641]]}},{"type":"Feature","properties":{"highway":"footway","name":null,"oneway":null,"surface":"asphalt","lanes":null,"maxspeed":null},"geometry":{"type":"LineString","coordinates":[[18.4283688,-33.920123],[18.4283902,-33.920103],[18.4284258,-33.9200779],[18.4284813,-33.9200354],[18.4285125,-33.9200098],[18.4285418,-33.9199886],[18.4286486,-33.9199319],[18.4287802,-33.919854]]}},{"type":"Feature","properties":{"highway":"footway","name":null,"oneway":null,"surface":"paved","lanes":null,"maxspeed":null},"geometry":{"type":"LineString","coordinates":[[18.4286348,-33.9195632],[18.4286674,-33.9195154],[18.4287139,-33.9195397]]}},{"type":"Feature","properties":{"highway":"footway","name":null,"oneway":null,"surface":"asphalt","lanes":null,"maxspeed":null},"geometry":{"type":"LineString","coordinates":[[18.42846,-33.9196641],[18.428497,-33.9196393],[18.4285299,-33.919623],[18.4285959,-33.9195865],[18.4286348,-33.9195632]]}},{"type":"Feature","properties":{"highway":"footway","name":null,"oneway":null,"surface":"asphalt","lanes":null,"maxspeed":null},"geometry":{"type":"LineString","coordinates":[[18.4280855,-33.9199204],[18.428139,-33.9199214],[18.4281696,-33.9198896],[18.42822,-33.9198364],[18.4282367,-33.9198193]]}},{"type":"Feature","properties":{"highway":"footway","name":null,"oneway":null,"surface":"asphalt","lanes":null,"maxspeed":null},"geometry":{"type":"LineString","coordinates":[[18.4287802,-33.919854],[18.4288394,-33.919839],[18.4289219,-33.9198143],[18.4289747,-33.9197997],[18.4290033,-33.9197916],[18.4290131,-33.919772]]}},{"type":"Feature","properties":{"highway":"footway","name":null,"oneway":null,"surface":"asphalt","lanes":null,"maxspeed":null},"geometry":{"type":"LineString","coordinates":[[18.4287139,-33.9195397],[18.4287839,-33.9195941],[18.4288247,-33.9196247]]}},{"type":"Feature","properties":{"highway":"footway","name":null,"oneway":null,"surface":"asphalt","lanes":null,"maxspeed":null},"geometry":{"type":"LineString","coordinates":[[18.4284374,-33.9198992],[18.4284229,-33.9198833],[18.4285852,-33.9197683],[18.4285747,-33.9197523]]}},{"type":"Feature","properties":{"highway":"pedestrian","name":null,"oneway":null,"surface":null,"lanes":null,"maxspeed":null},"geometry":{"type":"LineString","coordinates":[[18.4286034,-33.9197484],[18.4286078,-33.9197506],[18.4286104,-33.9197547],[18.4286115,-33.9197623],[18.4286099,-33.9197702],[18.428607,-33.9197824],[18.4286029,-33.9197919],[18.4285656,-33.9198215],[18.4285248,-33.9198494],[18.4284374,-33.9198992],[18.4284174,-33.9199115],[18.4284105,-33.9199146],[18.4284018,-33.9199162],[18.4283946,-33.9199135],[18.4283917,-33.9199089],[18.4283928,-33.9199035],[18.4283977,-33.919894],[18.428405,-33.9198799],[18.4284378,-33.9198323],[18.4284459,-33.9198235],[18.4284559,-33.9198149],[18.428511,-33.9197798],[18.4285747,-33.9197523],[18.4285926,-33.9197484],[18.4286034,-33.9197484]]}},{"type":"Feature","properties":{"highway":"pedestrian","name":null,"oneway":null,"surface":"paved","lanes":null,"maxspeed":null},"geometry":{"type":"LineString","coordinates":[[18.4282728,-33.9198194],[18.4284909,-33.9196821],[18.4285007,-33.9196724],[18.4285043,-33.9196639],[18.4285052,-33.9196558],[18.4285032,-33.9196484],[18.428497,-33.9196393],[18.428466,-33.9196149],[18.4282706,-33.9194775],[18.4282467,-33.9194668],[18.4282224,-33.9194609],[18.4281948,-33.9194571],[18.4281728,-33.919458],[18.4281504,-33.9194643],[18.4281349,-33.9194699],[18.4281178,-33.9194791],[18.4280984,-33.9194951],[18.4280539,-33.9195388],[18.4280384,-33.9195557],[18.4280295,-33.9195704],[18.4280248,-33.9195833],[18.428021,-33.919598],[18.42802,-33.919611],[18.4280205,-33.9196259],[18.4280231,-33.9196404],[18.4280311,-33.9196577],[18.4280438,-33.9196744],[18.4280617,-33.9196911],[18.4280906,-33.9197144],[18.4282367,-33.9198193],[18.428246,-33.9198236],[18.4282533,-33.9198247],[18.4282619,-33.9198234],[18.4282728,-33.9198194]]}},{"type":"Feature","properties":{"highway":"footway","name":null,"oneway":null,"surface":"paved","lanes":null,"maxspeed":null},"geometry":{"type":"LineString","coordinates":[[18.4281739,-33.9194699],[18.4281479,-33.9194796],[18.4280445,-33.9195797],[18.4280377,-33.9196178]]}},{"type":"Feature","properties":{"highway":"footway","name":null,"oneway":null,"surface":"asphalt","lanes":null,"maxspeed":null},"geometry":{"type":"LineString","coordinates":[[18.4288247,-33.9196247],[18.4288623,-33.9196559]]}},{"type":"Feature","properties":{"highway":"footway","name":null,"oneway":null,"surface":"paved","lanes":null,"maxspeed":null},"geometry":{"type":"LineString","coordinates":[[18.4282664,-33.9197874],[18.4280377,-33.9196178],[18.42802,-33.919611],[18.42798,-33.9195826],[18.4271744,-33.9189993],[18.4271056,-33.9189503],[18.4270643,-33.918923],[18.4270619,-33.9188958],[18.4270983,-33.9188581],[18.4270557,-33.9188269],[18.4271132,-33.9187778],[18.4272242,-33.9187695],[18.427332,-33.9188472],[18.4281378,-33.9194319],[18.4281728,-33.919458],[18.4281739,-33.9194699],[18.4283882,-33.9196212],[18.42846,-33.9196641],[18.4284909,-33.9196821]]}},{"type":"Feature","properties":{"highway":"footway","name":null,"oneway":null,"surface":"asphalt","lanes":null,"maxspeed":null},"geometry":{"type":"LineString","coordinates":[[18.4285418,-33.9199886],[18.4284907,-33.9199422],[18.4284677,-33.9199227],[18.4284374,-33.9198992]]}},{"type":"Feature","properties":{"highway":"footway","name":null,"oneway":null,"surface":"paved","lanes":null,"maxspeed":null},"geometry":{"type":"LineString","coordinates":[[18.427368,-33.9190012],[18.4272543,-33.918922]]}},{"type":"Feature","properties":{"highway":"footway","name":null,"oneway":null,"surface":"asphalt","lanes":null,"maxspeed":null},"geometry":{"type":"LineString","coordinates":[[18.4285747,-33.9197523],[18.4285286,-33.9197137],[18.4284909,-33.9196821]]}},{"type":"Feature","properties":{"highway":"footway","name":null,"oneway":null,"surface":"paved","lanes":null,"maxspeed":null},"geometry":{"type":"LineString","coordinates":[[18.427285,-33.9188931],[18.4271132,-33.9187778]]}},{"type":"Feature","properties":{"highway":"footway","name":null,"oneway":null,"surface":"paved","lanes":null,"maxspeed":null},"geometry":{"type":"LineString","coordinates":[[18.4272278,-33.918947],[18.4270983,-33.9188581]]}},{"type":"Feature","properties":{"highway":"footway","name":null,"oneway":null,"surface":"asphalt","lanes":null,"maxspeed":null},"geometry":{"type":"LineString","coordinates":[[18.4288623,-33.9196559],[18.4289085,-33.9196881],[18.4289771,-33.9197334],[18.4290067,-33.919755],[18.4290131,-33.919772]]}},{"type":"Feature","properties":{"highway":"footway","name":null,"oneway":null,"surface":"asphalt","lanes":null,"maxspeed":null},"geometry":{"type":"LineString","coordinates":[[18.4281354,-33.9199579],[18.428195,-33.9200018],[18.4282999,-33.9200776],[18.4283043,-33.9200826],[18.4283688,-33.920123]]}},{"type":"Feature","properties":{"highway":"pedestrian","name":null,"oneway":null,"surface":"paved","lanes":null,"maxspeed":null},"geometry":{"type":"LineString","coordinates":[[18.4288033,-33.9196338],[18.428842,-33.9196658],[18.4288623,-33.9196559],[18.428924,-33.9196267],[18.428982,-33.9195835],[18.4289764,-33.9195702],[18.4289634,-33.9195717],[18.4288247,-33.9196247],[18.4288033,-33.9196338]]}},{"type":"Feature","properties":{"highway":"pedestrian","name":null,"oneway":null,"surface":"paved","lanes":null,"maxspeed":null},"geometry":{"type":"LineString","coordinates":[[18.4285805,-33.920014],[18.4285603,-33.9200445],[18.4285125,-33.9200098],[18.4284803,-33.919984],[18.4284724,-33.9199679],[18.4284793,-33.91995],[18.4284907,-33.9199422],[18.4287338,-33.9198068],[18.4287802,-33.919854],[18.428798,-33.9198615],[18.4288212,-33.9198704],[18.4287798,-33.9198973],[18.428805,-33.9199172],[18.4288003,-33.9199222],[18.4288829,-33.9199845],[18.4288154,-33.9200495],[18.4287492,-33.9201132],[18.428666,-33.9200516],[18.4286556,-33.9200467],[18.4286424,-33.9200599],[18.4285805,-33.920014]]}},{"type":"Feature","properties":{"highway":"pedestrian","name":null,"oneway":null,"surface":"paved","lanes":null,"maxspeed":null},"geometry":{"type":"LineString","coordinates":[[18.4292868,-33.920494],[18.4293004,-33.920481],[18.4293494,-33.9204338],[18.4294032,-33.9203819],[18.4294139,-33.9203717],[18.4294525,-33.9203994],[18.4295684,-33.9204825],[18.4296051,-33.9205088],[18.4296985,-33.9205758],[18.429809,-33.9206549],[18.429915,-33.9207309],[18.4300132,-33.9208013],[18.4299791,-33.920834],[18.4299467,-33.9208644],[18.4299157,-33.9208949],[18.4298859,-33.9209235],[18.429788,-33.9208533],[18.4296817,-33.9207772],[18.4295715,-33.9206981],[18.4294778,-33.920631],[18.4294411,-33.9206048],[18.4293253,-33.9205217],[18.4292868,-33.920494]]}},{"type":"Feature","properties":{"highway":"pedestrian","name":null,"oneway":null,"surface":"concrete","lanes":null,"maxspeed":null},"geometry":{"type":"LineString","coordinates":[[18.4294139,-33.9203717],[18.4293898,-33.9203545],[18.4293798,-33.9203472],[18.4292272,-33.9202381],[18.4291929,-33.9202136],[18.4292213,-33.9201863],[18.4290718,-33.9200795],[18.4290493,-33.9201012],[18.429037,-33.9200925],[18.4290126,-33.920075],[18.42898,-33.9200517],[18.4288829,-33.9199845],[18.4288154,-33.9200495],[18.4287492,-33.9201132],[18.4288463,-33.9201805],[18.4288787,-33.9202037],[18.428903,-33.9202211],[18.4289153,-33.9202298],[18.4288944,-33.92025],[18.4290448,-33.9203576],[18.4290666,-33.9203366],[18.4291008,-33.920361],[18.4292525,-33.9204695],[18.4292626,-33.9204766],[18.4292868,-33.920494],[18.4293004,-33.920481],[18.4293494,-33.9204338],[18.4294032,-33.9203819],[18.4294139,-33.9203717]]}},{"type":"Feature","properties":{"highway":"pedestrian","name":null,"oneway":null,"surface":"paved","lanes":null,"maxspeed":null},"geometry":{"type":"LineString","coordinates":[[18.4294777,-33.9200911],[18.42946,-33.9200785],[18.4294398,-33.920098],[18.429404,-33.9200724],[18.4293953,-33.9200808],[18.4293607,-33.920056],[18.4293694,-33.9200476],[18.4293227,-33.9200142],[18.4293433,-33.9199943],[18.4293258,-33.9199818],[18.4293109,-33.9199712],[18.4292955,-33.9199602],[18.429277,-33.9199469],[18.4292566,-33.9199667],[18.429218,-33.9199391],[18.4292087,-33.919948],[18.4291964,-33.9199392],[18.4291819,-33.9199532],[18.4291575,-33.9199357],[18.4291431,-33.9199496],[18.4291201,-33.9199729],[18.4290741,-33.920016],[18.4290531,-33.9200362],[18.4290774,-33.9200536],[18.4290674,-33.9200633],[18.4290796,-33.920072],[18.4290718,-33.9200795],[18.4290493,-33.9201012],[18.429037,-33.9200925],[18.4290228,-33.9201061],[18.4289984,-33.9200886],[18.4289466,-33.9201385],[18.4289434,-33.9201416],[18.4288975,-33.9201858],[18.4289217,-33.9202031],[18.428903,-33.9202211],[18.4289153,-33.9202298],[18.4288944,-33.92025],[18.4288868,-33.9202573],[18.4288745,-33.9202486],[18.4288622,-33.9202604],[18.4288378,-33.9202429],[18.4288012,-33.9202782],[18.4287561,-33.9203216],[18.4287347,-33.9203423],[18.4287589,-33.9203596],[18.4287488,-33.9203693],[18.4287409,-33.9203769],[18.4287531,-33.9203857],[18.428726,-33.9204118],[18.4286896,-33.920386],[18.4286229,-33.9204506],[18.4285753,-33.9204965],[18.4286002,-33.9205143],[18.4285937,-33.9205205],[18.4286648,-33.9205716],[18.4287552,-33.920637],[18.4288771,-33.9205198],[18.4289041,-33.9204935],[18.4289322,-33.9205136],[18.4289051,-33.9205398],[18.4290451,-33.9206398],[18.4290632,-33.9206224],[18.4290811,-33.9206352],[18.4290903,-33.9206263],[18.4290998,-33.9206331],[18.4291066,-33.9206265],[18.4291148,-33.9206186],[18.4291391,-33.920636],[18.4291583,-33.9206174],[18.429207,-33.9205706],[18.4292449,-33.920534],[18.4292209,-33.9205168],[18.4292328,-33.9205054],[18.4292626,-33.9204766],[18.4292761,-33.9204636],[18.4293004,-33.920481],[18.4293494,-33.9204338],[18.4294032,-33.9203819],[18.4293792,-33.9203648],[18.4293898,-33.9203545],[18.4294142,-33.920331],[18.4294361,-33.9203099],[18.4294603,-33.9203273],[18.4294801,-33.9203082],[18.4295247,-33.9202652],[18.4295508,-33.9202401],[18.4295643,-33.9202271],[18.4295403,-33.9202099],[18.4295558,-33.9201949],[18.4295463,-33.9201881],[18.4295545,-33.9201802],[18.4295068,-33.9201461],[18.4295271,-33.9201265],[18.4295109,-33.920115],[18.4294949,-33.9201035],[18.4294777,-33.9200911]]}},{"type":"Feature","properties":{"highway":"footway","name":null,"oneway":null,"surface":"paved","lanes":null,"maxspeed":null},"geometry":{"type":"LineString","coordinates":[[18.4286229,-33.9204506],[18.4287185,-33.9205183],[18.4286648,-33.9205716]]}},{"type":"Feature","properties":{"highway":"footway","name":null,"oneway":null,"surface":"paved","lanes":null,"maxspeed":null},"geometry":{"type":"LineString","coordinates":[[18.4287185,-33.9205183],[18.4290449,-33.9202174],[18.4290548,-33.9202089],[18.4293109,-33.9199712]]}},{"type":"Feature","properties":{"highway":"footway","name":null,"oneway":null,"surface":"paved","lanes":null,"maxspeed":null},"geometry":{"type":"LineString","coordinates":[[18.4294949,-33.9201035],[18.4291662,-33.9202828],[18.4291487,-33.9202911],[18.4287185,-33.9205183]]}},{"type":"Feature","properties":{"highway":"footway","name":null,"oneway":null,"surface":"paved","lanes":null,"maxspeed":null},"geometry":{"type":"LineString","coordinates":[[18.4289466,-33.9201385],[18.4290548,-33.9202089],[18.4291662,-33.9202828]]}},{"type":"Feature","properties":{"highway":"pedestrian","name":null,"oneway":null,"surface":null,"lanes":null,"maxspeed":null},"geometry":{"type":"LineString","coordinates":[[18.43007,-33.9196322],[18.4300138,-33.9195915],[18.4299895,-33.9196147],[18.4299368,-33.9195765],[18.429891,-33.9196201],[18.4298429,-33.9196658],[18.4298627,-33.9196802],[18.4298159,-33.9197246],[18.429864,-33.9197595],[18.4298873,-33.9197373],[18.4299237,-33.9197636],[18.4299471,-33.9197409],[18.4299891,-33.9197709],[18.4300372,-33.9197243],[18.4300866,-33.9196765],[18.4300507,-33.919651],[18.43007,-33.9196322]]}},{"type":"Feature","properties":{"highway":"service","name":null,"oneway":"no","surface":"asphalt","lanes":"1","maxspeed":null},"geometry":{"type":"LineString","coordinates":[[18.4297016,-33.9203922],[18.4297374,-33.9203576],[18.4298711,-33.9202287],[18.4299389,-33.9201632],[18.4299525,-33.9201501]]}},{"type":"Feature","properties":{"highway":"steps","name":null,"oneway":null,"surface":null,"lanes":null,"maxspeed":null},"geometry":{"type":"LineString","coordinates":[[18.429891,-33.9196201],[18.4300372,-33.9197243]]}},{"type":"Feature","properties":{"highway":"steps","name":null,"oneway":null,"surface":"concrete","lanes":null,"maxspeed":null},"geometry":{"type":"LineString","coordinates":[[18.4297005,-33.9201578],[18.4296271,-33.920105]]}},{"type":"Feature","properties":{"highway":"footway","name":null,"oneway":null,"surface":"paved","lanes":null,"maxspeed":null},"geometry":{"type":"LineString","coordinates":[[18.4306547,-33.918506],[18.4306325,-33.9184902],[18.430491,-33.918383]]}},{"type":"Feature","properties":{"highway":"footway","name":null,"oneway":null,"surface":"paved","lanes":null,"maxspeed":null},"geometry":{"type":"LineString","coordinates":[[18.4308575,-33.91831],[18.4308363,-33.9182949],[18.4306911,-33.9181884]]}},{"type":"Feature","properties":{"highway":"footway","name":null,"oneway":null,"surface":"paved","lanes":null,"maxspeed":null},"geometry":{"type":"LineString","coordinates":[[18.4300372,-33.9197243],[18.4300803,-33.919755],[18.4301253,-33.9197871]]}},{"type":"Feature","properties":{"highway":"footway","name":null,"oneway":null,"surface":"paved","lanes":null,"maxspeed":null},"geometry":{"type":"LineString","coordinates":[[18.4294966,-33.9193204],[18.4295168,-33.9193533],[18.4296673,-33.9194606],[18.429891,-33.9196201]]}},{"type":"Feature","properties":{"highway":"footway","name":null,"oneway":null,"surface":"paved","lanes":null,"maxspeed":null},"geometry":{"type":"LineString","coordinates":[[18.4296023,-33.9200873],[18.4298006,-33.9198951],[18.4299441,-33.9198869],[18.4300332,-33.9198006]]}},{"type":"Feature","properties":{"highway":"footway","name":null,"oneway":null,"surface":"paved","lanes":null,"maxspeed":null},"geometry":{"type":"LineString","coordinates":[[18.4296271,-33.920105],[18.4296023,-33.9200873],[18.4295498,-33.9200502],[18.4293648,-33.919919],[18.4293345,-33.9198975]]}},{"type":"Feature","properties":{"highway":"footway","name":null,"oneway":null,"surface":"paved","lanes":null,"maxspeed":null},"geometry":{"type":"LineString","coordinates":[[18.431022,-33.9178765],[18.4310627,-33.9179083],[18.431164,-33.9179807],[18.4311836,-33.9179946],[18.4310099,-33.9181626],[18.4308575,-33.91831],[18.4306547,-33.918506],[18.4296673,-33.9194606],[18.4293328,-33.9197855]]}},{"type":"Feature","properties":{"highway":"pedestrian","name":null,"oneway":null,"surface":"paved","lanes":null,"maxspeed":null},"geometry":{"type":"LineString","coordinates":[[18.4298159,-33.9197246],[18.429864,-33.9197595],[18.4298873,-33.9197373],[18.4299237,-33.9197636],[18.4298445,-33.9198402],[18.4298558,-33.9198482],[18.4298246,-33.9198784],[18.4297804,-33.9198813],[18.4295955,-33.9200602],[18.4295301,-33.9200137],[18.429546,-33.9199983],[18.4294291,-33.9199152],[18.4294147,-33.919929],[18.429323,-33.9198638],[18.4293377,-33.9198496],[18.4293119,-33.9198313],[18.4292968,-33.9198205],[18.4292795,-33.9198082],[18.4292702,-33.9198016],[18.4292129,-33.9198571],[18.4292786,-33.9199039],[18.4292933,-33.9198897],[18.4293218,-33.91991],[18.4293069,-33.9199244],[18.4293211,-33.9199347],[18.4293371,-33.9199458],[18.4293518,-33.919956],[18.4293716,-33.9199703],[18.429386,-33.9199564],[18.4295044,-33.9200407],[18.4294873,-33.9200573],[18.4295021,-33.9200677],[18.4295192,-33.9200799],[18.4295353,-33.9200915],[18.4295542,-33.9201048],[18.4295693,-33.9200902],[18.4296114,-33.9201202],[18.4296829,-33.9201745],[18.4297005,-33.9201578],[18.4297135,-33.9201458],[18.429641,-33.9200915],[18.4297473,-33.9199886],[18.4299164,-33.9201093],[18.4299075,-33.9201179],[18.4299254,-33.9201307],[18.4298442,-33.9202093],[18.4297216,-33.9203278],[18.4297037,-33.9203337],[18.429682,-33.9203335],[18.4291431,-33.9199496],[18.429105,-33.9199224],[18.4289917,-33.9198255],[18.4289747,-33.9197997],[18.4289651,-33.9197853],[18.4289771,-33.9197334],[18.4290013,-33.9196915],[18.429194,-33.919572],[18.4293327,-33.9194895],[18.4294465,-33.9194112],[18.4295168,-33.9193533],[18.4297587,-33.9191544],[18.4302822,-33.9186456],[18.4302967,-33.9186551],[18.4303903,-33.9187224],[18.4306325,-33.9184902],[18.4308363,-33.9182949],[18.4309895,-33.918148],[18.4311566,-33.9179878],[18.431164,-33.9179807],[18.4311803,-33.917965],[18.4312346,-33.9180033],[18.4304442,-33.9187611],[18.4304759,-33.9187822],[18.4305452,-33.9188315],[18.4304876,-33.9188872],[18.4303205,-33.9190486],[18.4302547,-33.9190015],[18.4301414,-33.9191105],[18.4301854,-33.919142],[18.4300251,-33.9192962],[18.4299186,-33.9193987],[18.4301398,-33.919557],[18.4300733,-33.9196214],[18.4300778,-33.9196247],[18.43007,-33.9196322],[18.4300138,-33.9195915],[18.4299895,-33.9196147],[18.4299368,-33.9195765],[18.429891,-33.9196201],[18.4298429,-33.9196658],[18.4298627,-33.9196802],[18.4298159,-33.9197246]]}},{"type":"Feature","properties":{"highway":"tertiary","name":"Hertzog Boulevard","oneway":"yes","surface":"asphalt","lanes":"2","maxspeed":"60"},"geometry":{"type":"LineString","coordinates":[[18.43028,-33.920808],[18.430554,-33.9210856]]}},{"type":"Feature","properties":{"highway":"tertiary","name":"Hertzog Boulevard","oneway":"yes","surface":"asphalt","lanes":"4","maxspeed":"60"},"geometry":{"type":"LineString","coordinates":[[18.430554,-33.9210856],[18.4309585,-33.9214887],[18.4310652,-33.9215787]]}},{"type":"Feature","properties":{"highway":"tertiary","name":"Hertzog Boulevard","oneway":"yes","surface":"asphalt","lanes":"4","maxspeed":"60"},"geometry":{"type":"LineString","coordinates":[[18.4311576,-33.9216491],[18.4312141,-33.9216969],[18.4314838,-33.92192]]}},{"type":"Feature","properties":{"highway":"residential","name":null,"oneway":"yes","surface":"asphalt","lanes":null,"maxspeed":"60"},"geometry":{"type":"LineString","coordinates":[[18.4308205,-33.9218289],[18.4308832,-33.9217637],[18.4309984,-33.9216334],[18.4310652,-33.9215787]]}},{"type":"Feature","properties":{"highway":"secondary","name":"F.W. de Klerk Boulevard","oneway":"yes","surface":"asphalt","lanes":"3","maxspeed":"60"},"geometry":{"type":"LineString","coordinates":[[18.4313168,-33.9176],[18.4311873,-33.9175158]]}},{"type":"Feature","properties":{"highway":"secondary","name":"F.W. de Klerk Boulevard","oneway":"yes","surface":"asphalt","lanes":"3","maxspeed":"60"},"geometry":{"type":"LineString","coordinates":[[18.4318605,-33.9179552],[18.4313984,-33.9176534],[18.4313168,-33.9176]]}},{"type":"Feature","properties":{"highway":"service","name":null,"oneway":"no","surface":"asphalt","lanes":"1","maxspeed":null},"geometry":{"type":"LineString","coordinates":[[18.4310149,-33.9200288],[18.4311439,-33.919897]]}},{"type":"Feature","properties":{"highway":"service","name":null,"oneway":"no","surface":"paved","lanes":null,"maxspeed":null},"geometry":{"type":"LineString","coordinates":[[18.4299389,-33.9201632],[18.4301916,-33.9203343]]}},{"type":"Feature","properties":{"highway":"footway","name":null,"oneway":null,"surface":"paved","lanes":null,"maxspeed":null},"geometry":{"type":"LineString","coordinates":[[18.4301006,-33.920615],[18.4302307,-33.920488]]}},{"type":"Feature","properties":{"highway":"service","name":null,"oneway":"no","surface":"asphalt","lanes":"3","maxspeed":null},"geometry":{"type":"LineString","coordinates":[[18.4306307,-33.9206419],[18.4305377,-33.9205993],[18.4303119,-33.9204406]]}},{"type":"Feature","properties":{"highway":"footway","name":null,"oneway":null,"surface":"paved","lanes":null,"maxspeed":null},"geometry":{"type":"LineString","coordinates":[[18.4305932,-33.9214535],[18.4305146,-33.9213511],[18.4303999,-33.9212607]]}},{"type":"Feature","properties":{"highway":"footway","name":null,"oneway":null,"surface":"paved","lanes":null,"maxspeed":null},"geometry":{"type":"LineString","coordinates":[[18.4307915,-33.9216514],[18.4308333,-33.9216158],[18.4308871,-33.9215722]]}},{"type":"Feature","properties":{"highway":"footway","name":null,"oneway":null,"surface":"paved","lanes":null,"maxspeed":null},"geometry":{"type":"LineString","coordinates":[[18.4308333,-33.9216158],[18.4306852,-33.9215657],[18.4306479,-33.9215395]]}},{"type":"Feature","properties":{"highway":"service","name":null,"oneway":"no","surface":"gravel","lanes":null,"maxspeed":null},"geometry":{"type":"LineString","coordinates":[[18.4323774,-33.9186151],[18.4324891,-33.9185045],[18.4313352,-33.9177752]]}},{"type":"Feature","properties":{"highway":"footway","name":null,"oneway":null,"surface":"paved","lanes":null,"maxspeed":null},"geometry":{"type":"LineString","coordinates":[[18.4306479,-33.9215395],[18.4306185,-33.9214934],[18.4305932,-33.9214535]]}},{"type":"Feature","properties":{"highway":"footway","name":null,"oneway":null,"surface":"paved","lanes":null,"maxspeed":null},"geometry":{"type":"LineString","coordinates":[[18.4314396,-33.9176114],[18.4314398,-33.9175813],[18.4314903,-33.9175322],[18.4315981,-33.9174263],[18.4316788,-33.9173621],[18.4317575,-33.9172898]]}},{"type":"Feature","properties":{"highway":"footway","name":null,"oneway":null,"surface":"asphalt","lanes":null,"maxspeed":null},"geometry":{"type":"LineString","coordinates":[[18.4308871,-33.9215722],[18.4308958,-33.9215458],[18.4309585,-33.9214887],[18.4310375,-33.9214166]]}},{"type":"Feature","properties":{"highway":"service","name":null,"oneway":"yes","surface":"asphalt","lanes":"1","maxspeed":null},"geometry":{"type":"LineString","coordinates":[[18.4313175,-33.9214316],[18.4313728,-33.921457],[18.4314643,-33.9215125],[18.4314933,-33.9215334],[18.4315159,-33.9215629]]}},{"type":"Feature","properties":{"highway":"service","name":null,"oneway":"no","surface":"gravel","lanes":null,"maxspeed":null},"geometry":{"type":"LineString","coordinates":[[18.4312561,-33.9178558],[18.4323774,-33.9186151],[18.432507,-33.9187034],[18.4325921,-33.9187608]]}},{"type":"Feature","properties":{"highway":"footway","name":null,"oneway":null,"surface":"asphalt","lanes":null,"maxspeed":null},"geometry":{"type":"LineString","coordinates":[[18.4308962,-33.9220136],[18.4308323,-33.9219716],[18.4307573,-33.921921],[18.4306693,-33.9218635]]}},{"type":"Feature","properties":{"highway":"footway","name":null,"oneway":null,"surface":"asphalt","lanes":null,"maxspeed":null},"geometry":{"type":"LineString","coordinates":[[18.4312634,-33.9177032],[18.431313,-33.9176525],[18.4313666,-33.917687],[18.4313984,-33.9176534],[18.4314396,-33.9176114]]}},{"type":"Feature","properties":{"highway":"footway","name":null,"oneway":null,"surface":"paved","lanes":null,"maxspeed":null},"geometry":{"type":"LineString","coordinates":[[18.4302961,-33.9202748],[18.4304915,-33.9204097],[18.4305442,-33.9205304],[18.430583,-33.920556],[18.4306307,-33.9206419]]}},{"type":"Feature","properties":{"highway":"footway","name":null,"oneway":null,"surface":"paved","lanes":null,"maxspeed":null},"geometry":{"type":"LineString","coordinates":[[18.4297037,-33.9203337],[18.4297374,-33.9203576],[18.4301006,-33.920615],[18.4303173,-33.9207687],[18.4304462,-33.9206434]]}},{"type":"Feature","properties":{"highway":"footway","name":null,"oneway":null,"surface":"paved","lanes":null,"maxspeed":null},"geometry":{"type":"LineString","coordinates":[[18.4298442,-33.9202093],[18.4298711,-33.9202287],[18.4302307,-33.920488],[18.4304462,-33.9206434],[18.430472,-33.920662]]}},{"type":"Feature","properties":{"highway":"footway","name":null,"oneway":null,"surface":"asphalt","lanes":null,"maxspeed":null},"geometry":{"type":"LineString","coordinates":[[18.4312956,-33.9216157],[18.4312141,-33.9216969],[18.4311477,-33.921763],[18.4310476,-33.9218627],[18.4309762,-33.9219339],[18.4308962,-33.9220136]]}},{"type":"Feature","properties":{"highway":"service","name":null,"oneway":"yes","surface":"asphalt","lanes":"1","maxspeed":null},"geometry":{"type":"LineString","coordinates":[[18.4315159,-33.9215629],[18.4314729,-33.9215509],[18.4314482,-33.9215371],[18.431425,-33.9215221],[18.4314064,-33.9215152],[18.4313912,-33.921511],[18.4313626,-33.9215086],[18.431315,-33.9215029]]}},{"type":"Feature","properties":{"highway":"service","name":null,"oneway":"no","surface":"asphalt","lanes":"1","maxspeed":null},"geometry":{"type":"LineString","coordinates":[[18.4308456,-33.9204364],[18.4307637,-33.9203784],[18.4307312,-33.9203555],[18.430701,-33.9203343],[18.4306196,-33.9204138]]}},{"type":"Feature","properties":{"highway":"service","name":null,"oneway":"no","surface":"asphalt","lanes":"2","maxspeed":null},"geometry":{"type":"LineString","coordinates":[[18.4315159,-33.9215629],[18.4320747,-33.9219659],[18.4320877,-33.9219952],[18.4320788,-33.9220273],[18.4320544,-33.9220569],[18.4320282,-33.9220787],[18.4319972,-33.9220933],[18.4319527,-33.9220865],[18.4314564,-33.921727],[18.4314383,-33.9217089],[18.4314278,-33.9216865],[18.4314278,-33.9216626],[18.431431,-33.9216445],[18.4314442,-33.9216255],[18.4315159,-33.9215629]]}},{"type":"Feature","properties":{"highway":"footway","name":null,"oneway":null,"surface":"paved","lanes":null,"maxspeed":null},"geometry":{"type":"LineString","coordinates":[[18.430472,-33.920662],[18.4305377,-33.9205993],[18.430583,-33.920556],[18.4307637,-33.9203784],[18.431208,-33.9199511],[18.4313265,-33.9198363],[18.4323971,-33.918807],[18.432507,-33.9187034],[18.4326193,-33.918555]]}},{"type":"Feature","properties":{"highway":"footway","name":null,"oneway":null,"surface":"concrete","lanes":null,"maxspeed":null},"geometry":{"type":"LineString","coordinates":[[18.4294615,-33.9217002],[18.4294942,-33.9217234]]}},{"type":"Feature","properties":{"highway":"footway","name":null,"oneway":null,"surface":"concrete","lanes":null,"maxspeed":null},"geometry":{"type":"LineString","coordinates":[[18.4295914,-33.9215725],[18.429625,-33.9215964]]}},{"type":"Feature","properties":{"highway":"footway","name":null,"oneway":null,"surface":"paved","lanes":null,"maxspeed":null},"geometry":{"type":"LineString","coordinates":[[18.4294858,-33.9216326],[18.4295117,-33.9216513]]}},{"type":"Feature","properties":{"highway":"footway","name":null,"oneway":null,"surface":"paved","lanes":null,"maxspeed":null},"geometry":{"type":"LineString","coordinates":[[18.4293109,-33.9218703],[18.4292942,-33.9218193],[18.4294858,-33.9216326],[18.4295236,-33.9215958],[18.4295487,-33.9216141]]}},{"type":"Feature","properties":{"highway":"footway","name":null,"oneway":null,"surface":"concrete","lanes":null,"maxspeed":null},"geometry":{"type":"LineString","coordinates":[[18.4295641,-33.9216555],[18.4294329,-33.9215624]]}},{"type":"Feature","properties":{"highway":"steps","name":null,"oneway":null,"surface":"concrete","lanes":null,"maxspeed":null},"geometry":{"type":"LineString","coordinates":[[18.4294942,-33.9217234],[18.429538,-33.9216808],[18.4295641,-33.9216555]]}},{"type":"Feature","properties":{"highway":"steps","name":null,"oneway":null,"surface":"concrete","lanes":null,"maxspeed":null},"geometry":{"type":"LineString","coordinates":[[18.429625,-33.9215964],[18.4295903,-33.9216301],[18.4295641,-33.9216555]]}},{"type":"Feature","properties":{"highway":"service","name":null,"oneway":"no","surface":"asphalt","lanes":"4","maxspeed":null},"geometry":{"type":"LineString","coordinates":[[18.4290234,-33.9208289],[18.4290925,-33.9207613],[18.4291671,-33.9206886],[18.4292048,-33.9206516]]}},{"type":"Feature","properties":{"highway":"service","name":null,"oneway":"no","surface":"paved","lanes":null,"maxspeed":null},"geometry":{"type":"LineString","coordinates":[[18.4288488,-33.9205896],[18.4290925,-33.9207613],[18.4296907,-33.9211836]]}},{"type":"Feature","properties":{"highway":"footway","name":null,"oneway":null,"surface":"paved","lanes":null,"maxspeed":null},"geometry":{"type":"LineString","coordinates":[[18.4287891,-33.9201224],[18.4287754,-33.920113],[18.428827,-33.9200609],[18.4288801,-33.9200082],[18.4288937,-33.9200176]]}},{"type":"Feature","properties":{"highway":"tertiary","name":"Hertzog Boulevard","oneway":"yes","surface":"asphalt","lanes":"2","maxspeed":"60"},"geometry":{"type":"LineString","coordinates":[[18.4302424,-33.920781],[18.43028,-33.920808]]}},{"type":"Feature","properties":{"highway":"tertiary","name":"Hertzog Boulevard","oneway":"yes","surface":"asphalt","lanes":"2","maxspeed":"60"},"geometry":{"type":"LineString","coordinates":[[18.4287561,-33.9203216],[18.4284258,-33.9200779],[18.4283564,-33.9200267],[18.4283426,-33.9200164],[18.4282422,-33.919942],[18.4281696,-33.9198896],[18.4275082,-33.9193968]]}},{"type":"Feature","properties":{"highway":"tertiary","name":"Hertzog Boulevard","oneway":"yes","surface":"asphalt","lanes":"2","maxspeed":"60"},"geometry":{"type":"LineString","coordinates":[[18.4300868,-33.9206691],[18.4302424,-33.920781]]}},{"type":"Feature","properties":{"highway":"tertiary","name":"Hertzog Boulevard","oneway":"yes","surface":"asphalt","lanes":"2","maxspeed":"60"},"geometry":{"type":"LineString","coordinates":[[18.4298698,-33.9211405],[18.4297157,-33.9210272]]}},{"type":"Feature","properties":{"highway":"tertiary","name":"Hertzog Boulevard","oneway":"yes","surface":"asphalt","lanes":"4","maxspeed":"60"},"geometry":{"type":"LineString","coordinates":[[18.4318967,-33.9225706],[18.4317896,-33.9224977],[18.4309762,-33.9219339],[18.430919,-33.9218941]]}},{"type":"Feature","properties":{"highway":"footway","name":null,"oneway":null,"surface":"paved","lanes":null,"maxspeed":null},"geometry":{"type":"LineString","coordinates":[[18.4299114,-33.9208383],[18.4293494,-33.9204338],[18.4291487,-33.9202911],[18.4290449,-33.9202174],[18.4289434,-33.9201416],[18.4288401,-33.920071],[18.428827,-33.9200609],[18.4288154,-33.9200495],[18.4286486,-33.9199319]]}},{"type":"Feature","properties":{"highway":"busway","name":null,"oneway":"yes","surface":null,"lanes":"1","maxspeed":null},"geometry":{"type":"LineString","coordinates":[[18.4300437,-33.9207107],[18.4301998,-33.9208221]]}},{"type":"Feature","properties":{"highway":"footway","name":null,"oneway":null,"surface":"paved","lanes":null,"maxspeed":null},"geometry":{"type":"LineString","coordinates":[[18.430067,-33.9209503],[18.4299467,-33.9208644],[18.4299114,-33.9208383]]}},{"type":"Feature","properties":{"highway":"busway","name":null,"oneway":"yes","surface":null,"lanes":"1","maxspeed":null},"geometry":{"type":"LineString","coordinates":[[18.4299245,-33.9210877],[18.4297691,-33.9209757]]}},{"type":"Feature","properties":{"highway":"busway","name":null,"oneway":"yes","surface":null,"lanes":"1","maxspeed":null},"geometry":{"type":"LineString","coordinates":[[18.430483,-33.9214901],[18.4299245,-33.9210877]]}},{"type":"Feature","properties":{"highway":"busway","name":null,"oneway":"yes","surface":null,"lanes":"1","maxspeed":null},"geometry":{"type":"LineString","coordinates":[[18.4301998,-33.9208221],[18.430239,-33.9208501],[18.4306692,-33.9213472]]}},{"type":"Feature","properties":{"highway":"footway","name":null,"oneway":null,"surface":"paved","lanes":null,"maxspeed":null},"geometry":{"type":"LineString","coordinates":[[18.4303999,-33.9212607],[18.4301006,-33.9209745],[18.430067,-33.9209503]]}},{"type":"Feature","properties":{"highway":"residential","name":"Old Marine Drive","oneway":"no","surface":"asphalt","lanes":"2","maxspeed":null},"geometry":{"type":"LineString","coordinates":[[18.4280818,-33.9216167],[18.4283007,-33.9217717]]}},{"type":"Feature","properties":{"highway":"residential","name":"Old Marine Drive","oneway":"no","surface":"asphalt","lanes":"2","maxspeed":"60"},"geometry":{"type":"LineString","coordinates":[[18.42755,-33.921224],[18.4276232,-33.9212776],[18.4277349,-33.9213592],[18.4277771,-33.9213905],[18.4280818,-33.9216167]]}},{"type":"Feature","properties":{"highway":"service","name":null,"oneway":"no","surface":"asphalt","lanes":"2","maxspeed":null},"geometry":{"type":"LineString","coordinates":[[18.4300474,-33.9221984],[18.4301621,-33.9222788],[18.4301651,-33.9222939],[18.4301642,-33.9223065],[18.4298236,-33.9225991],[18.4297089,-33.9225186],[18.4295579,-33.9224079],[18.4294033,-33.9222908],[18.4292766,-33.922199],[18.4292636,-33.9221789],[18.4292636,-33.92216],[18.4292747,-33.9221443],[18.4296826,-33.9217558],[18.4299902,-33.9214785],[18.4300068,-33.921473],[18.4300286,-33.9214714],[18.430051,-33.9214785],[18.4301784,-33.9215698],[18.4303296,-33.9216779],[18.4304807,-33.9217886],[18.4305892,-33.9218711],[18.4305944,-33.9218853],[18.4305909,-33.9218999],[18.4304244,-33.9220723],[18.4304084,-33.9220793],[18.4303898,-33.9220814],[18.4303743,-33.9220793],[18.4302563,-33.9220008]]}},{"type":"Feature","properties":{"highway":"service","name":null,"oneway":"yes","surface":"asphalt","lanes":"1","maxspeed":null},"geometry":{"type":"LineString","coordinates":[[18.4284996,-33.9218928],[18.4285635,-33.9218344],[18.4287111,-33.9216993]]}},{"type":"Feature","properties":{"highway":"service","name":null,"oneway":"no","surface":"asphalt","lanes":"1","maxspeed":null},"geometry":{"type":"LineString","coordinates":[[18.428481,-33.9220089],[18.4284854,-33.9220046],[18.4285299,-33.9219617],[18.4286434,-33.9219601]]}},{"type":"Feature","properties":{"highway":"service","name":null,"oneway":"yes","surface":"asphalt","lanes":"1","maxspeed":null},"geometry":{"type":"LineString","coordinates":[[18.4288272,-33.9217823],[18.4286848,-33.9219201],[18.4286434,-33.9219601]]}},{"type":"Feature","properties":{"highway":"service","name":null,"oneway":"no","surface":"asphalt","lanes":"2","maxspeed":null},"geometry":{"type":"LineString","coordinates":[[18.4285713,-33.9219264],[18.4286239,-33.921877],[18.4287692,-33.9217408]]}},{"type":"Feature","properties":{"highway":"pedestrian","name":null,"oneway":null,"surface":"paved","lanes":null,"maxspeed":null},"geometry":{"type":"LineString","coordinates":[[18.4289562,-33.9220235],[18.4290708,-33.9221062],[18.4291305,-33.9221494],[18.4299956,-33.9213261],[18.4298386,-33.9212127],[18.429818,-33.9212323],[18.429794,-33.9212149],[18.4296795,-33.921324],[18.4296561,-33.9213462],[18.429613,-33.9213873],[18.429654,-33.9214171],[18.4295839,-33.9214838],[18.4295451,-33.9214557],[18.429459,-33.9215376],[18.4294329,-33.9215624],[18.4294062,-33.9215878],[18.4292022,-33.921782],[18.4291937,-33.9217759],[18.4291659,-33.9218023],[18.4291773,-33.9218106],[18.4291464,-33.9218407],[18.4290548,-33.9219288],[18.4290931,-33.9219562],[18.4290594,-33.9219885],[18.4290215,-33.9219614],[18.4289562,-33.9220235]]}},{"type":"Feature","properties":{"highway":"pedestrian","name":null,"oneway":null,"surface":"concrete","lanes":null,"maxspeed":null},"geometry":{"type":"LineString","coordinates":[[18.4277046,-33.9219894],[18.4280231,-33.9216774],[18.4280818,-33.9216167],[18.4281587,-33.9215435],[18.4282554,-33.9214439],[18.4283254,-33.9214941],[18.4283961,-33.9215446],[18.4284782,-33.9215957],[18.4283677,-33.9217],[18.4283007,-33.9217717],[18.4282349,-33.9218276],[18.4281377,-33.9219241],[18.428092,-33.9219676],[18.4280462,-33.9220111],[18.4280005,-33.9220545],[18.4279548,-33.922098],[18.4279125,-33.9221395],[18.427758,-33.9220268],[18.4277046,-33.9219894]]}},{"type":"Feature","properties":{"highway":"service","name":null,"oneway":"no","surface":"paved","lanes":"2","maxspeed":null},"geometry":{"type":"LineString","coordinates":[[18.4289819,-33.9221925],[18.4290205,-33.9221556],[18.4290708,-33.9221062],[18.4293109,-33.9218703]]}},{"type":"Feature","properties":{"highway":"service","name":null,"oneway":"no","surface":"asphalt","lanes":"2","maxspeed":null},"geometry":{"type":"LineString","coordinates":[[18.4301784,-33.9215698],[18.4298491,-33.9218814],[18.4294033,-33.9222908]]}},{"type":"Feature","properties":{"highway":"service","name":null,"oneway":"yes","surface":"asphalt","lanes":"2","maxspeed":null},"geometry":{"type":"LineString","coordinates":[[18.4292766,-33.922199],[18.4292177,-33.922269],[18.4292057,-33.9222871],[18.4291681,-33.9223221]]}},{"type":"Feature","properties":{"highway":"service","name":null,"oneway":"no","surface":"asphalt","lanes":"2","maxspeed":null},"geometry":{"type":"LineString","coordinates":[[18.4295579,-33.9224079],[18.4300003,-33.9219894],[18.4303296,-33.9216779]]}},{"type":"Feature","properties":{"highway":"pedestrian","name":null,"oneway":null,"surface":null,"lanes":null,"maxspeed":null},"geometry":{"type":"LineString","coordinates":[[18.4279812,-33.9208954],[18.4274081,-33.9204793],[18.4274321,-33.9204571],[18.4274683,-33.9204204],[18.4279197,-33.9200054],[18.4277005,-33.9198413],[18.4276733,-33.9198235],[18.4271962,-33.9194662],[18.4271706,-33.9194447],[18.426952,-33.9192809],[18.4268795,-33.9192266],[18.4267839,-33.9191565],[18.4267515,-33.9191383],[18.4267791,-33.9191228],[18.4268111,-33.9191107],[18.426844,-33.919101],[18.426882,-33.9190967],[18.4269139,-33.9190961],[18.4269459,-33.9190987],[18.4269803,-33.9191057],[18.4270152,-33.9191175],[18.4270464,-33.9191315],[18.4270735,-33.9191477],[18.4278428,-33.9197061],[18.428139,-33.9199214],[18.4281592,-33.9199352],[18.4281354,-33.9199579],[18.4278221,-33.9202563],[18.4279013,-33.9203155],[18.427967,-33.9203631],[18.4279925,-33.9203795],[18.4283043,-33.9200826],[18.4283296,-33.9200585],[18.4283902,-33.920103],[18.4287314,-33.9203459],[18.4287249,-33.9203522],[18.428717,-33.9203598],[18.4286896,-33.920386],[18.428647,-33.9203555],[18.4286153,-33.920386],[18.4285342,-33.920328],[18.4285446,-33.920318],[18.4285278,-33.920306],[18.4285093,-33.9203239],[18.4284802,-33.9203512],[18.4284511,-33.920379],[18.428431,-33.9203982],[18.428402,-33.9204258],[18.4282451,-33.9205754],[18.4282866,-33.9206054],[18.4283411,-33.9206447],[18.4283186,-33.9206664],[18.4281969,-33.9207835],[18.428038,-33.9209365],[18.4278282,-33.9211382],[18.4282554,-33.9214439],[18.4283254,-33.9214941],[18.4283961,-33.9215446],[18.4284782,-33.9215957],[18.4286371,-33.9217171],[18.4285405,-33.9218062],[18.4284983,-33.9218114],[18.4284249,-33.9217984],[18.4283578,-33.9217635],[18.4276472,-33.921255],[18.4276318,-33.921244],[18.4276318,-33.9212206],[18.4279812,-33.9208954]]}},{"type":"Feature","properties":{"highway":"service","name":null,"oneway":"no","surface":"asphalt","lanes":"2","maxspeed":null},"geometry":{"type":"LineString","coordinates":[[18.430097,-33.9220606],[18.4300003,-33.9219894],[18.4298491,-33.9218814],[18.4296826,-33.9217558]]}},{"type":"Feature","properties":{"highway":"service","name":null,"oneway":"yes","surface":"asphalt","lanes":"1","maxspeed":null},"geometry":{"type":"LineString","coordinates":[[18.4303232,-33.9222223],[18.4302488,-33.9221971],[18.4301828,-33.9221457],[18.4301347,-33.9221117],[18.430097,-33.9220606]]}},{"type":"Feature","properties":{"highway":"service","name":null,"oneway":"yes","surface":"asphalt","lanes":"1","maxspeed":null},"geometry":{"type":"LineString","coordinates":[[18.430097,-33.9220606],[18.4301661,-33.9220798],[18.4302149,-33.9221159],[18.4302785,-33.9221674],[18.4303232,-33.9222223]]}},{"type":"Feature","properties":{"highway":"service","name":null,"oneway":"no","surface":"asphalt","lanes":"2","maxspeed":null},"geometry":{"type":"LineString","coordinates":[[18.4304807,-33.9217886],[18.4302563,-33.9220008],[18.4301661,-33.9220798],[18.4301347,-33.9221117],[18.4300474,-33.9221984],[18.4297089,-33.9225186]]}},{"type":"Feature","properties":{"highway":"secondary_link","name":null,"oneway":"yes","surface":"asphalt","lanes":"1","maxspeed":null},"geometry":{"type":"LineString","coordinates":[[18.4308298,-33.923878],[18.4307872,-33.9238978],[18.4307389,-33.9239423],[18.4306651,-33.924018],[18.4306329,-33.9240492],[18.430578,-33.9240781],[18.4305034,-33.9241063]]}},{"type":"Feature","properties":{"highway":"service","name":"Old Marine Drive","oneway":"no","surface":"asphalt","lanes":"3","maxspeed":null},"geometry":{"type":"LineString","coordinates":[[18.4300989,-33.9238318],[18.4302701,-33.923951]]}},{"type":"Feature","properties":{"highway":"service","name":"Old Marine Drive","oneway":"no","surface":"asphalt","lanes":"3","maxspeed":null},"geometry":{"type":"LineString","coordinates":[[18.4302701,-33.923951],[18.4304127,-33.9240455],[18.4304303,-33.9240562],[18.4305034,-33.9241063]]}},{"type":"Feature","properties":{"highway":"pedestrian","name":null,"oneway":null,"surface":"paved","lanes":null,"maxspeed":null},"geometry":{"type":"LineString","coordinates":[[18.4276066,-33.9213832],[18.4276191,-33.9213662],[18.4276531,-33.9213336],[18.4276022,-33.9212973],[18.4275642,-33.9212702],[18.4273025,-33.9215522],[18.4272848,-33.9215402],[18.4271381,-33.9215911],[18.4272245,-33.9216523],[18.4272584,-33.9216763],[18.4272815,-33.9216927],[18.4276066,-33.9213832]]}},{"type":"Feature","properties":{"highway":"footway","name":null,"oneway":null,"surface":"concrete","lanes":null,"maxspeed":null},"geometry":{"type":"LineString","coordinates":[[18.4272853,-33.921595],[18.4272701,-33.9216094]]}},{"type":"Feature","properties":{"highway":"footway","name":null,"oneway":null,"surface":"concrete","lanes":null,"maxspeed":null},"geometry":{"type":"LineString","coordinates":[[18.4272245,-33.9216523],[18.4272054,-33.9216704]]}},{"type":"Feature","properties":{"highway":"footway","name":null,"oneway":null,"surface":"paving_stones","lanes":null,"maxspeed":null},"geometry":{"type":"LineString","coordinates":[[18.4303717,-33.923111],[18.4303495,-33.9231304],[18.4301349,-33.9229536],[18.4301161,-33.9229185],[18.4300926,-33.9228698],[18.4300762,-33.9228085],[18.4300821,-33.922754],[18.4301008,-33.9227101],[18.4301466,-33.9226595],[18.4307381,-33.9220908],[18.4308049,-33.9220431],[18.4308689,-33.9220143],[18.4308962,-33.9220136],[18.4309359,-33.9220146],[18.4309669,-33.9220275],[18.4316334,-33.922491],[18.4316757,-33.9225339],[18.4317051,-33.9225817],[18.4317062,-33.9226167],[18.4317027,-33.9226595],[18.4316862,-33.9227004],[18.4314765,-33.9229069],[18.4309622,-33.9234132]]}},{"type":"Feature","properties":{"highway":"service","name":null,"oneway":"yes","surface":"asphalt","lanes":"1","maxspeed":null},"geometry":{"type":"LineString","coordinates":[[18.4280913,-33.9228065],[18.427709,-33.9225352]]}},{"type":"Feature","properties":{"highway":"steps","name":null,"oneway":null,"surface":"concrete","lanes":null,"maxspeed":null},"geometry":{"type":"LineString","coordinates":[[18.4295117,-33.9216513],[18.4294615,-33.9217002]]}},{"type":"Feature","properties":{"highway":"steps","name":null,"oneway":null,"surface":"concrete","lanes":null,"maxspeed":null},"geometry":{"type":"LineString","coordinates":[[18.4295487,-33.9216141],[18.4295914,-33.9215725]]}},{"type":"Feature","properties":{"highway":"steps","name":null,"oneway":null,"surface":"concrete","lanes":null,"maxspeed":null},"geometry":{"type":"LineString","coordinates":[[18.4272701,-33.9216094],[18.4272245,-33.9216523]]}},{"type":"Feature","properties":{"highway":"footway","name":null,"oneway":null,"surface":"concrete","lanes":null,"maxspeed":null},"geometry":{"type":"LineString","coordinates":[[18.4272867,-33.9216496],[18.4272584,-33.9216763]]}},{"type":"Feature","properties":{"highway":"footway","name":null,"oneway":null,"surface":"paved","lanes":null,"maxspeed":null},"geometry":{"type":"LineString","coordinates":[[18.4302288,-33.9263037],[18.4302994,-33.9258072],[18.4303608,-33.9248403],[18.4304122,-33.9241558]]}},{"type":"Feature","properties":{"highway":"footway","name":null,"oneway":null,"surface":"paved","lanes":null,"maxspeed":null},"geometry":{"type":"LineString","coordinates":[[18.4273271,-33.9215558],[18.4275694,-33.9213282],[18.4276022,-33.9212973]]}},{"type":"Feature","properties":{"highway":"footway","name":null,"oneway":null,"surface":"paved","lanes":null,"maxspeed":null},"geometry":{"type":"LineString","coordinates":[[18.4276472,-33.921255],[18.4276883,-33.9212164],[18.4280288,-33.9208946],[18.4274764,-33.9204895],[18.4274321,-33.9204571],[18.4264175,-33.9197133],[18.4263834,-33.9196883]]}},{"type":"Feature","properties":{"highway":"service","name":null,"oneway":"yes","surface":"asphalt","lanes":"1","maxspeed":null},"geometry":{"type":"LineString","coordinates":[[18.4279566,-33.9229376],[18.4279051,-33.9229442],[18.4278402,-33.9229219],[18.4275351,-33.922692]]}},{"type":"Feature","properties":{"highway":"footway","name":null,"oneway":null,"surface":"paved","lanes":null,"maxspeed":null},"geometry":{"type":"LineString","coordinates":[[18.4276022,-33.9212973],[18.4276232,-33.9212776],[18.4276472,-33.921255]]}},{"type":"Feature","properties":{"highway":"footway","name":null,"oneway":null,"surface":"asphalt","lanes":null,"maxspeed":null},"geometry":{"type":"LineString","coordinates":[[18.4304501,-33.9239474],[18.4304303,-33.9240562],[18.4304122,-33.9241558]]}},{"type":"Feature","properties":{"highway":"footway","name":null,"oneway":null,"surface":"paved","lanes":null,"maxspeed":null},"geometry":{"type":"LineString","coordinates":[[18.4273204,-33.9216165],[18.4273597,-33.9215796],[18.4273271,-33.9215558]]}},{"type":"Feature","properties":{"highway":"footway","name":null,"oneway":null,"surface":"paved","lanes":null,"maxspeed":null},"geometry":{"type":"LineString","coordinates":[[18.4279106,-33.923142],[18.4293361,-33.9241398],[18.4297558,-33.9237269]]}},{"type":"Feature","properties":{"highway":"service","name":null,"oneway":"yes","surface":"asphalt","lanes":"2","maxspeed":null},"geometry":{"type":"LineString","coordinates":[[18.4283302,-33.9225738],[18.428295,-33.9226081],[18.4282416,-33.92266],[18.4280913,-33.9228065],[18.4279566,-33.9229376]]}},{"type":"Feature","properties":{"highway":"service","name":null,"oneway":"yes","surface":"asphalt","lanes":"1","maxspeed":null},"geometry":{"type":"LineString","coordinates":[[18.4282416,-33.92266],[18.4278561,-33.9223864]]}},{"type":"Feature","properties":{"highway":"footway","name":null,"oneway":null,"surface":"paved","lanes":null,"maxspeed":null},"geometry":{"type":"LineString","coordinates":[[18.4304122,-33.9241558],[18.4303488,-33.9241047],[18.4302145,-33.9240086],[18.4283714,-33.9226887]]}},{"type":"Feature","properties":{"highway":"elevator","name":null,"oneway":null,"surface":null,"lanes":null,"maxspeed":null},"geometry":{"type":"LineString","coordinates":[[18.4272971,-33.9216572],[18.4273316,-33.9216248],[18.4273204,-33.9216165],[18.4273084,-33.9216078],[18.4272739,-33.9216402],[18.4272867,-33.9216496],[18.4272971,-33.9216572]]}},{"type":"Feature","properties":{"highway":"service","name":null,"oneway":"yes","surface":"asphalt","lanes":"1","maxspeed":null},"geometry":{"type":"LineString","coordinates":[[18.428295,-33.9226081],[18.4279048,-33.9223319],[18.4278561,-33.9223864],[18.427709,-33.9225352],[18.4275928,-33.9226517],[18.4275559,-33.9226703]]}},{"type":"Feature","properties":{"highway":"footway","name":null,"oneway":null,"surface":"paved","lanes":null,"maxspeed":null},"geometry":{"type":"LineString","coordinates":[[18.428479,-33.922583],[18.4284213,-33.9226396],[18.4283863,-33.9226741],[18.4283714,-33.9226887],[18.4279357,-33.9231173],[18.4279106,-33.923142],[18.4269154,-33.9241211]]}},{"type":"Feature","properties":{"highway":"footway","name":null,"oneway":null,"surface":"paved","lanes":null,"maxspeed":null},"geometry":{"type":"LineString","coordinates":[[18.4304501,-33.9239474],[18.4304151,-33.9239573],[18.4303875,-33.9239504],[18.428479,-33.922583],[18.4277346,-33.9220496],[18.4272054,-33.9216704],[18.4267673,-33.9213545],[18.4266651,-33.9212832]]}},{"type":"Feature","properties":{"highway":"service","name":null,"oneway":"no","surface":"asphalt","lanes":"2","maxspeed":null},"geometry":{"type":"LineString","coordinates":[[18.4301323,-33.9240937],[18.4302657,-33.9241996],[18.4302733,-33.9242126],[18.4302709,-33.9242284],[18.43001,-33.9244848],[18.4299939,-33.9244932],[18.4299785,-33.9244943],[18.4299624,-33.9244909],[18.4298497,-33.9244108],[18.4298417,-33.9243969],[18.429843,-33.9243836],[18.4298504,-33.9243713],[18.4301323,-33.9240937],[18.4301765,-33.9240479],[18.4302145,-33.9240086],[18.4302701,-33.923951]]}},{"type":"Feature","properties":{"highway":"service","name":null,"oneway":"yes","surface":"asphalt","lanes":"2","maxspeed":null},"geometry":{"type":"LineString","coordinates":[[18.426607,-33.9236159],[18.4261126,-33.9232653]]}},{"type":"Feature","properties":{"highway":"service","name":null,"oneway":"yes","surface":"asphalt","lanes":"2","maxspeed":null},"geometry":{"type":"LineString","coordinates":[[18.426777,-33.9234509],[18.4262827,-33.9231002]]}},{"type":"Feature","properties":{"highway":"service","name":null,"oneway":"yes","surface":"asphalt","lanes":"2","maxspeed":null},"geometry":{"type":"LineString","coordinates":[[18.4269549,-33.9232782],[18.4264605,-33.9229276]]}},{"type":"Feature","properties":{"highway":"service","name":null,"oneway":"yes","surface":"asphalt","lanes":"2","maxspeed":null},"geometry":{"type":"LineString","coordinates":[[18.42655,-33.9236713],[18.4260556,-33.9233206]]}},{"type":"Feature","properties":{"highway":"service","name":null,"oneway":"yes","surface":"asphalt","lanes":"2","maxspeed":null},"geometry":{"type":"LineString","coordinates":[[18.4275114,-33.9227149],[18.4270508,-33.92239]]}},{"type":"Feature","properties":{"highway":"service","name":null,"oneway":"yes","surface":"asphalt","lanes":"1","maxspeed":null},"geometry":{"type":"LineString","coordinates":[[18.4275727,-33.9226365],[18.4271207,-33.9223221]]}},{"type":"Feature","properties":{"highway":"service","name":null,"oneway":"yes","surface":"asphalt","lanes":"2","maxspeed":null},"geometry":{"type":"LineString","coordinates":[[18.4271269,-33.9231112],[18.4266326,-33.9227605]]}},{"type":"Feature","properties":{"highway":"service","name":null,"oneway":"yes","surface":"asphalt","lanes":"2","maxspeed":null},"geometry":{"type":"LineString","coordinates":[[18.426718,-33.9235081],[18.4262237,-33.9231575]]}},{"type":"Feature","properties":{"highway":"service","name":null,"oneway":"yes","surface":"asphalt","lanes":"2","maxspeed":null},"geometry":{"type":"LineString","coordinates":[[18.4271787,-33.923061],[18.4266843,-33.9227103]]}},{"type":"Feature","properties":{"highway":"service","name":null,"oneway":"yes","surface":"asphalt","lanes":"1","maxspeed":null},"geometry":{"type":"LineString","coordinates":[[18.4276888,-33.9225204],[18.4272456,-33.9222009]]}},{"type":"Feature","properties":{"highway":"service","name":null,"oneway":"yes","surface":"asphalt","lanes":"2","maxspeed":null},"geometry":{"type":"LineString","coordinates":[[18.4268385,-33.9233912],[18.4263442,-33.9230405]]}},{"type":"Feature","properties":{"highway":"service","name":null,"oneway":"yes","surface":"asphalt","lanes":"2","maxspeed":null},"geometry":{"type":"LineString","coordinates":[[18.426658,-33.9235664],[18.4261636,-33.9232158]]}},{"type":"Feature","properties":{"highway":"service","name":null,"oneway":"yes","surface":"asphalt","lanes":"2","maxspeed":null},"geometry":{"type":"LineString","coordinates":[[18.4268928,-33.9233385],[18.4263984,-33.9229879]]}},{"type":"Feature","properties":{"highway":"service","name":null,"oneway":"yes","surface":"asphalt","lanes":"2","maxspeed":null},"geometry":{"type":"LineString","coordinates":[[18.4270716,-33.9231649],[18.4265773,-33.9228142]]}},{"type":"Feature","properties":{"highway":"service","name":null,"oneway":"yes","surface":"asphalt","lanes":"2","maxspeed":null},"geometry":{"type":"LineString","coordinates":[[18.4270085,-33.9232262],[18.4265141,-33.9228756]]}},{"type":"Feature","properties":{"highway":"service","name":null,"oneway":"yes","surface":"asphalt","lanes":"1","maxspeed":null},"geometry":{"type":"LineString","coordinates":[[18.4273982,-33.9228479],[18.4271136,-33.922646],[18.4269038,-33.9224972]]}},{"type":"Feature","properties":{"highway":"service","name":null,"oneway":"yes","surface":"asphalt","lanes":"2","maxspeed":null},"geometry":{"type":"LineString","coordinates":[[18.4272829,-33.9229598],[18.4269983,-33.9227579],[18.4271136,-33.922646]]}},{"type":"Feature","properties":{"highway":"service","name":null,"oneway":"yes","surface":"asphalt","lanes":"1","maxspeed":null},"geometry":{"type":"LineString","coordinates":[[18.4278561,-33.9223864],[18.4278342,-33.9223711],[18.4273868,-33.9220638]]}},{"type":"Feature","properties":{"highway":"service","name":null,"oneway":"yes","surface":"asphalt","lanes":"2","maxspeed":null},"geometry":{"type":"LineString","coordinates":[[18.4273982,-33.9228479],[18.4272829,-33.9229598],[18.4271787,-33.923061],[18.4271269,-33.9231112],[18.4270716,-33.9231649],[18.4270085,-33.9232262],[18.4269549,-33.9232782],[18.4268928,-33.9233385],[18.4268385,-33.9233912],[18.426777,-33.9234509],[18.426718,-33.9235081],[18.426658,-33.9235664],[18.426607,-33.9236159],[18.42655,-33.9236713],[18.4264286,-33.9237891],[18.4263448,-33.9237296],[18.4259826,-33.9234727],[18.4259342,-33.9234384],[18.4260556,-33.9233206],[18.4261126,-33.9232653],[18.4261636,-33.9232158],[18.4262237,-33.9231575],[18.4262827,-33.9231002],[18.4263442,-33.9230405],[18.4263984,-33.9229879],[18.4264605,-33.9229276],[18.4265141,-33.9228756],[18.4265773,-33.9228142],[18.4266326,-33.9227605],[18.4266843,-33.9227103],[18.4269038,-33.9224972],[18.4269712,-33.9224673]]}},{"type":"Feature","properties":{"highway":"service","name":null,"oneway":"yes","surface":"asphalt","lanes":"1","maxspeed":null},"geometry":{"type":"LineString","coordinates":[[18.4278342,-33.9223711],[18.4276888,-33.9225204],[18.4275727,-33.9226365],[18.4275559,-33.9226703]]}},{"type":"Feature","properties":{"highway":"service","name":null,"oneway":"yes","surface":"asphalt","lanes":"2","maxspeed":null},"geometry":{"type":"LineString","coordinates":[[18.4275559,-33.9226703],[18.4275351,-33.922692],[18.4275114,-33.9227149],[18.4273982,-33.9228479]]}},{"type":"Feature","properties":{"highway":"service","name":null,"oneway":"yes","surface":"asphalt","lanes":"1","maxspeed":null},"geometry":{"type":"LineString","coordinates":[[18.4273776,-33.9218643],[18.4272948,-33.9218702],[18.4267203,-33.9214545],[18.4266794,-33.9214578],[18.4266209,-33.9215155],[18.4266209,-33.9215448],[18.4272444,-33.9219865],[18.4272852,-33.921991],[18.4273329,-33.9219662],[18.4274112,-33.9218881]]}},{"type":"Feature","properties":{"highway":"service","name":null,"oneway":"yes","surface":"asphalt","lanes":"1","maxspeed":null},"geometry":{"type":"LineString","coordinates":[[18.4269465,-33.9224498],[18.4261263,-33.9218589]]}},{"type":"Feature","properties":{"highway":"service","name":null,"oneway":"yes","surface":"asphalt","lanes":"1","maxspeed":null},"geometry":{"type":"LineString","coordinates":[[18.4264044,-33.9215825],[18.4265618,-33.9216947],[18.4272322,-33.9221724]]}},{"type":"Feature","properties":{"highway":"service","name":null,"oneway":"yes","surface":"asphalt","lanes":"1","maxspeed":null},"geometry":{"type":"LineString","coordinates":[[18.426246,-33.92174],[18.4270631,-33.9223366]]}},{"type":"Feature","properties":{"highway":"service","name":null,"oneway":"yes","surface":"asphalt","lanes":"1","maxspeed":null},"geometry":{"type":"LineString","coordinates":[[18.4274767,-33.9219346],[18.4273621,-33.9220463],[18.4272322,-33.9221724],[18.4272209,-33.9221834],[18.4270631,-33.9223366],[18.4269465,-33.9224498]]}},{"type":"Feature","properties":{"highway":"service","name":null,"oneway":"yes","surface":"asphalt","lanes":"1","maxspeed":null},"geometry":{"type":"LineString","coordinates":[[18.4269712,-33.9224673],[18.4270508,-33.92239],[18.4271207,-33.9223221],[18.4272456,-33.9222009],[18.4273868,-33.9220638],[18.4275017,-33.9219523]]}},{"type":"Feature","properties":{"highway":"service","name":null,"oneway":"no","surface":"asphalt","lanes":"2","maxspeed":null},"geometry":{"type":"LineString","coordinates":[[18.4250243,-33.9229539],[18.4252802,-33.9226996],[18.4260729,-33.921912],[18.4261263,-33.9218589]]}},{"type":"Feature","properties":{"highway":"busway","name":"Adderley Street Bus Lane","oneway":"yes","surface":"asphalt","lanes":"1","maxspeed":null},"geometry":{"type":"LineString","coordinates":[[18.4242769,-33.9211779],[18.4239945,-33.9214284],[18.4238957,-33.9215896]]}},{"type":"Feature","properties":{"highway":"busway","name":"Adderley Street Bus Lane","oneway":"yes","surface":"asphalt","lanes":"2","maxspeed":null},"geometry":{"type":"LineString","coordinates":[[18.4244796,-33.9208337],[18.4251998,-33.9201349],[18.4252153,-33.9201139],[18.4252662,-33.9200552]]}},{"type":"Feature","properties":{"highway":"secondary","name":"Adderley Street","oneway":"yes","surface":"asphalt","lanes":"2","maxspeed":"60"},"geometry":{"type":"LineString","coordinates":[[18.4243374,-33.9208657],[18.4244251,-33.9207934],[18.4248593,-33.9203707]]}},{"type":"Feature","properties":{"highway":"secondary","name":"Adderley Street","oneway":"yes","surface":"asphalt","lanes":"2","maxspeed":"60"},"geometry":{"type":"LineString","coordinates":[[18.4248593,-33.9203707],[18.4251427,-33.9200945],[18.4251968,-33.9200422],[18.4252283,-33.9200049],[18.4252649,-33.9199213]]}},{"type":"Feature","properties":{"highway":"primary","name":"Strand Street","oneway":"yes","surface":"asphalt","lanes":"3","maxspeed":"60"},"geometry":{"type":"LineString","coordinates":[[18.4246143,-33.9230015],[18.4247003,-33.9230635],[18.4253489,-33.9235251]]}},{"type":"Feature","properties":{"highway":"primary","name":"Strand Street","oneway":"yes","surface":"asphalt","lanes":"3","maxspeed":"60"},"geometry":{"type":"LineString","coordinates":[[18.4231945,-33.9219725],[18.4233483,-33.9220854]]}},{"type":"Feature","properties":{"highway":"primary","name":"Strand Street","oneway":"yes","surface":"asphalt","lanes":"3","maxspeed":"60"},"geometry":{"type":"LineString","coordinates":[[18.4236276,-33.9222797],[18.4244265,-33.922855],[18.4245117,-33.9229276]]}},{"type":"Feature","properties":{"highway":"primary","name":"Strand Street","oneway":"yes","surface":"asphalt","lanes":"3","maxspeed":"60"},"geometry":{"type":"LineString","coordinates":[[18.4253489,-33.9235251],[18.4254879,-33.9236234],[18.4257808,-33.9238306],[18.4260644,-33.9240313],[18.4261425,-33.9240783],[18.4262395,-33.9241248],[18.426368,-33.924175]]}},{"type":"Feature","properties":{"highway":"footway","name":null,"oneway":null,"surface":"asphalt","lanes":null,"maxspeed":null},"geometry":{"type":"LineString","coordinates":[[18.4248611,-33.9212233],[18.4248106,-33.9212715],[18.4246703,-33.9214056],[18.4245795,-33.9214925],[18.424537,-33.9215331],[18.4245344,-33.9215576],[18.4245423,-33.9215749],[18.425016,-33.9219314],[18.4250919,-33.9219895],[18.4252103,-33.9220692],[18.425337,-33.9221546],[18.4256665,-33.9223713]]}},{"type":"Feature","properties":{"highway":"steps","name":null,"oneway":null,"surface":"concrete","lanes":null,"maxspeed":null},"geometry":{"type":"LineString","coordinates":[[18.4257509,-33.9236327],[18.4257132,-33.9236072]]}},{"type":"Feature","properties":{"highway":"footway","name":null,"oneway":null,"surface":"concrete","lanes":null,"maxspeed":null},"geometry":{"type":"LineString","coordinates":[[18.4257132,-33.9236072],[18.4257017,-33.9235993]]}},{"type":"Feature","properties":{"highway":"steps","name":null,"oneway":null,"surface":null,"lanes":null,"maxspeed":null},"geometry":{"type":"LineString","coordinates":[[18.4258653,-33.9241915],[18.4259782,-33.9242684]]}},{"type":"Feature","properties":{"highway":"steps","name":null,"oneway":null,"surface":"concrete","lanes":null,"maxspeed":null},"geometry":{"type":"LineString","coordinates":[[18.4243348,-33.9226778],[18.4244201,-33.9227408]]}},{"type":"Feature","properties":{"highway":"footway","name":null,"oneway":null,"surface":"asphalt","lanes":null,"maxspeed":null},"geometry":{"type":"LineString","coordinates":[[18.4241727,-33.921491],[18.4245795,-33.9214925]]}},{"type":"Feature","properties":{"highway":"footway","name":null,"oneway":null,"surface":null,"lanes":null,"maxspeed":null},"geometry":{"type":"LineString","coordinates":[[18.4261581,-33.9239098],[18.4258653,-33.9241915]]}},{"type":"Feature","properties":{"highway":"steps","name":null,"oneway":null,"surface":null,"lanes":null,"maxspeed":null},"geometry":{"type":"LineString","coordinates":[[18.4258653,-33.9241915],[18.4257338,-33.9241019]]}},{"type":"Feature","properties":{"highway":"footway","name":null,"oneway":null,"surface":"paved","lanes":null,"maxspeed":null},"geometry":{"type":"LineString","coordinates":[[18.425664,-33.9235733],[18.4256431,-33.9235963]]}},{"type":"Feature","properties":{"highway":"steps","name":null,"oneway":null,"surface":"concrete","lanes":null,"maxspeed":null},"geometry":{"type":"LineString","coordinates":[[18.4257017,-33.9235993],[18.425664,-33.9235733]]}},{"type":"Feature","properties":{"highway":"footway","name":null,"oneway":null,"surface":"paved","lanes":null,"maxspeed":null},"geometry":{"type":"LineString","coordinates":[[18.4243092,-33.9226222],[18.4243348,-33.9226778]]}},{"type":"Feature","properties":{"highway":"footway","name":null,"oneway":null,"surface":"paved","lanes":null,"maxspeed":null},"geometry":{"type":"LineString","coordinates":[[18.4245335,-33.922786],[18.4246822,-33.9226505]]}},{"type":"Feature","properties":{"highway":"footway","name":null,"oneway":null,"surface":"asphalt","lanes":null,"maxspeed":null},"geometry":{"type":"LineString","coordinates":[[18.4242089,-33.9208695],[18.424268,-33.9208146],[18.424348,-33.9207366]]}},{"type":"Feature","properties":{"highway":"footway","name":null,"oneway":null,"surface":null,"lanes":null,"maxspeed":null},"geometry":{"type":"LineString","coordinates":[[18.4252802,-33.9226996],[18.4251406,-33.9226001],[18.425087,-33.9225619]]}},{"type":"Feature","properties":{"highway":"service","name":null,"oneway":"no","surface":"paved","lanes":"1","maxspeed":null},"geometry":{"type":"LineString","coordinates":[[18.4254879,-33.9236234],[18.4255757,-33.9235471],[18.4256162,-33.9235119]]}},{"type":"Feature","properties":{"highway":"footway","name":null,"oneway":null,"surface":null,"lanes":null,"maxspeed":null},"geometry":{"type":"LineString","coordinates":[[18.424793,-33.9228865],[18.4248758,-33.9228408],[18.4251406,-33.9226001]]}},{"type":"Feature","properties":{"highway":"footway","name":null,"oneway":null,"surface":"paved","lanes":null,"maxspeed":null},"geometry":{"type":"LineString","coordinates":[[18.4244057,-33.9226926],[18.4245699,-33.9225743]]}},{"type":"Feature","properties":{"highway":"footway","name":null,"oneway":null,"surface":"concrete","lanes":null,"maxspeed":null},"geometry":{"type":"LineString","coordinates":[[18.4262456,-33.9238253],[18.4258843,-33.9235676],[18.4250243,-33.9229539],[18.4248758,-33.9228408]]}},{"type":"Feature","properties":{"highway":"footway","name":null,"oneway":null,"surface":"paved","lanes":null,"maxspeed":null},"geometry":{"type":"LineString","coordinates":[[18.424348,-33.9207366],[18.4249741,-33.9201705],[18.4250904,-33.9200565],[18.4250591,-33.9200059],[18.4250207,-33.9196438]]}},{"type":"Feature","properties":{"highway":"footway","name":null,"oneway":null,"surface":"asphalt","lanes":null,"maxspeed":null},"geometry":{"type":"LineString","coordinates":[[18.424506,-33.9227659],[18.4244769,-33.9227943]]}},{"type":"Feature","properties":{"highway":"footway","name":null,"oneway":null,"surface":"paved","lanes":null,"maxspeed":null},"geometry":{"type":"LineString","coordinates":[[18.4235526,-33.9215449],[18.4235972,-33.9215055],[18.4236774,-33.9214309],[18.4237251,-33.9213879],[18.4242074,-33.9209015],[18.4242089,-33.9208695]]}},{"type":"Feature","properties":{"highway":"footway","name":null,"oneway":null,"surface":"asphalt","lanes":null,"maxspeed":null},"geometry":{"type":"LineString","coordinates":[[18.4231078,-33.9209873],[18.4231927,-33.9210521],[18.4232201,-33.9210742],[18.4236585,-33.9214145],[18.4236774,-33.9214309]]}},{"type":"Feature","properties":{"highway":"pedestrian","name":null,"oneway":null,"surface":"paved","lanes":null,"maxspeed":null},"geometry":{"type":"LineString","coordinates":[[18.4248511,-33.9198621],[18.4247282,-33.9199792],[18.4249138,-33.9201134],[18.4250368,-33.9199963],[18.4248511,-33.9198621]]}},{"type":"Feature","properties":{"highway":"pedestrian","name":null,"oneway":null,"surface":"concrete","lanes":null,"maxspeed":null},"geometry":{"type":"LineString","coordinates":[[18.4265807,-33.9241133],[18.4266772,-33.9240133],[18.4264341,-33.9238396],[18.4263188,-33.9237547],[18.4259593,-33.9234952],[18.4258688,-33.9234299],[18.4259057,-33.9233942],[18.4251959,-33.9228733],[18.4252206,-33.9228494],[18.4256542,-33.9224297],[18.4256857,-33.9223982],[18.4257703,-33.9223166],[18.4258852,-33.922204],[18.4259104,-33.9221796],[18.4260027,-33.922091],[18.4260293,-33.9220639],[18.42614,-33.9219591],[18.4261133,-33.9219403],[18.4260729,-33.921912],[18.42601,-33.9218678],[18.4260848,-33.9218484],[18.4258957,-33.9217146],[18.4258193,-33.9217834],[18.425785,-33.9218156],[18.4258109,-33.9218358],[18.4256798,-33.9219615],[18.4256017,-33.9219014],[18.4255247,-33.9219751],[18.425337,-33.9221546],[18.4250232,-33.9224548],[18.4251235,-33.922527],[18.425087,-33.9225619],[18.4250522,-33.9225952],[18.4249384,-33.9225316],[18.4247589,-33.9227039],[18.4246379,-33.9228157],[18.4247068,-33.9228643],[18.4247305,-33.9228426],[18.4247612,-33.9228638],[18.424793,-33.9228865],[18.4248272,-33.9229111],[18.4248459,-33.9229242],[18.4248219,-33.922947],[18.4256162,-33.9235119],[18.4257643,-33.9236197],[18.4258341,-33.9235524],[18.425872,-33.9235795],[18.4259057,-33.9236035],[18.4258354,-33.9236714],[18.4261581,-33.9239098],[18.4263337,-33.9240329],[18.4265807,-33.9241133]]}},{"type":"Feature","properties":{"highway":"footway","name":null,"oneway":null,"surface":"asphalt","lanes":null,"maxspeed":null},"geometry":{"type":"LineString","coordinates":[[18.4236774,-33.9214309],[18.4237504,-33.9214835],[18.4238957,-33.9215896],[18.423947,-33.9216246],[18.423999,-33.9216626]]}},{"type":"Feature","properties":{"highway":"footway","name":null,"oneway":null,"surface":"paved","lanes":null,"maxspeed":null},"geometry":{"type":"LineString","coordinates":[[18.4240232,-33.9224133],[18.4236558,-33.9221365],[18.4236239,-33.9221058],[18.4236183,-33.9220737],[18.4236427,-33.9220145],[18.4238624,-33.9217974]]}},{"type":"Feature","properties":{"highway":"footway","name":null,"oneway":null,"surface":"concrete","lanes":null,"maxspeed":null},"geometry":{"type":"LineString","coordinates":[[18.4259826,-33.9234727],[18.4259593,-33.9234952],[18.4258843,-33.9235676],[18.425872,-33.9235795],[18.4257888,-33.9236597],[18.4257509,-33.9236327]]}},{"type":"Feature","properties":{"highway":"footway","name":null,"oneway":null,"surface":"asphalt","lanes":null,"maxspeed":null},"geometry":{"type":"LineString","coordinates":[[18.4242089,-33.9208695],[18.424257,-33.9209392],[18.4243295,-33.9209925],[18.4244108,-33.9210515],[18.424484,-33.9211026],[18.4245306,-33.9211392]]}},{"type":"Feature","properties":{"highway":"footway","name":null,"oneway":null,"surface":"paved","lanes":null,"maxspeed":null},"geometry":{"type":"LineString","coordinates":[[18.4238624,-33.9217974],[18.4239285,-33.9217322],[18.423999,-33.9216626],[18.4241727,-33.921491],[18.4241928,-33.9214712],[18.4245306,-33.9211392],[18.4246836,-33.9209834],[18.4252279,-33.9204543],[18.425379,-33.9203198]]}},{"type":"Feature","properties":{"highway":"footway","name":null,"oneway":null,"surface":"asphalt","lanes":null,"maxspeed":null},"geometry":{"type":"LineString","coordinates":[[18.424348,-33.9207366],[18.4244251,-33.9207934],[18.4244796,-33.9208337],[18.4245265,-33.9208681],[18.4245762,-33.920903],[18.4246419,-33.920953],[18.4246836,-33.9209834]]}},{"type":"Feature","properties":{"highway":"footway","name":null,"oneway":null,"surface":"paved","lanes":null,"maxspeed":null},"geometry":{"type":"LineString","coordinates":[[18.4245265,-33.9208681],[18.4247727,-33.9206316],[18.4248509,-33.9205566],[18.4249877,-33.9204251],[18.4250566,-33.920359],[18.4252506,-33.9201725]]}},{"type":"Feature","properties":{"highway":"footway","name":null,"oneway":null,"surface":"paved","lanes":null,"maxspeed":null},"geometry":{"type":"LineString","coordinates":[[18.4272399,-33.9243818],[18.4266211,-33.9241709],[18.426285,-33.9240563]]}},{"type":"Feature","properties":{"highway":"residential","name":"Old Marine Drive","oneway":"no","surface":"asphalt","lanes":"2","maxspeed":null},"geometry":{"type":"LineString","coordinates":[[18.4264542,-33.9210672],[18.4265733,-33.9209855]]}},{"type":"Feature","properties":{"highway":"residential","name":"Old Marine Drive","oneway":"yes","surface":"asphalt","lanes":"1","maxspeed":null},"geometry":{"type":"LineString","coordinates":[[18.4265733,-33.9209855],[18.4266479,-33.9210349],[18.4271185,-33.9213669],[18.4272833,-33.9214835]]}},{"type":"Feature","properties":{"highway":"residential","name":"Old Marine Drive","oneway":"yes","surface":"asphalt","lanes":"1","maxspeed":null},"geometry":{"type":"LineString","coordinates":[[18.4272833,-33.9214835],[18.4273836,-33.9213859],[18.4275088,-33.9212641],[18.42755,-33.921224],[18.427631,-33.9211453],[18.427797,-33.9209837],[18.4278988,-33.9208847],[18.4265112,-33.9199026],[18.4264422,-33.9198591]]}},{"type":"Feature","properties":{"highway":"service","name":null,"oneway":"no","surface":"asphalt","lanes":"2","maxspeed":null},"geometry":{"type":"LineString","coordinates":[[18.4265733,-33.9209855],[18.4265941,-33.9209666]]}},{"type":"Feature","properties":{"highway":"service","name":null,"oneway":"no","surface":"asphalt","lanes":"1","maxspeed":null},"geometry":{"type":"LineString","coordinates":[[18.4265941,-33.9209666],[18.4265514,-33.920893]]}},{"type":"Feature","properties":{"highway":"service","name":null,"oneway":"no","surface":"asphalt","lanes":"2","maxspeed":null},"geometry":{"type":"LineString","coordinates":[[18.4257693,-33.9204395],[18.4258626,-33.9204595],[18.4259544,-33.9204509]]}},{"type":"Feature","properties":{"highway":"service","name":null,"oneway":"yes","surface":"asphalt","lanes":"1","maxspeed":null},"geometry":{"type":"LineString","coordinates":[[18.4266794,-33.9208756],[18.4273836,-33.9213859]]}},{"type":"Feature","properties":{"highway":"service","name":null,"oneway":"yes","surface":"asphalt","lanes":"1","maxspeed":null},"geometry":{"type":"LineString","coordinates":[[18.4265514,-33.920893],[18.4262012,-33.9206267],[18.4261114,-33.9205625],[18.4259711,-33.9204624],[18.4259544,-33.9204509]]}},{"type":"Feature","properties":{"highway":"service","name":null,"oneway":"no","surface":"asphalt","lanes":"1","maxspeed":null},"geometry":{"type":"LineString","coordinates":[[18.4275088,-33.9212641],[18.4274556,-33.9212264],[18.4268046,-33.9207538]]}},{"type":"Feature","properties":{"highway":"service","name":null,"oneway":"no","surface":"asphalt","lanes":"1","maxspeed":null},"geometry":{"type":"LineString","coordinates":[[18.4269268,-33.920635],[18.4275791,-33.9211086],[18.427631,-33.9211453]]}},{"type":"Feature","properties":{"highway":"service","name":null,"oneway":"yes","surface":"asphalt","lanes":"1","maxspeed":null},"geometry":{"type":"LineString","coordinates":[[18.4265941,-33.9209666],[18.426588,-33.9209276],[18.4266093,-33.9209067],[18.4266386,-33.9208891],[18.4266794,-33.9208756]]}},{"type":"Feature","properties":{"highway":"footway","name":null,"oneway":null,"surface":"asphalt","lanes":null,"maxspeed":null},"geometry":{"type":"LineString","coordinates":[[18.4266254,-33.9208247],[18.4265879,-33.9208641],[18.4265514,-33.920893],[18.4263931,-33.9210149],[18.4263622,-33.9210188],[18.4262687,-33.9211078]]}},{"type":"Feature","properties":{"highway":"service","name":null,"oneway":"yes","surface":"asphalt","lanes":"1","maxspeed":null},"geometry":{"type":"LineString","coordinates":[[18.4266794,-33.9208756],[18.4266784,-33.9209361],[18.4266633,-33.9209557],[18.4266418,-33.9209807],[18.4265941,-33.9209666]]}},{"type":"Feature","properties":{"highway":"steps","name":null,"oneway":null,"surface":"concrete","lanes":null,"maxspeed":null},"geometry":{"type":"LineString","coordinates":[[18.426693,-33.9211608],[18.4267666,-33.921212]]}},{"type":"Feature","properties":{"highway":"footway","name":null,"oneway":null,"surface":"concrete","lanes":null,"maxspeed":null},"geometry":{"type":"LineString","coordinates":[[18.4268507,-33.9212705],[18.4268036,-33.921318],[18.4267673,-33.9213545],[18.4267199,-33.9214]]}},{"type":"Feature","properties":{"highway":"steps","name":null,"oneway":null,"surface":"concrete","lanes":null,"maxspeed":null},"geometry":{"type":"LineString","coordinates":[[18.4269494,-33.9213391],[18.4270244,-33.9213913]]}},{"type":"Feature","properties":{"highway":"footway","name":null,"oneway":null,"surface":"concrete","lanes":null,"maxspeed":null},"geometry":{"type":"LineString","coordinates":[[18.4267666,-33.921212],[18.4268507,-33.9212705],[18.4269494,-33.9213391]]}},{"type":"Feature","properties":{"highway":"footway","name":null,"oneway":null,"surface":"concrete","lanes":null,"maxspeed":null},"geometry":{"type":"LineString","coordinates":[[18.4266479,-33.9210349],[18.426592,-33.9210894],[18.4266069,-33.9210988],[18.426693,-33.9211608]]}},{"type":"Feature","properties":{"highway":"footway","name":null,"oneway":null,"surface":"concrete","lanes":null,"maxspeed":null},"geometry":{"type":"LineString","coordinates":[[18.4270244,-33.9213913],[18.4270652,-33.9214197],[18.427113,-33.9213742],[18.4271185,-33.9213669]]}},{"type":"Feature","properties":{"highway":"service","name":null,"oneway":"yes","surface":"paved","lanes":"2","maxspeed":null},"geometry":{"type":"LineString","coordinates":[[18.4312802,-33.9229993],[18.4309106,-33.9233606],[18.4305611,-33.923107],[18.4305127,-33.9230712],[18.4303521,-33.9229528],[18.430278,-33.9228981],[18.4302534,-33.9228659],[18.4302405,-33.9228289],[18.4302393,-33.922788],[18.4302616,-33.9227374],[18.4307815,-33.9222281],[18.4311992,-33.9225222],[18.4312462,-33.9225855],[18.4312579,-33.9226556],[18.4312748,-33.9229165],[18.4312802,-33.9229993]]}},{"type":"Feature","properties":{"highway":"footway","name":null,"oneway":null,"surface":"asphalt","lanes":null,"maxspeed":null},"geometry":{"type":"LineString","coordinates":[[18.4305661,-33.9235724],[18.4305403,-33.923662]]}},{"type":"Feature","properties":{"highway":"steps","name":null,"oneway":null,"surface":"concrete","lanes":null,"maxspeed":null},"geometry":{"type":"LineString","coordinates":[[18.4305403,-33.923662],[18.4306274,-33.923722],[18.4306431,-33.9237328]]}},{"type":"Feature","properties":{"highway":"footway","name":null,"oneway":null,"surface":"paved","lanes":null,"maxspeed":null},"geometry":{"type":"LineString","coordinates":[[18.4311916,-33.9237214],[18.431163,-33.9236989],[18.4311435,-33.9237193],[18.4311137,-33.9236976],[18.4304567,-33.9232188],[18.4304813,-33.9231973]]}},{"type":"Feature","properties":{"highway":"footway","name":null,"oneway":null,"surface":"paved","lanes":null,"maxspeed":null},"geometry":{"type":"LineString","coordinates":[[18.4314765,-33.9229069],[18.4312748,-33.9229165],[18.4312337,-33.9229185]]}},{"type":"Feature","properties":{"highway":"service","name":null,"oneway":"no","surface":"paved","lanes":"2","maxspeed":null},"geometry":{"type":"LineString","coordinates":[[18.4305127,-33.9230712],[18.4304271,-33.9231547],[18.4303737,-33.9232006]]}},{"type":"Feature","properties":{"highway":"footway","name":null,"oneway":null,"surface":"paved","lanes":null,"maxspeed":null},"geometry":{"type":"LineString","coordinates":[[18.4304813,-33.9231973],[18.4304271,-33.9231547],[18.4303717,-33.923111]]}},{"type":"Feature","properties":{"highway":"footway","name":null,"oneway":null,"surface":"paved","lanes":null,"maxspeed":null},"geometry":{"type":"LineString","coordinates":[[18.4309622,-33.9234132],[18.4306857,-33.9236854],[18.4306431,-33.9237328],[18.4304501,-33.9239474]]}},{"type":"Feature","properties":{"highway":"service","name":null,"oneway":"no","surface":"asphalt","lanes":null,"maxspeed":null},"geometry":{"type":"LineString","coordinates":[[18.4305661,-33.9235724],[18.4306313,-33.9236897],[18.4306486,-33.9237015],[18.4310075,-33.9239583]]}},{"type":"Feature","properties":{"highway":"cycleway","name":null,"oneway":"no","surface":"asphalt","lanes":null,"maxspeed":null},"geometry":{"type":"LineString","coordinates":[[18.4311916,-33.9237214],[18.4310898,-33.9237882],[18.4309839,-33.9238412],[18.4309754,-33.9238354],[18.4306946,-33.9236425],[18.4306084,-33.9235564],[18.4305339,-33.9234716],[18.4289444,-33.9223065],[18.428967,-33.922238],[18.4289819,-33.9221925]]}},{"type":"Feature","properties":{"highway":"service","name":null,"oneway":"no","surface":"asphalt","lanes":"2","maxspeed":null},"geometry":{"type":"LineString","coordinates":[[18.4306989,-33.923489],[18.4306443,-33.9235339],[18.4306084,-33.9235564],[18.4305661,-33.9235724]]}},{"type":"Feature","properties":{"highway":"residential","name":"Civic Road","oneway":"yes","surface":"asphalt","lanes":null,"maxspeed":"60"},"geometry":{"type":"LineString","coordinates":[[18.430919,-33.9218941],[18.4308323,-33.9219716],[18.4304653,-33.922324],[18.4299139,-33.9228574]]}},{"type":"Feature","properties":{"highway":"footway","name":null,"oneway":null,"surface":"paved","lanes":null,"maxspeed":null},"geometry":{"type":"LineString","coordinates":[[18.4305943,-33.9258986],[18.4306811,-33.9245841],[18.4307019,-33.9244109],[18.4307469,-33.9242144],[18.4307888,-33.9240965],[18.4308472,-33.9239903],[18.4308913,-33.9239288],[18.4309175,-33.9238998],[18.4309542,-33.9238476],[18.4312082,-33.9235887]]}},{"type":"Feature","properties":{"highway":"footway","name":null,"oneway":null,"surface":"paved","lanes":null,"maxspeed":null},"geometry":{"type":"LineString","coordinates":[[18.430659,-33.9218082],[18.4306361,-33.9217909],[18.4306178,-33.921777],[18.4298426,-33.9211914],[18.4298179,-33.9212138],[18.4297302,-33.9211476],[18.4296385,-33.9210783],[18.4296586,-33.92106],[18.4291671,-33.9206886],[18.4291347,-33.9206642],[18.4291456,-33.9206546],[18.4291066,-33.9206265],[18.4287488,-33.9203693],[18.4287249,-33.9203522],[18.428713,-33.9203436],[18.428681,-33.9203388],[18.4283688,-33.920123]]}},{"type":"Feature","properties":{"highway":"footway","name":null,"oneway":null,"surface":"paved","lanes":null,"maxspeed":null},"geometry":{"type":"LineString","coordinates":[[18.4312082,-33.9235887],[18.4316726,-33.9231494],[18.4316888,-33.9231341],[18.4317592,-33.9230676],[18.4318114,-33.9230339],[18.4318571,-33.9230133],[18.4319012,-33.9230028],[18.4318985,-33.9229563],[18.4319123,-33.9229362]]}},{"type":"Feature","properties":{"highway":"footway","name":null,"oneway":null,"surface":"paved","lanes":null,"maxspeed":null},"geometry":{"type":"LineString","coordinates":[[18.4297302,-33.9211476],[18.4296907,-33.9211836],[18.4295865,-33.9212779]]}},{"type":"Feature","properties":{"highway":"footway","name":null,"oneway":null,"surface":"asphalt","lanes":null,"maxspeed":null},"geometry":{"type":"LineString","coordinates":[[18.430659,-33.9218082],[18.4307047,-33.9217545],[18.4307643,-33.9216837],[18.4307915,-33.9216514]]}},{"type":"Feature","properties":{"highway":"footway","name":null,"oneway":null,"surface":"paved","lanes":null,"maxspeed":null},"geometry":{"type":"LineString","coordinates":[[18.430659,-33.9218082],[18.4306693,-33.9218635],[18.4306652,-33.9218872],[18.4306618,-33.9219041],[18.4303362,-33.9222317],[18.4298837,-33.9226745],[18.4298601,-33.9226878],[18.4298423,-33.9226934],[18.4298187,-33.9226984],[18.4298028,-33.9226961],[18.4292057,-33.9222871],[18.4290205,-33.9221556],[18.4287786,-33.9219862],[18.4286848,-33.9219201],[18.4286239,-33.921877],[18.4285635,-33.9218344],[18.4283677,-33.9217],[18.4282197,-33.9215954],[18.4281587,-33.9215435],[18.4276883,-33.9212164]]}},{"type":"Feature","properties":{"highway":"footway","name":null,"oneway":null,"surface":"asphalt","lanes":null,"maxspeed":null},"geometry":{"type":"LineString","coordinates":[[18.4310059,-33.9213923],[18.4310375,-33.9214166],[18.4311673,-33.9215068],[18.4312603,-33.9215807],[18.4313037,-33.9216071],[18.4312956,-33.9216157]]}},{"type":"Feature","properties":{"highway":"residential","name":"Old Marine Drive","oneway":"no","surface":"asphalt","lanes":"2","maxspeed":null},"geometry":{"type":"LineString","coordinates":[[18.4310523,-33.9237607],[18.4310898,-33.9237882],[18.4311514,-33.9238312],[18.4316305,-33.9241721]]}},{"type":"Feature","properties":{"highway":"residential","name":"Old Marine Drive","oneway":"no","surface":"asphalt","lanes":"2","maxspeed":null},"geometry":{"type":"LineString","coordinates":[[18.4307763,-33.9235545],[18.4310523,-33.9237607]]}},{"type":"Feature","properties":{"highway":"footway","name":null,"oneway":null,"surface":"paved","lanes":null,"maxspeed":null},"geometry":{"type":"LineString","coordinates":[[18.4310072,-33.9238037],[18.4307283,-33.9236011],[18.4306443,-33.9235339],[18.4305477,-33.9234533],[18.4300544,-33.9230288],[18.4290071,-33.9222654],[18.428967,-33.922238],[18.4289479,-33.9222249],[18.4287664,-33.9221009],[18.4286478,-33.9220376]]}},{"type":"Feature","properties":{"highway":"footway","name":null,"oneway":null,"surface":"paved","lanes":null,"maxspeed":null},"geometry":{"type":"LineString","coordinates":[[18.428084,-33.9217212],[18.4282197,-33.9215954],[18.4283254,-33.9214941]]}},{"type":"Feature","properties":{"highway":"footway","name":null,"oneway":null,"surface":"paved","lanes":null,"maxspeed":null},"geometry":{"type":"LineString","coordinates":[[18.4284545,-33.9219132],[18.4277425,-33.9214239],[18.4276191,-33.9213662],[18.4275694,-33.9213282]]}},{"type":"Feature","properties":{"highway":"footway","name":null,"oneway":null,"surface":"asphalt","lanes":null,"maxspeed":null},"geometry":{"type":"LineString","coordinates":[[18.4286478,-33.9220376],[18.4285299,-33.9219617],[18.4284545,-33.9219132]]}},{"type":"Feature","properties":{"highway":"service","name":null,"oneway":"no","surface":"asphalt","lanes":"2","maxspeed":null},"geometry":{"type":"LineString","coordinates":[[18.4289819,-33.9221925],[18.4289479,-33.9222249],[18.4288327,-33.9223344],[18.4288094,-33.9223563],[18.4287034,-33.922456],[18.4286476,-33.9224841],[18.4285955,-33.9224972],[18.4285531,-33.9224902],[18.4282256,-33.9222629]]}},{"type":"Feature","properties":{"highway":"residential","name":"Old Marine Drive","oneway":"yes","surface":"asphalt","lanes":"2","maxspeed":null},"geometry":{"type":"LineString","coordinates":[[18.4264422,-33.9198591],[18.4263488,-33.9198222],[18.4262451,-33.9198083],[18.4260281,-33.9198725]]}},{"type":"Feature","properties":{"highway":"service","name":null,"oneway":"no","surface":"asphalt","lanes":null,"maxspeed":null},"geometry":{"type":"LineString","coordinates":[[18.4267052,-33.9205906],[18.4267138,-33.920597],[18.4267254,-33.9206057],[18.4268664,-33.9206959]]}},{"type":"Feature","properties":{"highway":"footway","name":null,"oneway":null,"surface":"concrete:plates","lanes":null,"maxspeed":null},"geometry":{"type":"LineString","coordinates":[[18.4261001,-33.9199366],[18.4258357,-33.9202583]]}},{"type":"Feature","properties":{"highway":"footway","name":null,"oneway":null,"surface":"paved","lanes":null,"maxspeed":null},"geometry":{"type":"LineString","coordinates":[[18.4265134,-33.9202201],[18.4265583,-33.9201788],[18.4265835,-33.9201556],[18.4266111,-33.9201302]]}},{"type":"Feature","properties":{"highway":"service","name":null,"oneway":"no","surface":"asphalt","lanes":"1","maxspeed":null},"geometry":{"type":"LineString","coordinates":[[18.426141,-33.9204189],[18.4260954,-33.920462],[18.4260507,-33.9205041],[18.4261114,-33.9205625]]}},{"type":"Feature","properties":{"highway":"footway","name":null,"oneway":null,"surface":"concrete:plates","lanes":null,"maxspeed":null},"geometry":{"type":"LineString","coordinates":[[18.4256876,-33.9202624],[18.4256575,-33.9202424],[18.4255002,-33.9202582],[18.425379,-33.9203198]]}},{"type":"Feature","properties":{"highway":"footway","name":null,"oneway":null,"surface":"paved","lanes":null,"maxspeed":null},"geometry":{"type":"LineString","coordinates":[[18.4262012,-33.9206267],[18.4261397,-33.9205698],[18.426185,-33.9205279],[18.426231,-33.9204853]]}},{"type":"Feature","properties":{"highway":"footway","name":null,"oneway":null,"surface":"asphalt","lanes":null,"maxspeed":null},"geometry":{"type":"LineString","coordinates":[[18.4258357,-33.9202583],[18.4258226,-33.9202602],[18.4257691,-33.9202618],[18.4256876,-33.9202624]]}},{"type":"Feature","properties":{"highway":"footway","name":null,"oneway":null,"surface":"paved","lanes":null,"maxspeed":null},"geometry":{"type":"LineString","coordinates":[[18.4258357,-33.9202583],[18.425924,-33.9203327],[18.4260954,-33.920462],[18.426185,-33.9205279],[18.4265401,-33.9207774],[18.4266254,-33.9208247]]}},{"type":"Feature","properties":{"highway":"footway","name":null,"oneway":null,"surface":"paved","lanes":null,"maxspeed":null},"geometry":{"type":"LineString","coordinates":[[18.4266254,-33.9208247],[18.4266982,-33.9206338],[18.4267138,-33.920597],[18.4268975,-33.9204266],[18.4265583,-33.9201788],[18.4262917,-33.9199837],[18.4261001,-33.9199366]]}},{"type":"Feature","properties":{"highway":"steps","name":null,"oneway":null,"surface":"concrete","lanes":null,"maxspeed":null},"geometry":{"type":"LineString","coordinates":[[18.4293071,-33.919878],[18.4293345,-33.9198975]]}},{"type":"Feature","properties":{"highway":"footway","name":null,"oneway":null,"surface":"paved","lanes":null,"maxspeed":null},"geometry":{"type":"LineString","coordinates":[[18.4293071,-33.919878],[18.4292669,-33.9198495],[18.4292968,-33.9198205]]}},{"type":"Feature","properties":{"highway":"pedestrian","name":null,"oneway":null,"surface":"paved","lanes":null,"maxspeed":null},"geometry":{"type":"LineString","coordinates":[[18.4269321,-33.9204129],[18.4265835,-33.9201556],[18.4264003,-33.9200203],[18.4263178,-33.9199594],[18.4262917,-33.9199837],[18.4262758,-33.9199986],[18.4264375,-33.9201179],[18.4264098,-33.9201437],[18.4265134,-33.9202201],[18.4266471,-33.9203188],[18.4266757,-33.920292],[18.4268183,-33.9203973],[18.4267897,-33.9204241],[18.4268167,-33.920444],[18.4267804,-33.9204779],[18.4268059,-33.9204967],[18.4267052,-33.9205906],[18.4266086,-33.9206807],[18.4265832,-33.9206619],[18.4265332,-33.9207085],[18.4265066,-33.9206888],[18.4264749,-33.9207183],[18.4263323,-33.920613],[18.4263639,-33.9205835],[18.426231,-33.9204853],[18.426141,-33.9204189],[18.4261267,-33.9204084],[18.426094,-33.9204389],[18.4259356,-33.9203219],[18.425924,-33.9203327],[18.4258774,-33.9203762],[18.4260507,-33.9205041],[18.4261397,-33.9205698],[18.4264528,-33.9208009],[18.4264766,-33.9208185],[18.4264881,-33.920827],[18.4265401,-33.9207774],[18.4265848,-33.9207368],[18.4266982,-33.9206338],[18.4267254,-33.9206057],[18.4269321,-33.9204129]]}},{"type":"Feature","properties":{"highway":"footway","name":"D.F. Malan Street","oneway":null,"surface":"paved","lanes":null,"maxspeed":null},"geometry":{"type":"LineString","coordinates":[[18.4280855,-33.9199204],[18.4280379,-33.9199649],[18.4274764,-33.9204895]]}},{"type":"Feature","properties":{"highway":"tertiary","name":"Hertzog Boulevard","oneway":"yes","surface":"asphalt","lanes":"3","maxspeed":"60"},"geometry":{"type":"LineString","coordinates":[[18.4275082,-33.9193968],[18.4270832,-33.9190951],[18.4270171,-33.9190491],[18.4269749,-33.9190313],[18.426938,-33.919024],[18.4268985,-33.9190198],[18.4268598,-33.9190193],[18.4268268,-33.9190224],[18.4267963,-33.9190279],[18.4267422,-33.9190482]]}},{"type":"Feature","properties":{"highway":"footway","name":null,"oneway":null,"surface":"paved","lanes":null,"maxspeed":null},"geometry":{"type":"LineString","coordinates":[[18.4269515,-33.9191597],[18.4280379,-33.9199649]]}},{"type":"Feature","properties":{"highway":"footway","name":null,"oneway":null,"surface":"paved","lanes":null,"maxspeed":null},"geometry":{"type":"LineString","coordinates":[[18.428315,-33.9202368],[18.4284802,-33.9203512]]}},{"type":"Feature","properties":{"highway":"footway","name":null,"oneway":null,"surface":"asphalt","lanes":null,"maxspeed":null},"geometry":{"type":"LineString","coordinates":[[18.4281354,-33.9199579],[18.4280855,-33.9199204]]}},{"type":"Feature","properties":{"highway":"footway","name":null,"oneway":null,"surface":"paved","lanes":null,"maxspeed":null},"geometry":{"type":"LineString","coordinates":[[18.4280288,-33.9208946],[18.428315,-33.9202368],[18.4283688,-33.920123]]}},{"type":"Feature","properties":{"highway":"footway","name":null,"oneway":null,"surface":"paved","lanes":null,"maxspeed":null},"geometry":{"type":"LineString","coordinates":[[18.4262195,-33.9196145],[18.4263009,-33.9195969],[18.4267225,-33.9191875],[18.4267526,-33.9191676],[18.4267839,-33.9191565],[18.4268105,-33.9191476],[18.4268827,-33.9191432],[18.4269515,-33.9191597]]}},{"type":"Feature","properties":{"highway":"footway","name":null,"oneway":null,"surface":"paved","lanes":null,"maxspeed":null},"geometry":{"type":"LineString","coordinates":[[18.4300332,-33.9198006],[18.4300803,-33.919755],[18.4302231,-33.9196166]]}},{"type":"Feature","properties":{"highway":"footway","name":null,"oneway":null,"surface":"paved","lanes":null,"maxspeed":null},"geometry":{"type":"LineString","coordinates":[[18.4323429,-33.9196099],[18.4320723,-33.9194182],[18.4320224,-33.9193925]]}},{"type":"Feature","properties":{"highway":"footway","name":null,"oneway":null,"surface":"paved","lanes":null,"maxspeed":null},"geometry":{"type":"LineString","coordinates":[[18.4312741,-33.9206718],[18.4312847,-33.9208182],[18.4313137,-33.9208644],[18.4315152,-33.921009],[18.4315737,-33.9210493],[18.4316948,-33.9211374],[18.4321912,-33.9214984],[18.4324795,-33.9216871],[18.432547,-33.9217367],[18.4325661,-33.9217697]]}},{"type":"Feature","properties":{"highway":"footway","name":null,"oneway":null,"surface":"asphalt","lanes":null,"maxspeed":null},"geometry":{"type":"LineString","coordinates":[[18.4319655,-33.9197656],[18.4318976,-33.9197172]]}},{"type":"Feature","properties":{"highway":"footway","name":null,"oneway":null,"surface":"asphalt","lanes":null,"maxspeed":null},"geometry":{"type":"LineString","coordinates":[[18.4321351,-33.9192915],[18.4320708,-33.9193462],[18.4320224,-33.9193925]]}},{"type":"Feature","properties":{"highway":"footway","name":null,"oneway":null,"surface":"paving_stones","lanes":null,"maxspeed":null},"geometry":{"type":"LineString","coordinates":[[18.4309064,-33.9209917],[18.4309158,-33.9209735],[18.431149,-33.9207482],[18.4312741,-33.9206718],[18.4323429,-33.9196099]]}},{"type":"Feature","properties":{"highway":"footway","name":null,"oneway":null,"surface":"paved","lanes":null,"maxspeed":null},"geometry":{"type":"LineString","coordinates":[[18.4325661,-33.9217697],[18.4323994,-33.9219308],[18.4323212,-33.9220107],[18.4320766,-33.9222106]]}},{"type":"Feature","properties":{"highway":"service","name":null,"oneway":"no","surface":"asphalt","lanes":"2","maxspeed":null},"geometry":{"type":"LineString","coordinates":[[18.4318551,-33.9197578],[18.431787,-33.9197083],[18.4317277,-33.9196772],[18.4316767,-33.9196377]]}},{"type":"Feature","properties":{"highway":"service","name":null,"oneway":"no","surface":"paved","lanes":"2","maxspeed":null},"geometry":{"type":"LineString","coordinates":[[18.4312872,-33.9211321],[18.4313115,-33.9211364],[18.4313335,-33.9211296],[18.4314206,-33.9210476],[18.4314855,-33.9210375],[18.4315046,-33.9210203],[18.4315152,-33.921009],[18.4315805,-33.9209482]]}},{"type":"Feature","properties":{"highway":"service","name":null,"oneway":"no","surface":"paved","lanes":"2","maxspeed":null},"geometry":{"type":"LineString","coordinates":[[18.4314206,-33.9210476],[18.4311854,-33.9208795],[18.4311674,-33.9208739],[18.4311494,-33.9208793],[18.4310746,-33.9209501],[18.4310695,-33.9209655],[18.4310754,-33.9209795],[18.4312872,-33.9211321]]}},{"type":"Feature","properties":{"highway":"footway","name":null,"oneway":null,"surface":"paved","lanes":null,"maxspeed":null},"geometry":{"type":"LineString","coordinates":[[18.4323212,-33.9220107],[18.4314255,-33.9213562],[18.4309064,-33.9209917],[18.4306357,-33.9207873],[18.4306482,-33.9207403]]}},{"type":"Feature","properties":{"highway":"service","name":null,"oneway":"no","surface":"asphalt","lanes":"2","maxspeed":null},"geometry":{"type":"LineString","coordinates":[[18.4317513,-33.9198592],[18.4318551,-33.9197578],[18.4318976,-33.9197172],[18.4320885,-33.9195368],[18.4322557,-33.9196582]]}},{"type":"Feature","properties":{"highway":"footway","name":null,"oneway":null,"surface":"paved","lanes":null,"maxspeed":null},"geometry":{"type":"LineString","coordinates":[[18.4313037,-33.9216071],[18.4313439,-33.9215626],[18.4313626,-33.9215086],[18.4313728,-33.921457],[18.4314255,-33.9213562]]}},{"type":"Feature","properties":{"highway":"residential","name":"Mediterranean Street","oneway":"no","surface":"asphalt","lanes":"2","maxspeed":null},"geometry":{"type":"LineString","coordinates":[[18.432019,-33.9193063],[18.4320708,-33.9193462],[18.432392,-33.9195755],[18.4324523,-33.9196165]]}},{"type":"Feature","properties":{"highway":"footway","name":null,"oneway":null,"surface":"paving_stones","lanes":null,"maxspeed":null},"geometry":{"type":"LineString","coordinates":[[18.4320224,-33.9193925],[18.4317277,-33.9196772],[18.4306482,-33.9207403]]}},{"type":"Feature","properties":{"highway":"footway","name":null,"oneway":null,"surface":"paved","lanes":null,"maxspeed":null},"geometry":{"type":"LineString","coordinates":[[18.4323361,-33.9191542],[18.4322992,-33.9191276]]}},{"type":"Feature","properties":{"highway":"footway","name":null,"oneway":null,"surface":"paved","lanes":null,"maxspeed":null},"geometry":{"type":"LineString","coordinates":[[18.4321351,-33.9192915],[18.4324429,-33.9195233]]}},{"type":"Feature","properties":{"highway":"footway","name":null,"oneway":null,"surface":"paving_stones","lanes":null,"maxspeed":null},"geometry":{"type":"LineString","coordinates":[[18.4325701,-33.9193296],[18.4325947,-33.9193808],[18.4326405,-33.9194172],[18.4327422,-33.919487]]}},{"type":"Feature","properties":{"highway":"footway","name":null,"oneway":null,"surface":"paved","lanes":null,"maxspeed":null},"geometry":{"type":"LineString","coordinates":[[18.4326549,-33.9187872],[18.4322992,-33.9191276],[18.4321351,-33.9192915]]}},{"type":"Feature","properties":{"highway":"footway","name":null,"oneway":null,"surface":"asphalt","lanes":null,"maxspeed":null},"geometry":{"type":"LineString","coordinates":[[18.4323429,-33.9196099],[18.432392,-33.9195755],[18.4324429,-33.9195233]]}},{"type":"Feature","properties":{"highway":"footway","name":null,"oneway":null,"surface":"paving_stones","lanes":null,"maxspeed":null},"geometry":{"type":"LineString","coordinates":[[18.4324429,-33.9195233],[18.4324804,-33.9194873],[18.4325947,-33.9193808]]}},{"type":"Feature","properties":{"highway":"service","name":null,"oneway":"yes","surface":"paved","lanes":"2","maxspeed":null},"geometry":{"type":"LineString","coordinates":[[18.4327756,-33.9193161],[18.4327659,-33.9192788],[18.4327637,-33.9192448],[18.4327764,-33.9192115],[18.4327865,-33.9191849],[18.4328125,-33.9191503]]}},{"type":"Feature","properties":{"highway":"secondary","name":"Christiaan Barnard Street","oneway":"yes","surface":"asphalt","lanes":"4","maxspeed":"60"},"geometry":{"type":"LineString","coordinates":[[18.4335047,-33.9209898],[18.433792,-33.920713],[18.4340728,-33.9204398]]}},{"type":"Feature","properties":{"highway":"secondary","name":"Christiaan Barnard Street","oneway":"yes","surface":"asphalt","lanes":"3","maxspeed":"60"},"geometry":{"type":"LineString","coordinates":[[18.4340728,-33.9204398],[18.4343717,-33.9201498],[18.4345318,-33.9199951]]}},{"type":"Feature","properties":{"highway":"secondary","name":"Christiaan Barnard Street","oneway":"yes","surface":"asphalt","lanes":"3","maxspeed":"60"},"geometry":{"type":"LineString","coordinates":[[18.4327011,-33.9217584],[18.4328049,-33.92166],[18.4330781,-33.9214],[18.4333558,-33.9211325],[18.4334358,-33.9210568],[18.4335047,-33.9209898]]}},{"type":"Feature","properties":{"highway":"secondary","name":"Christiaan Barnard Street","oneway":"yes","surface":"asphalt","lanes":"4","maxspeed":"60"},"geometry":{"type":"LineString","coordinates":[[18.4328838,-33.9218891],[18.4328206,-33.9219536],[18.4327154,-33.9220541],[18.4323016,-33.9224505],[18.4322044,-33.9225343]]}},{"type":"Feature","properties":{"highway":"service","name":"Jack Craig Street","oneway":"no","surface":"asphalt","lanes":null,"maxspeed":"60"},"geometry":{"type":"LineString","coordinates":[[18.4327011,-33.9217584],[18.4328838,-33.9218891]]}},{"type":"Feature","properties":{"highway":"service","name":"Jack Craig Street","oneway":"no","surface":"asphalt","lanes":"2","maxspeed":"60"},"geometry":{"type":"LineString","coordinates":[[18.431372,-33.9207062],[18.4313672,-33.9207449],[18.4313718,-33.920772],[18.4313836,-33.920801],[18.4314166,-33.9208337],[18.4315149,-33.9209014],[18.4315805,-33.9209482],[18.431637,-33.9209891],[18.4317581,-33.9210765],[18.4318573,-33.9211482],[18.4319043,-33.921183],[18.432255,-33.9214384],[18.432565,-33.9216599],[18.4326181,-33.9216984],[18.4327011,-33.9217584]]}},{"type":"Feature","properties":{"highway":"service","name":null,"oneway":null,"surface":"paved","lanes":null,"maxspeed":null},"geometry":{"type":"LineString","coordinates":[[18.4330486,-33.9195004],[18.4330019,-33.9194685],[18.4329885,-33.9194573],[18.4329734,-33.9194405],[18.4329627,-33.9194196],[18.4329571,-33.9193974],[18.432976,-33.9193953],[18.432972,-33.9193564],[18.4329195,-33.9193159],[18.4330903,-33.9191518],[18.4332809,-33.9192888],[18.4332844,-33.919305],[18.4333417,-33.9193465],[18.4333789,-33.9193108],[18.433042,-33.91907],[18.4330083,-33.9191037],[18.4329058,-33.9192065],[18.4328632,-33.919247],[18.4328191,-33.9192916],[18.4328318,-33.9193835],[18.4328374,-33.9194158],[18.4330081,-33.919543],[18.4330274,-33.9195228],[18.4330486,-33.9195004]]}},{"type":"Feature","properties":{"highway":"footway","name":null,"oneway":null,"surface":"paving_stones","lanes":null,"maxspeed":null},"geometry":{"type":"LineString","coordinates":[[18.4333909,-33.9209923],[18.4339398,-33.920438]]}},{"type":"Feature","properties":{"highway":"service","name":null,"oneway":"no","surface":"asphalt","lanes":"1","maxspeed":null},"geometry":{"type":"LineString","coordinates":[[18.4319214,-33.9210861],[18.4322034,-33.9208158]]}},{"type":"Feature","properties":{"highway":"service","name":null,"oneway":"no","surface":"paved","lanes":null,"maxspeed":null},"geometry":{"type":"LineString","coordinates":[[18.4330274,-33.9195228],[18.4328318,-33.9193835]]}},{"type":"Feature","properties":{"highway":"footway","name":null,"oneway":null,"surface":"paving_stones","lanes":null,"maxspeed":null},"geometry":{"type":"LineString","coordinates":[[18.4332615,-33.9211046],[18.4330712,-33.9209662],[18.4329606,-33.9209033],[18.4321523,-33.9203164],[18.4320859,-33.9202392],[18.4320258,-33.9201991]]}},{"type":"Feature","properties":{"highway":"footway","name":null,"oneway":null,"surface":"paving_stones","lanes":null,"maxspeed":null},"geometry":{"type":"LineString","coordinates":[[18.4321189,-33.92007],[18.4326755,-33.9195403],[18.4326965,-33.9195377],[18.4327142,-33.9195424]]}},{"type":"Feature","properties":{"highway":"footway","name":null,"oneway":null,"surface":"paved","lanes":null,"maxspeed":null},"geometry":{"type":"LineString","coordinates":[[18.4343377,-33.9200509],[18.4340603,-33.9203267]]}},{"type":"Feature","properties":{"highway":"footway","name":null,"oneway":null,"surface":"paved","lanes":null,"maxspeed":null},"geometry":{"type":"LineString","coordinates":[[18.432734,-33.9216068],[18.4332615,-33.9211046]]}},{"type":"Feature","properties":{"highway":"service","name":null,"oneway":"no","surface":"asphalt","lanes":"2","maxspeed":null},"geometry":{"type":"LineString","coordinates":[[18.4328386,-33.9188758],[18.4335765,-33.9193822]]}},{"type":"Feature","properties":{"highway":"service","name":null,"oneway":"no","surface":null,"lanes":"1","maxspeed":null},"geometry":{"type":"LineString","coordinates":[[18.4318855,-33.9205339],[18.4317408,-33.9204299]]}},{"type":"Feature","properties":{"highway":"service","name":null,"oneway":"no","surface":null,"lanes":"1","maxspeed":null},"geometry":{"type":"LineString","coordinates":[[18.4318548,-33.9204541],[18.4319837,-33.9203237],[18.4321383,-33.920429]]}},{"type":"Feature","properties":{"highway":"service","name":null,"oneway":"no","surface":"paved","lanes":"2","maxspeed":null},"geometry":{"type":"LineString","coordinates":[[18.4315149,-33.9209014],[18.431565,-33.9208551],[18.4315776,-33.9208392]]}},{"type":"Feature","properties":{"highway":"service","name":null,"oneway":"no","surface":null,"lanes":"1","maxspeed":null},"geometry":{"type":"LineString","coordinates":[[18.4317408,-33.9204299],[18.4317319,-33.9204248],[18.4316651,-33.9203762]]}},{"type":"Feature","properties":{"highway":"footway","name":null,"oneway":null,"surface":"asphalt","lanes":null,"maxspeed":null},"geometry":{"type":"LineString","coordinates":[[18.4340603,-33.9203267],[18.4339958,-33.9203883],[18.4339398,-33.920438]]}},{"type":"Feature","properties":{"highway":"service","name":null,"oneway":"no","surface":"asphalt","lanes":null,"maxspeed":null},"geometry":{"type":"LineString","coordinates":[[18.432213,-33.920244],[18.4322801,-33.9201812],[18.4322864,-33.9201714]]}},{"type":"Feature","properties":{"highway":"footway","name":null,"oneway":null,"surface":"asphalt","lanes":null,"maxspeed":null},"geometry":{"type":"LineString","coordinates":[[18.432734,-33.9216068],[18.4326758,-33.9216456],[18.4326181,-33.9216984],[18.4325727,-33.9217418],[18.4325661,-33.9217697]]}},{"type":"Feature","properties":{"highway":"footway","name":null,"oneway":null,"surface":"paving_stones","lanes":null,"maxspeed":null},"geometry":{"type":"LineString","coordinates":[[18.4327142,-33.9195424],[18.4327648,-33.91958],[18.4328161,-33.9196172],[18.4336694,-33.9202528],[18.4339398,-33.920438]]}},{"type":"Feature","properties":{"highway":"service","name":null,"oneway":"no","surface":"asphalt","lanes":"2","maxspeed":null},"geometry":{"type":"LineString","coordinates":[[18.4319695,-33.9211207],[18.4319542,-33.9211354],[18.4319043,-33.921183]]}},{"type":"Feature","properties":{"highway":"service","name":null,"oneway":"yes","surface":"asphalt","lanes":null,"maxspeed":null},"geometry":{"type":"LineString","coordinates":[[18.4324265,-33.9202717],[18.4324093,-33.9202863],[18.4323503,-33.9203425]]}},{"type":"Feature","properties":{"highway":"service","name":null,"oneway":"no","surface":"asphalt","lanes":"1","maxspeed":null},"geometry":{"type":"LineString","coordinates":[[18.4318573,-33.9211482],[18.4319061,-33.9211008],[18.4319214,-33.9210861]]}},{"type":"Feature","properties":{"highway":"service","name":null,"oneway":"no","surface":"asphalt","lanes":"1","maxspeed":null},"geometry":{"type":"LineString","coordinates":[[18.4331348,-33.9207897],[18.4331292,-33.9207966],[18.4330634,-33.9208567]]}},{"type":"Feature","properties":{"highway":"service","name":null,"oneway":"no","surface":"asphalt","lanes":"1","maxspeed":null},"geometry":{"type":"LineString","coordinates":[[18.4328997,-33.9206226],[18.4328952,-33.9206266],[18.432831,-33.9206882]]}},{"type":"Feature","properties":{"highway":"service","name":null,"oneway":"no","surface":"asphalt","lanes":"1","maxspeed":null},"geometry":{"type":"LineString","coordinates":[[18.4322034,-33.9208158],[18.4322767,-33.9207455],[18.4320831,-33.9206065]]}},{"type":"Feature","properties":{"highway":"footway","name":null,"oneway":null,"surface":"paved","lanes":null,"maxspeed":null},"geometry":{"type":"LineString","coordinates":[[18.4323487,-33.922488],[18.4327429,-33.9221095],[18.4327829,-33.9220683],[18.4328788,-33.9219977]]}},{"type":"Feature","properties":{"highway":"footway","name":null,"oneway":null,"surface":"paving_stones","lanes":null,"maxspeed":null},"geometry":{"type":"LineString","coordinates":[[18.4320258,-33.9201991],[18.4320052,-33.9201962],[18.4319818,-33.920198],[18.4319608,-33.9202082],[18.4317319,-33.9204248],[18.4314146,-33.92073]]}},{"type":"Feature","properties":{"highway":"service","name":null,"oneway":"no","surface":"asphalt","lanes":null,"maxspeed":null},"geometry":{"type":"LineString","coordinates":[[18.4327878,-33.9205357],[18.432779,-33.9205428],[18.4327157,-33.9206067]]}},{"type":"Feature","properties":{"highway":"footway","name":null,"oneway":null,"surface":"asphalt","lanes":null,"maxspeed":null},"geometry":{"type":"LineString","coordinates":[[18.4332615,-33.9211046],[18.4333243,-33.921049],[18.4333909,-33.9209923]]}},{"type":"Feature","properties":{"highway":"service","name":null,"oneway":"no","surface":"asphalt","lanes":"1","maxspeed":null},"geometry":{"type":"LineString","coordinates":[[18.4330657,-33.9207363],[18.4330569,-33.9207442],[18.432992,-33.9208055]]}},{"type":"Feature","properties":{"highway":"footway","name":null,"oneway":null,"surface":"asphalt","lanes":null,"maxspeed":null},"geometry":{"type":"LineString","coordinates":[[18.4330632,-33.9218755],[18.4330383,-33.9218227],[18.4329878,-33.9217875],[18.4328049,-33.92166],[18.432734,-33.9216068]]}},{"type":"Feature","properties":{"highway":"footway","name":null,"oneway":null,"surface":"asphalt","lanes":null,"maxspeed":null},"geometry":{"type":"LineString","coordinates":[[18.4325661,-33.9217697],[18.4325736,-33.9217758],[18.4326355,-33.9218202],[18.4328206,-33.9219536],[18.4328788,-33.9219977]]}},{"type":"Feature","properties":{"highway":"service","name":null,"oneway":"no","surface":"paved","lanes":null,"maxspeed":null},"geometry":{"type":"LineString","coordinates":[[18.4327773,-33.9193778],[18.4328318,-33.9193835],[18.4328658,-33.9193536],[18.4328702,-33.9193048],[18.4330693,-33.9191182],[18.4333403,-33.9193105]]}},{"type":"Feature","properties":{"highway":"footway","name":null,"oneway":null,"surface":"asphalt","lanes":null,"maxspeed":null},"geometry":{"type":"LineString","coordinates":[[18.4323487,-33.922488],[18.4323016,-33.9224505],[18.4322117,-33.9223896],[18.4321952,-33.9223787],[18.4321391,-33.9222994],[18.4320766,-33.9222106]]}},{"type":"Feature","properties":{"highway":"service","name":null,"oneway":"no","surface":null,"lanes":"1","maxspeed":null},"geometry":{"type":"LineString","coordinates":[[18.4321383,-33.920429],[18.4320217,-33.9205418],[18.4319852,-33.920556],[18.4319373,-33.9205569],[18.4318855,-33.9205339]]}},{"type":"Feature","properties":{"highway":"footway","name":null,"oneway":null,"surface":"paved","lanes":null,"maxspeed":null},"geometry":{"type":"LineString","coordinates":[[18.4314146,-33.92073],[18.431419,-33.9207498],[18.431565,-33.9208551],[18.4319061,-33.9211008],[18.4319542,-33.9211354],[18.4326758,-33.9216456]]}},{"type":"Feature","properties":{"highway":"service","name":null,"oneway":"no","surface":"asphalt","lanes":"2","maxspeed":null},"geometry":{"type":"LineString","coordinates":[[18.4327126,-33.9190022],[18.4327756,-33.918939],[18.4328386,-33.9188758],[18.4329222,-33.9187919],[18.4336581,-33.9192969]]}},{"type":"Feature","properties":{"highway":"footway","name":null,"oneway":null,"surface":"asphalt","lanes":null,"maxspeed":null},"geometry":{"type":"LineString","coordinates":[[18.4340603,-33.9203267],[18.4340221,-33.9203128],[18.4339555,-33.9202664],[18.4339402,-33.9202291],[18.4329518,-33.9195214],[18.4329126,-33.9195071],[18.4328105,-33.9194336],[18.4327637,-33.9194233],[18.4326969,-33.9194142],[18.4326405,-33.9194172],[18.4325855,-33.9194327],[18.4324804,-33.9194873]]}},{"type":"Feature","properties":{"highway":"service","name":null,"oneway":null,"surface":null,"lanes":null,"maxspeed":null},"geometry":{"type":"LineString","coordinates":[[18.4319567,-33.9206386],[18.4321316,-33.9204709],[18.4321389,-33.9204639],[18.4322083,-33.9205138],[18.4323438,-33.9206111],[18.4323989,-33.9206506],[18.4322166,-33.9208253],[18.4322034,-33.9208158],[18.4319567,-33.9206386]]}},{"type":"Feature","properties":{"highway":"footway","name":null,"oneway":null,"surface":"paved","lanes":null,"maxspeed":null},"geometry":{"type":"LineString","coordinates":[[18.4333909,-33.9209923],[18.4331292,-33.9207966],[18.4330569,-33.9207442],[18.4328952,-33.9206266],[18.432779,-33.9205428],[18.4324093,-33.9202863],[18.4322801,-33.9201812],[18.4321189,-33.92007]]}},{"type":"Feature","properties":{"highway":"service","name":null,"oneway":"yes","surface":"concrete","lanes":"2","maxspeed":null},"geometry":{"type":"LineString","coordinates":[[18.4324415,-33.921699],[18.4324795,-33.9216871],[18.432565,-33.9216599]]}},{"type":"Feature","properties":{"highway":"service","name":null,"oneway":"yes","surface":"concrete","lanes":"2","maxspeed":null},"geometry":{"type":"LineString","coordinates":[[18.4323815,-33.9219154],[18.4323049,-33.9218592],[18.4322927,-33.9218283],[18.4323019,-33.9218038],[18.4323975,-33.9217125],[18.4324415,-33.921699]]}},{"type":"Feature","properties":{"highway":"service","name":null,"oneway":"no","surface":"asphalt","lanes":"1","maxspeed":null},"geometry":{"type":"LineString","coordinates":[[18.431637,-33.9209891],[18.4315737,-33.9210493],[18.4315652,-33.9210608]]}},{"type":"Feature","properties":{"highway":"service","name":null,"oneway":"no","surface":"asphalt","lanes":"2","maxspeed":null},"geometry":{"type":"LineString","coordinates":[[18.432255,-33.9214384],[18.4321912,-33.9214984],[18.4321805,-33.9215082]]}},{"type":"Feature","properties":{"highway":"service","name":null,"oneway":"no","surface":"asphalt","lanes":"1","maxspeed":null},"geometry":{"type":"LineString","coordinates":[[18.4317581,-33.9210765],[18.4316948,-33.9211374],[18.4316854,-33.9211485]]}},{"type":"Feature","properties":{"highway":"service","name":null,"oneway":"yes","surface":"concrete","lanes":"2","maxspeed":null},"geometry":{"type":"LineString","coordinates":[[18.432467,-33.9219823],[18.4323994,-33.9219308],[18.4323815,-33.9219154]]}},{"type":"Feature","properties":{"highway":"service","name":null,"oneway":"yes","surface":"asphalt","lanes":"1","maxspeed":null},"geometry":{"type":"LineString","coordinates":[[18.4332206,-33.9187031],[18.4329736,-33.9185562],[18.4328945,-33.9185018],[18.4328714,-33.918486],[18.4328138,-33.9184403],[18.4328015,-33.9184195],[18.4327957,-33.918404],[18.4327921,-33.9183817],[18.4327942,-33.9183628],[18.4327995,-33.9183422],[18.4328108,-33.9183228],[18.4329077,-33.9182466]]}},{"type":"Feature","properties":{"highway":"service","name":null,"oneway":"yes","surface":"asphalt","lanes":"1","maxspeed":null},"geometry":{"type":"LineString","coordinates":[[18.4347051,-33.9195611],[18.4346182,-33.9196339],[18.4345879,-33.9196432],[18.4345522,-33.9196441],[18.4345262,-33.9196405],[18.4344963,-33.9196304],[18.4341759,-33.9194614],[18.4340614,-33.9193564],[18.4338348,-33.9190873],[18.4337939,-33.9190486],[18.4337134,-33.9190026],[18.4335511,-33.9189043],[18.4332206,-33.9187031]]}},{"type":"Feature","properties":{"highway":"service","name":null,"oneway":"yes","surface":"asphalt","lanes":"1","maxspeed":null},"geometry":{"type":"LineString","coordinates":[[18.4329077,-33.9182466],[18.4329652,-33.9182054],[18.4329955,-33.9181919],[18.4330208,-33.9181886],[18.4330375,-33.918189],[18.4330556,-33.9181928],[18.4347635,-33.9191538],[18.4347936,-33.9191926],[18.4348306,-33.9193034],[18.4348449,-33.919425],[18.4348373,-33.9194486],[18.4348253,-33.9194687],[18.4347938,-33.9194996],[18.4347051,-33.9195611]]}},{"type":"Feature","properties":{"highway":"service","name":null,"oneway":"yes","surface":"asphalt","lanes":"1","maxspeed":null},"geometry":{"type":"LineString","coordinates":[[18.4329077,-33.9182466],[18.4329544,-33.9182878],[18.4329857,-33.9183244],[18.4330433,-33.9184063],[18.4330972,-33.918464],[18.4332273,-33.9185683],[18.4335989,-33.91882],[18.4338851,-33.9190126],[18.434093,-33.9191537]]}},{"type":"Feature","properties":{"highway":"service","name":null,"oneway":"no","surface":"gravel","lanes":"2","maxspeed":null},"geometry":{"type":"LineString","coordinates":[[18.4328411,-33.9180793],[18.4316913,-33.9173711],[18.4316788,-33.9173621],[18.4316067,-33.9173214]]}},{"type":"Feature","properties":{"highway":"service","name":null,"oneway":"no","surface":"gravel","lanes":"2","maxspeed":null},"geometry":{"type":"LineString","coordinates":[[18.4326618,-33.9182855],[18.431514,-33.9175476],[18.4314903,-33.9175322],[18.4314333,-33.9174945]]}},{"type":"Feature","properties":{"highway":"service","name":null,"oneway":"no","surface":"gravel","lanes":"2","maxspeed":null},"geometry":{"type":"LineString","coordinates":[[18.4327672,-33.9181693],[18.4316199,-33.9174416],[18.4315981,-33.9174263],[18.4315403,-33.9173896]]}},{"type":"Feature","properties":{"highway":"secondary","name":"F.W. de Klerk Boulevard","oneway":"yes","surface":"asphalt","lanes":"4","maxspeed":"60"},"geometry":{"type":"LineString","coordinates":[[18.4339565,-33.9185216],[18.4349431,-33.9190358]]}},{"type":"Feature","properties":{"highway":"secondary","name":"F.W. de Klerk Boulevard","oneway":"yes","surface":"asphalt","lanes":"3","maxspeed":"60"},"geometry":{"type":"LineString","coordinates":[[18.4316432,-33.9172188],[18.4317575,-33.9172898],[18.4325729,-33.9177749],[18.4339565,-33.9185216]]}},{"type":"Feature","properties":{"highway":"secondary","name":"F.W. de Klerk Boulevard","oneway":"yes","surface":"asphalt","lanes":"3","maxspeed":"60"},"geometry":{"type":"LineString","coordinates":[[18.4307309,-33.9166426],[18.4314454,-33.9170949],[18.4316432,-33.9172188]]}},{"type":"Feature","properties":{"highway":"footway","name":null,"oneway":null,"surface":"paved","lanes":null,"maxspeed":null},"geometry":{"type":"LineString","coordinates":[[18.4295674,-33.9189053],[18.430039,-33.9184764]]}},{"type":"Feature","properties":{"highway":"footway","name":null,"oneway":null,"surface":"asphalt","lanes":null,"maxspeed":null},"geometry":{"type":"LineString","coordinates":[[18.430039,-33.9184764],[18.4301045,-33.918414],[18.4301697,-33.9183577]]}},{"type":"Feature","properties":{"highway":"footway","name":null,"oneway":null,"surface":"asphalt","lanes":null,"maxspeed":null},"geometry":{"type":"LineString","coordinates":[[18.431405,-33.9171392],[18.4314454,-33.9170949],[18.4314854,-33.9170513]]}},{"type":"Feature","properties":{"highway":"footway","name":null,"oneway":null,"surface":"asphalt","lanes":null,"maxspeed":null},"geometry":{"type":"LineString","coordinates":[[18.4294447,-33.9190425],[18.4294734,-33.918995],[18.4295674,-33.9189053]]}},{"type":"Feature","properties":{"highway":"footway","name":null,"oneway":null,"surface":"asphalt","lanes":null,"maxspeed":null},"geometry":{"type":"LineString","coordinates":[[18.4310237,-33.9175385],[18.4310606,-33.9175034],[18.4310314,-33.9174823],[18.4310725,-33.9174422],[18.4310987,-33.9174167]]}},{"type":"Feature","properties":{"highway":"footway","name":null,"oneway":null,"surface":"asphalt","lanes":null,"maxspeed":null},"geometry":{"type":"LineString","coordinates":[[18.4310987,-33.9174167],[18.4311231,-33.9174346],[18.4312704,-33.9172802],[18.431405,-33.9171392]]}},{"type":"Feature","properties":{"highway":"service","name":"Martin Hammerschlag Way","oneway":"yes","surface":"asphalt","lanes":"1","maxspeed":null},"geometry":{"type":"LineString","coordinates":[[18.433984,-33.9229959],[18.4340088,-33.9228911],[18.4340735,-33.9228219]]}},{"type":"Feature","properties":{"highway":"service","name":"Martin Hammerschlag Way","oneway":"no","surface":"asphalt","lanes":"2","maxspeed":null},"geometry":{"type":"LineString","coordinates":[[18.4340735,-33.9228219],[18.4341519,-33.9227581],[18.4341788,-33.9227362],[18.4356183,-33.921566]]}},{"type":"Feature","properties":{"highway":"service","name":"Martin Hammerschlag Way","oneway":"yes","surface":"asphalt","lanes":"1","maxspeed":null},"geometry":{"type":"LineString","coordinates":[[18.4340735,-33.9228219],[18.4340534,-33.9229125],[18.433984,-33.9229959]]}},{"type":"Feature","properties":{"highway":"footway","name":null,"oneway":null,"surface":"asphalt","lanes":null,"maxspeed":null},"geometry":{"type":"LineString","coordinates":[[18.4333114,-33.9235067],[18.433292,-33.9234984],[18.4332791,-33.9234876],[18.4331701,-33.9232381],[18.4331576,-33.9231191],[18.433046,-33.9227921],[18.4329419,-33.9224872],[18.4329094,-33.9224259],[18.4328706,-33.9223263],[18.4327829,-33.9220683]]}},{"type":"Feature","properties":{"highway":"service","name":null,"oneway":null,"surface":"asphalt","lanes":null,"maxspeed":null},"geometry":{"type":"LineString","coordinates":[[18.4332833,-33.923473],[18.4331821,-33.9232332],[18.4332029,-33.9232287],[18.4331927,-33.9232015],[18.433611,-33.9228258],[18.4337866,-33.922668],[18.4338024,-33.92268],[18.4338271,-33.9226565],[18.4338466,-33.9226319],[18.4338859,-33.9226586],[18.4339278,-33.922689],[18.4340528,-33.9227766],[18.4340583,-33.9228034],[18.4339736,-33.9228792],[18.4339447,-33.9229869],[18.4333696,-33.9234888],[18.4333567,-33.9234781],[18.4333436,-33.9234828],[18.4333357,-33.9235004],[18.4333109,-33.9234928],[18.433319,-33.9234745],[18.43331,-33.9234673],[18.4332833,-33.923473]]}},{"type":"Feature","properties":{"highway":"service","name":null,"oneway":"no","surface":"asphalt","lanes":"2","maxspeed":null},"geometry":{"type":"LineString","coordinates":[[18.432935,-33.9224346],[18.4329094,-33.9224259],[18.4328613,-33.9224291]]}},{"type":"Feature","properties":{"highway":"service","name":null,"oneway":"no","surface":"asphalt","lanes":"1","maxspeed":null},"geometry":{"type":"LineString","coordinates":[[18.4339808,-33.9226372],[18.4339328,-33.9226841],[18.4339278,-33.922689],[18.4338819,-33.9227338]]}},{"type":"Feature","properties":{"highway":"footway","name":null,"oneway":null,"surface":"asphalt","lanes":null,"maxspeed":null},"geometry":{"type":"LineString","coordinates":[[18.4339381,-33.9226064],[18.4338903,-33.9226543],[18.4338859,-33.9226586],[18.4338396,-33.9227051]]}},{"type":"Feature","properties":{"highway":"service","name":null,"oneway":"no","surface":"asphalt","lanes":"1","maxspeed":null},"geometry":{"type":"LineString","coordinates":[[18.4330522,-33.9227904],[18.433046,-33.9227921],[18.4330394,-33.9227938],[18.4329972,-33.9228037]]}},{"type":"Feature","properties":{"highway":"footway","name":null,"oneway":null,"surface":"asphalt","lanes":null,"maxspeed":null},"geometry":{"type":"LineString","coordinates":[[18.4328788,-33.9219977],[18.4329248,-33.9219984],[18.4329696,-33.921958],[18.4330331,-33.9219015],[18.4330632,-33.9218755]]}},{"type":"Feature","properties":{"highway":"footway","name":null,"oneway":null,"surface":"asphalt","lanes":null,"maxspeed":null},"geometry":{"type":"LineString","coordinates":[[18.4329248,-33.9219984],[18.4338505,-33.9226264],[18.4338903,-33.9226543],[18.4339328,-33.9226841],[18.4340595,-33.9227728],[18.4340641,-33.9228038]]}},{"type":"Feature","properties":{"highway":"service","name":null,"oneway":null,"surface":"asphalt","lanes":null,"maxspeed":null},"geometry":{"type":"LineString","coordinates":[[18.4340641,-33.9228038],[18.4339912,-33.9228815],[18.4339643,-33.9229894],[18.4333779,-33.9234918],[18.4333667,-33.9235008],[18.4333538,-33.9235085],[18.4333301,-33.9235109],[18.4333114,-33.9235067]]}},{"type":"Feature","properties":{"highway":"footway","name":null,"oneway":null,"surface":"asphalt","lanes":null,"maxspeed":null},"geometry":{"type":"LineString","coordinates":[[18.4320766,-33.9222106],[18.4319591,-33.9223252],[18.4318991,-33.9223899],[18.4318401,-33.9224486],[18.4317896,-33.9224977],[18.4317051,-33.9225817]]}},{"type":"Feature","properties":{"highway":"service","name":"Old Marine Drive","oneway":"no","surface":"asphalt","lanes":"2","maxspeed":"80"},"geometry":{"type":"LineString","coordinates":[[18.432908,-33.9249743],[18.433516,-33.9250389],[18.4336891,-33.925048]]}},{"type":"Feature","properties":{"highway":"service","name":"Old Marine Drive","oneway":"yes","surface":"asphalt","lanes":"1","maxspeed":null},"geometry":{"type":"LineString","coordinates":[[18.4320235,-33.9246551],[18.4325726,-33.9248108],[18.4326821,-33.9248357],[18.4327489,-33.9248685],[18.432908,-33.9249743]]}},{"type":"Feature","properties":{"highway":"service","name":"Old Marine Drive","oneway":"yes","surface":"asphalt","lanes":"1","maxspeed":null},"geometry":{"type":"LineString","coordinates":[[18.432908,-33.9249743],[18.4327867,-33.9249832],[18.4327511,-33.9249823],[18.4327039,-33.9249704],[18.432586,-33.9249284],[18.4325006,-33.9248866],[18.4320235,-33.9246551]]}},{"type":"Feature","properties":{"highway":"service","name":null,"oneway":"no","surface":"asphalt","lanes":"2","maxspeed":null},"geometry":{"type":"LineString","coordinates":[[18.4326395,-33.9247555],[18.4326821,-33.9248357]]}},{"type":"Feature","properties":{"highway":"service","name":null,"oneway":"yes","surface":"asphalt","lanes":"1","maxspeed":null},"geometry":{"type":"LineString","coordinates":[[18.4310735,-33.9239104],[18.4313747,-33.9241748]]}},{"type":"Feature","properties":{"highway":"service","name":null,"oneway":"no","surface":"asphalt","lanes":"1","maxspeed":null},"geometry":{"type":"LineString","coordinates":[[18.4325006,-33.9248866],[18.4325726,-33.9248108]]}},{"type":"Feature","properties":{"highway":"service","name":null,"oneway":"no","surface":"asphalt","lanes":"2","maxspeed":null},"geometry":{"type":"LineString","coordinates":[[18.4310735,-33.9239104],[18.4311514,-33.9238312]]}},{"type":"Feature","properties":{"highway":"service","name":null,"oneway":"no","surface":"asphalt","lanes":"2","maxspeed":null},"geometry":{"type":"LineString","coordinates":[[18.4315353,-33.9242927],[18.4313747,-33.9241748]]}},{"type":"Feature","properties":{"highway":"service","name":null,"oneway":"no","surface":"asphalt","lanes":"2","maxspeed":null},"geometry":{"type":"LineString","coordinates":[[18.4325726,-33.9248108],[18.4326395,-33.9247555]]}},{"type":"Feature","properties":{"highway":"service","name":null,"oneway":"no","surface":"asphalt","lanes":"2","maxspeed":null},"geometry":{"type":"LineString","coordinates":[[18.4326395,-33.9247555],[18.4328041,-33.924701],[18.432941,-33.9246556]]}},{"type":"Feature","properties":{"highway":"path","name":null,"oneway":null,"surface":"paved","lanes":null,"maxspeed":null},"geometry":{"type":"LineString","coordinates":[[18.4316305,-33.9241721],[18.4316439,-33.9240547],[18.4311916,-33.9237214]]}},{"type":"Feature","properties":{"highway":"service","name":null,"oneway":"no","surface":"asphalt","lanes":"1","maxspeed":null},"geometry":{"type":"LineString","coordinates":[[18.4321085,-33.9250412],[18.4322953,-33.9251057],[18.4323436,-33.9251057],[18.4323711,-33.9250896],[18.4323824,-33.9250716],[18.4324074,-33.9250253],[18.4324287,-33.9249894],[18.4324468,-33.9249519],[18.4325006,-33.9248866]]}},{"type":"Feature","properties":{"highway":"footway","name":null,"oneway":null,"surface":"ground","lanes":null,"maxspeed":null},"geometry":{"type":"LineString","coordinates":[[18.4316928,-33.9232267],[18.4316726,-33.9231494]]}},{"type":"Feature","properties":{"highway":"footway","name":null,"oneway":null,"surface":"asphalt","lanes":null,"maxspeed":null},"geometry":{"type":"LineString","coordinates":[[18.4317144,-33.9233099],[18.4316928,-33.9232267]]}},{"type":"Feature","properties":{"highway":"service","name":null,"oneway":null,"surface":"asphalt","lanes":null,"maxspeed":null},"geometry":{"type":"LineString","coordinates":[[18.4317587,-33.9239079],[18.4317732,-33.9239311],[18.431711,-33.923958],[18.4317036,-33.9239641],[18.4316215,-33.9239052],[18.4315395,-33.9238463],[18.4314521,-33.9237861],[18.4313678,-33.9237256],[18.4312456,-33.9236489],[18.4313639,-33.9235382],[18.4315007,-33.9234163],[18.4315145,-33.9234262],[18.431551,-33.9233914],[18.4315365,-33.923381],[18.4316312,-33.9232988],[18.4316676,-33.9233299],[18.4316714,-33.9233817],[18.431709,-33.9234399],[18.4316643,-33.9234591],[18.4316763,-33.9234783],[18.4316189,-33.9235029],[18.4315838,-33.9235179],[18.4315292,-33.9235413],[18.4315447,-33.9235662],[18.4313731,-33.9236402],[18.4314141,-33.9237057],[18.4315267,-33.9236571],[18.4316875,-33.9239137],[18.4317587,-33.9239079]]}},{"type":"Feature","properties":{"highway":"service","name":null,"oneway":"no","surface":"concrete","lanes":"1","maxspeed":null},"geometry":{"type":"LineString","coordinates":[[18.4313472,-33.9236914],[18.4315359,-33.9236108],[18.4317116,-33.923894],[18.4317419,-33.9238811]]}},{"type":"Feature","properties":{"highway":"secondary","name":"Christiaan Barnard Street","oneway":"yes","surface":"asphalt","lanes":"3","maxspeed":"60"},"geometry":{"type":"LineString","coordinates":[[18.4310549,-33.9234789],[18.4314153,-33.9231271]]}},{"type":"Feature","properties":{"highway":"pedestrian","name":null,"oneway":null,"surface":"asphalt","lanes":null,"maxspeed":null},"geometry":{"type":"LineString","coordinates":[[18.4318766,-33.9229389],[18.4319957,-33.9228214],[18.4320069,-33.9228174],[18.4320224,-33.9228195],[18.4320279,-33.9228267],[18.4320975,-33.9229182],[18.4320954,-33.9229291],[18.432082,-33.9229326],[18.432044,-33.9229295],[18.4319984,-33.9229295],[18.4319544,-33.9229317],[18.4319123,-33.9229362],[18.4318825,-33.9229424],[18.4318766,-33.9229389]]}},{"type":"Feature","properties":{"highway":"busway","name":null,"oneway":"yes","surface":"paved","lanes":"1","maxspeed":null},"geometry":{"type":"LineString","coordinates":[[18.43199,-33.9224611],[18.4321365,-33.9226029]]}},{"type":"Feature","properties":{"highway":"footway","name":null,"oneway":null,"surface":"paved","lanes":null,"maxspeed":null},"geometry":{"type":"LineString","coordinates":[[18.4322052,-33.9226225],[18.4322232,-33.9226053]]}},{"type":"Feature","properties":{"highway":"busway","name":null,"oneway":"yes","surface":"paved","lanes":"1","maxspeed":null},"geometry":{"type":"LineString","coordinates":[[18.4321365,-33.9226029],[18.4319378,-33.9225183]]}},{"type":"Feature","properties":{"highway":"footway","name":null,"oneway":null,"surface":"paving_stones","lanes":null,"maxspeed":null},"geometry":{"type":"LineString","coordinates":[[18.4321229,-33.922701],[18.43216,-33.9226656]]}},{"type":"Feature","properties":{"highway":"footway","name":null,"oneway":null,"surface":"paved","lanes":null,"maxspeed":null},"geometry":{"type":"LineString","coordinates":[[18.4319123,-33.9229362],[18.4320279,-33.9228267]]}},{"type":"Feature","properties":{"highway":"footway","name":null,"oneway":null,"surface":"asphalt","lanes":null,"maxspeed":null},"geometry":{"type":"LineString","coordinates":[[18.43216,-33.9226656],[18.432184,-33.9226427],[18.4322052,-33.9226225]]}},{"type":"Feature","properties":{"highway":"footway","name":null,"oneway":null,"surface":"asphalt","lanes":null,"maxspeed":null},"geometry":{"type":"LineString","coordinates":[[18.4320279,-33.9228267],[18.4320715,-33.92275],[18.4321229,-33.922701]]}},{"type":"Feature","properties":{"highway":"footway","name":null,"oneway":null,"surface":"asphalt","lanes":null,"maxspeed":null},"geometry":{"type":"LineString","coordinates":[[18.4322232,-33.9226053],[18.4322519,-33.9225785],[18.4323487,-33.922488]]}},{"type":"Feature","properties":{"highway":"pedestrian","name":null,"oneway":null,"surface":"paved","lanes":null,"maxspeed":null},"geometry":{"type":"LineString","coordinates":[[18.4271137,-33.9254547],[18.4271384,-33.9254726],[18.4271625,-33.92549],[18.4272271,-33.9255368],[18.4272118,-33.9255513],[18.4271969,-33.9255655],[18.4271323,-33.9255187],[18.4271082,-33.9255012],[18.4270835,-33.9254834],[18.4270939,-33.9254735],[18.4270992,-33.9254685],[18.4271039,-33.925464],[18.4271137,-33.9254547]]}},{"type":"Feature","properties":{"highway":"footway","name":null,"oneway":null,"surface":"cobblestone:flattened","lanes":null,"maxspeed":null},"geometry":{"type":"LineString","coordinates":[[18.427762,-33.9259555],[18.4277175,-33.9258973],[18.4277041,-33.9258799],[18.4276603,-33.9258226]]}},{"type":"Feature","properties":{"highway":"footway","name":null,"oneway":null,"surface":"cobblestone:flattened","lanes":null,"maxspeed":null},"geometry":{"type":"LineString","coordinates":[[18.4270992,-33.9254685],[18.4270636,-33.925444],[18.4269358,-33.925356],[18.4268849,-33.9253211],[18.4268247,-33.9252825],[18.426802,-33.9252754],[18.4267535,-33.9252604],[18.4266776,-33.9252567],[18.4266037,-33.9252718],[18.4263373,-33.9253597]]}},{"type":"Feature","properties":{"highway":"footway","name":null,"oneway":null,"surface":"cobblestone:flattened","lanes":null,"maxspeed":null},"geometry":{"type":"LineString","coordinates":[[18.4272118,-33.9255513],[18.4271476,-33.9255041],[18.4270992,-33.9254685]]}},{"type":"Feature","properties":{"highway":"steps","name":null,"oneway":null,"surface":"paved","lanes":null,"maxspeed":null},"geometry":{"type":"LineString","coordinates":[[18.4269262,-33.9259677],[18.4269503,-33.9259988]]}},{"type":"Feature","properties":{"highway":"steps","name":null,"oneway":null,"surface":"paved","lanes":null,"maxspeed":null},"geometry":{"type":"LineString","coordinates":[[18.4268913,-33.9257174],[18.426862,-33.9257448]]}},{"type":"Feature","properties":{"highway":"pedestrian","name":null,"oneway":null,"surface":"paving_stones","lanes":null,"maxspeed":null},"geometry":{"type":"LineString","coordinates":[[18.4283112,-33.9254353],[18.4280142,-33.9253345],[18.4279444,-33.9253109],[18.4276887,-33.9252235],[18.4275025,-33.9251605],[18.4274116,-33.9252483],[18.4271679,-33.9254849],[18.4271625,-33.92549],[18.4271476,-33.9255041],[18.4271323,-33.9255187],[18.427127,-33.9255238],[18.4268773,-33.9257559],[18.4268326,-33.9258213],[18.4269648,-33.9259914],[18.4269503,-33.9259988],[18.4269412,-33.9260035],[18.4269036,-33.925953],[18.4268479,-33.9258818],[18.426821,-33.9258836],[18.4268002,-33.9258566],[18.4267503,-33.9258846],[18.4266299,-33.9258036],[18.426716,-33.9257602],[18.4268007,-33.9258191],[18.4268285,-33.9257916],[18.4268138,-33.9257814],[18.4268328,-33.9257633],[18.4268461,-33.925773],[18.4268698,-33.9257504],[18.426862,-33.9257448],[18.4268533,-33.9257384],[18.4268828,-33.9257105],[18.4268998,-33.9256945],[18.4271028,-33.9255062],[18.4271082,-33.9255012],[18.4271157,-33.9254944],[18.4271207,-33.9254942],[18.4271311,-33.9254849],[18.4271309,-33.9254797],[18.4271384,-33.9254726],[18.4271439,-33.9254675],[18.4273686,-33.9252522],[18.4273818,-33.9252398],[18.4273684,-33.9252304],[18.4273762,-33.925223],[18.4274134,-33.9251879],[18.4274169,-33.9251847],[18.4274201,-33.9251816],[18.4274395,-33.9251633],[18.4273857,-33.925124],[18.4274426,-33.9250082],[18.4274505,-33.9250069],[18.4274569,-33.9250059],[18.4275611,-33.9250783],[18.4275294,-33.9251415],[18.427639,-33.9251792],[18.4276624,-33.9251873],[18.4283212,-33.9254139],[18.4283162,-33.9254246],[18.4283112,-33.9254353]]}},{"type":"Feature","properties":{"highway":"steps","name":null,"oneway":null,"surface":"paved","lanes":null,"maxspeed":null},"geometry":{"type":"LineString","coordinates":[[18.427307,-33.9264484],[18.4272726,-33.9264027]]}},{"type":"Feature","properties":{"highway":"pedestrian","name":null,"oneway":null,"surface":"paving_stones","lanes":null,"maxspeed":null},"geometry":{"type":"LineString","coordinates":[[18.427573,-33.9265208],[18.4275459,-33.9265259],[18.4274082,-33.9265527],[18.4273785,-33.9265155],[18.4272928,-33.9263917],[18.4272843,-33.9263967],[18.4272726,-33.9264027],[18.4272602,-33.9264091],[18.4272899,-33.9264489],[18.4273334,-33.9265081],[18.4273203,-33.9265357],[18.4273427,-33.926564],[18.4273336,-33.9265683],[18.4273588,-33.9266763],[18.4274187,-33.9266431],[18.4274076,-33.9266004],[18.4274461,-33.9265915],[18.4274582,-33.9265652],[18.4275425,-33.9265478],[18.4275787,-33.9265408],[18.4275758,-33.9265306],[18.427573,-33.9265208]]}},{"type":"Feature","properties":{"highway":"pedestrian","name":"Nassau Bastion","oneway":null,"surface":"cobblestone:flattened","lanes":null,"maxspeed":null},"geometry":{"type":"LineString","coordinates":[[18.4284418,-33.9262239],[18.4284399,-33.9262582],[18.4285759,-33.9262648],[18.4286463,-33.9264834],[18.428638,-33.926497],[18.4286503,-33.926503],[18.4286589,-33.9265124],[18.4286625,-33.9265239],[18.4286606,-33.9265356],[18.4286533,-33.9265458],[18.4286419,-33.926553],[18.4286281,-33.926556],[18.428614,-33.9265543],[18.4286016,-33.9265483],[18.428593,-33.9265389],[18.4285763,-33.9265464],[18.4283091,-33.9265241],[18.4282804,-33.926417],[18.4282381,-33.9264253],[18.4282376,-33.9264143],[18.4283137,-33.926399],[18.4283364,-33.926399],[18.4283781,-33.9263997],[18.4283892,-33.9264531],[18.428535,-33.9264582],[18.428517,-33.9264022],[18.4284994,-33.9263477],[18.4284316,-33.9263475],[18.4284311,-33.9263144],[18.4284126,-33.9262933],[18.4284195,-33.9262226],[18.4284418,-33.9262239]]}},{"type":"Feature","properties":{"highway":"pedestrian","name":null,"oneway":null,"surface":"paving_stones","lanes":null,"maxspeed":null},"geometry":{"type":"LineString","coordinates":[[18.4283998,-33.9261793],[18.4283872,-33.9263167],[18.4283319,-33.9263707],[18.4282193,-33.9263945],[18.4282224,-33.9264056],[18.4282256,-33.9264166],[18.4282376,-33.9264143],[18.4283137,-33.926399],[18.4283364,-33.926399],[18.4283781,-33.9263997],[18.428517,-33.9264022],[18.4284994,-33.9263477],[18.4284316,-33.9263475],[18.4284311,-33.9263144],[18.4284126,-33.9262933],[18.4284195,-33.9262226],[18.4284232,-33.9261808],[18.4284092,-33.9261799],[18.4283998,-33.9261793]]}},{"type":"Feature","properties":{"highway":"steps","name":null,"oneway":null,"surface":"paved","lanes":null,"maxspeed":null},"geometry":{"type":"LineString","coordinates":[[18.4275149,-33.9265422],[18.4275758,-33.9265306]]}},{"type":"Feature","properties":{"highway":"steps","name":null,"oneway":null,"surface":"paved","lanes":null,"maxspeed":null},"geometry":{"type":"LineString","coordinates":[[18.4284758,-33.9255381],[18.4284736,-33.9255715]]}},{"type":"Feature","properties":{"highway":"steps","name":null,"oneway":null,"surface":"paved","lanes":null,"maxspeed":null},"geometry":{"type":"LineString","coordinates":[[18.4284062,-33.9262146],[18.4284092,-33.9261799]]}},{"type":"Feature","properties":{"highway":"steps","name":null,"oneway":null,"surface":"paved","lanes":null,"maxspeed":null},"geometry":{"type":"LineString","coordinates":[[18.4282691,-33.9263961],[18.4282224,-33.9264056]]}},{"type":"Feature","properties":{"highway":"pedestrian","name":null,"oneway":null,"surface":"paved","lanes":null,"maxspeed":null},"geometry":{"type":"LineString","coordinates":[[18.4275398,-33.9258287],[18.4275431,-33.9258334],[18.4275447,-33.9258387],[18.4275444,-33.9258413],[18.4275442,-33.9258441],[18.4275419,-33.9258492],[18.4275378,-33.9258535],[18.4275558,-33.9258772],[18.4275566,-33.9258768],[18.427559,-33.9258755],[18.4275713,-33.9258691],[18.4275737,-33.9258679],[18.4275895,-33.9258596],[18.4276056,-33.9258512],[18.4276081,-33.9258499],[18.4276205,-33.9258434],[18.4276229,-33.9258421],[18.4276239,-33.9258416],[18.4276059,-33.925818],[18.4275996,-33.925819],[18.4275931,-33.9258186],[18.42759,-33.9258176],[18.427587,-33.9258166],[18.4275819,-33.9258132],[18.4275783,-33.9258086],[18.4275631,-33.9258117],[18.4275497,-33.9258186],[18.4275398,-33.9258287]]}},{"type":"Feature","properties":{"highway":"footway","name":null,"oneway":null,"surface":"cobblestone:flattened","lanes":null,"maxspeed":null},"geometry":{"type":"LineString","coordinates":[[18.4273032,-33.9262275],[18.4274176,-33.9261694],[18.4277834,-33.9259835],[18.4278861,-33.925931],[18.4283381,-33.9257137],[18.4283019,-33.9259292],[18.4282729,-33.926298],[18.4274606,-33.9264654]]}},{"type":"Feature","properties":{"highway":"footway","name":null,"oneway":null,"surface":"cobblestone:flattened","lanes":null,"maxspeed":null},"geometry":{"type":"LineString","coordinates":[[18.4270972,-33.9259498],[18.4270758,-33.9259607]]}},{"type":"Feature","properties":{"highway":"footway","name":null,"oneway":null,"surface":"cobblestone:flattened","lanes":null,"maxspeed":null},"geometry":{"type":"LineString","coordinates":[[18.427597,-33.9257938],[18.4275959,-33.9257385]]}},{"type":"Feature","properties":{"highway":"footway","name":null,"oneway":null,"surface":"cobblestone:flattened","lanes":null,"maxspeed":null},"geometry":{"type":"LineString","coordinates":[[18.4274725,-33.9258075],[18.4275959,-33.9257385]]}},{"type":"Feature","properties":{"highway":"footway","name":null,"oneway":null,"surface":"paved","lanes":null,"maxspeed":null},"geometry":{"type":"LineString","coordinates":[[18.4272148,-33.9260331],[18.4272266,-33.9260494]]}},{"type":"Feature","properties":{"highway":"footway","name":null,"oneway":null,"surface":"cobblestone:flattened","lanes":null,"maxspeed":null},"geometry":{"type":"LineString","coordinates":[[18.4277834,-33.9259835],[18.427762,-33.9259555]]}},{"type":"Feature","properties":{"highway":"footway","name":null,"oneway":null,"surface":"cobblestone:flattened","lanes":null,"maxspeed":null},"geometry":{"type":"LineString","coordinates":[[18.4275959,-33.9257385],[18.4273953,-33.9256791]]}},{"type":"Feature","properties":{"highway":"footway","name":null,"oneway":null,"surface":"cobblestone:flattened","lanes":null,"maxspeed":null},"geometry":{"type":"LineString","coordinates":[[18.4271579,-33.9260313],[18.4271981,-33.9260107]]}},{"type":"Feature","properties":{"highway":"footway","name":null,"oneway":null,"surface":"cobblestone:flattened","lanes":null,"maxspeed":null},"geometry":{"type":"LineString","coordinates":[[18.4272299,-33.926128],[18.4272429,-33.9261455]]}},{"type":"Feature","properties":{"highway":"steps","name":null,"oneway":null,"surface":"paved","lanes":null,"maxspeed":null},"geometry":{"type":"LineString","coordinates":[[18.4270758,-33.9259607],[18.427089,-33.9259785]]}},{"type":"Feature","properties":{"highway":"steps","name":null,"oneway":null,"surface":"paved","lanes":null,"maxspeed":null},"geometry":{"type":"LineString","coordinates":[[18.4271981,-33.9260107],[18.4272148,-33.9260331]]}},{"type":"Feature","properties":{"highway":"footway","name":null,"oneway":null,"surface":"cobblestone:flattened","lanes":null,"maxspeed":null},"geometry":{"type":"LineString","coordinates":[[18.4276603,-33.9258226],[18.4276413,-33.9257978],[18.4275959,-33.9257385]]}},{"type":"Feature","properties":{"highway":"footway","name":null,"oneway":null,"surface":"cobblestone:flattened","lanes":null,"maxspeed":null},"geometry":{"type":"LineString","coordinates":[[18.4273953,-33.9256791],[18.4274725,-33.9258075],[18.4275156,-33.9258362]]}},{"type":"Feature","properties":{"highway":"footway","name":null,"oneway":null,"surface":"paved","lanes":null,"maxspeed":null},"geometry":{"type":"LineString","coordinates":[[18.427089,-33.9259785],[18.4270956,-33.9259875],[18.427085,-33.9259929]]}},{"type":"Feature","properties":{"highway":"footway","name":null,"oneway":null,"surface":"cobblestone:flattened","lanes":null,"maxspeed":null},"geometry":{"type":"LineString","coordinates":[[18.4273953,-33.9256791],[18.4272485,-33.9255809],[18.4272118,-33.9255513]]}},{"type":"Feature","properties":{"highway":"steps","name":null,"oneway":null,"surface":"concrete","lanes":null,"maxspeed":null},"geometry":{"type":"LineString","coordinates":[[18.427597,-33.9257938],[18.4275992,-33.9257989],[18.4276,-33.9258021],[18.4275989,-33.9258075],[18.4275957,-33.9258124],[18.42759,-33.9258176]]}},{"type":"Feature","properties":{"highway":"steps","name":null,"oneway":null,"surface":"concrete","lanes":null,"maxspeed":null},"geometry":{"type":"LineString","coordinates":[[18.4275156,-33.9258362],[18.4275201,-33.92584],[18.4275232,-33.925842],[18.4275296,-33.9258435],[18.4275363,-33.9258433],[18.4275444,-33.9258413]]}},{"type":"Feature","properties":{"highway":"footway","name":null,"oneway":null,"surface":"cobblestone:flattened","lanes":null,"maxspeed":null},"geometry":{"type":"LineString","coordinates":[[18.4276413,-33.9257978],[18.4277932,-33.925723],[18.4280329,-33.9256049],[18.4281989,-33.9255232],[18.4280889,-33.9254866],[18.4279253,-33.9254322],[18.4275396,-33.925304],[18.4272485,-33.9255809],[18.4269973,-33.9258155],[18.4270972,-33.9259498],[18.4271579,-33.9260313],[18.427187,-33.9260704],[18.4272299,-33.926128]]}},{"type":"Feature","properties":{"highway":"footway","name":null,"oneway":null,"surface":"cobblestone:flattened","lanes":null,"maxspeed":null},"geometry":{"type":"LineString","coordinates":[[18.4280889,-33.9254866],[18.4281042,-33.9254547]]}},{"type":"Feature","properties":{"highway":"steps","name":null,"oneway":null,"surface":"paved","lanes":null,"maxspeed":null},"geometry":{"type":"LineString","coordinates":[[18.4283565,-33.9255801],[18.4284536,-33.9255838]]}},{"type":"Feature","properties":{"highway":"footway","name":null,"oneway":null,"surface":"cobblestone:flattened","lanes":null,"maxspeed":null},"geometry":{"type":"LineString","coordinates":[[18.4280477,-33.9256259],[18.4280532,-33.9256338]]}},{"type":"Feature","properties":{"highway":"footway","name":null,"oneway":null,"surface":"cobblestone:flattened","lanes":null,"maxspeed":null},"geometry":{"type":"LineString","coordinates":[[18.4278861,-33.925931],[18.4283019,-33.9259292]]}},{"type":"Feature","properties":{"highway":"steps","name":null,"oneway":null,"surface":"wood","lanes":null,"maxspeed":null},"geometry":{"type":"LineString","coordinates":[[18.4281042,-33.9254547],[18.428038,-33.9254322]]}},{"type":"Feature","properties":{"highway":"steps","name":null,"oneway":null,"surface":null,"lanes":null,"maxspeed":null},"geometry":{"type":"LineString","coordinates":[[18.4274529,-33.9250177],[18.4274505,-33.9250069]]}},{"type":"Feature","properties":{"highway":"steps","name":null,"oneway":null,"surface":"paved","lanes":null,"maxspeed":null},"geometry":{"type":"LineString","coordinates":[[18.4280532,-33.9256338],[18.4280926,-33.9256147]]}},{"type":"Feature","properties":{"highway":"steps","name":null,"oneway":null,"surface":"paved","lanes":null,"maxspeed":null},"geometry":{"type":"LineString","coordinates":[[18.4277932,-33.925723],[18.4278032,-33.9257363]]}},{"type":"Feature","properties":{"highway":"footway","name":null,"oneway":null,"surface":"cobblestone:flattened","lanes":null,"maxspeed":null},"geometry":{"type":"LineString","coordinates":[[18.4279253,-33.9254322],[18.4279456,-33.9253907]]}},{"type":"Feature","properties":{"highway":"footway","name":null,"oneway":null,"surface":"cobblestone:flattened","lanes":null,"maxspeed":null},"geometry":{"type":"LineString","coordinates":[[18.4280443,-33.9256212],[18.4280477,-33.9256259]]}},{"type":"Feature","properties":{"highway":"steps","name":null,"oneway":null,"surface":"paved","lanes":null,"maxspeed":null},"geometry":{"type":"LineString","coordinates":[[18.4283421,-33.9254344],[18.4283162,-33.9254246]]}},{"type":"Feature","properties":{"highway":"footway","name":null,"oneway":null,"surface":"cobblestone:flattened","lanes":null,"maxspeed":null},"geometry":{"type":"LineString","coordinates":[[18.4280329,-33.9256049],[18.4280443,-33.9256212]]}},{"type":"Feature","properties":{"highway":"footway","name":null,"oneway":null,"surface":"paved","lanes":null,"maxspeed":null},"geometry":{"type":"LineString","coordinates":[[18.4278032,-33.9257363],[18.4278093,-33.9257446]]}},{"type":"Feature","properties":{"highway":"footway","name":null,"oneway":null,"surface":"wood","lanes":null,"maxspeed":null},"geometry":{"type":"LineString","coordinates":[[18.4280422,-33.9254236],[18.428038,-33.9254322]]}},{"type":"Feature","properties":{"highway":"steps","name":null,"oneway":null,"surface":null,"lanes":null,"maxspeed":null},"geometry":{"type":"LineString","coordinates":[[18.4274169,-33.9251847],[18.4274015,-33.9251736]]}},{"type":"Feature","properties":{"highway":"pedestrian","name":null,"oneway":null,"surface":"paving_stones","lanes":null,"maxspeed":null},"geometry":{"type":"LineString","coordinates":[[18.4283112,-33.9254353],[18.4283162,-33.9254246],[18.4283212,-33.9254139],[18.4283293,-33.9254119],[18.4283587,-33.9254214],[18.4284222,-33.925441],[18.4284638,-33.9254706],[18.4284846,-33.9254603],[18.4285036,-33.9254866],[18.4284828,-33.9254969],[18.4284935,-33.9255403],[18.4284912,-33.9255723],[18.4284736,-33.9255715],[18.4284547,-33.9255714],[18.42846,-33.9255305],[18.428454,-33.9255121],[18.4284631,-33.9255073],[18.4284499,-33.9254899],[18.4284391,-33.9254955],[18.4284046,-33.925467],[18.4283112,-33.9254353]]}},{"type":"Feature","properties":{"highway":"footway","name":null,"oneway":null,"surface":"cobblestone:flattened","lanes":null,"maxspeed":null},"geometry":{"type":"LineString","coordinates":[[18.4272429,-33.9261455],[18.4273032,-33.9262275],[18.427329,-33.9262716],[18.427396,-33.9263624],[18.4274606,-33.9264654]]}},{"type":"Feature","properties":{"highway":"steps","name":null,"oneway":null,"surface":"paved","lanes":null,"maxspeed":null},"geometry":{"type":"LineString","coordinates":[[18.4283507,-33.9256181],[18.4283565,-33.9255801]]}},{"type":"Feature","properties":{"highway":"pedestrian","name":"Buuren Bastion","oneway":null,"surface":"cobblestone:flattened","lanes":null,"maxspeed":null},"geometry":{"type":"LineString","coordinates":[[18.427639,-33.9251792],[18.4275294,-33.9251415],[18.4275611,-33.9250783],[18.4274569,-33.9250059],[18.4274505,-33.9250069],[18.4274426,-33.9250082],[18.4273857,-33.925124],[18.4274395,-33.9251633],[18.4274201,-33.9251816],[18.4274048,-33.9251704],[18.4274015,-33.9251736],[18.4273981,-33.9251767],[18.4274134,-33.9251879],[18.4273762,-33.925223],[18.4273684,-33.9252304],[18.4272738,-33.9251597],[18.4273833,-33.9249251],[18.4274,-33.9249196],[18.4273947,-33.9249109],[18.4273938,-33.9248998],[18.427398,-33.9248893],[18.4274067,-33.924881],[18.4274186,-33.924876],[18.4274319,-33.9248752],[18.4274446,-33.9248787],[18.4274547,-33.9248859],[18.4274606,-33.9248958],[18.4274616,-33.9249066],[18.4274838,-33.9249077],[18.4276926,-33.9250719],[18.427639,-33.9251792]]}},{"type":"Feature","properties":{"highway":"steps","name":null,"oneway":null,"surface":"paved","lanes":null,"maxspeed":null},"geometry":{"type":"LineString","coordinates":[[18.4274038,-33.9261508],[18.4274227,-33.9261412]]}},{"type":"Feature","properties":{"highway":"footway","name":null,"oneway":null,"surface":"cobblestone:flattened","lanes":null,"maxspeed":null},"geometry":{"type":"LineString","coordinates":[[18.4283381,-33.9257137],[18.4283507,-33.9256181]]}},{"type":"Feature","properties":{"highway":"footway","name":null,"oneway":null,"surface":"cobblestone:flattened","lanes":null,"maxspeed":null},"geometry":{"type":"LineString","coordinates":[[18.4274176,-33.9261694],[18.4274038,-33.9261508]]}},{"type":"Feature","properties":{"highway":"footway","name":null,"oneway":null,"surface":"paved","lanes":null,"maxspeed":null},"geometry":{"type":"LineString","coordinates":[[18.4274227,-33.9261412],[18.4274347,-33.9261351],[18.4274303,-33.9261291]]}},{"type":"Feature","properties":{"highway":"pedestrian","name":"Catzenellenbogen Bastion","oneway":null,"surface":"cobblestone:flattened","lanes":null,"maxspeed":null},"geometry":{"type":"LineString","coordinates":[[18.4284943,-33.9256304],[18.4284486,-33.9256277],[18.4284536,-33.9255838],[18.4284547,-33.9255714],[18.4284736,-33.9255715],[18.4284912,-33.9255723],[18.4284935,-33.9255403],[18.4285705,-33.9255294],[18.4286466,-33.9254094],[18.4286248,-33.9253864],[18.4284659,-33.9253918],[18.4284222,-33.925441],[18.4283587,-33.9254214],[18.4284012,-33.9253311],[18.4286585,-33.9253421],[18.4286611,-33.925315],[18.4287025,-33.9253395],[18.4287058,-33.9253336],[18.4287132,-33.9253284],[18.4287255,-33.925324],[18.4287388,-33.9253238],[18.4287512,-33.9253279],[18.4287608,-33.9253355],[18.4287661,-33.9253457],[18.4287663,-33.9253568],[18.4287615,-33.925367],[18.4287522,-33.925375],[18.4287384,-33.9253794],[18.4287469,-33.9254042],[18.4286381,-33.9256045],[18.4284969,-33.925596],[18.4284943,-33.9256304]]}},{"type":"Feature","properties":{"highway":"pedestrian","name":"Leerdam Bastion","oneway":null,"surface":"cobblestone:flattened","lanes":null,"maxspeed":null},"geometry":{"type":"LineString","coordinates":[[18.4268885,-33.9259607],[18.4269036,-33.925953],[18.4268479,-33.9258818],[18.426821,-33.9258836],[18.4268002,-33.9258566],[18.4267503,-33.9258846],[18.4266299,-33.9258036],[18.426716,-33.9257602],[18.4267548,-33.9257403],[18.4268138,-33.9257814],[18.4268328,-33.9257633],[18.4268461,-33.925773],[18.4268698,-33.9257504],[18.426862,-33.9257448],[18.4268533,-33.9257384],[18.4268828,-33.9257105],[18.4267702,-33.9256292],[18.4265965,-33.9257128],[18.4265492,-33.9257771],[18.4265385,-33.9257731],[18.4265268,-33.9257724],[18.4265155,-33.925775],[18.4265059,-33.9257807],[18.4264993,-33.9257887],[18.4264963,-33.9257981],[18.4264974,-33.9258078],[18.4265024,-33.9258166],[18.4265108,-33.9258235],[18.4265214,-33.9258276],[18.4265331,-33.9258284],[18.4265445,-33.9258259],[18.4265561,-33.9258603],[18.4267488,-33.9259866],[18.4268656,-33.9259291],[18.4268885,-33.9259607]]}},{"type":"Feature","properties":{"highway":"pedestrian","name":"Oranje Bastion","oneway":null,"surface":"cobblestone:flattened","lanes":null,"maxspeed":null},"geometry":{"type":"LineString","coordinates":[[18.4275425,-33.9265478],[18.4275437,-33.9265609],[18.4275082,-33.9265674],[18.4275419,-33.9266828],[18.427334,-33.926797],[18.4272958,-33.9267957],[18.4272948,-33.9268042],[18.4272883,-33.9268143],[18.4272777,-33.9268216],[18.4272644,-33.926825],[18.4272507,-33.9268239],[18.4272385,-33.9268185],[18.4272297,-33.9268097],[18.4272256,-33.9267987],[18.4272269,-33.9267873],[18.4272344,-33.9267764],[18.4272094,-33.9267593],[18.4271609,-33.9265528],[18.4272817,-33.9264919],[18.4272627,-33.9264628],[18.4272899,-33.9264489],[18.4273334,-33.9265081],[18.4273203,-33.9265357],[18.4273427,-33.926564],[18.4273336,-33.9265683],[18.4272768,-33.9265953],[18.4273039,-33.9267068],[18.4273588,-33.9266763],[18.4274187,-33.9266431],[18.4274076,-33.9266004],[18.4274461,-33.9265915],[18.4274582,-33.9265652],[18.4275425,-33.9265478]]}},{"type":"Feature","properties":{"highway":"pedestrian","name":null,"oneway":null,"surface":"cobblestone:flattened","lanes":null,"maxspeed":null},"geometry":{"type":"LineString","coordinates":[[18.4282376,-33.9264143],[18.4282381,-33.9264253],[18.4275437,-33.9265609],[18.4275425,-33.9265478],[18.4275787,-33.9265408],[18.4275758,-33.9265306],[18.427573,-33.9265208],[18.4282193,-33.9263945],[18.4282224,-33.9264056],[18.4282256,-33.9264166],[18.4282376,-33.9264143]]}},{"type":"Feature","properties":{"highway":"pedestrian","name":null,"oneway":null,"surface":"cobblestone:flattened","lanes":null,"maxspeed":null},"geometry":{"type":"LineString","coordinates":[[18.4269036,-33.925953],[18.4269412,-33.9260035],[18.4269503,-33.9259988],[18.4269648,-33.9259914],[18.4271234,-33.9262042],[18.4271345,-33.9261985],[18.4271703,-33.9262467],[18.4271431,-33.9262607],[18.4271499,-33.9262698],[18.4271696,-33.9262597],[18.4271755,-33.9262676],[18.4271846,-33.926263],[18.4272843,-33.9263967],[18.4272726,-33.9264027],[18.4272602,-33.9264091],[18.4272899,-33.9264489],[18.4272627,-33.9264628],[18.4268885,-33.9259607],[18.4269036,-33.925953]]}},{"type":"Feature","properties":{"highway":"pedestrian","name":null,"oneway":null,"surface":"cobblestone:flattened","lanes":null,"maxspeed":null},"geometry":{"type":"LineString","coordinates":[[18.4284195,-33.9262226],[18.4284232,-33.9261808],[18.4284092,-33.9261799],[18.4283998,-33.9261793],[18.4284486,-33.9256277],[18.4284943,-33.9256304],[18.4284418,-33.9262239],[18.4284195,-33.9262226]]}},{"type":"Feature","properties":{"highway":"footway","name":null,"oneway":null,"surface":"gravel","lanes":null,"maxspeed":null},"geometry":{"type":"LineString","coordinates":[[18.4267921,-33.9268875],[18.4267018,-33.9268177],[18.4266545,-33.9267727],[18.4266379,-33.926739],[18.4265197,-33.9264278],[18.4264999,-33.9264051],[18.4264858,-33.9263888],[18.4257641,-33.9258939],[18.4257325,-33.9258445],[18.4257213,-33.925794]]}},{"type":"Feature","properties":{"highway":"service","name":null,"oneway":null,"surface":"paving_stones","lanes":null,"maxspeed":null},"geometry":{"type":"LineString","coordinates":[[18.4258195,-33.9254385],[18.4259062,-33.9255039],[18.4259479,-33.92553],[18.4259662,-33.9255412]]}},{"type":"Feature","properties":{"highway":"footway","name":null,"oneway":null,"surface":"paving_stones","lanes":null,"maxspeed":null},"geometry":{"type":"LineString","coordinates":[[18.43018,-33.9259654],[18.4301913,-33.9257476],[18.4291289,-33.9253675],[18.428861,-33.9252757],[18.4269778,-33.924641],[18.4266191,-33.9245204],[18.4265808,-33.9244944],[18.4265393,-33.924479],[18.4265136,-33.9244747],[18.4264896,-33.9244725],[18.4264626,-33.9244778],[18.4264374,-33.9244853],[18.426395,-33.9245049],[18.4263584,-33.924535],[18.4263256,-33.9245694],[18.4261481,-33.9247655],[18.4261068,-33.924826],[18.4260907,-33.9248744],[18.4260892,-33.9248988],[18.426093,-33.9249311],[18.4261968,-33.9252168],[18.4261991,-33.9252627],[18.4261841,-33.9253029],[18.426146,-33.9253367],[18.4259479,-33.92553],[18.4257999,-33.9256688],[18.4256465,-33.9258244],[18.4254772,-33.9260276],[18.4254817,-33.9260549],[18.4255016,-33.9260776]]}},{"type":"Feature","properties":{"highway":"footway","name":null,"oneway":null,"surface":"paving_stones","lanes":null,"maxspeed":null},"geometry":{"type":"LineString","coordinates":[[18.4262952,-33.9253745],[18.4263373,-33.9253597]]}},{"type":"Feature","properties":{"highway":"footway","name":null,"oneway":null,"surface":"paving_stones","lanes":null,"maxspeed":null},"geometry":{"type":"LineString","coordinates":[[18.4269741,-33.9251573],[18.426802,-33.9252754]]}},{"type":"Feature","properties":{"highway":"footway","name":null,"oneway":null,"surface":"paving_stones","lanes":null,"maxspeed":null},"geometry":{"type":"LineString","coordinates":[[18.4271636,-33.9251935],[18.42732,-33.9248135]]}},{"type":"Feature","properties":{"highway":"service","name":null,"oneway":null,"surface":"asphalt","lanes":"1","maxspeed":null},"geometry":{"type":"LineString","coordinates":[[18.4265473,-33.926383],[18.4265954,-33.9263624]]}},{"type":"Feature","properties":{"highway":"service","name":null,"oneway":"no","surface":"asphalt","lanes":"1","maxspeed":null},"geometry":{"type":"LineString","coordinates":[[18.4265954,-33.9263624],[18.4266867,-33.9263204]]}},{"type":"Feature","properties":{"highway":"footway","name":null,"oneway":null,"surface":"paving_stones","lanes":null,"maxspeed":null},"geometry":{"type":"LineString","coordinates":[[18.4270978,-33.9248703],[18.4271289,-33.9248788],[18.4271903,-33.9248956],[18.4272087,-33.9249007]]}},{"type":"Feature","properties":{"highway":"service","name":null,"oneway":"no","surface":"paving_stones","lanes":"1","maxspeed":null},"geometry":{"type":"LineString","coordinates":[[18.4266867,-33.9263204],[18.4267216,-33.9263027],[18.4267349,-33.9262959],[18.4267957,-33.9262652]]}},{"type":"Feature","properties":{"highway":"footway","name":null,"oneway":null,"surface":"cobblestone:flattened","lanes":null,"maxspeed":null},"geometry":{"type":"LineString","coordinates":[[18.4271508,-33.9247473],[18.4270978,-33.9248703],[18.4269741,-33.9251573],[18.4269358,-33.925356]]}},{"type":"Feature","properties":{"highway":"service","name":null,"oneway":"no","surface":"paving_stones","lanes":null,"maxspeed":null},"geometry":{"type":"LineString","coordinates":[[18.4267209,-33.9261636],[18.4267957,-33.9262652],[18.4269974,-33.9265393],[18.4271226,-33.9264759],[18.4268462,-33.9261002],[18.4267209,-33.9261636]]}},{"type":"Feature","properties":{"highway":"service","name":null,"oneway":null,"surface":"ground","lanes":null,"maxspeed":null},"geometry":{"type":"LineString","coordinates":[[18.4283797,-33.9266126],[18.4287453,-33.9266456],[18.4287591,-33.9266447],[18.4287718,-33.9266403],[18.4287824,-33.926633],[18.4287899,-33.9266233],[18.4287934,-33.9266122],[18.4287927,-33.9266008],[18.4287879,-33.92659],[18.4286621,-33.9262339]]}},{"type":"Feature","properties":{"highway":"footway","name":null,"oneway":null,"surface":null,"lanes":null,"maxspeed":null},"geometry":{"type":"LineString","coordinates":[[18.4292441,-33.9258517],[18.429236,-33.9259642]]}},{"type":"Feature","properties":{"highway":"service","name":null,"oneway":"no","surface":"asphalt","lanes":"2","maxspeed":null},"geometry":{"type":"LineString","coordinates":[[18.4297722,-33.9267601],[18.4297956,-33.9263223],[18.4299325,-33.926132],[18.4299459,-33.9259526]]}},{"type":"Feature","properties":{"highway":"service","name":null,"oneway":null,"surface":"asphalt","lanes":null,"maxspeed":null},"geometry":{"type":"LineString","coordinates":[[18.4286621,-33.9262339],[18.4286043,-33.9261539],[18.4286266,-33.9258095],[18.4289868,-33.9254037]]}},{"type":"Feature","properties":{"highway":"service","name":null,"oneway":"no","surface":"asphalt","lanes":"2","maxspeed":null},"geometry":{"type":"LineString","coordinates":[[18.4306408,-33.9259914],[18.43018,-33.9259654],[18.4301575,-33.9259641],[18.4300764,-33.9259595],[18.4299459,-33.9259526],[18.4288042,-33.925892]]}},{"type":"Feature","properties":{"highway":"service","name":null,"oneway":"no","surface":"asphalt","lanes":"2","maxspeed":null},"geometry":{"type":"LineString","coordinates":[[18.4288265,-33.9262339],[18.4287575,-33.926116],[18.4287382,-33.9260368],[18.4287483,-33.9259552],[18.4288042,-33.925892],[18.4290304,-33.9256276],[18.4295743,-33.9256537]]}},{"type":"Feature","properties":{"highway":"service","name":null,"oneway":"no","surface":"asphalt","lanes":"2","maxspeed":null},"geometry":{"type":"LineString","coordinates":[[18.4289868,-33.9254037],[18.4295145,-33.9256386],[18.4295743,-33.9256537],[18.4299815,-33.9257605],[18.4300311,-33.9257973],[18.4300651,-33.9258448],[18.4300803,-33.9258985],[18.4300764,-33.9259595]]}},{"type":"Feature","properties":{"highway":"secondary","name":"Castle Street","oneway":"yes","surface":"asphalt","lanes":"3","maxspeed":"60"},"geometry":{"type":"LineString","coordinates":[[18.425624,-33.9257731],[18.425405,-33.925985],[18.4253073,-33.9260719]]}},{"type":"Feature","properties":{"highway":"secondary","name":"Castle Street","oneway":"yes","surface":"asphalt","lanes":"3","maxspeed":"60"},"geometry":{"type":"LineString","coordinates":[[18.4259353,-33.9248429],[18.4259376,-33.9247671],[18.4259624,-33.9247046],[18.4262396,-33.9243931],[18.4262916,-33.9243088]]}},{"type":"Feature","properties":{"highway":"primary","name":"Newmarket Street","oneway":"yes","surface":"asphalt","lanes":"3","maxspeed":"60"},"geometry":{"type":"LineString","coordinates":[[18.4343869,-33.9266019],[18.4352309,-33.9266548],[18.4353249,-33.9266589]]}},{"type":"Feature","properties":{"highway":"primary","name":"Strand Street","oneway":"yes","surface":"asphalt","lanes":"2","maxspeed":"60"},"geometry":{"type":"LineString","coordinates":[[18.4313242,-33.9258304],[18.431874,-33.9260479],[18.4325979,-33.9262982],[18.4330246,-33.9264184],[18.4333091,-33.926469],[18.4336519,-33.926523],[18.4343869,-33.9266019]]}},{"type":"Feature","properties":{"highway":"primary","name":"Strand Street","oneway":"yes","surface":"asphalt","lanes":"4","maxspeed":"60"},"geometry":{"type":"LineString","coordinates":[[18.4251055,-33.9235413],[18.4245956,-33.9231687],[18.4245056,-33.9231005]]}},{"type":"Feature","properties":{"highway":"primary","name":"Strand Street","oneway":"yes","surface":"asphalt","lanes":"4","maxspeed":"60"},"geometry":{"type":"LineString","coordinates":[[18.4299742,-33.9255601],[18.428431,-33.9250307],[18.4274453,-33.9246923]]}},{"type":"Feature","properties":{"highway":"primary","name":"Strand Street","oneway":"yes","surface":"asphalt","lanes":"4","maxspeed":"60"},"geometry":{"type":"LineString","coordinates":[[18.4274453,-33.9246923],[18.4265276,-33.9243854],[18.4263879,-33.9243419]]}},{"type":"Feature","properties":{"highway":"primary","name":"Strand Street","oneway":"yes","surface":"asphalt","lanes":"4","maxspeed":"60"},"geometry":{"type":"LineString","coordinates":[[18.4243076,-33.9229582],[18.4233503,-33.9222531],[18.4232931,-33.9222082],[18.4232492,-33.9221701]]}},{"type":"Feature","properties":{"highway":"primary","name":"Strand Street","oneway":"yes","surface":"asphalt","lanes":"3","maxspeed":"60"},"geometry":{"type":"LineString","coordinates":[[18.4262916,-33.9243088],[18.4261559,-33.9242532],[18.425964,-33.9241311],[18.4257979,-33.924017],[18.4251055,-33.9235413]]}},{"type":"Feature","properties":{"highway":"motorway_link","name":null,"oneway":"yes","surface":"asphalt","lanes":"2","maxspeed":"60"},"geometry":{"type":"LineString","coordinates":[[18.4309281,-33.92584],[18.4303636,-33.9256349],[18.4299742,-33.9255601]]}},{"type":"Feature","properties":{"highway":"footway","name":null,"oneway":null,"surface":"asphalt","lanes":null,"maxspeed":null},"geometry":{"type":"LineString","coordinates":[[18.4254772,-33.9260276],[18.425405,-33.925985],[18.4253277,-33.9259394],[18.4252879,-33.9259159]]}},{"type":"Feature","properties":{"highway":"footway","name":null,"oneway":null,"surface":"asphalt","lanes":null,"maxspeed":null},"geometry":{"type":"LineString","coordinates":[[18.4261037,-33.9243328],[18.4262396,-33.9243931],[18.4263013,-33.9244205],[18.4263339,-33.924435],[18.4264896,-33.9244725]]}},{"type":"Feature","properties":{"highway":"footway","name":null,"oneway":null,"surface":"asphalt","lanes":null,"maxspeed":null},"geometry":{"type":"LineString","coordinates":[[18.4245244,-33.9232402],[18.4245956,-33.9231687],[18.4247003,-33.9230635],[18.4247881,-33.9229753]]}},{"type":"Feature","properties":{"highway":"residential","name":"Bree Street","oneway":"yes","surface":"asphalt","lanes":"2","maxspeed":"60"},"geometry":{"type":"LineString","coordinates":[[18.4193137,-33.9199948],[18.4194037,-33.9199132]]}},{"type":"Feature","properties":{"highway":"residential","name":"Bree Street","oneway":"yes","surface":"asphalt","lanes":null,"maxspeed":"60"},"geometry":{"type":"LineString","coordinates":[[18.4205506,-33.9190071],[18.420517,-33.9190377],[18.4202161,-33.9193139],[18.4201685,-33.9193547]]}},{"type":"Feature","properties":{"highway":"residential","name":"Bree Street","oneway":"yes","surface":"asphalt","lanes":"3","maxspeed":"60"},"geometry":{"type":"LineString","coordinates":[[18.4194037,-33.9199132],[18.4197238,-33.9196172],[18.4197606,-33.9195826]]}},{"type":"Feature","properties":{"highway":"residential","name":"Bree Street","oneway":"yes","surface":"asphalt","lanes":"2","maxspeed":"60"},"geometry":{"type":"LineString","coordinates":[[18.4201685,-33.9193547],[18.4200069,-33.919507],[18.4199442,-33.9195686]]}},{"type":"Feature","properties":{"highway":"residential","name":"Bree Street","oneway":"yes","surface":"asphalt","lanes":"1","maxspeed":"60"},"geometry":{"type":"LineString","coordinates":[[18.4198521,-33.9196529],[18.4198155,-33.9196865],[18.4195394,-33.9199391]]}},{"type":"Feature","properties":{"highway":"residential","name":"Bree Street","oneway":"yes","surface":"asphalt","lanes":null,"maxspeed":"60"},"geometry":{"type":"LineString","coordinates":[[18.4197606,-33.9195826],[18.419852,-33.9195008],[18.4199192,-33.9194407],[18.4201786,-33.9192088]]}},{"type":"Feature","properties":{"highway":"residential","name":"Bree Street","oneway":"yes","surface":"asphalt","lanes":"3","maxspeed":null},"geometry":{"type":"LineString","coordinates":[[18.4224983,-33.9170871],[18.4226167,-33.9169776],[18.4227002,-33.9169211],[18.422743,-33.9168963],[18.4227935,-33.9168738],[18.4228582,-33.9168516]]}},{"type":"Feature","properties":{"highway":"residential","name":"Bree Street","oneway":"yes","surface":"asphalt","lanes":null,"maxspeed":null},"geometry":{"type":"LineString","coordinates":[[18.4228907,-33.9169605],[18.4227887,-33.9169998],[18.422741,-33.9170267],[18.4226911,-33.917061],[18.4223785,-33.9173378]]}},{"type":"Feature","properties":{"highway":"primary","name":"Strand Street","oneway":"yes","surface":"asphalt","lanes":"3","maxspeed":"60"},"geometry":{"type":"LineString","coordinates":[[18.4199442,-33.9195686],[18.4200216,-33.9196255],[18.4204215,-33.9199194]]}},{"type":"Feature","properties":{"highway":"primary","name":"Strand Street","oneway":"yes","surface":"asphalt","lanes":"3","maxspeed":"60"},"geometry":{"type":"LineString","coordinates":[[18.4197606,-33.9195826],[18.4196941,-33.9195316],[18.4191205,-33.9190893]]}},{"type":"Feature","properties":{"highway":"footway","name":null,"oneway":null,"surface":"asphalt","lanes":null,"maxspeed":null},"geometry":{"type":"LineString","coordinates":[[18.4190017,-33.9191503],[18.4190923,-33.9191534],[18.4196561,-33.9195661]]}},{"type":"Feature","properties":{"highway":"footway","name":null,"oneway":null,"surface":"asphalt","lanes":null,"maxspeed":null},"geometry":{"type":"LineString","coordinates":[[18.4196561,-33.9195661],[18.4197238,-33.9196172],[18.4198155,-33.9196865],[18.4198671,-33.9197265]]}},{"type":"Feature","properties":{"highway":"footway","name":null,"oneway":null,"surface":"asphalt","lanes":null,"maxspeed":null},"geometry":{"type":"LineString","coordinates":[[18.4191962,-33.9189173],[18.4191734,-33.9189692],[18.4191205,-33.9190893],[18.4190923,-33.9191534]]}},{"type":"Feature","properties":{"highway":"footway","name":null,"oneway":null,"surface":"asphalt","lanes":null,"maxspeed":null},"geometry":{"type":"LineString","coordinates":[[18.4200497,-33.9195393],[18.4200069,-33.919507],[18.4199192,-33.9194407],[18.4198845,-33.9194145]]}},{"type":"Feature","properties":{"highway":"footway","name":null,"oneway":null,"surface":"asphalt","lanes":null,"maxspeed":null},"geometry":{"type":"LineString","coordinates":[[18.419911,-33.9197263],[18.4199288,-33.9197101],[18.4200216,-33.9196255],[18.4200668,-33.9195838]]}},{"type":"Feature","properties":{"highway":"footway","name":null,"oneway":null,"surface":"asphalt","lanes":null,"maxspeed":null},"geometry":{"type":"LineString","coordinates":[[18.4198157,-33.9194207],[18.4197853,-33.9194484],[18.4196941,-33.9195316],[18.4196561,-33.9195661]]}},{"type":"Feature","properties":{"highway":"footway","name":null,"oneway":null,"surface":"asphalt","lanes":null,"maxspeed":null},"geometry":{"type":"LineString","coordinates":[[18.4196531,-33.918441],[18.4192084,-33.9188621],[18.4191866,-33.9188827],[18.4191829,-33.9189024],[18.4191962,-33.9189173],[18.4197935,-33.9193477]]}},{"type":"Feature","properties":{"highway":"footway","name":null,"oneway":null,"surface":"asphalt","lanes":null,"maxspeed":null},"geometry":{"type":"LineString","coordinates":[[18.4210687,-33.9195229],[18.4205947,-33.9199565],[18.4205778,-33.9199721]]}},{"type":"Feature","properties":{"highway":"footway","name":null,"oneway":null,"surface":"paving_stones","lanes":null,"maxspeed":null},"geometry":{"type":"LineString","coordinates":[[18.4211069,-33.919488],[18.4210687,-33.9195229]]}},{"type":"Feature","properties":{"highway":"footway","name":null,"oneway":null,"surface":"paving_stones","lanes":null,"maxspeed":null},"geometry":{"type":"LineString","coordinates":[[18.4205616,-33.9190756],[18.4205935,-33.9191017],[18.4211069,-33.919488],[18.4211254,-33.9195017]]}},{"type":"Feature","properties":{"highway":"service","name":null,"oneway":"no","surface":"concrete","lanes":"1","maxspeed":null},"geometry":{"type":"LineString","coordinates":[[18.420785,-33.9194963],[18.4206224,-33.9196479]]}},{"type":"Feature","properties":{"highway":"service","name":null,"oneway":"no","surface":"concrete","lanes":"1","maxspeed":null},"geometry":{"type":"LineString","coordinates":[[18.4205837,-33.9198422],[18.4207188,-33.9197233]]}},{"type":"Feature","properties":{"highway":"footway","name":null,"oneway":null,"surface":"paving_stones","lanes":null,"maxspeed":null},"geometry":{"type":"LineString","coordinates":[[18.4212891,-33.9193212],[18.4212361,-33.9193697],[18.4212068,-33.9193965],[18.4211738,-33.9194258],[18.4211466,-33.9194516],[18.4211069,-33.919488]]}},{"type":"Feature","properties":{"highway":"footway","name":null,"oneway":null,"surface":"asphalt","lanes":null,"maxspeed":null},"geometry":{"type":"LineString","coordinates":[[18.4200668,-33.9195838],[18.4200859,-33.9195666],[18.420297,-33.9193737],[18.4205935,-33.9191017]]}},{"type":"Feature","properties":{"highway":"service","name":null,"oneway":"no","surface":"concrete","lanes":"1","maxspeed":null},"geometry":{"type":"LineString","coordinates":[[18.4205224,-33.9195482],[18.4205417,-33.9195848],[18.4206224,-33.9196479],[18.4206978,-33.9197069],[18.4207188,-33.9197233]]}},{"type":"Feature","properties":{"highway":"service","name":null,"oneway":"no","surface":"concrete","lanes":"1","maxspeed":null},"geometry":{"type":"LineString","coordinates":[[18.4207188,-33.9197233],[18.4207546,-33.9196918],[18.4208552,-33.9196032],[18.4208865,-33.9195757],[18.420785,-33.9194963]]}},{"type":"Feature","properties":{"highway":"footway","name":null,"oneway":null,"surface":"asphalt","lanes":null,"maxspeed":null},"geometry":{"type":"LineString","coordinates":[[18.4205778,-33.9199721],[18.4205385,-33.9199472],[18.4204602,-33.9198913],[18.4204027,-33.919834],[18.4201606,-33.9196503],[18.4200668,-33.9195838]]}},{"type":"Feature","properties":{"highway":"service","name":null,"oneway":"no","surface":"concrete","lanes":"2","maxspeed":null},"geometry":{"type":"LineString","coordinates":[[18.4202161,-33.9193139],[18.420297,-33.9193737],[18.4203216,-33.9193922],[18.420357,-33.9194197]]}},{"type":"Feature","properties":{"highway":"residential","name":"Waterkant Street","oneway":"yes","surface":"paving_stones","lanes":null,"maxspeed":"60"},"geometry":{"type":"LineString","coordinates":[[18.4199203,-33.9185441],[18.4198642,-33.9185141],[18.4196978,-33.9184035],[18.419643,-33.918367]]}},{"type":"Feature","properties":{"highway":"steps","name":null,"oneway":null,"surface":"metal","lanes":null,"maxspeed":null},"geometry":{"type":"LineString","coordinates":[[18.4195024,-33.91816],[18.4195269,-33.918177]]}},{"type":"Feature","properties":{"highway":"steps","name":"Waterkant Street","oneway":null,"surface":"metal","lanes":null,"maxspeed":null},"geometry":{"type":"LineString","coordinates":[[18.4198422,-33.9184132],[18.4198185,-33.9183965]]}},{"type":"Feature","properties":{"highway":"steps","name":null,"oneway":null,"surface":"metal","lanes":null,"maxspeed":null},"geometry":{"type":"LineString","coordinates":[[18.4197948,-33.9183802],[18.4197678,-33.9183583]]}},{"type":"Feature","properties":{"highway":"steps","name":null,"oneway":null,"surface":"metal","lanes":null,"maxspeed":null},"geometry":{"type":"LineString","coordinates":[[18.4194519,-33.9181234],[18.4194806,-33.9181442]]}},{"type":"Feature","properties":{"highway":"service","name":null,"oneway":"no","surface":"paving_stones","lanes":"1","maxspeed":null},"geometry":{"type":"LineString","coordinates":[[18.4198228,-33.9187358],[18.4198719,-33.9186939]]}},{"type":"Feature","properties":{"highway":"footway","name":null,"oneway":null,"surface":"metal","lanes":null,"maxspeed":null},"geometry":{"type":"LineString","coordinates":[[18.4197678,-33.9183583],[18.4195269,-33.918177]]}},{"type":"Feature","properties":{"highway":"footway","name":null,"oneway":null,"surface":"metal","lanes":null,"maxspeed":null},"geometry":{"type":"LineString","coordinates":[[18.4194316,-33.9181087],[18.4194519,-33.9181234]]}},{"type":"Feature","properties":{"highway":"footway","name":null,"oneway":null,"surface":"paving_stones","lanes":null,"maxspeed":null},"geometry":{"type":"LineString","coordinates":[[18.4199473,-33.9184609],[18.4199208,-33.9184614],[18.4198933,-33.9184499]]}},{"type":"Feature","properties":{"highway":"footway","name":null,"oneway":null,"surface":"metal","lanes":null,"maxspeed":null},"geometry":{"type":"LineString","coordinates":[[18.4198185,-33.9183965],[18.4197948,-33.9183802]]}},{"type":"Feature","properties":{"highway":"service","name":null,"oneway":"no","surface":"paving_stones","lanes":"1","maxspeed":null},"geometry":{"type":"LineString","coordinates":[[18.4199387,-33.9186298],[18.41996,-33.9186108],[18.4199924,-33.9185811]]}},{"type":"Feature","properties":{"highway":"service","name":null,"oneway":"no","surface":"concrete","lanes":"2","maxspeed":null},"geometry":{"type":"LineString","coordinates":[[18.420357,-33.9194197],[18.4203991,-33.9194524]]}},{"type":"Feature","properties":{"highway":"footway","name":null,"oneway":null,"surface":"metal","lanes":null,"maxspeed":null},"geometry":{"type":"LineString","coordinates":[[18.4194806,-33.9181442],[18.4195024,-33.91816]]}},{"type":"Feature","properties":{"highway":"service","name":null,"oneway":"no","surface":"concrete","lanes":"2","maxspeed":null},"geometry":{"type":"LineString","coordinates":[[18.4203991,-33.9194524],[18.4205224,-33.9195482]]}},{"type":"Feature","properties":{"highway":"footway","name":null,"oneway":null,"surface":"metal","lanes":null,"maxspeed":null},"geometry":{"type":"LineString","coordinates":[[18.4198665,-33.9184302],[18.4198422,-33.9184132]]}},{"type":"Feature","properties":{"highway":"service","name":null,"oneway":"no","surface":"paving_stones","lanes":"1","maxspeed":null},"geometry":{"type":"LineString","coordinates":[[18.4198719,-33.9186939],[18.4199345,-33.9186335],[18.4199387,-33.9186298]]}},{"type":"Feature","properties":{"highway":"footway","name":null,"oneway":null,"surface":"paving_stones","lanes":null,"maxspeed":null},"geometry":{"type":"LineString","coordinates":[[18.4203314,-33.9189458],[18.4203667,-33.9189164]]}},{"type":"Feature","properties":{"highway":"cycleway","name":"Waterkant Street","oneway":"no","surface":"paving_stones","lanes":null,"maxspeed":null},"geometry":{"type":"LineString","coordinates":[[18.4204633,-33.9188919],[18.420429,-33.9188645],[18.4201596,-33.9186563],[18.4200396,-33.9185678],[18.4199858,-33.9185281],[18.4198974,-33.9184833],[18.4198139,-33.9184346],[18.4197287,-33.9183764],[18.4196938,-33.9183533],[18.4196743,-33.9183399],[18.4195498,-33.9182461],[18.4194607,-33.9181821],[18.4193348,-33.9180862],[18.419279,-33.9180047]]}},{"type":"Feature","properties":{"highway":"primary","name":"Strand Street","oneway":"yes","surface":"asphalt","lanes":"3","maxspeed":"60"},"geometry":{"type":"LineString","coordinates":[[18.4211671,-33.920611],[18.4211072,-33.9205686],[18.420744,-33.9203099]]}},{"type":"Feature","properties":{"highway":"cycleway","name":"Waterkant Street","oneway":"no","surface":"paving_stones","lanes":null,"maxspeed":null},"geometry":{"type":"LineString","coordinates":[[18.4218791,-33.9199541],[18.4218101,-33.9199025],[18.421573,-33.9197248],[18.4213012,-33.9195213],[18.421238,-33.9194739],[18.4211738,-33.9194258],[18.4209358,-33.9192476],[18.4206607,-33.9190412],[18.4206323,-33.9190196]]}},{"type":"Feature","properties":{"highway":"cycleway","name":"Waterkant Street","oneway":"no","surface":"asphalt","lanes":null,"maxspeed":null},"geometry":{"type":"LineString","coordinates":[[18.4206323,-33.9190196],[18.4205971,-33.9189927],[18.4205804,-33.91898],[18.4205008,-33.9189193],[18.4204633,-33.9188919]]}},{"type":"Feature","properties":{"highway":"footway","name":null,"oneway":null,"surface":"paving_stones","lanes":null,"maxspeed":null},"geometry":{"type":"LineString","coordinates":[[18.4217774,-33.9199807],[18.4218151,-33.9200107],[18.4218392,-33.9200299]]}},{"type":"Feature","properties":{"highway":"footway","name":null,"oneway":null,"surface":"paving_stones","lanes":null,"maxspeed":null},"geometry":{"type":"LineString","coordinates":[[18.4196741,-33.9184225],[18.4196531,-33.918441]]}},{"type":"Feature","properties":{"highway":"footway","name":null,"oneway":null,"surface":"paving_stones","lanes":null,"maxspeed":null},"geometry":{"type":"LineString","coordinates":[[18.4198506,-33.9193889],[18.4198869,-33.9193555]]}},{"type":"Feature","properties":{"highway":"footway","name":null,"oneway":null,"surface":"asphalt","lanes":null,"maxspeed":null},"geometry":{"type":"LineString","coordinates":[[18.420264,-33.9179257],[18.4202061,-33.91794],[18.4198395,-33.9182809],[18.419792,-33.9183218]]}},{"type":"Feature","properties":{"highway":"footway","name":null,"oneway":null,"surface":"paving_stones","lanes":null,"maxspeed":null},"geometry":{"type":"LineString","coordinates":[[18.4207005,-33.9190047],[18.4207344,-33.9190309],[18.4209905,-33.9192291],[18.4210561,-33.9192799],[18.4212068,-33.9193965],[18.4212209,-33.9194075]]}},{"type":"Feature","properties":{"highway":"footway","name":null,"oneway":null,"surface":"paving_stones","lanes":null,"maxspeed":null},"geometry":{"type":"LineString","coordinates":[[18.420391,-33.9189362],[18.4203667,-33.9189164],[18.41996,-33.9186108],[18.4196741,-33.9184225]]}},{"type":"Feature","properties":{"highway":"footway","name":null,"oneway":null,"surface":"paving_stones","lanes":null,"maxspeed":null},"geometry":{"type":"LineString","coordinates":[[18.4203667,-33.9189164],[18.420399,-33.9188882],[18.420429,-33.9188645],[18.4204722,-33.918831]]}},{"type":"Feature","properties":{"highway":"footway","name":null,"oneway":null,"surface":"asphalt","lanes":null,"maxspeed":null},"geometry":{"type":"LineString","coordinates":[[18.4205672,-33.9199862],[18.4205423,-33.9200082],[18.4204444,-33.9200949],[18.4204221,-33.9201145]]}},{"type":"Feature","properties":{"highway":"footway","name":null,"oneway":null,"surface":"paving_stones","lanes":null,"maxspeed":null},"geometry":{"type":"LineString","coordinates":[[18.4212089,-33.9195637],[18.4212339,-33.9195823],[18.4214137,-33.9197158],[18.4214406,-33.9197357],[18.4217472,-33.9199634]]}},{"type":"Feature","properties":{"highway":"footway","name":null,"oneway":null,"surface":"asphalt","lanes":null,"maxspeed":null},"geometry":{"type":"LineString","coordinates":[[18.419792,-33.9183218],[18.4197287,-33.9183764],[18.4196978,-33.9184035],[18.4196741,-33.9184225]]}},{"type":"Feature","properties":{"highway":"footway","name":null,"oneway":null,"surface":"paving_stones","lanes":null,"maxspeed":null},"geometry":{"type":"LineString","coordinates":[[18.4205059,-33.9188541],[18.4205417,-33.9188819],[18.420621,-33.918943],[18.4206731,-33.9189832]]}},{"type":"Feature","properties":{"highway":"footway","name":null,"oneway":null,"surface":"paving_stones","lanes":null,"maxspeed":null},"geometry":{"type":"LineString","coordinates":[[18.4213129,-33.9194787],[18.4213321,-33.9194935],[18.4216053,-33.9196955],[18.421842,-33.919872],[18.4218669,-33.9198905]]}},{"type":"Feature","properties":{"highway":"footway","name":null,"oneway":null,"surface":"paving_stones","lanes":null,"maxspeed":null},"geometry":{"type":"LineString","coordinates":[[18.420391,-33.9189362],[18.420438,-33.9189768],[18.420517,-33.9190377],[18.4205616,-33.9190756]]}},{"type":"Feature","properties":{"highway":"service","name":null,"oneway":"no","surface":"asphalt","lanes":"2","maxspeed":null},"geometry":{"type":"LineString","coordinates":[[18.4216008,-33.9207997],[18.4216586,-33.9207576],[18.4216774,-33.9207437]]}},{"type":"Feature","properties":{"highway":"footway","name":null,"oneway":null,"surface":"asphalt","lanes":null,"maxspeed":null},"geometry":{"type":"LineString","coordinates":[[18.4224882,-33.9216702],[18.422431,-33.9216292],[18.4223502,-33.9215707]]}},{"type":"Feature","properties":{"highway":"footway","name":null,"oneway":null,"surface":"asphalt","lanes":null,"maxspeed":null},"geometry":{"type":"LineString","coordinates":[[18.4212435,-33.9204391],[18.4217472,-33.9199634]]}},{"type":"Feature","properties":{"highway":"footway","name":null,"oneway":null,"surface":"asphalt","lanes":null,"maxspeed":null},"geometry":{"type":"LineString","coordinates":[[18.4210754,-33.920644],[18.4211065,-33.9206668],[18.4211488,-33.9206979]]}},{"type":"Feature","properties":{"highway":"footway","name":null,"oneway":null,"surface":"paving_stones","lanes":null,"maxspeed":null},"geometry":{"type":"LineString","coordinates":[[18.4213628,-33.9205268],[18.4218541,-33.9200418]]}},{"type":"Feature","properties":{"highway":"footway","name":null,"oneway":null,"surface":"asphalt","lanes":null,"maxspeed":null},"geometry":{"type":"LineString","coordinates":[[18.4213398,-33.9205098],[18.4213022,-33.9204822],[18.4212722,-33.9204601]]}},{"type":"Feature","properties":{"highway":"service","name":null,"oneway":"no","surface":"asphalt","lanes":"2","maxspeed":null},"geometry":{"type":"LineString","coordinates":[[18.4222265,-33.9212681],[18.4222619,-33.9212365],[18.4222785,-33.9212221]]}},{"type":"Feature","properties":{"highway":"footway","name":null,"oneway":null,"surface":"asphalt","lanes":null,"maxspeed":null},"geometry":{"type":"LineString","coordinates":[[18.4206978,-33.9200367],[18.4206599,-33.9200072],[18.4205947,-33.9199565]]}},{"type":"Feature","properties":{"highway":"footway","name":null,"oneway":null,"surface":"asphalt","lanes":null,"maxspeed":null},"geometry":{"type":"LineString","coordinates":[[18.4223502,-33.9215707],[18.4223926,-33.9215298],[18.4224745,-33.9214531],[18.422516,-33.9214164]]}},{"type":"Feature","properties":{"highway":"footway","name":null,"oneway":null,"surface":"asphalt","lanes":null,"maxspeed":null},"geometry":{"type":"LineString","coordinates":[[18.4211899,-33.9206887],[18.4212268,-33.9206541],[18.4213065,-33.9205794],[18.4213419,-33.9205463]]}},{"type":"Feature","properties":{"highway":"footway","name":null,"oneway":null,"surface":"asphalt","lanes":null,"maxspeed":null},"geometry":{"type":"LineString","coordinates":[[18.4212159,-33.920465],[18.4211883,-33.9204909],[18.4211072,-33.9205686],[18.4210766,-33.9205954]]}},{"type":"Feature","properties":{"highway":"footway","name":null,"oneway":null,"surface":"asphalt","lanes":null,"maxspeed":null},"geometry":{"type":"LineString","coordinates":[[18.422516,-33.9214164],[18.4225403,-33.9214352],[18.4225817,-33.9214644],[18.4226048,-33.9214822],[18.4226481,-33.9215138]]}},{"type":"Feature","properties":{"highway":"footway","name":null,"oneway":null,"surface":"paving_stones","lanes":null,"maxspeed":null},"geometry":{"type":"LineString","coordinates":[[18.4219577,-33.9199328],[18.4219698,-33.919942],[18.4219678,-33.919964],[18.4219933,-33.9199894]]}},{"type":"Feature","properties":{"highway":"footway","name":null,"oneway":null,"surface":"paving_stones","lanes":null,"maxspeed":null},"geometry":{"type":"LineString","coordinates":[[18.4218541,-33.9200418],[18.4224222,-33.9204718],[18.4224764,-33.9204803],[18.4225155,-33.9204771]]}},{"type":"Feature","properties":{"highway":"footway","name":null,"oneway":null,"surface":"asphalt","lanes":null,"maxspeed":null},"geometry":{"type":"LineString","coordinates":[[18.4226481,-33.9215138],[18.4226098,-33.9215529],[18.422532,-33.9216271],[18.4224882,-33.9216702]]}},{"type":"Feature","properties":{"highway":"footway","name":null,"oneway":null,"surface":"asphalt","lanes":null,"maxspeed":null},"geometry":{"type":"LineString","coordinates":[[18.4223209,-33.9194243],[18.422364,-33.919384],[18.4224163,-33.9193352]]}},{"type":"Feature","properties":{"highway":"footway","name":null,"oneway":null,"surface":"paving_stones","lanes":null,"maxspeed":null},"geometry":{"type":"LineString","coordinates":[[18.4218541,-33.9200418],[18.4218994,-33.9200028],[18.4219204,-33.9199847],[18.4219698,-33.919942]]}},{"type":"Feature","properties":{"highway":"footway","name":null,"oneway":null,"surface":"paving_stones","lanes":null,"maxspeed":null},"geometry":{"type":"LineString","coordinates":[[18.4201407,-33.9205855],[18.4201549,-33.9205726],[18.4205165,-33.9202445],[18.4205268,-33.9202298]]}},{"type":"Feature","properties":{"highway":"footway","name":null,"oneway":null,"surface":"paving_stones","lanes":null,"maxspeed":null},"geometry":{"type":"LineString","coordinates":[[18.4219933,-33.9199894],[18.4224289,-33.9203539]]}},{"type":"Feature","properties":{"highway":"footway","name":null,"oneway":null,"surface":"asphalt","lanes":null,"maxspeed":null},"geometry":{"type":"LineString","coordinates":[[18.4212435,-33.9204391],[18.4208877,-33.9201773]]}},{"type":"Feature","properties":{"highway":"footway","name":null,"oneway":null,"surface":"paving_stones","lanes":null,"maxspeed":null},"geometry":{"type":"LineString","coordinates":[[18.4212339,-33.9195823],[18.421274,-33.919546],[18.4213012,-33.9195213],[18.4213321,-33.9194935]]}},{"type":"Feature","properties":{"highway":"footway","name":null,"oneway":null,"surface":"paving_stones","lanes":null,"maxspeed":null},"geometry":{"type":"LineString","coordinates":[[18.4207156,-33.9200506],[18.420802,-33.9199725],[18.4208476,-33.9199314],[18.4209276,-33.9198591],[18.4212339,-33.9195823]]}},{"type":"Feature","properties":{"highway":"living_street","name":"Saint George's Mall","oneway":"no","surface":"paving_stones","lanes":"2","maxspeed":null},"geometry":{"type":"LineString","coordinates":[[18.4237449,-33.920406],[18.4238051,-33.9203413],[18.4241605,-33.9199966],[18.4242108,-33.9199472],[18.4245429,-33.9196213]]}},{"type":"Feature","properties":{"highway":"footway","name":null,"oneway":null,"surface":"paved","lanes":null,"maxspeed":null},"geometry":{"type":"LineString","coordinates":[[18.4231784,-33.9218552],[18.4232185,-33.9218465],[18.4235526,-33.9215449]]}},{"type":"Feature","properties":{"highway":"residential","name":"Riebeek Street","oneway":"no","surface":"asphalt","lanes":"4","maxspeed":"60"},"geometry":{"type":"LineString","coordinates":[[18.4238187,-33.9204707],[18.424268,-33.9208146],[18.4243374,-33.9208657]]}},{"type":"Feature","properties":{"highway":"footway","name":null,"oneway":null,"surface":"paving_stones","lanes":null,"maxspeed":null},"geometry":{"type":"LineString","coordinates":[[18.4219698,-33.919942],[18.4219771,-33.919934],[18.4220261,-33.9199205],[18.4224429,-33.9195623]]}},{"type":"Feature","properties":{"highway":"footway","name":null,"oneway":null,"surface":"asphalt","lanes":null,"maxspeed":null},"geometry":{"type":"LineString","coordinates":[[18.4224785,-33.9193291],[18.4225248,-33.9193631],[18.4225722,-33.9193981]]}},{"type":"Feature","properties":{"highway":"footway","name":null,"oneway":null,"surface":"paving_stones","lanes":null,"maxspeed":null},"geometry":{"type":"LineString","coordinates":[[18.4231601,-33.919885],[18.4232184,-33.9199229],[18.4232799,-33.9199404],[18.4236221,-33.9201984],[18.4237357,-33.9202909]]}},{"type":"Feature","properties":{"highway":"footway","name":null,"oneway":null,"surface":"paving_stones","lanes":null,"maxspeed":null},"geometry":{"type":"LineString","coordinates":[[18.4238932,-33.9204055],[18.424348,-33.9207366]]}},{"type":"Feature","properties":{"highway":"footway","name":null,"oneway":null,"surface":"paving_stones","lanes":null,"maxspeed":null},"geometry":{"type":"LineString","coordinates":[[18.4237513,-33.920533],[18.4242089,-33.9208695]]}},{"type":"Feature","properties":{"highway":"footway","name":null,"oneway":null,"surface":"asphalt","lanes":null,"maxspeed":null},"geometry":{"type":"LineString","coordinates":[[18.4230383,-33.9200011],[18.423109,-33.9199367],[18.4231601,-33.919885]]}},{"type":"Feature","properties":{"highway":"footway","name":null,"oneway":null,"surface":"paving_stones","lanes":null,"maxspeed":null},"geometry":{"type":"LineString","coordinates":[[18.4230499,-33.9198046],[18.4230979,-33.9198366],[18.4231601,-33.919885]]}},{"type":"Feature","properties":{"highway":"footway","name":null,"oneway":null,"surface":"paving_stones","lanes":null,"maxspeed":null},"geometry":{"type":"LineString","coordinates":[[18.4229224,-33.9199189],[18.422981,-33.9199576],[18.4230383,-33.9200011]]}},{"type":"Feature","properties":{"highway":"footway","name":null,"oneway":null,"surface":"paving_stones","lanes":null,"maxspeed":null},"geometry":{"type":"LineString","coordinates":[[18.4235933,-33.9204212],[18.4236663,-33.9204732]]}},{"type":"Feature","properties":{"highway":"footway","name":null,"oneway":null,"surface":"asphalt","lanes":null,"maxspeed":null},"geometry":{"type":"LineString","coordinates":[[18.4230499,-33.9198046],[18.4229956,-33.9198514],[18.4229224,-33.9199189]]}},{"type":"Feature","properties":{"highway":"footway","name":null,"oneway":null,"surface":"paving_stones","lanes":null,"maxspeed":null},"geometry":{"type":"LineString","coordinates":[[18.4230383,-33.9200011],[18.4235933,-33.9204212]]}},{"type":"Feature","properties":{"highway":"footway","name":null,"oneway":null,"surface":"asphalt","lanes":null,"maxspeed":null},"geometry":{"type":"LineString","coordinates":[[18.4237513,-33.920533],[18.4238187,-33.9204707],[18.4238932,-33.9204055]]}},{"type":"Feature","properties":{"highway":"footway","name":null,"oneway":null,"surface":"asphalt","lanes":null,"maxspeed":null},"geometry":{"type":"LineString","coordinates":[[18.4235933,-33.9204212],[18.4236714,-33.9203503],[18.4237357,-33.9202909]]}},{"type":"Feature","properties":{"highway":"footway","name":null,"oneway":null,"surface":"paving_stones","lanes":null,"maxspeed":null},"geometry":{"type":"LineString","coordinates":[[18.4229224,-33.9199189],[18.4229028,-33.9199494],[18.4224922,-33.9203576],[18.4224289,-33.9203539]]}},{"type":"Feature","properties":{"highway":"footway","name":null,"oneway":null,"surface":"paving_stones","lanes":null,"maxspeed":null},"geometry":{"type":"LineString","coordinates":[[18.4235972,-33.9215055],[18.4235778,-33.9214932],[18.4231269,-33.9211577],[18.4230978,-33.9211377],[18.4230114,-33.9210717]]}},{"type":"Feature","properties":{"highway":"footway","name":null,"oneway":null,"surface":"paving_stones","lanes":null,"maxspeed":null},"geometry":{"type":"LineString","coordinates":[[18.4230383,-33.9200011],[18.4226533,-33.9203581],[18.4226155,-33.9203931],[18.4225414,-33.9204629],[18.4225155,-33.9204771]]}},{"type":"Feature","properties":{"highway":"footway","name":null,"oneway":null,"surface":"paving_stones","lanes":null,"maxspeed":null},"geometry":{"type":"LineString","coordinates":[[18.4224429,-33.9195623],[18.4228567,-33.9198707],[18.422902,-33.9199039],[18.4229224,-33.9199189]]}},{"type":"Feature","properties":{"highway":"residential","name":"Riebeek Street","oneway":"no","surface":"asphalt","lanes":"4","maxspeed":"60"},"geometry":{"type":"LineString","coordinates":[[18.4224397,-33.9194388],[18.4225148,-33.9194952],[18.4226865,-33.9196188]]}},{"type":"Feature","properties":{"highway":"residential","name":"Riebeek Street","oneway":"no","surface":"asphalt","lanes":"4","maxspeed":"60"},"geometry":{"type":"LineString","coordinates":[[18.4221344,-33.9192155],[18.422364,-33.919384],[18.4224397,-33.9194388]]}},{"type":"Feature","properties":{"highway":"residential","name":"Riebeek Street","oneway":"no","surface":"asphalt","lanes":"4","maxspeed":"60"},"geometry":{"type":"LineString","coordinates":[[18.4217933,-33.9189677],[18.4218613,-33.9190172],[18.4219427,-33.9190763],[18.4221344,-33.9192155]]}},{"type":"Feature","properties":{"highway":"residential","name":"Riebeek Street","oneway":"no","surface":"asphalt","lanes":"2","maxspeed":"60"},"geometry":{"type":"LineString","coordinates":[[18.4212793,-33.9185927],[18.4214118,-33.9186839],[18.4214339,-33.9187003],[18.4216645,-33.9188728],[18.4217063,-33.918903],[18.4217315,-33.9189217],[18.4217933,-33.9189677]]}},{"type":"Feature","properties":{"highway":"footway","name":null,"oneway":null,"surface":"paving_stones","lanes":null,"maxspeed":null},"geometry":{"type":"LineString","coordinates":[[18.4225982,-33.9194172],[18.4229773,-33.9197101],[18.4229901,-33.9197569],[18.4230499,-33.9198046]]}},{"type":"Feature","properties":{"highway":"footway","name":null,"oneway":null,"surface":"paving_stones","lanes":null,"maxspeed":null},"geometry":{"type":"LineString","coordinates":[[18.4206083,-33.9190885],[18.4206298,-33.9190692],[18.4206607,-33.9190412],[18.4206874,-33.9190167]]}},{"type":"Feature","properties":{"highway":"footway","name":null,"oneway":null,"surface":"paving_stones","lanes":null,"maxspeed":null},"geometry":{"type":"LineString","coordinates":[[18.4217992,-33.9190714],[18.422068,-33.9192757]]}},{"type":"Feature","properties":{"highway":"footway","name":null,"oneway":null,"surface":"asphalt","lanes":null,"maxspeed":null},"geometry":{"type":"LineString","coordinates":[[18.422068,-33.9192757],[18.4221142,-33.9193163]]}},{"type":"Feature","properties":{"highway":"footway","name":null,"oneway":null,"surface":"asphalt","lanes":null,"maxspeed":null},"geometry":{"type":"LineString","coordinates":[[18.4216934,-33.9189937],[18.4217309,-33.9190213],[18.4217813,-33.9190582]]}},{"type":"Feature","properties":{"highway":"footway","name":null,"oneway":null,"surface":"asphalt","lanes":null,"maxspeed":null},"geometry":{"type":"LineString","coordinates":[[18.4223275,-33.9194773],[18.4223678,-33.919507],[18.4224059,-33.9195351]]}},{"type":"Feature","properties":{"highway":"footway","name":null,"oneway":null,"surface":"paving_stones","lanes":null,"maxspeed":null},"geometry":{"type":"LineString","coordinates":[[18.4213321,-33.9194935],[18.4217992,-33.9190714]]}},{"type":"Feature","properties":{"highway":"footway","name":null,"oneway":null,"surface":"asphalt","lanes":null,"maxspeed":null},"geometry":{"type":"LineString","coordinates":[[18.4218391,-33.9188667],[18.4218767,-33.9188943],[18.4219106,-33.9189191]]}},{"type":"Feature","properties":{"highway":"footway","name":null,"oneway":null,"surface":"asphalt","lanes":null,"maxspeed":null},"geometry":{"type":"LineString","coordinates":[[18.4217622,-33.9188937],[18.4217315,-33.9189217],[18.421693,-33.9189538]]}},{"type":"Feature","properties":{"highway":"footway","name":null,"oneway":null,"surface":"asphalt","lanes":null,"maxspeed":null},"geometry":{"type":"LineString","coordinates":[[18.4218185,-33.9190545],[18.4218613,-33.9190172],[18.4219113,-33.9189707]]}},{"type":"Feature","properties":{"highway":"footway","name":null,"oneway":null,"surface":"asphalt","lanes":null,"maxspeed":null},"geometry":{"type":"LineString","coordinates":[[18.4224707,-33.9195364],[18.4225148,-33.9194952],[18.4225662,-33.9194471]]}},{"type":"Feature","properties":{"highway":"footway","name":null,"oneway":null,"surface":"asphalt","lanes":null,"maxspeed":null},"geometry":{"type":"LineString","coordinates":[[18.4221142,-33.9193163],[18.4222921,-33.9194512]]}},{"type":"Feature","properties":{"highway":"footway","name":null,"oneway":null,"surface":"paving_stones","lanes":null,"maxspeed":null},"geometry":{"type":"LineString","coordinates":[[18.4217472,-33.9199634],[18.4217854,-33.9199251],[18.4218101,-33.9199025],[18.421842,-33.919872]]}},{"type":"Feature","properties":{"highway":"residential","name":"Bree Street","oneway":"yes","surface":"asphalt","lanes":"1","maxspeed":"60"},"geometry":{"type":"LineString","coordinates":[[18.4216603,-33.9180061],[18.4216119,-33.9180501],[18.4215087,-33.9181438],[18.4213789,-33.9182633],[18.4212966,-33.918341]]}},{"type":"Feature","properties":{"highway":"residential","name":"Bree Street","oneway":"yes","surface":"asphalt","lanes":"2","maxspeed":"60"},"geometry":{"type":"LineString","coordinates":[[18.4212966,-33.918341],[18.4212237,-33.9184087],[18.4211661,-33.9184609]]}},{"type":"Feature","properties":{"highway":"residential","name":"Bree Street","oneway":"yes","surface":"asphalt","lanes":"2","maxspeed":"60"},"geometry":{"type":"LineString","coordinates":[[18.4209849,-33.9184664],[18.421035,-33.9184219]]}},{"type":"Feature","properties":{"highway":"residential","name":"Bree Street","oneway":"yes","surface":"asphalt","lanes":"1","maxspeed":"60"},"geometry":{"type":"LineString","coordinates":[[18.4211661,-33.9184609],[18.4211328,-33.9184902],[18.421079,-33.9185355]]}},{"type":"Feature","properties":{"highway":"residential","name":"Bree Street","oneway":"yes","surface":"asphalt","lanes":"2","maxspeed":"60"},"geometry":{"type":"LineString","coordinates":[[18.420862,-33.9187238],[18.420621,-33.918943],[18.4205804,-33.91898],[18.4205506,-33.9190071]]}},{"type":"Feature","properties":{"highway":"residential","name":"Bree Street","oneway":"yes","surface":"asphalt","lanes":null,"maxspeed":"60"},"geometry":{"type":"LineString","coordinates":[[18.4204721,-33.9189456],[18.4205008,-33.9189193],[18.4205417,-33.9188819],[18.4209849,-33.9184664]]}},{"type":"Feature","properties":{"highway":"residential","name":"Bree Street","oneway":"yes","surface":"asphalt","lanes":null,"maxspeed":"60"},"geometry":{"type":"LineString","coordinates":[[18.421035,-33.9184219],[18.4210852,-33.9183771],[18.4211981,-33.9182763],[18.4213408,-33.9181489],[18.4215262,-33.9179835],[18.4215828,-33.9179329]]}},{"type":"Feature","properties":{"highway":"residential","name":"Riebeek Street","oneway":"yes","surface":"asphalt","lanes":"3","maxspeed":"60"},"geometry":{"type":"LineString","coordinates":[[18.4204438,-33.9178134],[18.4206601,-33.9179766],[18.4207423,-33.9180386]]}},{"type":"Feature","properties":{"highway":"residential","name":"Riebeek Street","oneway":"yes","surface":"asphalt","lanes":"3","maxspeed":"60"},"geometry":{"type":"LineString","coordinates":[[18.420627,-33.9181054],[18.4205382,-33.918039],[18.4204845,-33.9179989]]}},{"type":"Feature","properties":{"highway":"residential","name":"Riebeek Street","oneway":"yes","surface":"asphalt","lanes":"4","maxspeed":"60"},"geometry":{"type":"LineString","coordinates":[[18.4204845,-33.9179989],[18.4204463,-33.9179703],[18.4203495,-33.917898],[18.4202368,-33.9178137]]}},{"type":"Feature","properties":{"highway":"footway","name":null,"oneway":null,"surface":"asphalt","lanes":null,"maxspeed":null},"geometry":{"type":"LineString","coordinates":[[18.4212331,-33.9183015],[18.4211631,-33.9183656]]}},{"type":"Feature","properties":{"highway":"footway","name":null,"oneway":null,"surface":"asphalt","lanes":null,"maxspeed":null},"geometry":{"type":"LineString","coordinates":[[18.4211631,-33.9183656],[18.4212237,-33.9184087],[18.4212589,-33.9184357]]}},{"type":"Feature","properties":{"highway":"footway","name":null,"oneway":null,"surface":"asphalt","lanes":null,"maxspeed":null},"geometry":{"type":"LineString","coordinates":[[18.4211606,-33.9182501],[18.4211981,-33.9182763],[18.4212331,-33.9183015]]}},{"type":"Feature","properties":{"highway":"service","name":null,"oneway":"no","surface":"asphalt","lanes":"1","maxspeed":null},"geometry":{"type":"LineString","coordinates":[[18.4214075,-33.9188095],[18.4213572,-33.9187467],[18.4214339,-33.9187003]]}},{"type":"Feature","properties":{"highway":"footway","name":null,"oneway":null,"surface":"asphalt","lanes":null,"maxspeed":null},"geometry":{"type":"LineString","coordinates":[[18.421148,-33.9185887],[18.4213572,-33.9187467],[18.4216678,-33.9189748]]}},{"type":"Feature","properties":{"highway":"footway","name":null,"oneway":null,"surface":"paving_stones","lanes":null,"maxspeed":null},"geometry":{"type":"LineString","coordinates":[[18.4207005,-33.9190047],[18.421148,-33.9185887]]}},{"type":"Feature","properties":{"highway":"footway","name":null,"oneway":null,"surface":"asphalt","lanes":null,"maxspeed":null},"geometry":{"type":"LineString","coordinates":[[18.4211206,-33.9185675],[18.421079,-33.9185355],[18.4209849,-33.9184664],[18.4209264,-33.9184234]]}},{"type":"Feature","properties":{"highway":"footway","name":null,"oneway":null,"surface":"asphalt","lanes":null,"maxspeed":null},"geometry":{"type":"LineString","coordinates":[[18.4212434,-33.9185056],[18.4212225,-33.9185234],[18.4212037,-33.91854],[18.4211772,-33.9185637]]}},{"type":"Feature","properties":{"highway":"footway","name":null,"oneway":null,"surface":"asphalt","lanes":null,"maxspeed":null},"geometry":{"type":"LineString","coordinates":[[18.420933,-33.9183956],[18.4209618,-33.9183706],[18.4210295,-33.9183119],[18.4210958,-33.9182564]]}},{"type":"Feature","properties":{"highway":"residential","name":"Leslie Lane","oneway":null,"surface":"asphalt","lanes":null,"maxspeed":"20"},"geometry":{"type":"LineString","coordinates":[[18.420135,-33.9185617],[18.4205604,-33.9181668],[18.4205755,-33.9181529],[18.420627,-33.9181054]]}},{"type":"Feature","properties":{"highway":"footway","name":null,"oneway":null,"surface":"paving_stones","lanes":null,"maxspeed":null},"geometry":{"type":"LineString","coordinates":[[18.4206571,-33.918681],[18.4206566,-33.9186893]]}},{"type":"Feature","properties":{"highway":"service","name":null,"oneway":"no","surface":"paving_stones","lanes":"1","maxspeed":null},"geometry":{"type":"LineString","coordinates":[[18.4204728,-33.9180989],[18.4204866,-33.9180845],[18.4205382,-33.918039]]}},{"type":"Feature","properties":{"highway":"footway","name":null,"oneway":null,"surface":"asphalt","lanes":null,"maxspeed":null},"geometry":{"type":"LineString","coordinates":[[18.4202981,-33.9179428],[18.4203495,-33.917898],[18.4204438,-33.9178134],[18.4205043,-33.9177598]]}},{"type":"Feature","properties":{"highway":"footway","name":null,"oneway":null,"surface":"asphalt","lanes":null,"maxspeed":null},"geometry":{"type":"LineString","coordinates":[[18.4202061,-33.91794],[18.4201522,-33.9178947],[18.4200356,-33.9178008],[18.4199835,-33.9177622]]}},{"type":"Feature","properties":{"highway":"footway","name":null,"oneway":null,"surface":"paving_stones","lanes":null,"maxspeed":null},"geometry":{"type":"LineString","coordinates":[[18.4201596,-33.9186563],[18.4201843,-33.9186338],[18.4203137,-33.9185154]]}},{"type":"Feature","properties":{"highway":"footway","name":null,"oneway":null,"surface":"paving_stones","lanes":null,"maxspeed":null},"geometry":{"type":"LineString","coordinates":[[18.4204722,-33.918831],[18.4204977,-33.9188139],[18.4205373,-33.9187817],[18.4206566,-33.9186893],[18.4207216,-33.9186172],[18.420799,-33.9185405],[18.4209264,-33.9184234]]}},{"type":"Feature","properties":{"highway":"footway","name":null,"oneway":null,"surface":"asphalt","lanes":null,"maxspeed":null},"geometry":{"type":"LineString","coordinates":[[18.4206861,-33.9182385],[18.4205755,-33.9181529],[18.4204866,-33.9180845],[18.4203957,-33.9180176],[18.4202981,-33.9179428],[18.420264,-33.9179257]]}},{"type":"Feature","properties":{"highway":"service","name":null,"oneway":null,"surface":"asphalt","lanes":"2","maxspeed":null},"geometry":{"type":"LineString","coordinates":[[18.4198642,-33.9185141],[18.4198974,-33.9184833],[18.4199208,-33.9184614],[18.4199375,-33.9184458],[18.4199568,-33.9184278],[18.4203823,-33.9180301],[18.4203957,-33.9180176],[18.4204463,-33.9179703]]}},{"type":"Feature","properties":{"highway":"footway","name":"Prestwich Lane","oneway":"no","surface":"cobblestone","lanes":null,"maxspeed":null},"geometry":{"type":"LineString","coordinates":[[18.4211927,-33.9176325],[18.421164,-33.9176552],[18.4208088,-33.9179827]]}},{"type":"Feature","properties":{"highway":"residential","name":"Prestwich Street","oneway":"no","surface":"asphalt","lanes":"2","maxspeed":"60"},"geometry":{"type":"LineString","coordinates":[[18.4229784,-33.918952],[18.4228972,-33.9189001],[18.4228868,-33.9188924],[18.422631,-33.9187065],[18.4224111,-33.9185362],[18.4223908,-33.918523],[18.4223209,-33.9184817]]}},{"type":"Feature","properties":{"highway":"residential","name":"Prestwich Street","oneway":"yes","surface":"asphalt","lanes":null,"maxspeed":"60"},"geometry":{"type":"LineString","coordinates":[[18.4207802,-33.9173147],[18.4208481,-33.917367],[18.4211062,-33.9175659],[18.4211927,-33.9176325],[18.4214827,-33.9178559],[18.4215017,-33.9178705],[18.4215531,-33.9179101],[18.4215828,-33.9179329]]}},{"type":"Feature","properties":{"highway":"path","name":null,"oneway":"no","surface":"paving_stones","lanes":"1","maxspeed":null},"geometry":{"type":"LineString","coordinates":[[18.4209503,-33.9180321],[18.4209146,-33.918065]]}},{"type":"Feature","properties":{"highway":"footway","name":null,"oneway":null,"surface":"paving_stones","lanes":null,"maxspeed":null},"geometry":{"type":"LineString","coordinates":[[18.4206758,-33.9175663],[18.4206536,-33.9175483]]}},{"type":"Feature","properties":{"highway":"footway","name":null,"oneway":null,"surface":"paving_stones","lanes":null,"maxspeed":null},"geometry":{"type":"LineString","coordinates":[[18.4209799,-33.9180545],[18.4209442,-33.9180873]]}},{"type":"Feature","properties":{"highway":"path","name":null,"oneway":"no","surface":"paving_stones","lanes":"1","maxspeed":null},"geometry":{"type":"LineString","coordinates":[[18.4209308,-33.9180174],[18.420895,-33.9180503]]}},{"type":"Feature","properties":{"highway":"footway","name":null,"oneway":null,"surface":"paving_stones","lanes":null,"maxspeed":null},"geometry":{"type":"LineString","coordinates":[[18.4209165,-33.9180066],[18.4208807,-33.9180395]]}},{"type":"Feature","properties":{"highway":"footway","name":null,"oneway":null,"surface":"paving_stones","lanes":null,"maxspeed":null},"geometry":{"type":"LineString","coordinates":[[18.4211044,-33.9181486],[18.421069,-33.918181]]}},{"type":"Feature","properties":{"highway":"footway","name":null,"oneway":null,"surface":"paving_stones","lanes":null,"maxspeed":null},"geometry":{"type":"LineString","coordinates":[[18.4214423,-33.9179636],[18.4213782,-33.9179009],[18.4214275,-33.9178552]]}},{"type":"Feature","properties":{"highway":"service","name":null,"oneway":"no","surface":"asphalt","lanes":"2","maxspeed":null},"geometry":{"type":"LineString","coordinates":[[18.4212784,-33.9180671],[18.4212952,-33.918078],[18.4213206,-33.9181154],[18.4213408,-33.9181489]]}},{"type":"Feature","properties":{"highway":"service","name":null,"oneway":null,"surface":"asphalt","lanes":"1","maxspeed":null},"geometry":{"type":"LineString","coordinates":[[18.4207835,-33.9179504],[18.4207178,-33.9179302],[18.4206601,-33.9179766]]}},{"type":"Feature","properties":{"highway":"service","name":null,"oneway":"no","surface":"asphalt","lanes":"2","maxspeed":null},"geometry":{"type":"LineString","coordinates":[[18.4210647,-33.9176051],[18.4210802,-33.9175895],[18.4211062,-33.9175659]]}},{"type":"Feature","properties":{"highway":"footway","name":null,"oneway":null,"surface":"paving_stones","lanes":null,"maxspeed":null},"geometry":{"type":"LineString","coordinates":[[18.4208088,-33.9179827],[18.4207178,-33.9179302],[18.4205043,-33.9177598],[18.4205051,-33.91772]]}},{"type":"Feature","properties":{"highway":"footway","name":null,"oneway":null,"surface":"asphalt","lanes":null,"maxspeed":null},"geometry":{"type":"LineString","coordinates":[[18.4202706,-33.9175092],[18.4203203,-33.917547],[18.4204287,-33.9176297],[18.4205068,-33.9176871]]}},{"type":"Feature","properties":{"highway":"footway","name":null,"oneway":null,"surface":"paving_stones","lanes":null,"maxspeed":null},"geometry":{"type":"LineString","coordinates":[[18.4208256,-33.9173939],[18.4210802,-33.9175895],[18.421164,-33.9176552],[18.4214275,-33.9178552],[18.4214776,-33.9178831],[18.4214933,-33.9178869]]}},{"type":"Feature","properties":{"highway":"footway","name":null,"oneway":null,"surface":null,"lanes":null,"maxspeed":null},"geometry":{"type":"LineString","coordinates":[[18.4213526,-33.9169162],[18.4208782,-33.9173416],[18.4208481,-33.917367],[18.4208256,-33.9173939],[18.4208003,-33.9173962],[18.4206536,-33.9175483],[18.420523,-33.9176619],[18.4205068,-33.9176871],[18.4205051,-33.91772]]}},{"type":"Feature","properties":{"highway":"footway","name":null,"oneway":null,"surface":"asphalt","lanes":null,"maxspeed":null},"geometry":{"type":"LineString","coordinates":[[18.4215324,-33.917843],[18.4215017,-33.9178705],[18.4214933,-33.9178869],[18.421502,-33.9179045],[18.4214423,-33.9179636],[18.4212952,-33.918078],[18.4212263,-33.9181392]]}},{"type":"Feature","properties":{"highway":"footway","name":null,"oneway":null,"surface":"paving_stones","lanes":null,"maxspeed":null},"geometry":{"type":"LineString","coordinates":[[18.4211284,-33.9182263],[18.421069,-33.918181],[18.4209442,-33.9180873],[18.4209146,-33.918065],[18.420895,-33.9180503],[18.4208807,-33.9180395],[18.4208088,-33.9179827]]}},{"type":"Feature","properties":{"highway":"residential","name":"Riebeek Lane","oneway":"no","surface":"asphalt","lanes":null,"maxspeed":"60"},"geometry":{"type":"LineString","coordinates":[[18.4219309,-33.9182062],[18.4219061,-33.918229],[18.421886,-33.9182474],[18.4216426,-33.9184715],[18.4216124,-33.9184992],[18.4214593,-33.9186402],[18.4214118,-33.9186839]]}},{"type":"Feature","properties":{"highway":"footway","name":null,"oneway":null,"surface":"asphalt","lanes":null,"maxspeed":null},"geometry":{"type":"LineString","coordinates":[[18.4215291,-33.9182747],[18.4215168,-33.9182654]]}},{"type":"Feature","properties":{"highway":"footway","name":null,"oneway":null,"surface":"asphalt","lanes":null,"maxspeed":null},"geometry":{"type":"LineString","coordinates":[[18.4214116,-33.9185867],[18.4214011,-33.9185962]]}},{"type":"Feature","properties":{"highway":"footway","name":null,"oneway":null,"surface":"asphalt","lanes":null,"maxspeed":null},"geometry":{"type":"LineString","coordinates":[[18.4219245,-33.9186265],[18.4219961,-33.9186805]]}},{"type":"Feature","properties":{"highway":"footway","name":null,"oneway":null,"surface":"asphalt","lanes":null,"maxspeed":null},"geometry":{"type":"LineString","coordinates":[[18.4219509,-33.9186024],[18.4220255,-33.9186499]]}},{"type":"Feature","properties":{"highway":"footway","name":null,"oneway":null,"surface":"asphalt","lanes":null,"maxspeed":null},"geometry":{"type":"LineString","coordinates":[[18.4215518,-33.9186926],[18.4215447,-33.9186989]]}},{"type":"Feature","properties":{"highway":"footway","name":null,"oneway":null,"surface":"asphalt","lanes":null,"maxspeed":null},"geometry":{"type":"LineString","coordinates":[[18.4214296,-33.9186003],[18.4214195,-33.9186101]]}},{"type":"Feature","properties":{"highway":"footway","name":null,"oneway":null,"surface":"asphalt","lanes":null,"maxspeed":null},"geometry":{"type":"LineString","coordinates":[[18.4219959,-33.9183305],[18.4220161,-33.9183108]]}},{"type":"Feature","properties":{"highway":"footway","name":null,"oneway":null,"surface":"asphalt","lanes":null,"maxspeed":null},"geometry":{"type":"LineString","coordinates":[[18.4219306,-33.9182811],[18.4219511,-33.9182624]]}},{"type":"Feature","properties":{"highway":"footway","name":null,"oneway":null,"surface":"paving_stones","lanes":null,"maxspeed":null},"geometry":{"type":"LineString","coordinates":[[18.4222482,-33.9175812],[18.4217751,-33.9180292],[18.421753,-33.9180501]]}},{"type":"Feature","properties":{"highway":"footway","name":null,"oneway":null,"surface":"asphalt","lanes":null,"maxspeed":null},"geometry":{"type":"LineString","coordinates":[[18.4216986,-33.9188035],[18.421691,-33.9188124]]}},{"type":"Feature","properties":{"highway":"service","name":null,"oneway":"no","surface":"concrete","lanes":"1","maxspeed":null},"geometry":{"type":"LineString","coordinates":[[18.4216289,-33.9182287],[18.4215896,-33.918199],[18.421539,-33.9181645],[18.4215087,-33.9181438]]}},{"type":"Feature","properties":{"highway":"footway","name":null,"oneway":null,"surface":"asphalt","lanes":null,"maxspeed":null},"geometry":{"type":"LineString","coordinates":[[18.421753,-33.9180501],[18.4217391,-33.9180638],[18.4217152,-33.9180842]]}},{"type":"Feature","properties":{"highway":"footway","name":null,"oneway":null,"surface":"paving_stones","lanes":null,"maxspeed":null},"geometry":{"type":"LineString","coordinates":[[18.4216803,-33.9186538],[18.4220173,-33.9183466],[18.4220369,-33.9183262]]}},{"type":"Feature","properties":{"highway":"service","name":null,"oneway":"no","surface":"asphalt","lanes":"1","maxspeed":null},"geometry":{"type":"LineString","coordinates":[[18.4220826,-33.9183932],[18.4221034,-33.9183757],[18.4221295,-33.9183539]]}},{"type":"Feature","properties":{"highway":"service","name":null,"oneway":"no","surface":"paving_stones","lanes":"1","maxspeed":null},"geometry":{"type":"LineString","coordinates":[[18.4215161,-33.9183722],[18.4213446,-33.9184775],[18.4213961,-33.9185142],[18.4214763,-33.9184455]]}},{"type":"Feature","properties":{"highway":"footway","name":null,"oneway":null,"surface":"asphalt","lanes":null,"maxspeed":null},"geometry":{"type":"LineString","coordinates":[[18.4218138,-33.9188482],[18.4219961,-33.9186805],[18.4220255,-33.9186499],[18.4222258,-33.9184666]]}},{"type":"Feature","properties":{"highway":"service","name":null,"oneway":"no","surface":"asphalt","lanes":"1","maxspeed":null},"geometry":{"type":"LineString","coordinates":[[18.4218145,-33.9181934],[18.4218353,-33.9181764],[18.4218603,-33.9181549]]}},{"type":"Feature","properties":{"highway":"footway","name":null,"oneway":null,"surface":"paving_stones","lanes":null,"maxspeed":null},"geometry":{"type":"LineString","coordinates":[[18.4214593,-33.9186402],[18.4214195,-33.9186101],[18.4214011,-33.9185962],[18.4212627,-33.9184879]]}},{"type":"Feature","properties":{"highway":"footway","name":null,"oneway":null,"surface":"asphalt","lanes":null,"maxspeed":null},"geometry":{"type":"LineString","coordinates":[[18.4217595,-33.9188566],[18.421691,-33.9188124],[18.4215447,-33.9186989],[18.4214593,-33.9186402]]}},{"type":"Feature","properties":{"highway":"footway","name":null,"oneway":null,"surface":"asphalt","lanes":null,"maxspeed":null},"geometry":{"type":"LineString","coordinates":[[18.4217152,-33.9180842],[18.4215896,-33.918199],[18.4215168,-33.9182654],[18.4214524,-33.9183241],[18.4213267,-33.9184275]]}},{"type":"Feature","properties":{"highway":"service","name":null,"oneway":"no","surface":"paving_stones","lanes":"1","maxspeed":null},"geometry":{"type":"LineString","coordinates":[[18.4216426,-33.9184715],[18.4216214,-33.9184554],[18.4215161,-33.9183722],[18.4214648,-33.9183334],[18.4214524,-33.9183241],[18.4214401,-33.9183148],[18.4214079,-33.9182877],[18.4213789,-33.9182633]]}},{"type":"Feature","properties":{"highway":"footway","name":null,"oneway":null,"surface":"asphalt","lanes":null,"maxspeed":null},"geometry":{"type":"LineString","coordinates":[[18.4217152,-33.9180842],[18.4218353,-33.9181764],[18.4219061,-33.918229],[18.4219511,-33.9182624],[18.4220161,-33.9183108],[18.4220369,-33.9183262],[18.4221034,-33.9183757],[18.4222258,-33.9184666]]}},{"type":"Feature","properties":{"highway":"service","name":null,"oneway":"no","surface":"concrete","lanes":"1","maxspeed":null},"geometry":{"type":"LineString","coordinates":[[18.4216124,-33.9184992],[18.421591,-33.9184831],[18.4214828,-33.9183975],[18.4214743,-33.918389],[18.4214693,-33.9183787],[18.4214683,-33.9183676],[18.4214713,-33.9183568],[18.4214781,-33.9183473],[18.4215081,-33.91832]]}},{"type":"Feature","properties":{"highway":"footway","name":null,"oneway":null,"surface":"asphalt","lanes":null,"maxspeed":null},"geometry":{"type":"LineString","coordinates":[[18.4228589,-33.9189318],[18.4225979,-33.9187341],[18.4223558,-33.9185576]]}},{"type":"Feature","properties":{"highway":"footway","name":null,"oneway":null,"surface":"paving_stones","lanes":null,"maxspeed":null},"geometry":{"type":"LineString","coordinates":[[18.4224474,-33.9193061],[18.4228589,-33.9189318],[18.4228972,-33.9189001],[18.4233911,-33.9184413]]}},{"type":"Feature","properties":{"highway":"footway","name":null,"oneway":null,"surface":"paving_stones","lanes":null,"maxspeed":null},"geometry":{"type":"LineString","coordinates":[[18.421942,-33.9189422],[18.4223558,-33.9185576],[18.4223725,-33.9185416]]}},{"type":"Feature","properties":{"highway":"footway","name":null,"oneway":null,"surface":"paving_stones","lanes":null,"maxspeed":null},"geometry":{"type":"LineString","coordinates":[[18.4224474,-33.9193061],[18.421942,-33.9189422]]}},{"type":"Feature","properties":{"highway":"tertiary","name":"Long Street","oneway":"yes","surface":"asphalt","lanes":"3","maxspeed":null},"geometry":{"type":"LineString","coordinates":[[18.4235546,-33.918423],[18.4234608,-33.9184993],[18.42333,-33.9186185],[18.4230517,-33.9188811],[18.4229784,-33.918952],[18.4229111,-33.9190121],[18.4226183,-33.9192784]]}},{"type":"Feature","properties":{"highway":"pedestrian","name":"Prestwich Street","oneway":null,"surface":"paving_stones","lanes":null,"maxspeed":null},"geometry":{"type":"LineString","coordinates":[[18.4242108,-33.9199472],[18.4241759,-33.9199145],[18.4241069,-33.919849],[18.4240993,-33.9198433],[18.4239667,-33.919742],[18.4238219,-33.9196346],[18.4236052,-33.9194716],[18.4235378,-33.9194219],[18.4234617,-33.9193636],[18.4234551,-33.9193584],[18.4234291,-33.9193375],[18.4232974,-33.9192321],[18.4233647,-33.9191755]]}},{"type":"Feature","properties":{"highway":"service","name":null,"oneway":"no","surface":"concrete","lanes":"2","maxspeed":null},"geometry":{"type":"LineString","coordinates":[[18.4230471,-33.9189978],[18.4229784,-33.918952]]}},{"type":"Feature","properties":{"highway":"service","name":null,"oneway":"no","surface":"concrete","lanes":"2","maxspeed":null},"geometry":{"type":"LineString","coordinates":[[18.4232159,-33.91913],[18.4230471,-33.9189978]]}},{"type":"Feature","properties":{"highway":"service","name":null,"oneway":null,"surface":"asphalt","lanes":"2","maxspeed":null},"geometry":{"type":"LineString","coordinates":[[18.4225904,-33.91874],[18.4225979,-33.9187341],[18.422631,-33.9187065]]}},{"type":"Feature","properties":{"highway":"footway","name":null,"oneway":null,"surface":"asphalt","lanes":null,"maxspeed":null},"geometry":{"type":"LineString","coordinates":[[18.4233618,-33.9193192],[18.4229826,-33.9190528]]}},{"type":"Feature","properties":{"highway":"footway","name":null,"oneway":null,"surface":null,"lanes":null,"maxspeed":null},"geometry":{"type":"LineString","coordinates":[[18.4235098,-33.9185389],[18.423424,-33.9186308],[18.4233959,-33.9186664],[18.423116,-33.9189352],[18.4230917,-33.9189556],[18.4230471,-33.9189978],[18.4229826,-33.9190528],[18.4225982,-33.9194172]]}},{"type":"Feature","properties":{"highway":"footway","name":null,"oneway":null,"surface":"paving_stones","lanes":null,"maxspeed":null},"geometry":{"type":"LineString","coordinates":[[18.4242402,-33.9194059],[18.4240365,-33.919427],[18.4236656,-33.9194653]]}},{"type":"Feature","properties":{"highway":"steps","name":null,"oneway":null,"surface":"paving_stones","lanes":null,"maxspeed":null},"geometry":{"type":"LineString","coordinates":[[18.4237813,-33.9196726],[18.4238022,-33.9196529]]}},{"type":"Feature","properties":{"highway":"footway","name":null,"oneway":null,"surface":"paving_stones","lanes":null,"maxspeed":null},"geometry":{"type":"LineString","coordinates":[[18.4237766,-33.9203206],[18.4237984,-33.9203003],[18.4241214,-33.9199908],[18.4240628,-33.9199186],[18.4240485,-33.9199033],[18.4240695,-33.9198827],[18.4241069,-33.919849],[18.4241488,-33.9198102]]}},{"type":"Feature","properties":{"highway":"footway","name":null,"oneway":null,"surface":"paving_stones","lanes":null,"maxspeed":null},"geometry":{"type":"LineString","coordinates":[[18.4238022,-33.9196529],[18.4238219,-33.9196346],[18.4240365,-33.919427],[18.4241341,-33.9193294]]}},{"type":"Feature","properties":{"highway":"footway","name":null,"oneway":null,"surface":"paving_stones","lanes":null,"maxspeed":null},"geometry":{"type":"LineString","coordinates":[[18.4244421,-33.9196062],[18.4242774,-33.9194851],[18.424255,-33.9194699],[18.4242352,-33.9194521],[18.42398,-33.9196863],[18.4240062,-33.919704],[18.4241409,-33.9198044],[18.4241488,-33.9198102],[18.4241912,-33.9198414],[18.4244421,-33.9196062]]}},{"type":"Feature","properties":{"highway":"footway","name":null,"oneway":null,"surface":"paving_stones","lanes":null,"maxspeed":null},"geometry":{"type":"LineString","coordinates":[[18.4246091,-33.9196227],[18.4244699,-33.9195015],[18.4243442,-33.9194114],[18.4243328,-33.9194048],[18.4243199,-33.9193954],[18.4243038,-33.919387]]}},{"type":"Feature","properties":{"highway":"footway","name":null,"oneway":null,"surface":"paving_stones","lanes":null,"maxspeed":null},"geometry":{"type":"LineString","coordinates":[[18.4249741,-33.9201705],[18.4246861,-33.9199604],[18.4250207,-33.9196438],[18.4250764,-33.9195915],[18.425033,-33.9195608],[18.4245468,-33.9192172],[18.4245346,-33.9192086],[18.4244996,-33.9191863]]}},{"type":"Feature","properties":{"highway":"footway","name":null,"oneway":null,"surface":"paving_stones","lanes":null,"maxspeed":null},"geometry":{"type":"LineString","coordinates":[[18.4238697,-33.9203884],[18.4242178,-33.9200571],[18.4244719,-33.9197751],[18.4246091,-33.9196227]]}},{"type":"Feature","properties":{"highway":"service","name":null,"oneway":"yes","surface":"concrete","lanes":"1","maxspeed":null},"geometry":{"type":"LineString","coordinates":[[18.423116,-33.9189352],[18.4231711,-33.91897],[18.4232125,-33.9189811],[18.4232621,-33.9189794],[18.4234576,-33.918797],[18.4234758,-33.9187645],[18.4234439,-33.9187176],[18.423427,-33.9186906],[18.4233959,-33.9186664],[18.42333,-33.9186185]]}},{"type":"Feature","properties":{"highway":"footway","name":null,"oneway":null,"surface":"paving_stones","lanes":null,"maxspeed":null},"geometry":{"type":"LineString","coordinates":[[18.4244996,-33.9191863],[18.4242912,-33.9190346],[18.4241772,-33.9189527],[18.4241516,-33.9189344],[18.4241268,-33.9189166],[18.4236611,-33.9185828],[18.423591,-33.9185381]]}},{"type":"Feature","properties":{"highway":"service","name":null,"oneway":"no","surface":"paving_stones","lanes":"1","maxspeed":null},"geometry":{"type":"LineString","coordinates":[[18.4230517,-33.9188811],[18.423116,-33.9189352]]}},{"type":"Feature","properties":{"highway":"steps","name":null,"oneway":null,"surface":"paving_stones","lanes":null,"maxspeed":null},"geometry":{"type":"LineString","coordinates":[[18.4236656,-33.9194653],[18.4236344,-33.9194686]]}},{"type":"Feature","properties":{"highway":"service","name":null,"oneway":"yes","surface":"concrete","lanes":"1","maxspeed":null},"geometry":{"type":"LineString","coordinates":[[18.4232391,-33.9188572],[18.423427,-33.9186906]]}},{"type":"Feature","properties":{"highway":"footway","name":null,"oneway":null,"surface":"paving_stones","lanes":null,"maxspeed":null},"geometry":{"type":"LineString","coordinates":[[18.4239087,-33.9191709],[18.4241294,-33.9189557],[18.4241516,-33.9189344]]}},{"type":"Feature","properties":{"highway":"steps","name":null,"oneway":null,"surface":"concrete","lanes":null,"maxspeed":null},"geometry":{"type":"LineString","coordinates":[[18.4237474,-33.9190575],[18.4237264,-33.919043]]}},{"type":"Feature","properties":{"highway":"footway","name":null,"oneway":null,"surface":"paving_stones","lanes":null,"maxspeed":null},"geometry":{"type":"LineString","coordinates":[[18.4234617,-33.9193636],[18.4235218,-33.9193056],[18.4237677,-33.9190719]]}},{"type":"Feature","properties":{"highway":"footway","name":null,"oneway":null,"surface":"paving_stones","lanes":null,"maxspeed":null},"geometry":{"type":"LineString","coordinates":[[18.423539,-33.919527],[18.4236052,-33.9194716],[18.4236344,-33.9194686]]}},{"type":"Feature","properties":{"highway":"footway","name":null,"oneway":null,"surface":"paving_stones","lanes":null,"maxspeed":null},"geometry":{"type":"LineString","coordinates":[[18.4245429,-33.9196213],[18.4245112,-33.919599],[18.4243072,-33.9194522],[18.4242841,-33.9194368],[18.4242402,-33.9194059],[18.4241341,-33.9193294]]}},{"type":"Feature","properties":{"highway":"footway","name":null,"oneway":null,"surface":"paving_stones","lanes":null,"maxspeed":null},"geometry":{"type":"LineString","coordinates":[[18.4241341,-33.9193294],[18.4239087,-33.9191709],[18.4237677,-33.9190719],[18.4237474,-33.9190575]]}},{"type":"Feature","properties":{"highway":"footway","name":null,"oneway":null,"surface":"paving_stones","lanes":null,"maxspeed":null},"geometry":{"type":"LineString","coordinates":[[18.4244996,-33.9191863],[18.4244796,-33.9192055],[18.4243038,-33.919387],[18.4242402,-33.9194059],[18.4242352,-33.9194521]]}},{"type":"Feature","properties":{"highway":"service","name":null,"oneway":"yes","surface":"paving_stones","lanes":"1","maxspeed":null},"geometry":{"type":"LineString","coordinates":[[18.423116,-33.9189352],[18.4232556,-33.9188842],[18.4233038,-33.9188537],[18.4233643,-33.9188013],[18.4234071,-33.9187594]]}},{"type":"Feature","properties":{"highway":"footway","name":null,"oneway":null,"surface":"paving_stones","lanes":null,"maxspeed":null},"geometry":{"type":"LineString","coordinates":[[18.4237264,-33.919043],[18.4237005,-33.919025],[18.4236779,-33.9188003],[18.4236123,-33.9187506],[18.42355,-33.9187491],[18.4234805,-33.918692],[18.423458,-33.9186723],[18.423424,-33.9186308]]}},{"type":"Feature","properties":{"highway":"residential","name":"Pepper Street","oneway":null,"surface":"asphalt","lanes":"2","maxspeed":"60"},"geometry":{"type":"LineString","coordinates":[[18.4131096,-33.9226605],[18.4133125,-33.9228136],[18.4137129,-33.9231058],[18.4141194,-33.9233911]]}},{"type":"Feature","properties":{"highway":"service","name":"Bouquet Street","oneway":null,"surface":null,"lanes":null,"maxspeed":null},"geometry":{"type":"LineString","coordinates":[[18.4184284,-33.927848],[18.418664,-33.9280184],[18.4188322,-33.9281426]]}},{"type":"Feature","properties":{"highway":"residential","name":"Lelie Street","oneway":null,"surface":"asphalt","lanes":"2","maxspeed":null},"geometry":{"type":"LineString","coordinates":[[18.4202507,-33.926679],[18.4204268,-33.9268019],[18.4204819,-33.9268393]]}},{"type":"Feature","properties":{"highway":"pedestrian","name":"Parliament Lane","oneway":null,"surface":null,"lanes":null,"maxspeed":null},"geometry":{"type":"LineString","coordinates":[[18.4206909,-33.9255285],[18.42014,-33.9251199],[18.4200103,-33.9250255],[18.41994,-33.9249736]]}},{"type":"Feature","properties":{"highway":"service","name":"Parliament Street","oneway":null,"surface":"paving_stones","lanes":null,"maxspeed":null},"geometry":{"type":"LineString","coordinates":[[18.4191987,-33.9269682],[18.4198179,-33.9263722],[18.4201158,-33.9260845],[18.4206268,-33.9255908]]}},{"type":"Feature","properties":{"highway":"service","name":"Stal Street","oneway":null,"surface":"paving_stones","lanes":null,"maxspeed":null},"geometry":{"type":"LineString","coordinates":[[18.4196903,-33.9272869],[18.4198044,-33.9273598]]}},{"type":"Feature","properties":{"highway":"service","name":null,"oneway":null,"surface":null,"lanes":null,"maxspeed":null},"geometry":{"type":"LineString","coordinates":[[18.4209586,-33.9258378],[18.4211056,-33.9259409],[18.421225,-33.9260252],[18.4212899,-33.926071]]}},{"type":"Feature","properties":{"highway":"secondary","name":"Adderley Street","oneway":"yes","surface":"asphalt","lanes":"2","maxspeed":"60"},"geometry":{"type":"LineString","coordinates":[[18.4200782,-33.9248738],[18.4201486,-33.9248582],[18.4202856,-33.9247337],[18.4203614,-33.9246612]]}},{"type":"Feature","properties":{"highway":"secondary","name":"Adderley Street","oneway":"yes","surface":"asphalt","lanes":"2","maxspeed":"60"},"geometry":{"type":"LineString","coordinates":[[18.4204436,-33.9247199],[18.4203677,-33.9247892],[18.4202747,-33.9248739],[18.4201971,-33.9249322],[18.420103,-33.924949]]}},{"type":"Feature","properties":{"highway":"secondary","name":"Darling Street","oneway":"yes","surface":"asphalt","lanes":"1","maxspeed":"60"},"geometry":{"type":"LineString","coordinates":[[18.4217004,-33.9234992],[18.4216211,-33.9234421]]}},{"type":"Feature","properties":{"highway":"secondary","name":"Wale Street","oneway":"yes","surface":"asphalt","lanes":"2","maxspeed":"60"},"geometry":{"type":"LineString","coordinates":[[18.4180656,-33.9234345],[18.4181404,-33.9234876],[18.4186233,-33.9238467],[18.4187404,-33.9239333],[18.4188254,-33.923996],[18.4190379,-33.924153],[18.4191117,-33.9242075]]}},{"type":"Feature","properties":{"highway":"secondary","name":"Wale Street","oneway":"yes","surface":"asphalt","lanes":"2","maxspeed":"60"},"geometry":{"type":"LineString","coordinates":[[18.4190545,-33.9242616],[18.418978,-33.9242078],[18.4187606,-33.924055],[18.4186742,-33.9239943],[18.4185541,-33.9239099],[18.4182313,-33.9236884]]}},{"type":"Feature","properties":{"highway":"secondary","name":"Wale Street","oneway":"yes","surface":"asphalt","lanes":"2","maxspeed":"60"},"geometry":{"type":"LineString","coordinates":[[18.4164398,-33.9222335],[18.4166346,-33.922382],[18.416676,-33.9224136]]}},{"type":"Feature","properties":{"highway":"footway","name":null,"oneway":null,"surface":"asphalt","lanes":null,"maxspeed":null},"geometry":{"type":"LineString","coordinates":[[18.4179912,-33.9269925],[18.4179465,-33.926961]]}},{"type":"Feature","properties":{"highway":"footway","name":null,"oneway":null,"surface":null,"lanes":null,"maxspeed":null},"geometry":{"type":"LineString","coordinates":[[18.4179976,-33.9269972],[18.4179912,-33.9269925]]}},{"type":"Feature","properties":{"highway":"footway","name":null,"oneway":null,"surface":"paved","lanes":null,"maxspeed":null},"geometry":{"type":"LineString","coordinates":[[18.4187919,-33.9258043],[18.4185503,-33.9256364],[18.4184993,-33.9256297]]}},{"type":"Feature","properties":{"highway":"footway","name":null,"oneway":null,"surface":"paved","lanes":null,"maxspeed":null},"geometry":{"type":"LineString","coordinates":[[18.4174991,-33.9265662],[18.4179362,-33.9261569],[18.4182491,-33.9258639],[18.4184993,-33.9256297]]}},{"type":"Feature","properties":{"highway":"service","name":null,"oneway":null,"surface":null,"lanes":null,"maxspeed":null},"geometry":{"type":"LineString","coordinates":[[18.418664,-33.9280184],[18.4185923,-33.9280879],[18.418549,-33.9281299]]}},{"type":"Feature","properties":{"highway":"residential","name":"Church Street","oneway":"yes","surface":"asphalt","lanes":"1","maxspeed":null},"geometry":{"type":"LineString","coordinates":[[18.4164181,-33.9212878],[18.4156734,-33.9207274],[18.415033,-33.9202637]]}},{"type":"Feature","properties":{"highway":"residential","name":"Shortmarket Street","oneway":"yes","surface":"asphalt","lanes":"1","maxspeed":"60"},"geometry":{"type":"LineString","coordinates":[[18.4173775,-33.9203917],[18.4166479,-33.9198524]]}},{"type":"Feature","properties":{"highway":"residential","name":"Shortmarket Street","oneway":null,"surface":"asphalt","lanes":"2","maxspeed":"60"},"geometry":{"type":"LineString","coordinates":[[18.4166479,-33.9198524],[18.4161915,-33.9195224],[18.4160107,-33.9193917]]}},{"type":"Feature","properties":{"highway":"footway","name":null,"oneway":null,"surface":"paved","lanes":null,"maxspeed":null},"geometry":{"type":"LineString","coordinates":[[18.4287399,-33.9175432],[18.4287436,-33.9175013],[18.428747,-33.9174634]]}},{"type":"Feature","properties":{"highway":"residential","name":"Maynard Street","oneway":"yes","surface":"asphalt","lanes":"1","maxspeed":null},"geometry":{"type":"LineString","coordinates":[[18.4210993,-33.9310054],[18.4209654,-33.9313099]]}},{"type":"Feature","properties":{"highway":"footway","name":null,"oneway":null,"surface":"paved","lanes":null,"maxspeed":null},"geometry":{"type":"LineString","coordinates":[[18.4167201,-33.9285917],[18.4168953,-33.9284231],[18.4169287,-33.9284118],[18.4172787,-33.9280659],[18.417521,-33.9278367],[18.4179744,-33.9273933],[18.4181848,-33.9271875]]}},{"type":"Feature","properties":{"highway":"footway","name":null,"oneway":null,"surface":null,"lanes":null,"maxspeed":null},"geometry":{"type":"LineString","coordinates":[[18.4259782,-33.9242684],[18.4261037,-33.9243328]]}},{"type":"Feature","properties":{"highway":"footway","name":null,"oneway":null,"surface":null,"lanes":null,"maxspeed":null},"geometry":{"type":"LineString","coordinates":[[18.4257338,-33.9241019],[18.4245244,-33.9232402]]}},{"type":"Feature","properties":{"highway":"footway","name":null,"oneway":null,"surface":null,"lanes":null,"maxspeed":null},"geometry":{"type":"LineString","coordinates":[[18.4245244,-33.9232402],[18.4242582,-33.9235075]]}},{"type":"Feature","properties":{"highway":"tertiary","name":"D.F. Malan Street","oneway":"yes","surface":"asphalt","lanes":"3","maxspeed":"60"},"geometry":{"type":"LineString","coordinates":[[18.4282422,-33.919942],[18.4282907,-33.9198905]]}},{"type":"Feature","properties":{"highway":"busway","name":"Adderley Street Bus Lane","oneway":"yes","surface":"asphalt","lanes":"1","maxspeed":null},"geometry":{"type":"LineString","coordinates":[[18.4245449,-33.9209306],[18.4245159,-33.9209461],[18.4244882,-33.9209548],[18.4244581,-33.9209616],[18.4244288,-33.9209584],[18.4244041,-33.9209472],[18.4243825,-33.9209327],[18.4243374,-33.9208657]]}},{"type":"Feature","properties":{"highway":"busway","name":"Adderley Street Bus Lane","oneway":"yes","surface":"asphalt","lanes":"1","maxspeed":null},"geometry":{"type":"LineString","coordinates":[[18.4243374,-33.9208657],[18.4243817,-33.9208715],[18.4244169,-33.9208695],[18.4244496,-33.9208603]]}},{"type":"Feature","properties":{"highway":"path","name":null,"oneway":null,"surface":null,"lanes":null,"maxspeed":null},"geometry":{"type":"LineString","coordinates":[[18.4119221,-33.9155681],[18.4118839,-33.9155386],[18.4117136,-33.9155186],[18.4116881,-33.9154707],[18.4116178,-33.915432],[18.4116672,-33.9152765]]}},{"type":"Feature","properties":{"highway":"footway","name":null,"oneway":null,"surface":null,"lanes":null,"maxspeed":null},"geometry":{"type":"LineString","coordinates":[[18.4124635,-33.9176417],[18.4125047,-33.917703],[18.4127088,-33.9182085],[18.412764,-33.9183182]]}},{"type":"Feature","properties":{"highway":"residential","name":"Castle Street","oneway":"yes","surface":"asphalt","lanes":"1","maxspeed":null},"geometry":{"type":"LineString","coordinates":[[18.4259353,-33.9248429],[18.4258024,-33.9248034]]}},{"type":"Feature","properties":{"highway":"residential","name":"Castle Street","oneway":null,"surface":"asphalt","lanes":"1","maxspeed":null},"geometry":{"type":"LineString","coordinates":[[18.4259353,-33.9248429],[18.4260133,-33.9248478]]}},{"type":"Feature","properties":{"highway":"residential","name":"Napier Street","oneway":"no","surface":"asphalt","lanes":"2","maxspeed":null},"geometry":{"type":"LineString","coordinates":[[18.4171415,-33.91537],[18.4171758,-33.9153584],[18.4174037,-33.9152756],[18.4174571,-33.9152405],[18.4175314,-33.9151954],[18.4175832,-33.9151695],[18.4180646,-33.9149922]]}},{"type":"Feature","properties":{"highway":"residential","name":"Moreland Terrace","oneway":"yes","surface":"asphalt","lanes":null,"maxspeed":null},"geometry":{"type":"LineString","coordinates":[[18.4174571,-33.9152405],[18.4171569,-33.9146726],[18.4171585,-33.9146546]]}},{"type":"Feature","properties":{"highway":"footway","name":null,"oneway":null,"surface":"paving_stones","lanes":null,"maxspeed":null},"geometry":{"type":"LineString","coordinates":[[18.4311221,-33.9286612],[18.431186,-33.9286929],[18.4312317,-33.9287155],[18.4318962,-33.9287525],[18.4319014,-33.9286774]]}},{"type":"Feature","properties":{"highway":"footway","name":null,"oneway":null,"surface":null,"lanes":null,"maxspeed":null},"geometry":{"type":"LineString","coordinates":[[18.4318962,-33.9287525],[18.4319307,-33.9287907],[18.4319404,-33.9288203],[18.4319203,-33.9291119]]}},{"type":"Feature","properties":{"highway":"footway","name":null,"oneway":null,"surface":null,"lanes":null,"maxspeed":null},"geometry":{"type":"LineString","coordinates":[[18.4326363,-33.9286429],[18.4334081,-33.9286871]]}},{"type":"Feature","properties":{"highway":"footway","name":null,"oneway":null,"surface":null,"lanes":null,"maxspeed":null},"geometry":{"type":"LineString","coordinates":[[18.4279797,-33.927426],[18.4285247,-33.9277914],[18.4286247,-33.927794]]}},{"type":"Feature","properties":{"highway":"footway","name":null,"oneway":null,"surface":null,"lanes":null,"maxspeed":null},"geometry":{"type":"LineString","coordinates":[[18.4292624,-33.9282381],[18.4297662,-33.9285314]]}},{"type":"Feature","properties":{"highway":"pedestrian","name":null,"oneway":null,"surface":"paving_stones","lanes":null,"maxspeed":null},"geometry":{"type":"LineString","coordinates":[[18.4274049,-33.9284456],[18.4280898,-33.928943]]}},{"type":"Feature","properties":{"highway":"pedestrian","name":null,"oneway":null,"surface":"paving_stones","lanes":null,"maxspeed":null},"geometry":{"type":"LineString","coordinates":[[18.4273103,-33.9284484],[18.4268727,-33.9288548],[18.4268591,-33.9288672],[18.4268182,-33.9289075]]}},{"type":"Feature","properties":{"highway":"footway","name":null,"oneway":null,"surface":"paving_stones","lanes":null,"maxspeed":null},"geometry":{"type":"LineString","coordinates":[[18.4266915,-33.9307261],[18.4271384,-33.9303479],[18.4271889,-33.9303051]]}},{"type":"Feature","properties":{"highway":"footway","name":null,"oneway":null,"surface":null,"lanes":null,"maxspeed":null},"geometry":{"type":"LineString","coordinates":[[18.4271384,-33.9303479],[18.4274137,-33.9305694],[18.4277925,-33.9308744],[18.427896,-33.9309576]]}},{"type":"Feature","properties":{"highway":"footway","name":null,"oneway":null,"surface":"paving_stones","lanes":null,"maxspeed":null},"geometry":{"type":"LineString","coordinates":[[18.4265508,-33.9297952],[18.4264613,-33.9298308],[18.4261622,-33.9301236]]}},{"type":"Feature","properties":{"highway":"residential","name":"Dixon Street","oneway":null,"surface":"asphalt","lanes":"2","maxspeed":"60"},"geometry":{"type":"LineString","coordinates":[[18.4175486,-33.9161572],[18.4170976,-33.9163189]]}},{"type":"Feature","properties":{"highway":"footway","name":null,"oneway":null,"surface":null,"lanes":null,"maxspeed":null},"geometry":{"type":"LineString","coordinates":[[18.4251368,-33.9228818],[18.4252578,-33.9227651],[18.4253738,-33.9226534],[18.4254823,-33.9225488],[18.4255941,-33.9224411],[18.4256665,-33.9223713],[18.4257184,-33.9223213],[18.4258366,-33.9222072],[18.4259657,-33.9220828],[18.4260786,-33.9219738],[18.4261133,-33.9219403],[18.4261851,-33.9218711],[18.4263135,-33.9217472],[18.4264845,-33.9215822],[18.4266412,-33.9214311]]}},{"type":"Feature","properties":{"highway":"service","name":null,"oneway":null,"surface":null,"lanes":null,"maxspeed":null},"geometry":{"type":"LineString","coordinates":[[18.41459,-33.922228],[18.4142626,-33.9225249]]}},{"type":"Feature","properties":{"highway":"steps","name":null,"oneway":null,"surface":null,"lanes":null,"maxspeed":null},"geometry":{"type":"LineString","coordinates":[[18.4130046,-33.9224747],[18.4131443,-33.9225774]]}},{"type":"Feature","properties":{"highway":"footway","name":null,"oneway":null,"surface":null,"lanes":null,"maxspeed":null},"geometry":{"type":"LineString","coordinates":[[18.4129681,-33.922449],[18.4130046,-33.9224747]]}},{"type":"Feature","properties":{"highway":"footway","name":null,"oneway":null,"surface":null,"lanes":null,"maxspeed":null},"geometry":{"type":"LineString","coordinates":[[18.4131443,-33.9225774],[18.4131496,-33.9226008],[18.4131128,-33.922637],[18.4131096,-33.9226605]]}},{"type":"Feature","properties":{"highway":"footway","name":null,"oneway":null,"surface":null,"lanes":null,"maxspeed":null},"geometry":{"type":"LineString","coordinates":[[18.4138222,-33.9269736],[18.4140824,-33.9268907],[18.4141521,-33.9268645],[18.4142172,-33.9268262],[18.4142909,-33.9267666],[18.4145035,-33.9265674],[18.4145729,-33.9265605],[18.4147853,-33.9263839],[18.4150337,-33.9261626],[18.4150397,-33.9261481],[18.415033,-33.9261286],[18.4148855,-33.9260163]]}},{"type":"Feature","properties":{"highway":"footway","name":null,"oneway":null,"surface":null,"lanes":null,"maxspeed":null},"geometry":{"type":"LineString","coordinates":[[18.4136914,-33.9272606],[18.4137129,-33.927298],[18.4137364,-33.927367],[18.4137572,-33.9274866],[18.4137746,-33.9276479],[18.4137712,-33.9276986],[18.4137585,-33.9277548],[18.4136861,-33.9279267],[18.4135775,-33.9281431],[18.4134802,-33.9283384]]}},{"type":"Feature","properties":{"highway":"footway","name":null,"oneway":null,"surface":null,"lanes":null,"maxspeed":null},"geometry":{"type":"LineString","coordinates":[[18.4136245,-33.9272097],[18.4135249,-33.9273043],[18.4134722,-33.9273575],[18.4134568,-33.9273926],[18.4133173,-33.9275322],[18.413269,-33.9275456],[18.4132187,-33.9275882],[18.4130512,-33.9277553],[18.4126847,-33.9281083],[18.4125088,-33.928281]]}},{"type":"Feature","properties":{"highway":"service","name":null,"oneway":null,"surface":"asphalt","lanes":null,"maxspeed":null},"geometry":{"type":"LineString","coordinates":[[18.4134752,-33.927271],[18.4135249,-33.9273043],[18.41355,-33.9273211],[18.4137041,-33.9274271]]}},{"type":"Feature","properties":{"highway":"footway","name":null,"oneway":null,"surface":"paving_stones","lanes":null,"maxspeed":null},"geometry":{"type":"LineString","coordinates":[[18.4135278,-33.9271372],[18.4135258,-33.9271183],[18.4135356,-33.9271063],[18.4132628,-33.926907],[18.4129351,-33.9266603]]}},{"type":"Feature","properties":{"highway":"footway","name":null,"oneway":null,"surface":"paving_stones","lanes":null,"maxspeed":null},"geometry":{"type":"LineString","coordinates":[[18.4133803,-33.9267082],[18.4133857,-33.9267316],[18.4133998,-33.926746],[18.4136771,-33.9269582],[18.413741,-33.9269993],[18.4138222,-33.9269736],[18.4138309,-33.926996]]}},{"type":"Feature","properties":{"highway":"footway","name":null,"oneway":null,"surface":"asphalt","lanes":null,"maxspeed":null},"geometry":{"type":"LineString","coordinates":[[18.4135356,-33.9271063],[18.4135732,-33.927067],[18.4136437,-33.9269935],[18.4136771,-33.9269582]]}},{"type":"Feature","properties":{"highway":"footway","name":null,"oneway":null,"surface":"paving_stones","lanes":null,"maxspeed":null},"geometry":{"type":"LineString","coordinates":[[18.4139413,-33.9271272],[18.4139556,-33.9271383],[18.4139288,-33.9271717],[18.4139161,-33.927195],[18.413914,-33.9272199],[18.4138726,-33.9272275]]}},{"type":"Feature","properties":{"highway":"footway","name":null,"oneway":null,"surface":"asphalt","lanes":null,"maxspeed":null},"geometry":{"type":"LineString","coordinates":[[18.4138309,-33.926996],[18.4138382,-33.9270151],[18.4138522,-33.9270514]]}},{"type":"Feature","properties":{"highway":"footway","name":null,"oneway":null,"surface":"asphalt","lanes":null,"maxspeed":null},"geometry":{"type":"LineString","coordinates":[[18.4138726,-33.9272275],[18.4138463,-33.9272323],[18.4137499,-33.9272499],[18.4137082,-33.9272575]]}},{"type":"Feature","properties":{"highway":"footway","name":null,"oneway":null,"surface":"paving_stones","lanes":null,"maxspeed":null},"geometry":{"type":"LineString","coordinates":[[18.4137082,-33.9272575],[18.4136914,-33.9272606],[18.4136245,-33.9272097],[18.4136135,-33.9272018]]}},{"type":"Feature","properties":{"highway":"tertiary","name":"Loop Street","oneway":"yes","surface":"asphalt","lanes":"1","maxspeed":"60"},"geometry":{"type":"LineString","coordinates":[[18.4133576,-33.926925],[18.4132994,-33.9268517],[18.4132853,-33.9268213],[18.4132853,-33.9267911],[18.4132969,-33.9267559]]}},{"type":"Feature","properties":{"highway":"primary","name":"Buiten Crescent","oneway":"yes","surface":"asphalt","lanes":"1","maxspeed":"60"},"geometry":{"type":"LineString","coordinates":[[18.4133576,-33.926925],[18.4132926,-33.9268794],[18.4132113,-33.9268223],[18.4130155,-33.9266574],[18.412934,-33.9265642]]}},{"type":"Feature","properties":{"highway":"primary","name":"Orange Street","oneway":"yes","surface":"asphalt","lanes":"2","maxspeed":"60"},"geometry":{"type":"LineString","coordinates":[[18.4137871,-33.9278976],[18.4138039,-33.9277808],[18.4138276,-33.9276963],[18.4138287,-33.9276506],[18.4138242,-33.9275984],[18.4138027,-33.927453],[18.413791,-33.9273854]]}},{"type":"Feature","properties":{"highway":"primary","name":"Orange Street","oneway":null,"surface":"asphalt","lanes":"4","maxspeed":"60"},"geometry":{"type":"LineString","coordinates":[[18.4137871,-33.9278976],[18.4137725,-33.9279306],[18.4137278,-33.9280251],[18.4137119,-33.92806],[18.4136745,-33.9281377]]}},{"type":"Feature","properties":{"highway":"primary","name":"Buiten Crescent","oneway":"yes","surface":"asphalt","lanes":"2","maxspeed":"60"},"geometry":{"type":"LineString","coordinates":[[18.412934,-33.9265642],[18.4130384,-33.9266192],[18.4131617,-33.9266999],[18.4132301,-33.9267288],[18.4132969,-33.9267559]]}},{"type":"Feature","properties":{"highway":"footway","name":null,"oneway":null,"surface":null,"lanes":null,"maxspeed":null},"geometry":{"type":"LineString","coordinates":[[18.4128352,-33.9253161],[18.4128519,-33.9253178],[18.41287,-33.9253128],[18.4131128,-33.9250807],[18.413147,-33.9250668],[18.4133387,-33.9248904],[18.4133421,-33.9248715],[18.4133334,-33.9248554],[18.413229,-33.9247775],[18.4131359,-33.9247102],[18.4131185,-33.9247055],[18.4126333,-33.9251425],[18.4126286,-33.9251603],[18.4126393,-33.9251776],[18.4128352,-33.9253161]]}},{"type":"Feature","properties":{"highway":"tertiary","name":"Walter Sisulu Avenue","oneway":"yes","surface":"asphalt","lanes":"4","maxspeed":"60"},"geometry":{"type":"LineString","coordinates":[[18.4253885,-33.9156124],[18.424984,-33.9153224],[18.4246097,-33.9150507],[18.4244753,-33.9149531]]}},{"type":"Feature","properties":{"highway":"footway","name":null,"oneway":null,"surface":null,"lanes":null,"maxspeed":null},"geometry":{"type":"LineString","coordinates":[[18.4235098,-33.9185389],[18.4234608,-33.9184993],[18.4233911,-33.9184413]]}},{"type":"Feature","properties":{"highway":"residential","name":"Lower Burg Street","oneway":"yes","surface":"paving_stones","lanes":null,"maxspeed":"60"},"geometry":{"type":"LineString","coordinates":[[18.4225102,-33.9204032],[18.4225595,-33.9203565],[18.4225994,-33.9203188],[18.422981,-33.9199576],[18.42305,-33.9198923]]}},{"type":"Feature","properties":{"highway":"footway","name":null,"oneway":null,"surface":null,"lanes":null,"maxspeed":null},"geometry":{"type":"LineString","coordinates":[[18.4219386,-33.920983],[18.4218947,-33.9210196],[18.421849,-33.9210578]]}},{"type":"Feature","properties":{"highway":"tertiary","name":"Loop Street","oneway":"yes","surface":"asphalt","lanes":"2","maxspeed":"60"},"geometry":{"type":"LineString","coordinates":[[18.4174215,-33.9229609],[18.4174645,-33.9229218],[18.4179582,-33.922472],[18.4179983,-33.9224355],[18.4180939,-33.9223479],[18.4184721,-33.922001],[18.4185247,-33.9219521],[18.4185847,-33.9218985],[18.4189444,-33.9215709],[18.4189788,-33.9215401],[18.4190141,-33.9215077],[18.41936,-33.9211922]]}},{"type":"Feature","properties":{"highway":"service","name":null,"oneway":null,"surface":null,"lanes":null,"maxspeed":null},"geometry":{"type":"LineString","coordinates":[[18.4126777,-33.9192105],[18.4126262,-33.9191648],[18.4127204,-33.9190958],[18.4128028,-33.9190636],[18.4128772,-33.9190551],[18.4129081,-33.9190755],[18.4129045,-33.9191167]]}},{"type":"Feature","properties":{"highway":"footway","name":null,"oneway":null,"surface":null,"lanes":null,"maxspeed":null},"geometry":{"type":"LineString","coordinates":[[18.4123286,-33.9192793],[18.4123424,-33.9192542],[18.4123943,-33.9190849],[18.412601,-33.9188756],[18.4128917,-33.9186064]]}},{"type":"Feature","properties":{"highway":"footway","name":null,"oneway":null,"surface":null,"lanes":null,"maxspeed":null},"geometry":{"type":"LineString","coordinates":[[18.4128635,-33.9185344],[18.4129011,-33.9185235]]}},{"type":"Feature","properties":{"highway":"steps","name":null,"oneway":null,"surface":null,"lanes":null,"maxspeed":null},"geometry":{"type":"LineString","coordinates":[[18.4129011,-33.9185235],[18.4129916,-33.9184923]]}},{"type":"Feature","properties":{"highway":"footway","name":null,"oneway":null,"surface":null,"lanes":null,"maxspeed":null},"geometry":{"type":"LineString","coordinates":[[18.4129916,-33.9184923],[18.4134543,-33.918336],[18.4134748,-33.9183777]]}},{"type":"Feature","properties":{"highway":"residential","name":"Bree Street","oneway":"yes","surface":"asphalt","lanes":"2","maxspeed":"60"},"geometry":{"type":"LineString","coordinates":[[18.4182997,-33.9210764],[18.4182472,-33.9211258],[18.4180632,-33.9213046]]}},{"type":"Feature","properties":{"highway":"residential","name":"Bree Street","oneway":"yes","surface":"asphalt","lanes":"2","maxspeed":null},"geometry":{"type":"LineString","coordinates":[[18.4182174,-33.9210214],[18.4182728,-33.920973],[18.418735,-33.9205403],[18.4187736,-33.920503],[18.4188169,-33.9204624],[18.4193137,-33.9199948]]}},{"type":"Feature","properties":{"highway":"residential","name":"Shortmarket Street","oneway":null,"surface":"asphalt","lanes":"2","maxspeed":"60"},"geometry":{"type":"LineString","coordinates":[[18.4182174,-33.9210214],[18.4181547,-33.9209768],[18.4179373,-33.9208203],[18.4178983,-33.9207922],[18.4175434,-33.9205365],[18.4173775,-33.9203917]]}},{"type":"Feature","properties":{"highway":"tertiary","name":"Loop Street","oneway":"yes","surface":"asphalt","lanes":"3","maxspeed":"60"},"geometry":{"type":"LineString","coordinates":[[18.4211717,-33.9195361],[18.4212114,-33.9194996],[18.421238,-33.9194739],[18.4212708,-33.919446],[18.4215927,-33.9191488]]}},{"type":"Feature","properties":{"highway":"footway","name":null,"oneway":null,"surface":"paving_stones","lanes":null,"maxspeed":null},"geometry":{"type":"LineString","coordinates":[[18.4211254,-33.9195017],[18.4211717,-33.9195361],[18.4212089,-33.9195637]]}},{"type":"Feature","properties":{"highway":"footway","name":null,"oneway":null,"surface":"asphalt","lanes":null,"maxspeed":null},"geometry":{"type":"LineString","coordinates":[[18.422516,-33.9214164],[18.4225089,-33.9213839],[18.4224663,-33.9213489],[18.4222941,-33.9212535],[18.4222619,-33.9212365],[18.422198,-33.9211894],[18.4219386,-33.920983],[18.4216586,-33.9207576],[18.4213628,-33.9205268]]}},{"type":"Feature","properties":{"highway":"footway","name":null,"oneway":null,"surface":null,"lanes":null,"maxspeed":null},"geometry":{"type":"LineString","coordinates":[[18.421849,-33.9210578],[18.4219191,-33.9211121],[18.4218791,-33.9211525],[18.4218313,-33.9212009]]}},{"type":"Feature","properties":{"highway":"tertiary","name":"Lower Loop Street","oneway":"yes","surface":"asphalt","lanes":"3","maxspeed":"60"},"geometry":{"type":"LineString","coordinates":[[18.4231952,-33.9176647],[18.4233248,-33.9175329],[18.4234868,-33.9173825],[18.4235784,-33.9172984],[18.4236544,-33.9172367],[18.4237275,-33.917185],[18.4238174,-33.9171436],[18.4239227,-33.9171027],[18.4240237,-33.9170787],[18.4241331,-33.9170594],[18.4242262,-33.9170432],[18.4246672,-33.9169821]]}},{"type":"Feature","properties":{"highway":"footway","name":null,"oneway":null,"surface":"paving_stones","lanes":null,"maxspeed":null},"geometry":{"type":"LineString","coordinates":[[18.4212209,-33.9194075],[18.4212708,-33.919446],[18.4213129,-33.9194787]]}},{"type":"Feature","properties":{"highway":"footway","name":null,"oneway":null,"surface":"paving_stones","lanes":null,"maxspeed":null},"geometry":{"type":"LineString","coordinates":[[18.4236663,-33.9204732],[18.4237513,-33.920533]]}},{"type":"Feature","properties":{"highway":"pedestrian","name":"Saint George's Mall","oneway":null,"surface":"paved","lanes":null,"maxspeed":null},"geometry":{"type":"LineString","coordinates":[[18.4225817,-33.9214644],[18.4226151,-33.921436],[18.4230114,-33.9210717],[18.4231078,-33.9209873],[18.4236508,-33.9204864],[18.4236663,-33.9204732]]}},{"type":"Feature","properties":{"highway":"secondary","name":"Wale Street","oneway":"yes","surface":"asphalt","lanes":"2","maxspeed":"60"},"geometry":{"type":"LineString","coordinates":[[18.4174215,-33.9229609],[18.4174801,-33.9230041],[18.4179042,-33.9233156]]}},{"type":"Feature","properties":{"highway":"residential","name":"Bree Street","oneway":"yes","surface":"asphalt","lanes":"1","maxspeed":null},"geometry":{"type":"LineString","coordinates":[[18.4166981,-33.9225678],[18.4166304,-33.9226321],[18.4161552,-33.9230596],[18.4160858,-33.9231231],[18.4156112,-33.9235353],[18.4150331,-33.924068],[18.4149949,-33.9241029],[18.4144152,-33.9246308],[18.4142857,-33.9246736]]}},{"type":"Feature","properties":{"highway":"pedestrian","name":"Church Square","oneway":null,"surface":"paved","lanes":null,"maxspeed":null},"geometry":{"type":"LineString","coordinates":[[18.4215543,-33.9247768],[18.4218131,-33.9249642],[18.4213823,-33.9253738],[18.4213327,-33.9253369],[18.4211659,-33.9251843],[18.4211484,-33.9251683],[18.421151,-33.9251508],[18.4214935,-33.924833],[18.4215543,-33.9247768]]}},{"type":"Feature","properties":{"highway":"footway","name":null,"oneway":null,"surface":null,"lanes":null,"maxspeed":null},"geometry":{"type":"LineString","coordinates":[[18.4237357,-33.9202909],[18.4237766,-33.9203206],[18.4238051,-33.9203413],[18.4238697,-33.9203884],[18.4238932,-33.9204055]]}},{"type":"Feature","properties":{"highway":"footway","name":null,"oneway":null,"surface":"paving_stones","lanes":null,"maxspeed":null},"geometry":{"type":"LineString","coordinates":[[18.4265844,-33.9150521],[18.4268688,-33.9144327],[18.4269558,-33.9144588],[18.4270903,-33.9141811]]}},{"type":"Feature","properties":{"highway":"residential","name":"Rutger Street","oneway":null,"surface":"asphalt","lanes":"2","maxspeed":"60"},"geometry":{"type":"LineString","coordinates":[[18.433928,-33.9309759],[18.4339529,-33.9309299],[18.4339576,-33.9309211],[18.433963,-33.9309111],[18.4339751,-33.9308738],[18.4340166,-33.9302985],[18.4340529,-33.9298388],[18.4340718,-33.9296145],[18.4340526,-33.9295366],[18.4340571,-33.9294113],[18.4341025,-33.9288092]]}},{"type":"Feature","properties":{"highway":"residential","name":"Draai Lane","oneway":null,"surface":"asphalt","lanes":"2","maxspeed":"60"},"geometry":{"type":"LineString","coordinates":[[18.4324941,-33.930418],[18.4325016,-33.9303496],[18.4325071,-33.9302999],[18.4325654,-33.9297715],[18.4325574,-33.9297161]]}},{"type":"Feature","properties":{"highway":"residential","name":"Roger Street","oneway":"yes","surface":"asphalt","lanes":null,"maxspeed":null},"geometry":{"type":"LineString","coordinates":[[18.4333596,-33.9293708],[18.4340571,-33.9294113]]}},{"type":"Feature","properties":{"highway":"service","name":"Stuckeris Street","oneway":null,"surface":null,"lanes":null,"maxspeed":null},"geometry":{"type":"LineString","coordinates":[[18.4333275,-33.9297927],[18.4332977,-33.9302095]]}},{"type":"Feature","properties":{"highway":"service","name":null,"oneway":null,"surface":null,"lanes":null,"maxspeed":null},"geometry":{"type":"LineString","coordinates":[[18.4318922,-33.9187453],[18.431612,-33.9189656],[18.4314607,-33.9188592]]}},{"type":"Feature","properties":{"highway":"service","name":null,"oneway":null,"surface":null,"lanes":null,"maxspeed":null},"geometry":{"type":"LineString","coordinates":[[18.4320277,-33.9187687],[18.4319767,-33.9188488],[18.4318332,-33.9189734],[18.4316482,-33.9191125],[18.4314819,-33.9191593],[18.4313102,-33.9191637],[18.4311799,-33.9191122]]}},{"type":"Feature","properties":{"highway":"service","name":null,"oneway":null,"surface":null,"lanes":null,"maxspeed":null},"geometry":{"type":"LineString","coordinates":[[18.4312378,-33.9188744],[18.4310916,-33.918999]]}},{"type":"Feature","properties":{"highway":"service","name":null,"oneway":null,"surface":null,"lanes":null,"maxspeed":null},"geometry":{"type":"LineString","coordinates":[[18.4315087,-33.9188165],[18.4314778,-33.9187787],[18.4314296,-33.9187453],[18.4313732,-33.9187397],[18.431333,-33.9187587],[18.4312646,-33.9188288],[18.4312378,-33.9188744],[18.4313213,-33.9189829]]}},{"type":"Feature","properties":{"highway":"service","name":null,"oneway":null,"surface":null,"lanes":null,"maxspeed":null},"geometry":{"type":"LineString","coordinates":[[18.4324792,-33.9188671],[18.4323971,-33.918807],[18.4323415,-33.9187831],[18.4321953,-33.9187887],[18.4320277,-33.9187687],[18.4318922,-33.9187453],[18.43173,-33.9187164],[18.431679,-33.9187152],[18.4315087,-33.9188165],[18.4314607,-33.9188592],[18.4313213,-33.9189829],[18.4311799,-33.9191122],[18.4311521,-33.9191365],[18.4309466,-33.9193264],[18.430928,-33.9193424]]}},{"type":"Feature","properties":{"highway":"service","name":null,"oneway":null,"surface":null,"lanes":null,"maxspeed":null},"geometry":{"type":"LineString","coordinates":[[18.4336215,-33.9278476],[18.4336213,-33.9279406],[18.4336331,-33.9279567],[18.4336564,-33.9279669],[18.4343017,-33.9279851],[18.4343123,-33.9279784],[18.4343203,-33.9279662],[18.4343156,-33.9278844],[18.4343042,-33.9278749],[18.4342871,-33.9278685],[18.4342305,-33.927866]]}},{"type":"Feature","properties":{"highway":"service","name":null,"oneway":null,"surface":"asphalt","lanes":null,"maxspeed":null},"geometry":{"type":"LineString","coordinates":[[18.43345,-33.9278391],[18.4336215,-33.9278476],[18.4342305,-33.927866],[18.4342258,-33.9277403],[18.4342184,-33.9277175],[18.4342004,-33.9277014],[18.4341701,-33.9276847]]}},{"type":"Feature","properties":{"highway":"service","name":null,"oneway":null,"surface":"asphalt","lanes":null,"maxspeed":null},"geometry":{"type":"LineString","coordinates":[[18.4334621,-33.9276523],[18.4341701,-33.9276847],[18.4341763,-33.927562],[18.4341767,-33.9275551],[18.4341803,-33.9274837]]}},{"type":"Feature","properties":{"highway":"secondary_link","name":null,"oneway":null,"surface":"asphalt","lanes":"2","maxspeed":null},"geometry":{"type":"LineString","coordinates":[[18.4299112,-33.9271749],[18.4299049,-33.9272615]]}},{"type":"Feature","properties":{"highway":"tertiary","name":"Mount Street","oneway":null,"surface":"asphalt","lanes":"2","maxspeed":"60"},"geometry":{"type":"LineString","coordinates":[[18.4282156,-33.9270781],[18.4282062,-33.9271722]]}},{"type":"Feature","properties":{"highway":"residential","name":"Caledon Street","oneway":"yes","surface":"asphalt","lanes":"2","maxspeed":"60"},"geometry":{"type":"LineString","coordinates":[[18.4248959,-33.9275202],[18.4253352,-33.9278401],[18.4256892,-33.9280965]]}},{"type":"Feature","properties":{"highway":"service","name":null,"oneway":null,"surface":null,"lanes":null,"maxspeed":null},"geometry":{"type":"LineString","coordinates":[[18.4247073,-33.9302502],[18.4247073,-33.9302412],[18.4247133,-33.9302329],[18.4253349,-33.9298239],[18.4253544,-33.9298184],[18.4253705,-33.9298178]]}},{"type":"Feature","properties":{"highway":"service","name":null,"oneway":null,"surface":null,"lanes":null,"maxspeed":null},"geometry":{"type":"LineString","coordinates":[[18.4253705,-33.9298178],[18.4253812,-33.9298245],[18.4254764,-33.9299168]]}},{"type":"Feature","properties":{"highway":"service","name":null,"oneway":null,"surface":null,"lanes":null,"maxspeed":null},"geometry":{"type":"LineString","coordinates":[[18.4255053,-33.929958],[18.424891,-33.9303814],[18.4248769,-33.9303892],[18.4248642,-33.930392],[18.4248074,-33.9304194]]}},{"type":"Feature","properties":{"highway":"service","name":null,"oneway":null,"surface":null,"lanes":null,"maxspeed":null},"geometry":{"type":"LineString","coordinates":[[18.4254764,-33.9299168],[18.4255053,-33.929958]]}},{"type":"Feature","properties":{"highway":"service","name":null,"oneway":null,"surface":"asphalt","lanes":null,"maxspeed":null},"geometry":{"type":"LineString","coordinates":[[18.4256794,-33.9297699],[18.4256269,-33.9298106],[18.4256018,-33.9298281]]}},{"type":"Feature","properties":{"highway":"service","name":null,"oneway":null,"surface":null,"lanes":null,"maxspeed":null},"geometry":{"type":"LineString","coordinates":[[18.4248074,-33.9304194],[18.4246735,-33.9302723],[18.4247073,-33.9302502]]}},{"type":"Feature","properties":{"highway":"service","name":null,"oneway":null,"surface":"asphalt","lanes":null,"maxspeed":null},"geometry":{"type":"LineString","coordinates":[[18.4255053,-33.929958],[18.4260061,-33.9304899],[18.4260531,-33.9305333],[18.4261208,-33.9306034],[18.4261352,-33.9306205],[18.42614,-33.9306277],[18.4261421,-33.9306357],[18.4261413,-33.9306439],[18.4261377,-33.9306515],[18.4261315,-33.930658],[18.4260906,-33.9306844],[18.4254878,-33.9310772],[18.425471,-33.9310836],[18.4254593,-33.9310839]]}},{"type":"Feature","properties":{"highway":"service","name":null,"oneway":null,"surface":null,"lanes":null,"maxspeed":null},"geometry":{"type":"LineString","coordinates":[[18.4254593,-33.9310839],[18.4254486,-33.9310816],[18.4254362,-33.9310747],[18.4253527,-33.9309873],[18.4253443,-33.9309753],[18.4253413,-33.9309629]]}},{"type":"Feature","properties":{"highway":"service","name":null,"oneway":null,"surface":"asphalt","lanes":null,"maxspeed":null},"geometry":{"type":"LineString","coordinates":[[18.4253413,-33.9309629],[18.4253426,-33.9309514],[18.425351,-33.9309389],[18.4260061,-33.9304899],[18.4261142,-33.9304231]]}},{"type":"Feature","properties":{"highway":"service","name":"Government Avenue","oneway":null,"surface":null,"lanes":null,"maxspeed":null},"geometry":{"type":"LineString","coordinates":[[18.4133203,-33.9312025],[18.4134304,-33.931148]]}},{"type":"Feature","properties":{"highway":"residential","name":"Corporation Street","oneway":null,"surface":"asphalt","lanes":"2","maxspeed":"60"},"geometry":{"type":"LineString","coordinates":[[18.4231097,-33.9253057],[18.4235981,-33.9248391]]}},{"type":"Feature","properties":{"highway":"service","name":null,"oneway":null,"surface":null,"lanes":null,"maxspeed":null},"geometry":{"type":"LineString","coordinates":[[18.4226105,-33.9309294],[18.4228874,-33.930752]]}},{"type":"Feature","properties":{"highway":"service","name":null,"oneway":null,"surface":null,"lanes":null,"maxspeed":null},"geometry":{"type":"LineString","coordinates":[[18.4226105,-33.9309294],[18.4222718,-33.9311503]]}},{"type":"Feature","properties":{"highway":"service","name":null,"oneway":null,"surface":null,"lanes":null,"maxspeed":null},"geometry":{"type":"LineString","coordinates":[[18.4228273,-33.9311526],[18.4227137,-33.9310429],[18.4226105,-33.9309294]]}},{"type":"Feature","properties":{"highway":"service","name":null,"oneway":null,"surface":null,"lanes":null,"maxspeed":null},"geometry":{"type":"LineString","coordinates":[[18.4130933,-33.927782],[18.4130512,-33.9277553],[18.4130138,-33.9277316]]}},{"type":"Feature","properties":{"highway":"service","name":null,"oneway":null,"surface":"asphalt","lanes":null,"maxspeed":null},"geometry":{"type":"LineString","coordinates":[[18.4136549,-33.9281798],[18.4135775,-33.9281431],[18.4135641,-33.9281351]]}},{"type":"Feature","properties":{"highway":"service","name":null,"oneway":null,"surface":"asphalt","lanes":null,"maxspeed":null},"geometry":{"type":"LineString","coordinates":[[18.4133729,-33.9278772],[18.4133293,-33.9278349],[18.4133159,-33.9278126],[18.4131879,-33.9277036]]}},{"type":"Feature","properties":{"highway":"service","name":null,"oneway":null,"surface":"asphalt","lanes":null,"maxspeed":null},"geometry":{"type":"LineString","coordinates":[[18.4133175,-33.9279439],[18.4133729,-33.9278772],[18.4135386,-33.927974]]}},{"type":"Feature","properties":{"highway":"service","name":null,"oneway":null,"surface":"asphalt","lanes":null,"maxspeed":null},"geometry":{"type":"LineString","coordinates":[[18.4135641,-33.9281351],[18.4133175,-33.9279439],[18.4130933,-33.927782]]}},{"type":"Feature","properties":{"highway":"service","name":null,"oneway":null,"surface":"asphalt","lanes":"2","maxspeed":null},"geometry":{"type":"LineString","coordinates":[[18.4138027,-33.927453],[18.4138883,-33.9274431]]}},{"type":"Feature","properties":{"highway":"service","name":null,"oneway":null,"surface":"asphalt","lanes":"2","maxspeed":null},"geometry":{"type":"LineString","coordinates":[[18.4138287,-33.9276506],[18.4139144,-33.9276577]]}},{"type":"Feature","properties":{"highway":"residential","name":"Bloem Street","oneway":"yes","surface":"asphalt","lanes":"1","maxspeed":"60"},"geometry":{"type":"LineString","coordinates":[[18.4156733,-33.9256222],[18.4157124,-33.9256804],[18.4162363,-33.9260515]]}},{"type":"Feature","properties":{"highway":"residential","name":"Bloem Street","oneway":null,"surface":"asphalt","lanes":null,"maxspeed":"60"},"geometry":{"type":"LineString","coordinates":[[18.4162363,-33.9260515],[18.4167935,-33.9264457]]}},{"type":"Feature","properties":{"highway":"residential","name":"Prestwich Street","oneway":null,"surface":"asphalt","lanes":null,"maxspeed":"60"},"geometry":{"type":"LineString","coordinates":[[18.4215828,-33.9179329],[18.4216603,-33.9180061]]}},{"type":"Feature","properties":{"highway":"residential","name":"Hout Street","oneway":null,"surface":"asphalt","lanes":"2","maxspeed":"60"},"geometry":{"type":"LineString","coordinates":[[18.4181233,-33.9200061],[18.4179382,-33.9198728]]}},{"type":"Feature","properties":{"highway":"residential","name":"Hout Street","oneway":"yes","surface":"asphalt","lanes":"2","maxspeed":"60"},"geometry":{"type":"LineString","coordinates":[[18.4179382,-33.9198728],[18.4177802,-33.9197607],[18.4171999,-33.9193488]]}},{"type":"Feature","properties":{"highway":"service","name":null,"oneway":null,"surface":"asphalt","lanes":null,"maxspeed":null},"geometry":{"type":"LineString","coordinates":[[18.4192455,-33.9165872],[18.4191536,-33.9164156],[18.4191957,-33.9163685]]}},{"type":"Feature","properties":{"highway":"service","name":null,"oneway":null,"surface":null,"lanes":null,"maxspeed":null},"geometry":{"type":"LineString","coordinates":[[18.4192062,-33.9159265],[18.4193909,-33.9162939]]}},{"type":"Feature","properties":{"highway":"service","name":null,"oneway":null,"surface":null,"lanes":null,"maxspeed":null},"geometry":{"type":"LineString","coordinates":[[18.4191957,-33.9163685],[18.4190135,-33.9159905],[18.4192062,-33.9159265],[18.4194089,-33.9158591],[18.419584,-33.9162229]]}},{"type":"Feature","properties":{"highway":"service","name":null,"oneway":null,"surface":"asphalt","lanes":null,"maxspeed":null},"geometry":{"type":"LineString","coordinates":[[18.4327418,-33.927326],[18.4327434,-33.9272655],[18.4327477,-33.9272058],[18.4327598,-33.9270379],[18.4327673,-33.926918]]}},{"type":"Feature","properties":{"highway":"path","name":null,"oneway":null,"surface":"dirt","lanes":null,"maxspeed":null},"geometry":{"type":"LineString","coordinates":[[18.4120973,-33.9169077],[18.4119074,-33.9169579],[18.4118192,-33.9170262],[18.411547,-33.9172246]]}},{"type":"Feature","properties":{"highway":"footway","name":null,"oneway":null,"surface":null,"lanes":null,"maxspeed":null},"geometry":{"type":"LineString","coordinates":[[18.4193959,-33.918083],[18.4194271,-33.9180583],[18.4195066,-33.9180113],[18.4189793,-33.9169526]]}},{"type":"Feature","properties":{"highway":"footway","name":null,"oneway":null,"surface":null,"lanes":null,"maxspeed":null},"geometry":{"type":"LineString","coordinates":[[18.4179906,-33.9255946],[18.4178958,-33.9255005],[18.4179259,-33.9254718]]}},{"type":"Feature","properties":{"highway":"footway","name":null,"oneway":null,"surface":null,"lanes":null,"maxspeed":null},"geometry":{"type":"LineString","coordinates":[[18.4184993,-33.9256297],[18.4182227,-33.925398],[18.4179906,-33.9255946],[18.4177967,-33.9257588],[18.4178503,-33.9258055],[18.4177269,-33.9259858],[18.4179362,-33.9261569]]}},{"type":"Feature","properties":{"highway":"footway","name":null,"oneway":null,"surface":null,"lanes":null,"maxspeed":null},"geometry":{"type":"LineString","coordinates":[[18.4173886,-33.9265766],[18.4172146,-33.9264443],[18.4169759,-33.9267047],[18.4170457,-33.926816],[18.4169732,-33.9268649],[18.4167345,-33.9268738],[18.4166406,-33.9269361],[18.4165709,-33.9270563],[18.4167462,-33.9272073]]}},{"type":"Feature","properties":{"highway":"service","name":null,"oneway":null,"surface":null,"lanes":null,"maxspeed":null},"geometry":{"type":"LineString","coordinates":[[18.4181676,-33.9151981],[18.418246,-33.9151715],[18.4184853,-33.9150904],[18.4186073,-33.9153475],[18.4183729,-33.9154253],[18.4182959,-33.9154508]]}},{"type":"Feature","properties":{"highway":"service","name":null,"oneway":null,"surface":null,"lanes":null,"maxspeed":null},"geometry":{"type":"LineString","coordinates":[[18.4229859,-33.9310429],[18.4229374,-33.9309914]]}},{"type":"Feature","properties":{"highway":"footway","name":null,"oneway":null,"surface":"paving_stones","lanes":null,"maxspeed":null},"geometry":{"type":"LineString","coordinates":[[18.4285287,-33.9298765],[18.4285176,-33.929854],[18.4284605,-33.9297353],[18.428459,-33.9297327]]}},{"type":"Feature","properties":{"highway":"footway","name":null,"oneway":null,"surface":null,"lanes":null,"maxspeed":null},"geometry":{"type":"LineString","coordinates":[[18.4292067,-33.9303724],[18.4290546,-33.9305678]]}},{"type":"Feature","properties":{"highway":"service","name":null,"oneway":null,"surface":"paving_stones","lanes":null,"maxspeed":null},"geometry":{"type":"LineString","coordinates":[[18.4311317,-33.9305587],[18.431117,-33.9305857],[18.4311054,-33.9306078],[18.4310669,-33.9306947],[18.4310688,-33.9307602],[18.4309698,-33.9309683],[18.4309277,-33.9310572],[18.4309227,-33.9311213],[18.4309651,-33.9311933],[18.4311258,-33.9312568],[18.4319141,-33.9315677]]}},{"type":"Feature","properties":{"highway":"service","name":null,"oneway":null,"surface":"asphalt","lanes":"1","maxspeed":null},"geometry":{"type":"LineString","coordinates":[[18.4314867,-33.9307533],[18.4324781,-33.9311316]]}},{"type":"Feature","properties":{"highway":"service","name":null,"oneway":null,"surface":"paving_stones","lanes":null,"maxspeed":null},"geometry":{"type":"LineString","coordinates":[[18.4126471,-33.9280812],[18.4126847,-33.9281083],[18.4129685,-33.9283127]]}},{"type":"Feature","properties":{"highway":"residential","name":"Canterbury Street","oneway":null,"surface":"asphalt","lanes":"2","maxspeed":"60"},"geometry":{"type":"LineString","coordinates":[[18.4246932,-33.9287367],[18.4250838,-33.928502],[18.4255216,-33.928239],[18.4255901,-33.928195],[18.4256434,-33.9281481],[18.4256892,-33.9280965]]}},{"type":"Feature","properties":{"highway":"residential","name":"Constitution Street","oneway":null,"surface":"asphalt","lanes":"2","maxspeed":"60"},"geometry":{"type":"LineString","coordinates":[[18.4246932,-33.9287367],[18.4250777,-33.9291195],[18.4251491,-33.929192]]}},{"type":"Feature","properties":{"highway":"service","name":null,"oneway":null,"surface":null,"lanes":null,"maxspeed":null},"geometry":{"type":"LineString","coordinates":[[18.4226518,-33.9312696],[18.4226872,-33.9313052],[18.4227457,-33.9313668],[18.4225961,-33.9314586],[18.4232627,-33.9321803]]}},{"type":"Feature","properties":{"highway":"footway","name":null,"oneway":null,"surface":"asphalt","lanes":null,"maxspeed":null},"geometry":{"type":"LineString","coordinates":[[18.4271516,-33.9185041],[18.4271213,-33.9185345],[18.4270671,-33.9185848],[18.4270502,-33.9186005]]}},{"type":"Feature","properties":{"highway":"footway","name":null,"oneway":null,"surface":"paved","lanes":null,"maxspeed":null},"geometry":{"type":"LineString","coordinates":[[18.4293707,-33.9179505],[18.4292983,-33.9178982],[18.4288257,-33.917562]]}},{"type":"Feature","properties":{"highway":"footway","name":null,"oneway":null,"surface":"paved","lanes":null,"maxspeed":null},"geometry":{"type":"LineString","coordinates":[[18.4288609,-33.9184473],[18.428604,-33.9182536],[18.4284259,-33.9181194],[18.4282751,-33.9180058]]}},{"type":"Feature","properties":{"highway":"service","name":null,"oneway":"yes","surface":"paved","lanes":"1","maxspeed":null},"geometry":{"type":"LineString","coordinates":[[18.428674,-33.9181854],[18.4284956,-33.9180514],[18.4284379,-33.9181067],[18.4284259,-33.9181194],[18.4283615,-33.9181847]]}},{"type":"Feature","properties":{"highway":"footway","name":null,"oneway":null,"surface":"paved","lanes":null,"maxspeed":null},"geometry":{"type":"LineString","coordinates":[[18.428674,-33.9181854],[18.428604,-33.9182536],[18.4285411,-33.9183151]]}},{"type":"Feature","properties":{"highway":"service","name":"Rua Vasco da Gama Plain","oneway":"no","surface":"asphalt","lanes":"2","maxspeed":null},"geometry":{"type":"LineString","coordinates":[[18.4294734,-33.918995],[18.4295594,-33.919068]]}},{"type":"Feature","properties":{"highway":"service","name":"Rua Vasco da Gama Plain","oneway":"no","surface":"asphalt","lanes":"2","maxspeed":null},"geometry":{"type":"LineString","coordinates":[[18.429292,-33.9188605],[18.4294734,-33.918995]]}},{"type":"Feature","properties":{"highway":"residential","name":"Jetty Street","oneway":"yes","surface":"asphalt","lanes":null,"maxspeed":"60"},"geometry":{"type":"LineString","coordinates":[[18.4262692,-33.9167468],[18.4258279,-33.9164364],[18.4257806,-33.9164015]]}},{"type":"Feature","properties":{"highway":"residential","name":"Jetty Street","oneway":"yes","surface":"asphalt","lanes":"1","maxspeed":null},"geometry":{"type":"LineString","coordinates":[[18.4246878,-33.9182517],[18.4246589,-33.9182511],[18.424584,-33.9182265],[18.424541,-33.9182013],[18.4243066,-33.9180486],[18.4242625,-33.9180292],[18.4242184,-33.9180168],[18.424166,-33.9180099],[18.4241087,-33.9180078]]}},{"type":"Feature","properties":{"highway":"residential","name":"Lower Long Street","oneway":"yes","surface":"paved","lanes":"2","maxspeed":null},"geometry":{"type":"LineString","coordinates":[[18.4275728,-33.9146438],[18.4270583,-33.9151484],[18.426957,-33.9152477]]}},{"type":"Feature","properties":{"highway":"footway","name":null,"oneway":null,"surface":"asphalt","lanes":null,"maxspeed":null},"geometry":{"type":"LineString","coordinates":[[18.430481,-33.9297794],[18.430506,-33.9297449],[18.4305374,-33.9297013],[18.4305687,-33.9296577],[18.4306067,-33.929605]]}},{"type":"Feature","properties":{"highway":"tertiary","name":"Hanover Street","oneway":"yes","surface":"asphalt","lanes":"3","maxspeed":"60"},"geometry":{"type":"LineString","coordinates":[[18.4301008,-33.9295224],[18.4296233,-33.929259],[18.4295168,-33.9292027]]}},{"type":"Feature","properties":{"highway":"residential","name":"Loader Street","oneway":null,"surface":"asphalt","lanes":"2","maxspeed":"60"},"geometry":{"type":"LineString","coordinates":[[18.4157094,-33.9146884],[18.4157271,-33.9147234],[18.4162102,-33.9156794],[18.4166132,-33.9164876],[18.4166471,-33.9165346],[18.4167131,-33.9165955],[18.4169912,-33.9168038],[18.4170036,-33.9168233],[18.4170091,-33.9168427]]}},{"type":"Feature","properties":{"highway":"residential","name":"Napier Street","oneway":null,"surface":"asphalt","lanes":"2","maxspeed":"60"},"geometry":{"type":"LineString","coordinates":[[18.4182199,-33.9149744],[18.4186421,-33.9148255]]}},{"type":"Feature","properties":{"highway":"footway","name":null,"oneway":null,"surface":"paved","lanes":null,"maxspeed":null},"geometry":{"type":"LineString","coordinates":[[18.4234608,-33.9155641],[18.4234676,-33.9155374],[18.4234985,-33.915513],[18.4236283,-33.9154502],[18.423827,-33.9153523],[18.4239125,-33.9153184],[18.423985,-33.9152872]]}},{"type":"Feature","properties":{"highway":"footway","name":null,"oneway":null,"surface":"paved","lanes":null,"maxspeed":null},"geometry":{"type":"LineString","coordinates":[[18.4233005,-33.9156039],[18.4233846,-33.915583],[18.4234608,-33.9155641]]}},{"type":"Feature","properties":{"highway":"footway","name":null,"oneway":null,"surface":"paved","lanes":null,"maxspeed":null},"geometry":{"type":"LineString","coordinates":[[18.4233653,-33.9157437],[18.4233127,-33.9157343],[18.4232166,-33.9157188]]}},{"type":"Feature","properties":{"highway":"footway","name":null,"oneway":null,"surface":null,"lanes":null,"maxspeed":null},"geometry":{"type":"LineString","coordinates":[[18.4237704,-33.9163462],[18.423842,-33.9164283],[18.4238856,-33.9164031]]}},{"type":"Feature","properties":{"highway":"footway","name":null,"oneway":null,"surface":"paved","lanes":null,"maxspeed":null},"geometry":{"type":"LineString","coordinates":[[18.4240651,-33.9152527],[18.4243476,-33.9151306],[18.4244004,-33.9150784],[18.4244324,-33.915078],[18.4244779,-33.915083],[18.4245147,-33.9150941],[18.424973,-33.9154187],[18.4251025,-33.9154899],[18.4252707,-33.9156069],[18.4252851,-33.9156308],[18.4252823,-33.9156608]]}},{"type":"Feature","properties":{"highway":"footway","name":null,"oneway":null,"surface":"paved","lanes":null,"maxspeed":null},"geometry":{"type":"LineString","coordinates":[[18.4240295,-33.915268],[18.424039,-33.9152984],[18.4240556,-33.9153516],[18.4240989,-33.9153639]]}},{"type":"Feature","properties":{"highway":"steps","name":null,"oneway":null,"surface":"metal","lanes":null,"maxspeed":null},"geometry":{"type":"LineString","coordinates":[[18.4241219,-33.9153245],[18.4241079,-33.9152825],[18.424039,-33.9152984]]}},{"type":"Feature","properties":{"highway":"footway","name":null,"oneway":null,"surface":"asphalt","lanes":null,"maxspeed":null},"geometry":{"type":"LineString","coordinates":[[18.4244769,-33.9227943],[18.4244265,-33.922855],[18.4243076,-33.9229582],[18.4242424,-33.9230212]]}},{"type":"Feature","properties":{"highway":"footway","name":null,"oneway":null,"surface":"paved","lanes":null,"maxspeed":null},"geometry":{"type":"LineString","coordinates":[[18.426285,-33.9240563],[18.4256431,-33.9235963],[18.4255757,-33.9235471],[18.4247881,-33.9229753],[18.4247341,-33.9229351]]}},{"type":"Feature","properties":{"highway":"footway","name":null,"oneway":null,"surface":null,"lanes":null,"maxspeed":null},"geometry":{"type":"LineString","coordinates":[[18.4245244,-33.9232402],[18.4244299,-33.9231704],[18.4243285,-33.9231021],[18.4242589,-33.923051],[18.4242452,-33.9230413],[18.4242424,-33.9230212]]}},{"type":"Feature","properties":{"highway":"service","name":null,"oneway":"yes","surface":"asphalt","lanes":null,"maxspeed":null},"geometry":{"type":"LineString","coordinates":[[18.4250776,-33.9236798],[18.4257618,-33.9241844],[18.4258338,-33.9242409],[18.4258682,-33.924288],[18.4258826,-33.924346],[18.4258731,-33.924389],[18.4258534,-33.924427],[18.42574,-33.9245353],[18.4257194,-33.924568],[18.4257125,-33.9246135],[18.4257269,-33.924654],[18.4257407,-33.9246639],[18.4257867,-33.9246971],[18.4257905,-33.9246998],[18.4259353,-33.9248429]]}},{"type":"Feature","properties":{"highway":"service","name":null,"oneway":"yes","surface":null,"lanes":null,"maxspeed":null},"geometry":{"type":"LineString","coordinates":[[18.424882,-33.9238667],[18.4250602,-33.9236945]]}},{"type":"Feature","properties":{"highway":"tertiary","name":"Lower Plein Street","oneway":"yes","surface":"asphalt","lanes":"3","maxspeed":"60"},"geometry":{"type":"LineString","coordinates":[[18.4244243,-33.9231758],[18.4241433,-33.923441]]}},{"type":"Feature","properties":{"highway":"footway","name":null,"oneway":null,"surface":"asphalt","lanes":null,"maxspeed":null},"geometry":{"type":"LineString","coordinates":[[18.4242582,-33.9235075],[18.4242814,-33.9235594]]}},{"type":"Feature","properties":{"highway":"tertiary","name":"Lower Plein Street","oneway":"yes","surface":"asphalt","lanes":"2","maxspeed":"60"},"geometry":{"type":"LineString","coordinates":[[18.4240709,-33.9235135],[18.4239369,-33.9236419],[18.423874,-33.9237022],[18.4231644,-33.9243826]]}},{"type":"Feature","properties":{"highway":"footway","name":null,"oneway":null,"surface":"paved","lanes":null,"maxspeed":null},"geometry":{"type":"LineString","coordinates":[[18.4247341,-33.9229351],[18.4246319,-33.9228591]]}},{"type":"Feature","properties":{"highway":"footway","name":null,"oneway":null,"surface":"paved","lanes":null,"maxspeed":null},"geometry":{"type":"LineString","coordinates":[[18.4246319,-33.9228591],[18.4245335,-33.922786],[18.424506,-33.9227659],[18.4244057,-33.9226926],[18.4243092,-33.9226222],[18.4240232,-33.9224133]]}},{"type":"Feature","properties":{"highway":"residential","name":"Castle Street","oneway":null,"surface":"asphalt","lanes":"2","maxspeed":null},"geometry":{"type":"LineString","coordinates":[[18.4239765,-33.9234456],[18.4240709,-33.9235135],[18.4242211,-33.9236216],[18.4245153,-33.9238332],[18.4245547,-33.9238625],[18.4247422,-33.9239964]]}},{"type":"Feature","properties":{"highway":"service","name":null,"oneway":null,"surface":"asphalt","lanes":null,"maxspeed":null},"geometry":{"type":"LineString","coordinates":[[18.4238784,-33.9233407],[18.4239291,-33.9233834],[18.4239765,-33.9234456]]}},{"type":"Feature","properties":{"highway":"service","name":null,"oneway":"yes","surface":"paving_stones","lanes":null,"maxspeed":null},"geometry":{"type":"LineString","coordinates":[[18.4237548,-33.9233348],[18.4236832,-33.9234058]]}},{"type":"Feature","properties":{"highway":"service","name":null,"oneway":"yes","surface":"paving_stones","lanes":null,"maxspeed":null},"geometry":{"type":"LineString","coordinates":[[18.4233929,-33.9232342],[18.4234503,-33.9231797],[18.4234999,-33.923176],[18.4235539,-33.923201],[18.4237548,-33.9233348]]}},{"type":"Feature","properties":{"highway":"footway","name":null,"oneway":null,"surface":null,"lanes":null,"maxspeed":null},"geometry":{"type":"LineString","coordinates":[[18.4225305,-33.9225301],[18.4225751,-33.9225617],[18.4226138,-33.9225897],[18.422658,-33.9226071],[18.4227182,-33.9226309],[18.4227459,-33.9226425]]}},{"type":"Feature","properties":{"highway":"footway","name":null,"oneway":null,"surface":"asphalt","lanes":null,"maxspeed":null},"geometry":{"type":"LineString","coordinates":[[18.4238175,-33.9235544],[18.4238217,-33.9235021],[18.4237879,-33.9234986]]}},{"type":"Feature","properties":{"highway":"footway","name":null,"oneway":null,"surface":"asphalt","lanes":null,"maxspeed":null},"geometry":{"type":"LineString","coordinates":[[18.4239677,-33.9236642],[18.4239369,-33.9236419],[18.4238445,-33.9235742],[18.4238175,-33.9235544]]}},{"type":"Feature","properties":{"highway":"footway","name":null,"oneway":null,"surface":"asphalt","lanes":null,"maxspeed":null},"geometry":{"type":"LineString","coordinates":[[18.4242814,-33.9235594],[18.4242211,-33.9236216],[18.4241781,-33.923662]]}},{"type":"Feature","properties":{"highway":"path","name":null,"oneway":null,"surface":"paved","lanes":null,"maxspeed":null},"geometry":{"type":"LineString","coordinates":[[18.4241781,-33.923662],[18.4240876,-33.9237521],[18.4240406,-33.9237988],[18.42419,-33.9239034],[18.4243043,-33.9239835],[18.4242789,-33.9240086]]}},{"type":"Feature","properties":{"highway":"path","name":null,"oneway":null,"surface":"paved","lanes":null,"maxspeed":null},"geometry":{"type":"LineString","coordinates":[[18.4239677,-33.9236642],[18.4240876,-33.9237521]]}},{"type":"Feature","properties":{"highway":"footway","name":null,"oneway":null,"surface":null,"lanes":null,"maxspeed":null},"geometry":{"type":"LineString","coordinates":[[18.4208782,-33.9173416],[18.4211399,-33.9175506],[18.4212875,-33.9176625],[18.4215135,-33.9178376],[18.4215324,-33.917843]]}},{"type":"Feature","properties":{"highway":"footway","name":null,"oneway":null,"surface":"asphalt","lanes":null,"maxspeed":null},"geometry":{"type":"LineString","coordinates":[[18.4206615,-33.9171394],[18.4206816,-33.917136],[18.4208744,-33.9169647],[18.4209616,-33.9168767],[18.4210689,-33.916756],[18.4210856,-33.9166992],[18.4210803,-33.9166786],[18.4210608,-33.9166592]]}},{"type":"Feature","properties":{"highway":"footway","name":null,"oneway":null,"surface":"asphalt","lanes":null,"maxspeed":null},"geometry":{"type":"LineString","coordinates":[[18.4205659,-33.9172256],[18.4205987,-33.9171971],[18.4206615,-33.9171394]]}},{"type":"Feature","properties":{"highway":"footway","name":null,"oneway":null,"surface":"asphalt","lanes":null,"maxspeed":null},"geometry":{"type":"LineString","coordinates":[[18.4202706,-33.9175092],[18.4203594,-33.917421],[18.4204788,-33.9173141],[18.4205606,-33.9172423],[18.4205659,-33.9172256]]}},{"type":"Feature","properties":{"highway":"path","name":null,"oneway":null,"surface":null,"lanes":null,"maxspeed":null},"geometry":{"type":"LineString","coordinates":[[18.4202706,-33.9175092],[18.4202991,-33.9174221],[18.4203433,-33.9172713],[18.4203661,-33.9171199],[18.4203547,-33.9170782],[18.4203984,-33.9170264]]}},{"type":"Feature","properties":{"highway":"primary","name":"Buitengracht Street","oneway":"yes","surface":"asphalt","lanes":"3","maxspeed":"60"},"geometry":{"type":"LineString","coordinates":[[18.4202368,-33.9178137],[18.4201522,-33.9178947],[18.4197376,-33.9182813]]}},{"type":"Feature","properties":{"highway":"primary","name":"Buitengracht Street","oneway":"yes","surface":"asphalt","lanes":"4","maxspeed":"60"},"geometry":{"type":"LineString","coordinates":[[18.4196907,-33.9181165],[18.4200356,-33.9178008],[18.4201206,-33.9177268]]}},{"type":"Feature","properties":{"highway":"primary","name":"Buitengracht Street","oneway":"yes","surface":"asphalt","lanes":"3","maxspeed":"60"},"geometry":{"type":"LineString","coordinates":[[18.4223435,-33.9160128],[18.4221925,-33.9161218],[18.4221303,-33.9161667],[18.4217334,-33.9164922],[18.4216219,-33.9165815],[18.4213428,-33.9168252]]}},{"type":"Feature","properties":{"highway":"primary","name":"Buitengracht Street","oneway":"yes","surface":"asphalt","lanes":"3","maxspeed":"60"},"geometry":{"type":"LineString","coordinates":[[18.420215,-33.9176408],[18.4203203,-33.917547],[18.4206503,-33.9172411],[18.4209321,-33.9169854],[18.4210941,-33.916818],[18.4211867,-33.9167024],[18.4212761,-33.916586]]}},{"type":"Feature","properties":{"highway":"footway","name":null,"oneway":null,"surface":null,"lanes":null,"maxspeed":null},"geometry":{"type":"LineString","coordinates":[[18.419548,-33.9181421],[18.4196647,-33.9180392],[18.4197452,-33.9179763],[18.419949,-33.9177904],[18.4199835,-33.9177622]]}},{"type":"Feature","properties":{"highway":"footway","name":null,"oneway":null,"surface":null,"lanes":null,"maxspeed":null},"geometry":{"type":"LineString","coordinates":[[18.419548,-33.9181421],[18.4194271,-33.9180583]]}},{"type":"Feature","properties":{"highway":"footway","name":null,"oneway":null,"surface":"asphalt","lanes":null,"maxspeed":null},"geometry":{"type":"LineString","coordinates":[[18.419792,-33.9183218],[18.4197376,-33.9182813],[18.4196769,-33.9182362],[18.4196123,-33.9181882],[18.419548,-33.9181421]]}},{"type":"Feature","properties":{"highway":"footway","name":null,"oneway":null,"surface":null,"lanes":null,"maxspeed":null},"geometry":{"type":"LineString","coordinates":[[18.4202313,-33.9175172],[18.4202706,-33.9175092]]}},{"type":"Feature","properties":{"highway":"footway","name":null,"oneway":null,"surface":null,"lanes":null,"maxspeed":null},"geometry":{"type":"LineString","coordinates":[[18.419998,-33.9177275],[18.4199835,-33.9177622]]}},{"type":"Feature","properties":{"highway":"footway","name":null,"oneway":null,"surface":"asphalt","lanes":null,"maxspeed":null},"geometry":{"type":"LineString","coordinates":[[18.4202313,-33.9175172],[18.4201502,-33.9175919],[18.4200561,-33.9176786],[18.419998,-33.9177275]]}},{"type":"Feature","properties":{"highway":"steps","name":null,"oneway":null,"surface":null,"lanes":null,"maxspeed":null},"geometry":{"type":"LineString","coordinates":[[18.4194082,-33.9180909],[18.4194316,-33.9181087]]}},{"type":"Feature","properties":{"highway":"footway","name":null,"oneway":null,"surface":null,"lanes":null,"maxspeed":null},"geometry":{"type":"LineString","coordinates":[[18.4216764,-33.9235751],[18.4217246,-33.9235812],[18.4217448,-33.9235902],[18.4217748,-33.9236036]]}},{"type":"Feature","properties":{"highway":"cycleway","name":null,"oneway":null,"surface":"asphalt","lanes":null,"maxspeed":null},"geometry":{"type":"LineString","coordinates":[[18.4217246,-33.9235812],[18.421764,-33.9235451],[18.4218111,-33.9234976],[18.4218558,-33.9234505],[18.4218795,-33.9234274],[18.422078,-33.9232334],[18.4222382,-33.9230736],[18.422518,-33.9227944],[18.4227182,-33.9226309],[18.423159,-33.922306],[18.4232931,-33.9222082],[18.4234067,-33.9221266]]}},{"type":"Feature","properties":{"highway":"footway","name":null,"oneway":null,"surface":null,"lanes":null,"maxspeed":null},"geometry":{"type":"LineString","coordinates":[[18.4215497,-33.9234266],[18.4215286,-33.923474],[18.4214873,-33.92349],[18.4211431,-33.923811]]}},{"type":"Feature","properties":{"highway":"footway","name":null,"oneway":null,"surface":null,"lanes":null,"maxspeed":null},"geometry":{"type":"LineString","coordinates":[[18.4216764,-33.9235751],[18.421643,-33.9235523],[18.4215591,-33.9234948],[18.4215286,-33.923474]]}},{"type":"Feature","properties":{"highway":"path","name":null,"oneway":null,"surface":null,"lanes":null,"maxspeed":null},"geometry":{"type":"LineString","coordinates":[[18.4130001,-33.9188363],[18.4130769,-33.9189175],[18.4131245,-33.9189601],[18.4130893,-33.9190825],[18.4130058,-33.9191295]]}},{"type":"Feature","properties":{"highway":"service","name":null,"oneway":null,"surface":"asphalt","lanes":null,"maxspeed":null},"geometry":{"type":"LineString","coordinates":[[18.4192113,-33.9180212],[18.4191665,-33.9180648],[18.4191295,-33.9181003]]}},{"type":"Feature","properties":{"highway":"service","name":null,"oneway":"yes","surface":"asphalt","lanes":null,"maxspeed":null},"geometry":{"type":"LineString","coordinates":[[18.4187809,-33.9185305],[18.4191998,-33.9181542]]}},{"type":"Feature","properties":{"highway":"service","name":null,"oneway":"yes","surface":"asphalt","lanes":null,"maxspeed":null},"geometry":{"type":"LineString","coordinates":[[18.4191295,-33.9181003],[18.4187106,-33.9184766],[18.4187809,-33.9185305]]}},{"type":"Feature","properties":{"highway":"footway","name":null,"oneway":null,"surface":"asphalt","lanes":null,"maxspeed":null},"geometry":{"type":"LineString","coordinates":[[18.4194877,-33.920081],[18.4195038,-33.9201016],[18.4199732,-33.9204563],[18.4200345,-33.9204772],[18.4203981,-33.9201357],[18.41989,-33.9197558],[18.4198916,-33.919744]]}},{"type":"Feature","properties":{"highway":"footway","name":null,"oneway":null,"surface":null,"lanes":null,"maxspeed":null},"geometry":{"type":"LineString","coordinates":[[18.4210471,-33.9206231],[18.4210063,-33.9205906],[18.4205654,-33.9202607],[18.4205268,-33.9202298]]}},{"type":"Feature","properties":{"highway":"footway","name":null,"oneway":null,"surface":null,"lanes":null,"maxspeed":null},"geometry":{"type":"LineString","coordinates":[[18.4217069,-33.921114],[18.4217025,-33.9210982],[18.421664,-33.9210665],[18.4215027,-33.9209524],[18.4214598,-33.9209174],[18.4214514,-33.9208984],[18.4214179,-33.9208734],[18.4213341,-33.9208105],[18.4212999,-33.9208052],[18.4212124,-33.9207401],[18.4211663,-33.9207108]]}},{"type":"Feature","properties":{"highway":"footway","name":null,"oneway":null,"surface":null,"lanes":null,"maxspeed":null},"geometry":{"type":"LineString","coordinates":[[18.4218313,-33.9212009],[18.4217638,-33.9211574],[18.4217069,-33.921114]]}},{"type":"Feature","properties":{"highway":"footway","name":null,"oneway":null,"surface":null,"lanes":null,"maxspeed":null},"geometry":{"type":"LineString","coordinates":[[18.4223502,-33.9215707],[18.4218782,-33.9212242],[18.4218521,-33.9212092],[18.4218313,-33.9212009],[18.4218004,-33.9212253],[18.421418,-33.92158]]}},{"type":"Feature","properties":{"highway":"primary","name":"Strand Street","oneway":"yes","surface":"asphalt","lanes":"3","maxspeed":"60"},"geometry":{"type":"LineString","coordinates":[[18.4191205,-33.9190893],[18.41899,-33.9189887]]}},{"type":"Feature","properties":{"highway":"primary","name":"Strand Street","oneway":"yes","surface":"asphalt","lanes":"3","maxspeed":"60"},"geometry":{"type":"LineString","coordinates":[[18.4189488,-33.9187989],[18.4190728,-33.9188883]]}},{"type":"Feature","properties":{"highway":"steps","name":null,"oneway":null,"surface":null,"lanes":null,"maxspeed":null},"geometry":{"type":"LineString","coordinates":[[18.41715,-33.9167565],[18.4172018,-33.9166825]]}},{"type":"Feature","properties":{"highway":"service","name":null,"oneway":null,"surface":"asphalt","lanes":null,"maxspeed":null},"geometry":{"type":"LineString","coordinates":[[18.4211998,-33.9158768],[18.4213473,-33.9158078],[18.4214119,-33.9158082]]}},{"type":"Feature","properties":{"highway":"service","name":null,"oneway":null,"surface":"asphalt","lanes":null,"maxspeed":null},"geometry":{"type":"LineString","coordinates":[[18.4214119,-33.9158082],[18.4214965,-33.9158053],[18.4215998,-33.915816],[18.4215856,-33.9155111],[18.4214485,-33.9153122]]}},{"type":"Feature","properties":{"highway":"secondary_link","name":null,"oneway":"yes","surface":"asphalt","lanes":"1","maxspeed":null},"geometry":{"type":"LineString","coordinates":[[18.4234363,-33.9167178],[18.4234307,-33.9167556],[18.4234302,-33.9167646],[18.4234262,-33.9167741],[18.4234168,-33.9167827],[18.4233826,-33.9168058],[18.4230991,-33.916959],[18.4230768,-33.9169754],[18.4230641,-33.9169943],[18.4230494,-33.9170226]]}},{"type":"Feature","properties":{"highway":"residential","name":"Chiappini Street","oneway":null,"surface":"asphalt","lanes":"2","maxspeed":null},"geometry":{"type":"LineString","coordinates":[[18.4176324,-33.9178322],[18.4176938,-33.9177837],[18.4182719,-33.9172612],[18.4183301,-33.9172086],[18.4186404,-33.9169284]]}},{"type":"Feature","properties":{"highway":"service","name":"Vredenburg Lane","oneway":null,"surface":null,"lanes":null,"maxspeed":null},"geometry":{"type":"LineString","coordinates":[[18.4147972,-33.9269302],[18.4144885,-33.9266981]]}},{"type":"Feature","properties":{"highway":"service","name":"Vredenburg Lane","oneway":null,"surface":"asphalt","lanes":null,"maxspeed":null},"geometry":{"type":"LineString","coordinates":[[18.4150715,-33.926176],[18.4153722,-33.9263992]]}},{"type":"Feature","properties":{"highway":"service","name":null,"oneway":"no","surface":"asphalt","lanes":"2","maxspeed":null},"geometry":{"type":"LineString","coordinates":[[18.4304355,-33.923479],[18.4289555,-33.9224202]]}},{"type":"Feature","properties":{"highway":"service","name":null,"oneway":null,"surface":null,"lanes":null,"maxspeed":null},"geometry":{"type":"LineString","coordinates":[[18.4252562,-33.9279138],[18.4252131,-33.9279541],[18.4249017,-33.9282467]]}},{"type":"Feature","properties":{"highway":"service","name":null,"oneway":null,"surface":null,"lanes":null,"maxspeed":null},"geometry":{"type":"LineString","coordinates":[[18.4252131,-33.9279541],[18.4250603,-33.927842],[18.4249493,-33.9277503],[18.4249326,-33.9277442],[18.4249178,-33.9277431],[18.4249037,-33.9277448],[18.4248897,-33.9277531],[18.4246127,-33.928009],[18.4246094,-33.9280224],[18.4246121,-33.9280313],[18.4246214,-33.9280441],[18.4247451,-33.9281316],[18.4249017,-33.9282467]]}},{"type":"Feature","properties":{"highway":"service","name":null,"oneway":null,"surface":null,"lanes":null,"maxspeed":null},"geometry":{"type":"LineString","coordinates":[[18.4250603,-33.927842],[18.4247451,-33.9281316]]}},{"type":"Feature","properties":{"highway":"service","name":null,"oneway":null,"surface":null,"lanes":null,"maxspeed":null},"geometry":{"type":"LineString","coordinates":[[18.4252131,-33.9279541],[18.4253456,-33.9280485],[18.4253503,-33.9280586],[18.4253503,-33.9280686],[18.425345,-33.9280791],[18.425062,-33.9283328],[18.4250466,-33.9283379],[18.4250325,-33.9283373],[18.4250144,-33.9283317],[18.4249017,-33.9282467]]}},{"type":"Feature","properties":{"highway":"service","name":null,"oneway":null,"surface":"asphalt","lanes":null,"maxspeed":null},"geometry":{"type":"LineString","coordinates":[[18.4243224,-33.928036],[18.4243861,-33.9280838],[18.4246711,-33.928298]]}},{"type":"Feature","properties":{"highway":"footway","name":null,"oneway":null,"surface":"paving_stones","lanes":null,"maxspeed":null},"geometry":{"type":"LineString","coordinates":[[18.4273446,-33.9274611],[18.4277153,-33.9273184],[18.4277566,-33.9273158],[18.4277823,-33.9273221],[18.4278669,-33.9273779],[18.4278715,-33.9273883],[18.4278685,-33.9273986],[18.4278511,-33.927424],[18.4277851,-33.9274874],[18.4276462,-33.9276209],[18.4276262,-33.9276503],[18.4276098,-33.9276823],[18.427594,-33.9276947],[18.4275714,-33.9276966],[18.4275297,-33.9276824],[18.427426,-33.927608],[18.4273227,-33.9275339],[18.4273046,-33.9275031],[18.4273172,-33.9274749],[18.4273332,-33.9274668],[18.4273446,-33.9274611]]}},{"type":"Feature","properties":{"highway":"footway","name":null,"oneway":null,"surface":null,"lanes":null,"maxspeed":null},"geometry":{"type":"LineString","coordinates":[[18.4271922,-33.927603],[18.4272243,-33.9275745],[18.4272731,-33.9275311],[18.4272888,-33.9275171]]}},{"type":"Feature","properties":{"highway":"footway","name":null,"oneway":null,"surface":null,"lanes":null,"maxspeed":null},"geometry":{"type":"LineString","coordinates":[[18.4271084,-33.9273013],[18.4271199,-33.9272673],[18.4271306,-33.9272356]]}},{"type":"Feature","properties":{"highway":"footway","name":null,"oneway":null,"surface":"paving_stones","lanes":null,"maxspeed":null},"geometry":{"type":"LineString","coordinates":[[18.4280977,-33.9297267],[18.4281399,-33.9297499],[18.4283606,-33.9298701],[18.4284646,-33.9299311],[18.4286088,-33.9300101],[18.4286523,-33.9300073],[18.429228,-33.9292447],[18.4292688,-33.929192],[18.4292814,-33.9291605],[18.4292692,-33.9291207],[18.4292387,-33.9290981],[18.4291743,-33.9290636],[18.4286643,-33.928693],[18.4286022,-33.9286483],[18.4284727,-33.928555],[18.4280476,-33.9282489],[18.4277683,-33.9280477],[18.4277439,-33.9280295],[18.4276891,-33.9279887],[18.4275233,-33.9278651],[18.4274843,-33.9278365],[18.4274487,-33.9278094],[18.4271822,-33.9276123],[18.4271922,-33.927603]]}},{"type":"Feature","properties":{"highway":"service","name":null,"oneway":null,"surface":"asphalt","lanes":null,"maxspeed":null},"geometry":{"type":"LineString","coordinates":[[18.4279703,-33.9283236],[18.4277722,-33.9281733],[18.4276624,-33.9282741],[18.4280074,-33.9285301],[18.4281134,-33.9284307],[18.4279703,-33.9283236]]}},{"type":"Feature","properties":{"highway":"pedestrian","name":null,"oneway":null,"surface":"paving_stones","lanes":null,"maxspeed":null},"geometry":{"type":"LineString","coordinates":[[18.4281068,-33.9290512],[18.4277695,-33.9295164],[18.4277592,-33.9295291]]}},{"type":"Feature","properties":{"highway":"footway","name":null,"oneway":null,"surface":"asphalt","lanes":null,"maxspeed":null},"geometry":{"type":"LineString","coordinates":[[18.4265429,-33.9278238],[18.4265086,-33.9278585],[18.426491,-33.9278763],[18.4261159,-33.9282345]]}},{"type":"Feature","properties":{"highway":"footway","name":null,"oneway":null,"surface":"concrete","lanes":null,"maxspeed":null},"geometry":{"type":"LineString","coordinates":[[18.4277592,-33.9295291],[18.4278453,-33.9295837],[18.4279065,-33.9296218],[18.4279918,-33.9296686],[18.4280977,-33.9297267]]}},{"type":"Feature","properties":{"highway":"service","name":null,"oneway":null,"surface":"asphalt","lanes":null,"maxspeed":null},"geometry":{"type":"LineString","coordinates":[[18.4281495,-33.9297383],[18.4283204,-33.9295003],[18.4284457,-33.9293306],[18.4284603,-33.9293124]]}},{"type":"Feature","properties":{"highway":"pedestrian","name":null,"oneway":null,"surface":"paving_stones","lanes":null,"maxspeed":null},"geometry":{"type":"LineString","coordinates":[[18.4265671,-33.9277993],[18.4265429,-33.9278238],[18.4265086,-33.9278585],[18.4265265,-33.9278718],[18.4272179,-33.9283828],[18.4271635,-33.9284352],[18.4272263,-33.9284802],[18.4268893,-33.9288015],[18.4268514,-33.9288377],[18.4268727,-33.9288548],[18.4268964,-33.9288781],[18.4272729,-33.9285142],[18.4273482,-33.9285679],[18.4274145,-33.928504],[18.4278488,-33.9288134],[18.4278645,-33.9288247],[18.4279,-33.9288507],[18.4278886,-33.9288635],[18.4280278,-33.9289628],[18.4279654,-33.9290157],[18.4280505,-33.9290718],[18.4277403,-33.9294934],[18.4277695,-33.9295164],[18.4277865,-33.9295256],[18.4280978,-33.9291236],[18.4281553,-33.9291519],[18.4281712,-33.9291597],[18.4282235,-33.9290913],[18.4283182,-33.929139],[18.4282674,-33.9292094],[18.4284374,-33.9292968],[18.4284404,-33.9292926],[18.4284536,-33.9292991],[18.4284657,-33.9292834],[18.428486,-33.9292941],[18.4284978,-33.9292784],[18.4285206,-33.9292902],[18.4285324,-33.9292744],[18.4285533,-33.9292852],[18.4285639,-33.9292712],[18.4285696,-33.929274],[18.4285872,-33.9292486],[18.4286084,-33.9292198],[18.4285132,-33.9291721],[18.4284367,-33.9290925],[18.4282854,-33.9290106],[18.4283323,-33.9289496],[18.4282547,-33.9289116],[18.4284943,-33.9285879],[18.4284638,-33.9285671],[18.428438,-33.9285496],[18.4282042,-33.9288647],[18.4281515,-33.9288352],[18.4280909,-33.9288981],[18.4274733,-33.928446],[18.4275241,-33.9283993],[18.42745,-33.9283469],[18.4277626,-33.9280568],[18.4277355,-33.9280376],[18.4277102,-33.9280183],[18.4274044,-33.9283128],[18.4273394,-33.9282666],[18.4272907,-33.9283116],[18.4265671,-33.9277993]]}},{"type":"Feature","properties":{"highway":"pedestrian","name":null,"oneway":null,"surface":null,"lanes":null,"maxspeed":null},"geometry":{"type":"LineString","coordinates":[[18.4293996,-33.9296506],[18.4292212,-33.9299049]]}},{"type":"Feature","properties":{"highway":"pedestrian","name":null,"oneway":null,"surface":"paving_stones","lanes":null,"maxspeed":null},"geometry":{"type":"LineString","coordinates":[[18.4296342,-33.9296069],[18.4297264,-33.9295891],[18.4298262,-33.929639],[18.4300592,-33.9297556],[18.4300964,-33.9297499],[18.4301502,-33.9297417],[18.4302896,-33.9297204],[18.4303075,-33.9297177],[18.4303226,-33.9297253],[18.4303745,-33.929753],[18.4304672,-33.9297985]]}},{"type":"Feature","properties":{"highway":"footway","name":null,"oneway":null,"surface":"paving_stones","lanes":null,"maxspeed":null},"geometry":{"type":"LineString","coordinates":[[18.4292212,-33.9299049],[18.4290796,-33.9300792],[18.4290116,-33.9300394]]}},{"type":"Feature","properties":{"highway":"footway","name":null,"oneway":null,"surface":"paving_stones","lanes":null,"maxspeed":null},"geometry":{"type":"LineString","coordinates":[[18.4284646,-33.9299311],[18.4285287,-33.9298765]]}},{"type":"Feature","properties":{"highway":"footway","name":null,"oneway":null,"surface":"paving_stones","lanes":null,"maxspeed":null},"geometry":{"type":"LineString","coordinates":[[18.4288708,-33.9301337],[18.4289032,-33.9301508],[18.4287563,-33.9303423]]}},{"type":"Feature","properties":{"highway":"footway","name":null,"oneway":null,"surface":"asphalt","lanes":null,"maxspeed":null},"geometry":{"type":"LineString","coordinates":[[18.4286088,-33.9300101],[18.4285531,-33.9300807],[18.4285161,-33.930117]]}},{"type":"Feature","properties":{"highway":"footway","name":null,"oneway":null,"surface":"asphalt","lanes":null,"maxspeed":null},"geometry":{"type":"LineString","coordinates":[[18.429953,-33.9268773],[18.4299803,-33.9269059],[18.430004,-33.9269313]]}},{"type":"Feature","properties":{"highway":"footway","name":null,"oneway":null,"surface":"asphalt","lanes":null,"maxspeed":null},"geometry":{"type":"LineString","coordinates":[[18.4273982,-33.9271646],[18.4278987,-33.9270292],[18.4280258,-33.9270237],[18.4291803,-33.9270852],[18.4292886,-33.9270783],[18.4293855,-33.9270595],[18.4297679,-33.9269671],[18.429953,-33.9268773],[18.4300539,-33.9267853],[18.4301535,-33.9266493],[18.4301977,-33.9265443],[18.4302288,-33.9263037]]}},{"type":"Feature","properties":{"highway":"footway","name":null,"oneway":null,"surface":"asphalt","lanes":null,"maxspeed":null},"geometry":{"type":"LineString","coordinates":[[18.4261037,-33.9243328],[18.4261559,-33.9242532],[18.4262395,-33.9241248],[18.426285,-33.9240563]]}},{"type":"Feature","properties":{"highway":"footway","name":null,"oneway":null,"surface":"asphalt","lanes":null,"maxspeed":null},"geometry":{"type":"LineString","coordinates":[[18.4266211,-33.9241709],[18.4265875,-33.9242462],[18.4265276,-33.9243854],[18.4264896,-33.9244725]]}},{"type":"Feature","properties":{"highway":"service","name":null,"oneway":null,"surface":"paving_stones","lanes":null,"maxspeed":null},"geometry":{"type":"LineString","coordinates":[[18.4259662,-33.9255412],[18.4260413,-33.9255201],[18.4262242,-33.9253992],[18.426146,-33.9253367],[18.4261081,-33.9253083]]}},{"type":"Feature","properties":{"highway":"footway","name":null,"oneway":null,"surface":null,"lanes":null,"maxspeed":null},"geometry":{"type":"LineString","coordinates":[[18.4262242,-33.9253992],[18.4262864,-33.9253777],[18.4262952,-33.9253745]]}},{"type":"Feature","properties":{"highway":"footway","name":null,"oneway":null,"surface":null,"lanes":null,"maxspeed":null},"geometry":{"type":"LineString","coordinates":[[18.4257983,-33.9250894],[18.4259571,-33.9250637]]}},{"type":"Feature","properties":{"highway":"footway","name":null,"oneway":null,"surface":"asphalt","lanes":null,"maxspeed":null},"geometry":{"type":"LineString","coordinates":[[18.4259343,-33.9249692],[18.4259696,-33.9249607],[18.4260448,-33.9249427],[18.426093,-33.9249311]]}},{"type":"Feature","properties":{"highway":"footway","name":null,"oneway":null,"surface":null,"lanes":null,"maxspeed":null},"geometry":{"type":"LineString","coordinates":[[18.4259343,-33.9249692],[18.4259227,-33.9249719],[18.4259571,-33.9250637]]}},{"type":"Feature","properties":{"highway":"service","name":null,"oneway":"yes","surface":"asphalt","lanes":null,"maxspeed":null},"geometry":{"type":"LineString","coordinates":[[18.4257867,-33.9246971],[18.4259624,-33.9247046]]}},{"type":"Feature","properties":{"highway":"residential","name":"Castle Street","oneway":"yes","surface":"asphalt","lanes":"1","maxspeed":null},"geometry":{"type":"LineString","coordinates":[[18.4258024,-33.9248034],[18.4256841,-33.9247133],[18.4254392,-33.9245215],[18.4247422,-33.9239964]]}},{"type":"Feature","properties":{"highway":"tertiary","name":"Lower Plein Street","oneway":"yes","surface":"asphalt","lanes":"2","maxspeed":"60"},"geometry":{"type":"LineString","coordinates":[[18.4231644,-33.9243826],[18.4230828,-33.9244659]]}},{"type":"Feature","properties":{"highway":"tertiary","name":"Lower Plein Street","oneway":"yes","surface":"asphalt","lanes":"2","maxspeed":"60"},"geometry":{"type":"LineString","coordinates":[[18.4230761,-33.9243232],[18.4238445,-33.9235742],[18.4239765,-33.9234456],[18.424051,-33.9233738]]}},{"type":"Feature","properties":{"highway":"tertiary","name":"Lower Plein Street","oneway":"yes","surface":"asphalt","lanes":"3","maxspeed":"60"},"geometry":{"type":"LineString","coordinates":[[18.424051,-33.9233738],[18.4242291,-33.9231991],[18.424326,-33.9231041],[18.4243285,-33.9231021],[18.4244047,-33.9230277]]}},{"type":"Feature","properties":{"highway":"tertiary","name":"Lower Plein Street","oneway":"yes","surface":"asphalt","lanes":"3","maxspeed":"60"},"geometry":{"type":"LineString","coordinates":[[18.4245056,-33.9231005],[18.4244299,-33.9231704],[18.4244243,-33.9231758]]}},{"type":"Feature","properties":{"highway":"service","name":null,"oneway":null,"surface":"asphalt","lanes":null,"maxspeed":null},"geometry":{"type":"LineString","coordinates":[[18.4245893,-33.9237622],[18.4245153,-33.9238332]]}},{"type":"Feature","properties":{"highway":"service","name":null,"oneway":"yes","surface":null,"lanes":null,"maxspeed":null},"geometry":{"type":"LineString","coordinates":[[18.4249501,-33.9235894],[18.4250776,-33.9236798]]}},{"type":"Feature","properties":{"highway":"residential","name":"Roger Street","oneway":"no","surface":"paving_stones","lanes":null,"maxspeed":null},"geometry":{"type":"LineString","coordinates":[[18.4325985,-33.9292905],[18.4333623,-33.929335]]}},{"type":"Feature","properties":{"highway":"residential","name":"Constitution Street","oneway":null,"surface":"asphalt","lanes":"2","maxspeed":"60"},"geometry":{"type":"LineString","coordinates":[[18.426646,-33.9306814],[18.4266915,-33.9307261],[18.4267403,-33.9307786]]}},{"type":"Feature","properties":{"highway":"service","name":"Bouquet Street","oneway":null,"surface":"asphalt","lanes":null,"maxspeed":null},"geometry":{"type":"LineString","coordinates":[[18.4188322,-33.9281426],[18.4189373,-33.9282206],[18.4189531,-33.9282329],[18.4189955,-33.9282661]]}},{"type":"Feature","properties":{"highway":"footway","name":null,"oneway":null,"surface":"asphalt","lanes":null,"maxspeed":null},"geometry":{"type":"LineString","coordinates":[[18.4261159,-33.9282345],[18.4260532,-33.9282944],[18.4261419,-33.9283591]]}},{"type":"Feature","properties":{"highway":"footway","name":null,"oneway":null,"surface":"asphalt","lanes":null,"maxspeed":null},"geometry":{"type":"LineString","coordinates":[[18.4261419,-33.9283591],[18.4263342,-33.9284993],[18.4263662,-33.9285078],[18.4268343,-33.9288491],[18.4268591,-33.9288672],[18.4277592,-33.9295291]]}},{"type":"Feature","properties":{"highway":"service","name":null,"oneway":null,"surface":"asphalt","lanes":null,"maxspeed":null},"geometry":{"type":"LineString","coordinates":[[18.4264141,-33.9274381],[18.4264579,-33.9274704],[18.426631,-33.9275952]]}},{"type":"Feature","properties":{"highway":"service","name":null,"oneway":null,"surface":null,"lanes":null,"maxspeed":null},"geometry":{"type":"LineString","coordinates":[[18.4263892,-33.9275681],[18.4265362,-33.9276806],[18.426631,-33.9275952],[18.4267666,-33.9274731],[18.4266209,-33.9273618]]}},{"type":"Feature","properties":{"highway":"service","name":null,"oneway":null,"surface":"asphalt","lanes":null,"maxspeed":null},"geometry":{"type":"LineString","coordinates":[[18.4259821,-33.9278164],[18.4261277,-33.9279275],[18.4262983,-33.9277772]]}},{"type":"Feature","properties":{"highway":"service","name":null,"oneway":null,"surface":"asphalt","lanes":null,"maxspeed":null},"geometry":{"type":"LineString","coordinates":[[18.4257768,-33.9281629],[18.4258816,-33.9280666],[18.4259631,-33.9279917],[18.4260493,-33.9280549],[18.4259686,-33.9281315],[18.4258816,-33.9280666]]}},{"type":"Feature","properties":{"highway":"service","name":null,"oneway":null,"surface":"asphalt","lanes":null,"maxspeed":null},"geometry":{"type":"LineString","coordinates":[[18.4250838,-33.928502],[18.4252214,-33.9286516]]}},{"type":"Feature","properties":{"highway":"residential","name":"Longmarket Street","oneway":"yes","surface":"asphalt","lanes":"1","maxspeed":null},"geometry":{"type":"LineString","coordinates":[[18.4213209,-33.9239939],[18.4218787,-33.9244133],[18.422445,-33.9248233],[18.4225132,-33.9248728],[18.4225604,-33.9249071],[18.4231097,-33.9253057]]}},{"type":"Feature","properties":{"highway":"residential","name":"Longmarket Street","oneway":"yes","surface":"asphalt","lanes":"1","maxspeed":"60"},"geometry":{"type":"LineString","coordinates":[[18.4191744,-33.922432],[18.4195474,-33.9227052],[18.4196554,-33.9227345],[18.4198688,-33.9228948]]}},{"type":"Feature","properties":{"highway":"residential","name":"Castle Street","oneway":null,"surface":"asphalt","lanes":null,"maxspeed":null},"geometry":{"type":"LineString","coordinates":[[18.4213475,-33.9215281],[18.421418,-33.92158],[18.4220138,-33.9220191]]}},{"type":"Feature","properties":{"highway":"service","name":null,"oneway":null,"surface":"asphalt","lanes":null,"maxspeed":null},"geometry":{"type":"LineString","coordinates":[[18.4122631,-33.9284453],[18.4122095,-33.9284067],[18.41206,-33.9282989],[18.4117649,-33.9280862],[18.4117128,-33.9280394],[18.4116943,-33.9280107],[18.4116774,-33.92797],[18.4116731,-33.9279427],[18.4116774,-33.9278887],[18.4116867,-33.9278628],[18.4117035,-33.9278282]]}},{"type":"Feature","properties":{"highway":"residential","name":"Primrose Street","oneway":"yes","surface":"asphalt","lanes":"1","maxspeed":"60"},"geometry":{"type":"LineString","coordinates":[[18.4259699,-33.9282993],[18.4258889,-33.9283746],[18.4250777,-33.9291195]]}},{"type":"Feature","properties":{"highway":"residential","name":"Alfred Street","oneway":"yes","surface":"asphalt","lanes":"1","maxspeed":"60"},"geometry":{"type":"LineString","coordinates":[[18.4184119,-33.9156834],[18.4185039,-33.9156515],[18.4189824,-33.9154808],[18.4194058,-33.9153266],[18.4194968,-33.915297]]}},{"type":"Feature","properties":{"highway":"residential","name":"Leeuwen Street","oneway":null,"surface":"unhewn_cobblestone","lanes":"2","maxspeed":"60"},"geometry":{"type":"LineString","coordinates":[[18.4134962,-33.9219521],[18.4139206,-33.9222754],[18.4142626,-33.9225249],[18.4143009,-33.9225528],[18.4146936,-33.9228558],[18.4148111,-33.9229457]]}},{"type":"Feature","properties":{"highway":"residential","name":"Helliger Lane","oneway":"yes","surface":"cobblestone","lanes":"1","maxspeed":"60"},"geometry":{"type":"LineString","coordinates":[[18.4162033,-33.9215141],[18.415429,-33.9209477]]}},{"type":"Feature","properties":{"highway":"footway","name":null,"oneway":null,"surface":null,"lanes":null,"maxspeed":null},"geometry":{"type":"LineString","coordinates":[[18.4172018,-33.9166825],[18.4173435,-33.9165551]]}},{"type":"Feature","properties":{"highway":"footway","name":null,"oneway":null,"surface":null,"lanes":null,"maxspeed":null},"geometry":{"type":"LineString","coordinates":[[18.41715,-33.9167565],[18.4170982,-33.916801]]}},{"type":"Feature","properties":{"highway":"secondary_link","name":null,"oneway":"yes","surface":"asphalt","lanes":"1","maxspeed":"60"},"geometry":{"type":"LineString","coordinates":[[18.426486,-33.9268729],[18.4266206,-33.9270141],[18.4268985,-33.9272343],[18.4270142,-33.9273296],[18.4271248,-33.9274056]]}},{"type":"Feature","properties":{"highway":"secondary","name":"Darling Street","oneway":"yes","surface":"asphalt","lanes":"2","maxspeed":"60"},"geometry":{"type":"LineString","coordinates":[[18.426486,-33.9268729],[18.4266574,-33.9269871],[18.4268302,-33.9271054]]}},{"type":"Feature","properties":{"highway":"secondary","name":"Darling Street","oneway":"yes","surface":"asphalt","lanes":"2","maxspeed":"60"},"geometry":{"type":"LineString","coordinates":[[18.4269604,-33.9273891],[18.4267046,-33.9271754]]}},{"type":"Feature","properties":{"highway":"residential","name":"Caledon Street","oneway":null,"surface":"asphalt","lanes":"2","maxspeed":"60"},"geometry":{"type":"LineString","coordinates":[[18.4280834,-33.9298227],[18.4285531,-33.9300807],[18.4286541,-33.9301345]]}},{"type":"Feature","properties":{"highway":"residential","name":"Matveld Street","oneway":null,"surface":"asphalt","lanes":null,"maxspeed":"60"},"geometry":{"type":"LineString","coordinates":[[18.4319508,-33.9280208],[18.4319482,-33.9280552],[18.4319014,-33.9286774]]}},{"type":"Feature","properties":{"highway":"tertiary","name":"Lower Long Street","oneway":"yes","surface":"asphalt","lanes":"2","maxspeed":"60"},"geometry":{"type":"LineString","coordinates":[[18.4260725,-33.9161151],[18.4260072,-33.9161793],[18.4257806,-33.9164015]]}},{"type":"Feature","properties":{"highway":"tertiary","name":"Walter Sisulu Avenue","oneway":"yes","surface":"asphalt","lanes":"3","maxspeed":"60"},"geometry":{"type":"LineString","coordinates":[[18.4261775,-33.9160147],[18.4263002,-33.9160916]]}},{"type":"Feature","properties":{"highway":"primary","name":"Buitengracht Street","oneway":"yes","surface":"asphalt","lanes":"3","maxspeed":"60"},"geometry":{"type":"LineString","coordinates":[[18.4240676,-33.9150973],[18.4238485,-33.9151816]]}},{"type":"Feature","properties":{"highway":"residential","name":"Cullinan Hotel Road","oneway":"yes","surface":"asphalt","lanes":"1","maxspeed":null},"geometry":{"type":"LineString","coordinates":[[18.4240676,-33.9150973],[18.4239601,-33.9152699],[18.4234702,-33.9154963],[18.4234183,-33.9155305],[18.4233846,-33.915583]]}},{"type":"Feature","properties":{"highway":"primary","name":"Buitengracht Street","oneway":"yes","surface":"asphalt","lanes":"5","maxspeed":"60"},"geometry":{"type":"LineString","coordinates":[[18.4238485,-33.9151816],[18.4235706,-33.9153159]]}},{"type":"Feature","properties":{"highway":"tertiary","name":"Walter Sisulu Avenue","oneway":"yes","surface":"asphalt","lanes":"4","maxspeed":"60"},"geometry":{"type":"LineString","coordinates":[[18.4244753,-33.9149531],[18.42392,-33.9145639],[18.4238506,-33.9144986],[18.4237459,-33.9144001]]}},{"type":"Feature","properties":{"highway":"pedestrian","name":null,"oneway":null,"surface":null,"lanes":null,"maxspeed":null},"geometry":{"type":"LineString","coordinates":[[18.4240269,-33.9217222],[18.4239844,-33.9216921],[18.4241727,-33.921491],[18.4245459,-33.9211507],[18.42469,-33.9210003],[18.4247033,-33.9209865],[18.4248021,-33.9210563],[18.4248173,-33.9210669],[18.4247905,-33.9210928],[18.4247428,-33.9211389],[18.4246928,-33.9211871],[18.4248106,-33.9212715],[18.4248311,-33.9212862],[18.4245963,-33.9215152],[18.4250865,-33.9218652],[18.425016,-33.9219314],[18.4247123,-33.9222264],[18.4241463,-33.9218115],[18.4240269,-33.9217222]]}},{"type":"Feature","properties":{"highway":"pedestrian","name":null,"oneway":null,"surface":null,"lanes":null,"maxspeed":null},"geometry":{"type":"LineString","coordinates":[[18.4235348,-33.9215357],[18.4235778,-33.9214932],[18.4236585,-33.9214145],[18.4236999,-33.9213754],[18.4236737,-33.9213802],[18.4236479,-33.9213754],[18.4233803,-33.9211445],[18.4232557,-33.9210427],[18.4232201,-33.9210742],[18.4231916,-33.9211019],[18.423298,-33.921181],[18.4232455,-33.9212292],[18.4231392,-33.9211484],[18.4231269,-33.9211577],[18.4231097,-33.9211716],[18.4235368,-33.9214855],[18.4235348,-33.9215357]]}},{"type":"Feature","properties":{"highway":"pedestrian","name":null,"oneway":null,"surface":null,"lanes":null,"maxspeed":null},"geometry":{"type":"LineString","coordinates":[[18.4225349,-33.9213801],[18.4226151,-33.921436],[18.4227253,-33.9215273],[18.4227176,-33.9214737],[18.4228051,-33.9213779],[18.4230309,-33.9211652],[18.4230735,-33.9211603],[18.4230978,-33.9211377],[18.4231114,-33.9211282],[18.4231619,-33.9210806],[18.4231927,-33.9210521],[18.4232286,-33.9210167],[18.4235375,-33.9207258],[18.4235459,-33.920718],[18.4236151,-33.9206517],[18.4236776,-33.9205919],[18.4237247,-33.9205468],[18.4236508,-33.9204864],[18.4235835,-33.9204365],[18.4234976,-33.9205149],[18.4234308,-33.920576],[18.4234042,-33.9205559],[18.4233368,-33.920619],[18.4233458,-33.9206257],[18.4231458,-33.9208084],[18.4230917,-33.9208578],[18.4229068,-33.9207184],[18.4229187,-33.9207075],[18.4228942,-33.9206891],[18.4226685,-33.9204706],[18.4226419,-33.9204277],[18.4226189,-33.9204099],[18.4225278,-33.9204874],[18.422457,-33.9204987],[18.422428,-33.9205006],[18.4225233,-33.9205707],[18.4225442,-33.9205936],[18.4226113,-33.9206431],[18.4226318,-33.9206582],[18.4226933,-33.9207037],[18.4227272,-33.9207286],[18.4227954,-33.9207789],[18.4228149,-33.9207947],[18.4230066,-33.9209366],[18.4229297,-33.9210094],[18.4228842,-33.9210514],[18.422789,-33.9211421],[18.4226903,-33.9212348],[18.4225349,-33.9213801]]}},{"type":"Feature","properties":{"highway":"pedestrian","name":null,"oneway":null,"surface":null,"lanes":null,"maxspeed":null},"geometry":{"type":"LineString","coordinates":[[18.4237447,-33.9202582],[18.4237984,-33.9203003],[18.4238115,-33.9203102],[18.4245112,-33.919599],[18.4245412,-33.9195681],[18.4243368,-33.9194177],[18.4243328,-33.9194048],[18.4243293,-33.9193849],[18.4243199,-33.9193954],[18.4242841,-33.9194368],[18.424255,-33.9194699],[18.4242385,-33.9194872],[18.4242591,-33.9195025],[18.4242713,-33.9194909],[18.424402,-33.9195875],[18.4243884,-33.9196002],[18.4244105,-33.9196165],[18.4242033,-33.9198096],[18.4241808,-33.9197929],[18.4241676,-33.9198053],[18.4240389,-33.9197102],[18.4240539,-33.9196962],[18.4240318,-33.9196799],[18.4240062,-33.919704],[18.4239667,-33.919742],[18.4239259,-33.9197787],[18.4240695,-33.9198827],[18.424085,-33.9198968],[18.4240628,-33.9199186],[18.4240471,-33.9199319],[18.4240324,-33.9199901],[18.424073,-33.9199523],[18.4240869,-33.9199625],[18.4237704,-33.9202579],[18.4237563,-33.9202474],[18.4237447,-33.9202582]]}},{"type":"Feature","properties":{"highway":"pedestrian","name":null,"oneway":null,"surface":null,"lanes":null,"maxspeed":null},"geometry":{"type":"LineString","coordinates":[[18.4239259,-33.9197787],[18.423853,-33.9197246],[18.4238407,-33.919736],[18.4238142,-33.9197165],[18.4237992,-33.9197055],[18.4238109,-33.9196946],[18.4237813,-33.9196726],[18.4235785,-33.9195221],[18.4235414,-33.9195565],[18.4234777,-33.9195803],[18.4235213,-33.9195406],[18.4235074,-33.9195303],[18.4231897,-33.9198246],[18.4232041,-33.9198353],[18.42319,-33.9198484],[18.4232916,-33.9199235],[18.4232667,-33.9199256],[18.4232256,-33.9199159],[18.4231092,-33.9198266],[18.4230072,-33.9197477],[18.4229949,-33.9197251],[18.4229952,-33.919704],[18.4230653,-33.9197566],[18.4231212,-33.9197544],[18.423465,-33.919437],[18.4234637,-33.9194158],[18.4234551,-33.9193584],[18.4234291,-33.9193375],[18.4232009,-33.9191775],[18.4232932,-33.9190952],[18.4233027,-33.9191001],[18.4233133,-33.9191017],[18.4233246,-33.9191013],[18.4236221,-33.9190843],[18.4236335,-33.9190832],[18.4236437,-33.9190808],[18.4236525,-33.9190749],[18.4236584,-33.9190672],[18.4236605,-33.9190582],[18.4236595,-33.919049],[18.423639,-33.9188012],[18.4236382,-33.918792],[18.4236342,-33.9187835],[18.4236271,-33.9187764],[18.4236177,-33.9187716],[18.4236074,-33.9187697],[18.423596,-33.9187704],[18.4235099,-33.9187753],[18.4235089,-33.9187443],[18.4234594,-33.9187068],[18.4234805,-33.918692],[18.423506,-33.9186756],[18.4235009,-33.9186874],[18.4235042,-33.9186998],[18.4235509,-33.918734],[18.423619,-33.9187348],[18.4236989,-33.9187905],[18.4237083,-33.9188728],[18.4237174,-33.9189471],[18.4238194,-33.9190242],[18.4239035,-33.9190844],[18.4239182,-33.9190876],[18.4239333,-33.9190869],[18.4239476,-33.9190825],[18.4239609,-33.9190757],[18.4240807,-33.9189609],[18.4240824,-33.9189564],[18.4240824,-33.9189517],[18.4240809,-33.9189472],[18.4240779,-33.9189432],[18.4240341,-33.9189125],[18.4240465,-33.918901],[18.4241294,-33.9189557],[18.4241557,-33.9189729],[18.4242122,-33.919014],[18.4241011,-33.9191192],[18.4240898,-33.919111],[18.4240163,-33.9191805],[18.4241483,-33.9192765],[18.4242076,-33.9192203],[18.4243084,-33.9192925],[18.42434,-33.9192614],[18.4242395,-33.9191895],[18.4242217,-33.9192069],[18.4241862,-33.9191811],[18.4242985,-33.9190747],[18.4244335,-33.9191729],[18.4244796,-33.9192055],[18.4245007,-33.9192202],[18.4243293,-33.9193849],[18.4243199,-33.9193954],[18.4242841,-33.9194368],[18.424255,-33.9194699],[18.4242385,-33.9194872],[18.4240318,-33.9196799],[18.4240062,-33.919704],[18.4239667,-33.919742],[18.4239259,-33.9197787]]}},{"type":"Feature","properties":{"highway":"path","name":null,"oneway":null,"surface":null,"lanes":null,"maxspeed":null},"geometry":{"type":"LineString","coordinates":[[18.4326299,-33.9287171],[18.4326728,-33.9287962],[18.4327149,-33.9288688]]}},{"type":"Feature","properties":{"highway":"primary","name":"Strand Street","oneway":"yes","surface":"asphalt","lanes":"3","maxspeed":"60"},"geometry":{"type":"LineString","coordinates":[[18.4233483,-33.9220854],[18.4234067,-33.9221266],[18.4236276,-33.9222797]]}},{"type":"Feature","properties":{"highway":"primary","name":"Strand Street","oneway":"yes","surface":"asphalt","lanes":"4","maxspeed":"60"},"geometry":{"type":"LineString","coordinates":[[18.4227453,-33.9216532],[18.423126,-33.9219188],[18.4231945,-33.9219725]]}},{"type":"Feature","properties":{"highway":"secondary","name":"Adderley Street","oneway":"yes","surface":"asphalt","lanes":"3","maxspeed":"60"},"geometry":{"type":"LineString","coordinates":[[18.4233483,-33.9220854],[18.4232492,-33.9221701]]}},{"type":"Feature","properties":{"highway":"secondary","name":"Adderley Street","oneway":"yes","surface":"asphalt","lanes":"4","maxspeed":"60"},"geometry":{"type":"LineString","coordinates":[[18.4231085,-33.9220528],[18.4231945,-33.9219725]]}},{"type":"Feature","properties":{"highway":"secondary","name":"Adderley Street","oneway":"yes","surface":"asphalt","lanes":"3","maxspeed":"60"},"geometry":{"type":"LineString","coordinates":[[18.4225751,-33.9225617],[18.4226723,-33.9224768],[18.4227771,-33.9223641]]}},{"type":"Feature","properties":{"highway":"secondary","name":"Adderley Street","oneway":"yes","surface":"asphalt","lanes":"4","maxspeed":"60"},"geometry":{"type":"LineString","coordinates":[[18.4227771,-33.9223641],[18.4230148,-33.9221417],[18.4231085,-33.9220528]]}},{"type":"Feature","properties":{"highway":"secondary","name":"Adderley Street","oneway":"yes","surface":"asphalt","lanes":"2","maxspeed":"60"},"geometry":{"type":"LineString","coordinates":[[18.422162,-33.9229228],[18.4223905,-33.922716],[18.4225751,-33.9225617]]}},{"type":"Feature","properties":{"highway":"secondary","name":"Adderley Street","oneway":"yes","surface":"asphalt","lanes":"2","maxspeed":"60"},"geometry":{"type":"LineString","coordinates":[[18.4211609,-33.9238747],[18.4211913,-33.9238461],[18.4212658,-33.9237749],[18.4215591,-33.9234948],[18.4216211,-33.9234421]]}},{"type":"Feature","properties":{"highway":"secondary","name":"Adderley Street","oneway":"yes","surface":"asphalt","lanes":"2","maxspeed":"60"},"geometry":{"type":"LineString","coordinates":[[18.4203614,-33.9246612],[18.4204341,-33.9245902],[18.4206284,-33.9244004],[18.4211131,-33.9239219],[18.4211609,-33.9238747]]}},{"type":"Feature","properties":{"highway":"service","name":null,"oneway":null,"surface":"asphalt","lanes":null,"maxspeed":null},"geometry":{"type":"LineString","coordinates":[[18.4234067,-33.9221266],[18.4235284,-33.9220375],[18.423947,-33.9216246],[18.4240578,-33.921525],[18.424121,-33.9214953],[18.424185,-33.9214258]]}},{"type":"Feature","properties":{"highway":"footway","name":null,"oneway":null,"surface":null,"lanes":null,"maxspeed":null},"geometry":{"type":"LineString","coordinates":[[18.4220539,-33.9229463],[18.4221039,-33.9229805],[18.4221778,-33.9230317],[18.4222382,-33.9230736],[18.4222624,-33.9230899]]}},{"type":"Feature","properties":{"highway":"cycleway","name":null,"oneway":null,"surface":"asphalt","lanes":null,"maxspeed":null},"geometry":{"type":"LineString","coordinates":[[18.4204436,-33.9247199],[18.4204973,-33.9247084],[18.420533,-33.9246961],[18.4205669,-33.9246794],[18.420763,-33.9244728],[18.4207858,-33.9244526],[18.4208177,-33.9244387],[18.4208426,-33.9244221],[18.4210406,-33.9242336],[18.4212541,-33.9240247],[18.4213009,-33.9239789],[18.4213327,-33.9239492],[18.4217246,-33.9235812]]}},{"type":"Feature","properties":{"highway":"tertiary","name":"Lower Plein Street","oneway":"yes","surface":"asphalt","lanes":"3","maxspeed":"60"},"geometry":{"type":"LineString","coordinates":[[18.4241433,-33.923441],[18.4240709,-33.9235135]]}},{"type":"Feature","properties":{"highway":"busway","name":"Adderley Street Bus Lane","oneway":"yes","surface":"asphalt","lanes":"1","maxspeed":null},"geometry":{"type":"LineString","coordinates":[[18.4237504,-33.9214835],[18.4239394,-33.9213768],[18.4243295,-33.9209925]]}},{"type":"Feature","properties":{"highway":"secondary","name":"Castle Street","oneway":"yes","surface":"asphalt","lanes":"3","maxspeed":"60"},"geometry":{"type":"LineString","coordinates":[[18.426457,-33.924206],[18.4263879,-33.9243419]]}},{"type":"Feature","properties":{"highway":"footway","name":null,"oneway":null,"surface":null,"lanes":null,"maxspeed":null},"geometry":{"type":"LineString","coordinates":[[18.4251094,-33.9260348],[18.4251146,-33.9260658]]}},{"type":"Feature","properties":{"highway":"footway","name":null,"oneway":null,"surface":"asphalt","lanes":null,"maxspeed":null},"geometry":{"type":"LineString","coordinates":[[18.4252372,-33.9259091],[18.4251715,-33.9259738],[18.4251094,-33.9260348]]}},{"type":"Feature","properties":{"highway":"footway","name":null,"oneway":null,"surface":"paving_stones","lanes":null,"maxspeed":null},"geometry":{"type":"LineString","coordinates":[[18.4252972,-33.9261944],[18.4253288,-33.9261984]]}},{"type":"Feature","properties":{"highway":"footway","name":null,"oneway":null,"surface":"asphalt","lanes":null,"maxspeed":null},"geometry":{"type":"LineString","coordinates":[[18.4253288,-33.9261984],[18.4253968,-33.9261346],[18.4254817,-33.9260549]]}},{"type":"Feature","properties":{"highway":"footway","name":null,"oneway":null,"surface":"asphalt","lanes":null,"maxspeed":null},"geometry":{"type":"LineString","coordinates":[[18.4251146,-33.9260658],[18.4251584,-33.9260966],[18.4252298,-33.9261469],[18.4252972,-33.9261944]]}},{"type":"Feature","properties":{"highway":"secondary","name":"Buitenkant Street","oneway":"yes","surface":"asphalt","lanes":"2","maxspeed":"60"},"geometry":{"type":"LineString","coordinates":[[18.4253073,-33.9260719],[18.4252298,-33.9261469],[18.4248553,-33.9264967],[18.4248092,-33.9265397],[18.4242939,-33.926995],[18.4242375,-33.9270472]]}},{"type":"Feature","properties":{"highway":"secondary","name":"Buitenkant Street","oneway":"yes","surface":"asphalt","lanes":"3","maxspeed":"60"},"geometry":{"type":"LineString","coordinates":[[18.4248012,-33.9264512],[18.4251584,-33.9260966],[18.4252394,-33.9260214]]}},{"type":"Feature","properties":{"highway":"secondary","name":"Darling Street","oneway":null,"surface":"asphalt","lanes":"4","maxspeed":"60"},"geometry":{"type":"LineString","coordinates":[[18.4245803,-33.925547],[18.4251715,-33.9259738],[18.4252394,-33.9260214]]}},{"type":"Feature","properties":{"highway":"secondary","name":"Darling Street","oneway":null,"surface":"asphalt","lanes":"4","maxspeed":"60"},"geometry":{"type":"LineString","coordinates":[[18.4257768,-33.9264051],[18.4258353,-33.926448],[18.4258567,-33.9264636]]}},{"type":"Feature","properties":{"highway":"secondary","name":"Darling Street","oneway":null,"surface":"asphalt","lanes":"5","maxspeed":"60"},"geometry":{"type":"LineString","coordinates":[[18.4252394,-33.9260214],[18.4253073,-33.9260719]]}},{"type":"Feature","properties":{"highway":"secondary","name":"Darling Street","oneway":"yes","surface":"asphalt","lanes":"2","maxspeed":"60"},"geometry":{"type":"LineString","coordinates":[[18.4258567,-33.9264636],[18.4258901,-33.9264702],[18.4259247,-33.926482],[18.4259882,-33.9265255],[18.4261412,-33.9266305],[18.4263475,-33.9267735],[18.426486,-33.9268729]]}},{"type":"Feature","properties":{"highway":"secondary","name":"Sir Lowry Road","oneway":"yes","surface":"asphalt","lanes":"2","maxspeed":"60"},"geometry":{"type":"LineString","coordinates":[[18.4291674,-33.9271239],[18.4292623,-33.9271301],[18.4299112,-33.9271749]]}},{"type":"Feature","properties":{"highway":"secondary","name":"Sir Lowry Road","oneway":"yes","surface":"asphalt","lanes":"2","maxspeed":"60"},"geometry":{"type":"LineString","coordinates":[[18.4299112,-33.9271749],[18.4300979,-33.9271855],[18.4302521,-33.9271901]]}},{"type":"Feature","properties":{"highway":"secondary","name":"Sir Lowry Road","oneway":"yes","surface":"asphalt","lanes":"2","maxspeed":"60"},"geometry":{"type":"LineString","coordinates":[[18.4302521,-33.9271901],[18.4303763,-33.9271967]]}},{"type":"Feature","properties":{"highway":"secondary","name":"Sir Lowry Road","oneway":"yes","surface":"asphalt","lanes":"2","maxspeed":"60"},"geometry":{"type":"LineString","coordinates":[[18.4309816,-33.9272332],[18.4312565,-33.9272495],[18.431989,-33.9272873],[18.4327418,-33.927326],[18.4344238,-33.9274174]]}},{"type":"Feature","properties":{"highway":"secondary","name":"Sir Lowry Road","oneway":"yes","surface":"asphalt","lanes":"2","maxspeed":"60"},"geometry":{"type":"LineString","coordinates":[[18.4303693,-33.9272876],[18.4302451,-33.9272811]]}},{"type":"Feature","properties":{"highway":"secondary","name":null,"oneway":"yes","surface":"asphalt","lanes":"3","maxspeed":"60"},"geometry":{"type":"LineString","coordinates":[[18.4303763,-33.9271967],[18.4303693,-33.9272876]]}},{"type":"Feature","properties":{"highway":"secondary","name":null,"oneway":"yes","surface":"asphalt","lanes":"3","maxspeed":"60"},"geometry":{"type":"LineString","coordinates":[[18.4302451,-33.9272811],[18.4302521,-33.9271901]]}},{"type":"Feature","properties":{"highway":"residential","name":"Van de Leur Street","oneway":"yes","surface":"asphalt","lanes":"1","maxspeed":null},"geometry":{"type":"LineString","coordinates":[[18.4292623,-33.9271301],[18.4291667,-33.9272196],[18.4290965,-33.9272922],[18.4290516,-33.9273329],[18.4289952,-33.9273639]]}},{"type":"Feature","properties":{"highway":"residential","name":"Van de Leur Street","oneway":"yes","surface":"asphalt","lanes":"1","maxspeed":null},"geometry":{"type":"LineString","coordinates":[[18.4289952,-33.9273639],[18.4289817,-33.927317],[18.4289884,-33.927297],[18.4289927,-33.9272838],[18.428995,-33.927277],[18.4290732,-33.9272159],[18.4291674,-33.9271239]]}},{"type":"Feature","properties":{"highway":"tertiary","name":"Hanover Street","oneway":"yes","surface":"asphalt","lanes":"2","maxspeed":"60"},"geometry":{"type":"LineString","coordinates":[[18.4277742,-33.9278249],[18.4280937,-33.9280424],[18.4281344,-33.9280701]]}},{"type":"Feature","properties":{"highway":"tertiary","name":"Hanover Street","oneway":"yes","surface":"asphalt","lanes":"3","maxspeed":"60"},"geometry":{"type":"LineString","coordinates":[[18.4290142,-33.9287098],[18.4293681,-33.9289732],[18.429476,-33.9290462]]}},{"type":"Feature","properties":{"highway":"tertiary","name":"Hanover Street","oneway":"yes","surface":"asphalt","lanes":"2","maxspeed":"60"},"geometry":{"type":"LineString","coordinates":[[18.4281344,-33.9280701],[18.4285474,-33.9283518],[18.4288311,-33.9285731],[18.4288821,-33.9286123]]}},{"type":"Feature","properties":{"highway":"secondary","name":"Sir Lowry Road","oneway":"yes","surface":"asphalt","lanes":"3","maxspeed":"60"},"geometry":{"type":"LineString","coordinates":[[18.4280506,-33.9271715],[18.4279411,-33.9271857],[18.4278554,-33.9272032],[18.4277628,-33.9272294],[18.4273363,-33.927384],[18.4272631,-33.9273977],[18.4271982,-33.9274054],[18.4271248,-33.9274056],[18.4270443,-33.9273999],[18.4269604,-33.9273891]]}},{"type":"Feature","properties":{"highway":"tertiary","name":"Hanover Street","oneway":"yes","surface":"asphalt","lanes":"2","maxspeed":"60"},"geometry":{"type":"LineString","coordinates":[[18.4275193,-33.9278015],[18.4272243,-33.9275745],[18.4269604,-33.9273891]]}},{"type":"Feature","properties":{"highway":"residential","name":"Primrose Street","oneway":"yes","surface":"asphalt","lanes":"1","maxspeed":null},"geometry":{"type":"LineString","coordinates":[[18.4270142,-33.9273296],[18.4269604,-33.9273891]]}},{"type":"Feature","properties":{"highway":"secondary_link","name":null,"oneway":"yes","surface":"asphalt","lanes":"1","maxspeed":null},"geometry":{"type":"LineString","coordinates":[[18.43026,-33.9265074],[18.4303105,-33.9263572]]}},{"type":"Feature","properties":{"highway":"footway","name":null,"oneway":null,"surface":"asphalt","lanes":null,"maxspeed":null},"geometry":{"type":"LineString","coordinates":[[18.4305154,-33.9273389],[18.4305161,-33.9272979],[18.4305164,-33.9272619],[18.4305205,-33.9272059],[18.4305221,-33.9271781]]}},{"type":"Feature","properties":{"highway":"secondary","name":"Tennant Street","oneway":"yes","surface":"asphalt","lanes":"2","maxspeed":"60"},"geometry":{"type":"LineString","coordinates":[[18.4303693,-33.9272876],[18.4303608,-33.9274021],[18.4303237,-33.9278437],[18.430298,-33.927951]]}},{"type":"Feature","properties":{"highway":"secondary","name":"Tennant Street","oneway":"yes","surface":"asphalt","lanes":"3","maxspeed":"60"},"geometry":{"type":"LineString","coordinates":[[18.4301563,-33.9279951],[18.4301994,-33.9278639],[18.4302402,-33.9273912],[18.4302451,-33.9272811]]}},{"type":"Feature","properties":{"highway":"secondary","name":"Christiaan Barnard Street","oneway":"yes","surface":"asphalt","lanes":"3","maxspeed":"60"},"geometry":{"type":"LineString","coordinates":[[18.4303105,-33.9263572],[18.4303146,-33.9263103]]}},{"type":"Feature","properties":{"highway":"secondary","name":"Sir Lowry Road","oneway":"yes","surface":"asphalt","lanes":"2","maxspeed":"60"},"geometry":{"type":"LineString","coordinates":[[18.4303763,-33.9271967],[18.4305205,-33.9272059],[18.4309816,-33.9272332]]}},{"type":"Feature","properties":{"highway":"secondary","name":"Sir Lowry Road","oneway":"yes","surface":"asphalt","lanes":"2","maxspeed":"60"},"geometry":{"type":"LineString","coordinates":[[18.430979,-33.92732],[18.4305161,-33.9272979],[18.4303693,-33.9272876]]}},{"type":"Feature","properties":{"highway":"footway","name":null,"oneway":null,"surface":null,"lanes":null,"maxspeed":null},"geometry":{"type":"LineString","coordinates":[[18.4242456,-33.9269579],[18.4242939,-33.926995]]}},{"type":"Feature","properties":{"highway":"footway","name":null,"oneway":null,"surface":null,"lanes":null,"maxspeed":null},"geometry":{"type":"LineString","coordinates":[[18.4241463,-33.9270528],[18.4241924,-33.927087]]}},{"type":"Feature","properties":{"highway":"secondary","name":"Buitenkant Street","oneway":"yes","surface":"asphalt","lanes":"2","maxspeed":"60"},"geometry":{"type":"LineString","coordinates":[[18.4243634,-33.9268516],[18.4246486,-33.9265945],[18.4247516,-33.9265016],[18.4248012,-33.9264512]]}},{"type":"Feature","properties":{"highway":"secondary","name":"Buitenkant Street","oneway":"yes","surface":"asphalt","lanes":"1","maxspeed":"60"},"geometry":{"type":"LineString","coordinates":[[18.424022,-33.927214],[18.4240743,-33.927132],[18.4241463,-33.9270528],[18.4241909,-33.9270107]]}},{"type":"Feature","properties":{"highway":"secondary","name":"Castle Street","oneway":"yes","surface":"asphalt","lanes":"2","maxspeed":"60"},"geometry":{"type":"LineString","coordinates":[[18.4262916,-33.9243088],[18.426368,-33.924175]]}},{"type":"Feature","properties":{"highway":"primary","name":"Strand Street","oneway":"yes","surface":"asphalt","lanes":"3","maxspeed":"60"},"geometry":{"type":"LineString","coordinates":[[18.426368,-33.924175],[18.426457,-33.924206]]}},{"type":"Feature","properties":{"highway":"primary","name":"Strand Street","oneway":"yes","surface":"asphalt","lanes":"3","maxspeed":"60"},"geometry":{"type":"LineString","coordinates":[[18.4263879,-33.9243419],[18.4262916,-33.9243088]]}},{"type":"Feature","properties":{"highway":"footway","name":null,"oneway":null,"surface":null,"lanes":null,"maxspeed":null},"geometry":{"type":"LineString","coordinates":[[18.4256482,-33.9247448],[18.4256841,-33.9247133],[18.4257407,-33.9246639],[18.4257746,-33.9246342]]}},{"type":"Feature","properties":{"highway":"secondary","name":"Castle Street","oneway":"yes","surface":"asphalt","lanes":"2","maxspeed":"60"},"geometry":{"type":"LineString","coordinates":[[18.4252394,-33.9260214],[18.4253277,-33.9259394],[18.4258195,-33.9254385],[18.4259821,-33.925287]]}},{"type":"Feature","properties":{"highway":"secondary","name":"Tennant Street","oneway":"yes","surface":"asphalt","lanes":"2","maxspeed":"60"},"geometry":{"type":"LineString","coordinates":[[18.429476,-33.9290462],[18.4295482,-33.9289514],[18.4296757,-33.9287839]]}},{"type":"Feature","properties":{"highway":"footway","name":null,"oneway":null,"surface":"asphalt","lanes":null,"maxspeed":null},"geometry":{"type":"LineString","coordinates":[[18.4294907,-33.9289211],[18.4295482,-33.9289514],[18.4296595,-33.9290101],[18.4296976,-33.9290302]]}},{"type":"Feature","properties":{"highway":"footway","name":null,"oneway":null,"surface":"asphalt","lanes":null,"maxspeed":null},"geometry":{"type":"LineString","coordinates":[[18.4292594,-33.9290771],[18.4292859,-33.9290517],[18.4293379,-33.929002],[18.4293681,-33.9289732],[18.4294143,-33.928929]]}},{"type":"Feature","properties":{"highway":"footway","name":null,"oneway":null,"surface":"asphalt","lanes":null,"maxspeed":null},"geometry":{"type":"LineString","coordinates":[[18.429298,-33.9292064],[18.4293434,-33.9292299],[18.4294537,-33.9292871],[18.4295118,-33.9293171]]}},{"type":"Feature","properties":{"highway":"tertiary","name":"Hanover Street","oneway":"yes","surface":"asphalt","lanes":"2","maxspeed":"60"},"geometry":{"type":"LineString","coordinates":[[18.4303176,-33.9296422],[18.4301008,-33.9295224]]}},{"type":"Feature","properties":{"highway":"tertiary","name":"Hanover Street","oneway":"yes","surface":"asphalt","lanes":"2","maxspeed":"60"},"geometry":{"type":"LineString","coordinates":[[18.430506,-33.9297449],[18.430468,-33.9297253],[18.430392,-33.9296833],[18.4303176,-33.9296422]]}},{"type":"Feature","properties":{"highway":"tertiary","name":"Hanover Street","oneway":"yes","surface":"asphalt","lanes":"2","maxspeed":"60"},"geometry":{"type":"LineString","coordinates":[[18.430801,-33.9297563],[18.4309746,-33.9298233],[18.4314402,-33.9300087]]}},{"type":"Feature","properties":{"highway":"tertiary","name":"Hanover Street","oneway":"yes","surface":"asphalt","lanes":"2","maxspeed":"60"},"geometry":{"type":"LineString","coordinates":[[18.4295881,-33.9291066],[18.4296933,-33.9291659],[18.4302299,-33.9294673],[18.4305687,-33.9296577]]}},{"type":"Feature","properties":{"highway":"tertiary","name":"Hanover Street","oneway":"yes","surface":"asphalt","lanes":"2","maxspeed":"60"},"geometry":{"type":"LineString","coordinates":[[18.4288821,-33.9286123],[18.4290142,-33.9287098]]}},{"type":"Feature","properties":{"highway":"tertiary","name":"Hanover Street","oneway":"yes","surface":"asphalt","lanes":"3","maxspeed":"60"},"geometry":{"type":"LineString","coordinates":[[18.4295168,-33.9292027],[18.4294071,-33.9291395]]}},{"type":"Feature","properties":{"highway":"tertiary","name":"Hanover Street","oneway":"yes","surface":"asphalt","lanes":"3","maxspeed":"60"},"geometry":{"type":"LineString","coordinates":[[18.429476,-33.9290462],[18.4295881,-33.9291066]]}},{"type":"Feature","properties":{"highway":"secondary","name":"Tennant Street","oneway":"yes","surface":"asphalt","lanes":"3","maxspeed":"60"},"geometry":{"type":"LineString","coordinates":[[18.4294071,-33.9291395],[18.429476,-33.9290462]]}},{"type":"Feature","properties":{"highway":"secondary","name":"Tennant Street","oneway":"yes","surface":"asphalt","lanes":"2","maxspeed":"60"},"geometry":{"type":"LineString","coordinates":[[18.4291096,-33.9295388],[18.4291987,-33.9294211]]}},{"type":"Feature","properties":{"highway":"secondary","name":"Tennant Street","oneway":"yes","surface":"asphalt","lanes":"3","maxspeed":"60"},"geometry":{"type":"LineString","coordinates":[[18.4291987,-33.9294211],[18.4293434,-33.9292299],[18.4294071,-33.9291395]]}},{"type":"Feature","properties":{"highway":"secondary","name":"Tennant Street","oneway":"yes","surface":"asphalt","lanes":"2","maxspeed":"60"},"geometry":{"type":"LineString","coordinates":[[18.4295168,-33.9292027],[18.4294537,-33.9292871],[18.4293041,-33.9294873],[18.4290896,-33.929752]]}},{"type":"Feature","properties":{"highway":"secondary","name":"Tennant Street","oneway":"yes","surface":"asphalt","lanes":"3","maxspeed":"60"},"geometry":{"type":"LineString","coordinates":[[18.4295881,-33.9291066],[18.4295168,-33.9292027]]}},{"type":"Feature","properties":{"highway":"secondary","name":"Tennant Street","oneway":"yes","surface":"asphalt","lanes":"2","maxspeed":"60"},"geometry":{"type":"LineString","coordinates":[[18.4299671,-33.9286143],[18.4298915,-33.9287112]]}},{"type":"Feature","properties":{"highway":"secondary","name":"Tennant Street","oneway":"yes","surface":"asphalt","lanes":"3","maxspeed":"60"},"geometry":{"type":"LineString","coordinates":[[18.4298915,-33.9287112],[18.4296595,-33.9290101],[18.4295881,-33.9291066]]}},{"type":"Feature","properties":{"highway":"tertiary","name":"Hanover Street","oneway":"yes","surface":"asphalt","lanes":"2","maxspeed":"60"},"geometry":{"type":"LineString","coordinates":[[18.4342095,-33.9310852],[18.4347102,-33.9312798]]}},{"type":"Feature","properties":{"highway":"tertiary","name":"Hanover Street","oneway":"yes","surface":"asphalt","lanes":"3","maxspeed":"60"},"geometry":{"type":"LineString","coordinates":[[18.432671,-33.9304867],[18.4333029,-33.9307318]]}},{"type":"Feature","properties":{"highway":"tertiary","name":"Hanover Street","oneway":"yes","surface":"asphalt","lanes":"2","maxspeed":null},"geometry":{"type":"LineString","coordinates":[[18.4324941,-33.930418],[18.4325261,-33.9304304],[18.432671,-33.9304867]]}},{"type":"Feature","properties":{"highway":"tertiary","name":"Hanover Street","oneway":"yes","surface":"asphalt","lanes":"2","maxspeed":"60"},"geometry":{"type":"LineString","coordinates":[[18.4314402,-33.9300087],[18.4324941,-33.930418]]}},{"type":"Feature","properties":{"highway":"tertiary","name":"Hanover Street","oneway":"yes","surface":"asphalt","lanes":"2","maxspeed":"60"},"geometry":{"type":"LineString","coordinates":[[18.43238,-33.9304961],[18.4322077,-33.9304315]]}},{"type":"Feature","properties":{"highway":"tertiary","name":"Hanover Street","oneway":"yes","surface":"asphalt","lanes":"3","maxspeed":"60"},"geometry":{"type":"LineString","coordinates":[[18.4322077,-33.9304315],[18.4313766,-33.9301103]]}},{"type":"Feature","properties":{"highway":"tertiary","name":"Hanover Street","oneway":"yes","surface":"asphalt","lanes":"2","maxspeed":"60"},"geometry":{"type":"LineString","coordinates":[[18.4313766,-33.9301103],[18.4307192,-33.9298466],[18.430506,-33.9297449]]}},{"type":"Feature","properties":{"highway":"tertiary","name":"Walter Sisulu Avenue","oneway":"yes","surface":"asphalt","lanes":"2","maxspeed":"60"},"geometry":{"type":"LineString","coordinates":[[18.4259729,-33.9160419],[18.4258462,-33.9159488],[18.4253885,-33.9156124]]}},{"type":"Feature","properties":{"highway":"footway","name":null,"oneway":null,"surface":"paving_stones","lanes":null,"maxspeed":null},"geometry":{"type":"LineString","coordinates":[[18.4258059,-33.9159854],[18.4258462,-33.9159488],[18.4259556,-33.9158493],[18.4260146,-33.9157962]]}},{"type":"Feature","properties":{"highway":"footway","name":null,"oneway":null,"surface":"asphalt","lanes":null,"maxspeed":null},"geometry":{"type":"LineString","coordinates":[[18.4260489,-33.9162076],[18.4260072,-33.9161793],[18.4259036,-33.916109],[18.4258156,-33.9160492]]}},{"type":"Feature","properties":{"highway":"tertiary","name":"Lower Loop Street","oneway":"yes","surface":"asphalt","lanes":"3","maxspeed":"60"},"geometry":{"type":"LineString","coordinates":[[18.4255505,-33.9164508],[18.4255928,-33.9164098]]}},{"type":"Feature","properties":{"highway":"secondary","name":"Sir Lowry Road","oneway":"yes","surface":"asphalt","lanes":"2","maxspeed":"60"},"geometry":{"type":"LineString","coordinates":[[18.4352644,-33.9275375],[18.4351381,-33.9275303],[18.4344186,-33.9274948],[18.4341803,-33.9274837],[18.4332458,-33.9274335],[18.4329849,-33.9274195],[18.4327363,-33.9274061],[18.431985,-33.9273706],[18.4312487,-33.927335],[18.430979,-33.92732]]}},{"type":"Feature","properties":{"highway":"footway","name":null,"oneway":null,"surface":null,"lanes":null,"maxspeed":null},"geometry":{"type":"LineString","coordinates":[[18.4253141,-33.9193986],[18.4252816,-33.9194279],[18.4252397,-33.9194646],[18.4252075,-33.9194927],[18.4251555,-33.9194709]]}},{"type":"Feature","properties":{"highway":"service","name":"Rua Bartholemew Dias Street","oneway":"yes","surface":"asphalt","lanes":"1","maxspeed":null},"geometry":{"type":"LineString","coordinates":[[18.4284616,-33.9173798],[18.42851,-33.9174067],[18.4285756,-33.9174294],[18.4287065,-33.9174967]]}},{"type":"Feature","properties":{"highway":"service","name":"Rua Bartholemew Dias Street","oneway":"yes","surface":"asphalt","lanes":"1","maxspeed":null},"geometry":{"type":"LineString","coordinates":[[18.4287065,-33.9174967],[18.4285703,-33.9175657],[18.4285112,-33.9175974],[18.428452,-33.9176098],[18.428415,-33.9176145]]}},{"type":"Feature","properties":{"highway":"primary","name":"Buitengracht Street","oneway":"yes","surface":"asphalt","lanes":"3","maxspeed":"60"},"geometry":{"type":"LineString","coordinates":[[18.4193103,-33.9184607],[18.4194692,-33.9183174],[18.4195498,-33.9182461],[18.4196123,-33.9181882],[18.4196907,-33.9181165]]}},{"type":"Feature","properties":{"highway":"primary","name":"Buitengracht Street","oneway":"yes","surface":"asphalt","lanes":"4","maxspeed":"60"},"geometry":{"type":"LineString","coordinates":[[18.4201206,-33.9177268],[18.420215,-33.9176408]]}},{"type":"Feature","properties":{"highway":"primary","name":"Buitengracht Street","oneway":"yes","surface":"asphalt","lanes":"4","maxspeed":"60"},"geometry":{"type":"LineString","coordinates":[[18.4203266,-33.917725],[18.4202368,-33.9178137]]}},{"type":"Feature","properties":{"highway":"primary","name":"Buitengracht Street","oneway":"yes","surface":"asphalt","lanes":"4","maxspeed":"60"},"geometry":{"type":"LineString","coordinates":[[18.4207802,-33.9173147],[18.4204287,-33.9176297],[18.4203266,-33.917725]]}},{"type":"Feature","properties":{"highway":"residential","name":"Riebeek Street","oneway":"yes","surface":"asphalt","lanes":"3","maxspeed":"60"},"geometry":{"type":"LineString","coordinates":[[18.4203266,-33.917725],[18.4204438,-33.9178134]]}},{"type":"Feature","properties":{"highway":"residential","name":"Riebeek Street","oneway":"yes","surface":"asphalt","lanes":"3","maxspeed":"60"},"geometry":{"type":"LineString","coordinates":[[18.4207462,-33.9182019],[18.420627,-33.9181054]]}},{"type":"Feature","properties":{"highway":"secondary","name":"Riebeek Street","oneway":"yes","surface":"asphalt","lanes":"3","maxspeed":"60"},"geometry":{"type":"LineString","coordinates":[[18.420215,-33.9176408],[18.4203266,-33.917725]]}},{"type":"Feature","properties":{"highway":"secondary","name":"Somerset Road","oneway":"yes","surface":"asphalt","lanes":"2","maxspeed":"60"},"geometry":{"type":"LineString","coordinates":[[18.4190093,-33.9167296],[18.4190483,-33.9167671],[18.4191953,-33.9168775]]}},{"type":"Feature","properties":{"highway":"secondary","name":"Somerset Road","oneway":"yes","surface":"asphalt","lanes":"3","maxspeed":"60"},"geometry":{"type":"LineString","coordinates":[[18.4194421,-33.9172145],[18.4191797,-33.9170163],[18.4190678,-33.9169326],[18.4190403,-33.9169102],[18.419008,-33.9168817],[18.4189764,-33.9168484],[18.4189505,-33.916818],[18.418926,-33.9167848]]}},{"type":"Feature","properties":{"highway":"secondary","name":"Riebeek Street","oneway":"yes","surface":"asphalt","lanes":"3","maxspeed":"60"},"geometry":{"type":"LineString","coordinates":[[18.4202368,-33.9178137],[18.4201206,-33.9177268]]}},{"type":"Feature","properties":{"highway":"secondary","name":"Hans Strijdom Avenue","oneway":"yes","surface":"asphalt","lanes":"3","maxspeed":"60"},"geometry":{"type":"LineString","coordinates":[[18.4224909,-33.915912],[18.4225629,-33.9159916]]}},{"type":"Feature","properties":{"highway":"primary","name":"Buitengracht Street","oneway":"yes","surface":"asphalt","lanes":"3","maxspeed":"60"},"geometry":{"type":"LineString","coordinates":[[18.4211777,-33.9169688],[18.4209893,-33.9171327]]}},{"type":"Feature","properties":{"highway":"primary","name":"Buitengracht Street","oneway":"yes","surface":"asphalt","lanes":"3","maxspeed":"60"},"geometry":{"type":"LineString","coordinates":[[18.4213428,-33.9168252],[18.4211777,-33.9169688]]}},{"type":"Feature","properties":{"highway":"primary","name":"Buitengracht Street","oneway":"yes","surface":"asphalt","lanes":"6","maxspeed":"60"},"geometry":{"type":"LineString","coordinates":[[18.4224909,-33.915912],[18.4223435,-33.9160128]]}},{"type":"Feature","properties":{"highway":"primary","name":"Buitengracht Street","oneway":"yes","surface":"asphalt","lanes":"5","maxspeed":"60"},"geometry":{"type":"LineString","coordinates":[[18.4235706,-33.9153159],[18.4233862,-33.9154063]]}},{"type":"Feature","properties":{"highway":"primary","name":"Helen Suzman Boulevard","oneway":"yes","surface":"asphalt","lanes":"3","maxspeed":"60"},"geometry":{"type":"LineString","coordinates":[[18.4215524,-33.9151272],[18.4215058,-33.9150733]]}},{"type":"Feature","properties":{"highway":"primary","name":"Helen Suzman Boulevard","oneway":"yes","surface":"asphalt","lanes":"3","maxspeed":"60"},"geometry":{"type":"LineString","coordinates":[[18.4215058,-33.9150733],[18.4211128,-33.9145736]]}},{"type":"Feature","properties":{"highway":"secondary","name":"Hans Strijdom Avenue","oneway":"yes","surface":"asphalt","lanes":"4","maxspeed":"60"},"geometry":{"type":"LineString","coordinates":[[18.4228582,-33.9168516],[18.4228139,-33.9167556],[18.4227064,-33.9165305],[18.4226191,-33.916393],[18.4225188,-33.9162474],[18.422448,-33.9161528],[18.4223435,-33.9160128]]}},{"type":"Feature","properties":{"highway":"footway","name":null,"oneway":null,"surface":"paving_stones","lanes":null,"maxspeed":null},"geometry":{"type":"LineString","coordinates":[[18.422507,-33.915754],[18.4224691,-33.9157097],[18.4224214,-33.915654],[18.4223551,-33.9155766]]}},{"type":"Feature","properties":{"highway":"footway","name":null,"oneway":null,"surface":"paving_stones","lanes":null,"maxspeed":null},"geometry":{"type":"LineString","coordinates":[[18.4226738,-33.9159486],[18.4225866,-33.9158469],[18.422507,-33.915754]]}},{"type":"Feature","properties":{"highway":"footway","name":null,"oneway":null,"surface":"asphalt","lanes":null,"maxspeed":null},"geometry":{"type":"LineString","coordinates":[[18.421882,-33.9157606],[18.4219344,-33.9158115],[18.4219949,-33.9158653],[18.4220047,-33.915874],[18.4220572,-33.9158312],[18.4222052,-33.9160162],[18.4221545,-33.916077],[18.4221925,-33.9161218],[18.422266,-33.916204]]}},{"type":"Feature","properties":{"highway":"primary","name":"Buitengracht Street","oneway":"yes","surface":"asphalt","lanes":"4","maxspeed":"60"},"geometry":{"type":"LineString","coordinates":[[18.422208,-33.9155847],[18.4223004,-33.9155128],[18.4226396,-33.915211]]}},{"type":"Feature","properties":{"highway":"primary","name":"Buitengracht Street","oneway":"yes","surface":"asphalt","lanes":"4","maxspeed":"60"},"geometry":{"type":"LineString","coordinates":[[18.4212761,-33.916586],[18.4212914,-33.9165661],[18.4214275,-33.9163601],[18.4216003,-33.9161389],[18.4219344,-33.9158115],[18.4220652,-33.915699]]}},{"type":"Feature","properties":{"highway":"secondary","name":"Hans Strijdom Avenue","oneway":"yes","surface":"asphalt","lanes":"3","maxspeed":"60"},"geometry":{"type":"LineString","coordinates":[[18.4225629,-33.9159916],[18.4226303,-33.916066]]}},{"type":"Feature","properties":{"highway":"tertiary","name":"Hanover Street","oneway":"yes","surface":"asphalt","lanes":"2","maxspeed":"60"},"geometry":{"type":"LineString","coordinates":[[18.4346473,-33.9313835],[18.4345553,-33.9313471],[18.4341081,-33.9311703],[18.4332476,-33.9308301],[18.43238,-33.9304961]]}},{"type":"Feature","properties":{"highway":"motorway_link","name":null,"oneway":"yes","surface":"asphalt","lanes":"2","maxspeed":null},"geometry":{"type":"LineString","coordinates":[[18.4332437,-33.9238339],[18.4332946,-33.9240021]]}},{"type":"Feature","properties":{"highway":"motorway","name":null,"oneway":"yes","surface":"asphalt","lanes":"2","maxspeed":"80"},"geometry":{"type":"LineString","coordinates":[[18.4335673,-33.9180356],[18.4336897,-33.91809]]}},{"type":"Feature","properties":{"highway":"motorway","name":null,"oneway":"yes","surface":"asphalt","lanes":"2","maxspeed":"80"},"geometry":{"type":"LineString","coordinates":[[18.4316499,-33.9170952],[18.432257,-33.9174215],[18.4330349,-33.9177893],[18.43351,-33.9180101],[18.4335673,-33.9180356]]}},{"type":"Feature","properties":{"highway":"motorway","name":"Nelson Mandela Boulevard","oneway":"yes","surface":"asphalt","lanes":"2","maxspeed":"80"},"geometry":{"type":"LineString","coordinates":[[18.4334435,-33.9181429],[18.4335333,-33.9181896]]}},{"type":"Feature","properties":{"highway":"motorway","name":"Nelson Mandela Boulevard","oneway":"yes","surface":"asphalt","lanes":"3","maxspeed":"80"},"geometry":{"type":"LineString","coordinates":[[18.4290057,-33.9154811],[18.4291437,-33.915565]]}},{"type":"Feature","properties":{"highway":"footway","name":null,"oneway":null,"surface":"asphalt","lanes":null,"maxspeed":null},"geometry":{"type":"LineString","coordinates":[[18.4214429,-33.9293426],[18.421508,-33.9293847],[18.4215774,-33.9294307],[18.4216472,-33.929478]]}},{"type":"Feature","properties":{"highway":"tertiary","name":"Buitenkant Street","oneway":"yes","surface":"asphalt","lanes":"3","maxspeed":"60"},"geometry":{"type":"LineString","coordinates":[[18.4213363,-33.9296171],[18.421508,-33.9293847],[18.4215518,-33.9293336]]}},{"type":"Feature","properties":{"highway":"tertiary","name":"Buitenkant Street","oneway":"yes","surface":"asphalt","lanes":"2","maxspeed":"60"},"geometry":{"type":"LineString","coordinates":[[18.4211611,-33.9298978],[18.4212087,-33.9298014],[18.4212424,-33.9297527],[18.4213363,-33.9296171]]}},{"type":"Feature","properties":{"highway":"tertiary","name":"Buitenkant Street","oneway":"yes","surface":"asphalt","lanes":"2","maxspeed":"60"},"geometry":{"type":"LineString","coordinates":[[18.4216185,-33.9293819],[18.4215774,-33.9294307],[18.4212744,-33.929824],[18.4211611,-33.9298978]]}},{"type":"Feature","properties":{"highway":"secondary","name":"Buitenkant Street","oneway":null,"surface":"asphalt","lanes":"2","maxspeed":"60"},"geometry":{"type":"LineString","coordinates":[[18.422499,-33.9285741],[18.4226724,-33.9284267],[18.4227254,-33.9283815],[18.4228739,-33.9282553],[18.4231086,-33.9280556],[18.4236596,-33.9275525],[18.424022,-33.927214]]}},{"type":"Feature","properties":{"highway":"secondary","name":"F.W. de Klerk Boulevard","oneway":"yes","surface":"asphalt","lanes":"3","maxspeed":"60"},"geometry":{"type":"LineString","coordinates":[[18.4341254,-33.9195994],[18.4340644,-33.9195247]]}},{"type":"Feature","properties":{"highway":"secondary","name":"F.W. de Klerk Boulevard","oneway":"yes","surface":"asphalt","lanes":"3","maxspeed":"60"},"geometry":{"type":"LineString","coordinates":[[18.4345318,-33.9199951],[18.4344187,-33.9199243],[18.4343416,-33.9198333],[18.4341826,-33.9196694],[18.4341254,-33.9195994]]}},{"type":"Feature","properties":{"highway":"secondary","name":"Christiaan Barnard Street","oneway":"yes","surface":"asphalt","lanes":"3","maxspeed":"60"},"geometry":{"type":"LineString","coordinates":[[18.4316648,-33.9230522],[18.4311572,-33.9235512]]}},{"type":"Feature","properties":{"highway":"secondary","name":"Christiaan Barnard Street","oneway":"yes","surface":"asphalt","lanes":"4","maxspeed":"60"},"geometry":{"type":"LineString","coordinates":[[18.4322044,-33.9225343],[18.4321365,-33.9226029],[18.4320389,-33.9227037]]}},{"type":"Feature","properties":{"highway":"tertiary","name":"Hertzog Boulevard","oneway":"yes","surface":"asphalt","lanes":"4","maxspeed":"60"},"geometry":{"type":"LineString","coordinates":[[18.4310652,-33.9215787],[18.4311576,-33.9216491]]}},{"type":"Feature","properties":{"highway":"tertiary","name":"Hertzog Boulevard","oneway":"yes","surface":"asphalt","lanes":"4","maxspeed":"60"},"geometry":{"type":"LineString","coordinates":[[18.4314838,-33.92192],[18.4319591,-33.9223252],[18.4320471,-33.9223992]]}},{"type":"Feature","properties":{"highway":"tertiary","name":"Hertzog Boulevard","oneway":"yes","surface":"asphalt","lanes":"3","maxspeed":"60"},"geometry":{"type":"LineString","coordinates":[[18.4320471,-33.9223992],[18.4322044,-33.9225343]]}},{"type":"Feature","properties":{"highway":"motorway_link","name":null,"oneway":"yes","surface":"asphalt","lanes":"4","maxspeed":null},"geometry":{"type":"LineString","coordinates":[[18.4323317,-33.9230804],[18.4322161,-33.9229074],[18.4320715,-33.92275],[18.4320389,-33.9227037]]}},{"type":"Feature","properties":{"highway":"secondary","name":"Christiaan Barnard Street","oneway":"yes","surface":"asphalt","lanes":"3","maxspeed":"60"},"geometry":{"type":"LineString","coordinates":[[18.432467,-33.9219823],[18.4326355,-33.9218202],[18.4327011,-33.9217584]]}},{"type":"Feature","properties":{"highway":"secondary","name":"Christiaan Barnard Street","oneway":"yes","surface":"asphalt","lanes":"4","maxspeed":"60"},"geometry":{"type":"LineString","coordinates":[[18.4306056,-33.9245064],[18.4305072,-33.9258716],[18.4304458,-33.9263215]]}},{"type":"Feature","properties":{"highway":"secondary","name":"Christiaan Barnard Street","oneway":"yes","surface":"asphalt","lanes":"3","maxspeed":"60"},"geometry":{"type":"LineString","coordinates":[[18.4308139,-33.923725],[18.4310549,-33.9234789]]}},{"type":"Feature","properties":{"highway":"secondary","name":"Christiaan Barnard Street","oneway":"yes","surface":"asphalt","lanes":"2","maxspeed":"60"},"geometry":{"type":"LineString","coordinates":[[18.4305034,-33.9241063],[18.4305438,-33.924038],[18.4305824,-33.9239816],[18.4306108,-33.9239451],[18.4308139,-33.923725]]}},{"type":"Feature","properties":{"highway":"secondary","name":"Darling Street","oneway":null,"surface":"asphalt","lanes":"4","maxspeed":"60"},"geometry":{"type":"LineString","coordinates":[[18.4230828,-33.9244659],[18.4231715,-33.9245306],[18.4235981,-33.9248391]]}},{"type":"Feature","properties":{"highway":"secondary","name":"Darling Street","oneway":null,"surface":"asphalt","lanes":"4","maxspeed":"60"},"geometry":{"type":"LineString","coordinates":[[18.4235981,-33.9248391],[18.4244419,-33.9254473],[18.4245803,-33.925547]]}},{"type":"Feature","properties":{"highway":"footway","name":null,"oneway":null,"surface":"asphalt","lanes":null,"maxspeed":null},"geometry":{"type":"LineString","coordinates":[[18.4231998,-33.9244042],[18.4231644,-33.9243826],[18.4230761,-33.9243232],[18.4230365,-33.9242968]]}},{"type":"Feature","properties":{"highway":"footway","name":null,"oneway":null,"surface":"asphalt","lanes":null,"maxspeed":null},"geometry":{"type":"LineString","coordinates":[[18.4290388,-33.9161687],[18.4290946,-33.9161161],[18.4291363,-33.9160816]]}},{"type":"Feature","properties":{"highway":"secondary","name":"F.W. de Klerk Boulevard","oneway":"yes","surface":"asphalt","lanes":"4","maxspeed":"60"},"geometry":{"type":"LineString","coordinates":[[18.4301376,-33.9168083],[18.4295211,-33.9163903],[18.4293855,-33.9163025]]}},{"type":"Feature","properties":{"highway":"service","name":null,"oneway":"yes","surface":null,"lanes":null,"maxspeed":null},"geometry":{"type":"LineString","coordinates":[[18.4304109,-33.9168474],[18.4303822,-33.9167859],[18.4303813,-33.9167689],[18.4303847,-33.9167545],[18.4304411,-33.916641]]}},{"type":"Feature","properties":{"highway":"service","name":null,"oneway":"yes","surface":null,"lanes":null,"maxspeed":null},"geometry":{"type":"LineString","coordinates":[[18.429762,-33.9164622],[18.4297302,-33.9164913],[18.4296712,-33.9164468],[18.4296971,-33.9164201],[18.4297928,-33.9163994],[18.4299126,-33.9164601],[18.4302387,-33.9166803],[18.4302559,-33.9166863],[18.4302711,-33.9166892],[18.4302964,-33.916693],[18.4303154,-33.9166902],[18.4304411,-33.916641],[18.4305207,-33.9166019],[18.4306159,-33.9165698]]}},{"type":"Feature","properties":{"highway":"service","name":null,"oneway":"yes","surface":null,"lanes":null,"maxspeed":null},"geometry":{"type":"LineString","coordinates":[[18.4308137,-33.9172667],[18.4307081,-33.9170501],[18.4304109,-33.9168474],[18.4298236,-33.916447],[18.429762,-33.9164622]]}},{"type":"Feature","properties":{"highway":"secondary","name":"Heerengracht Street","oneway":"yes","surface":"asphalt","lanes":"4","maxspeed":"60"},"geometry":{"type":"LineString","coordinates":[[18.4278921,-33.9179407],[18.4274148,-33.9184041]]}},{"type":"Feature","properties":{"highway":"secondary","name":"Heerengracht Boulevard","oneway":"yes","surface":"asphalt","lanes":"4","maxspeed":"60"},"geometry":{"type":"LineString","coordinates":[[18.4285268,-33.916893],[18.428637,-33.9167766]]}},{"type":"Feature","properties":{"highway":"secondary","name":"Heerengracht Boulevard","oneway":"yes","surface":"asphalt","lanes":"4","maxspeed":"60"},"geometry":{"type":"LineString","coordinates":[[18.428637,-33.9167766],[18.4291176,-33.9163167],[18.4292355,-33.9162045]]}},{"type":"Feature","properties":{"highway":"secondary","name":"Heerengracht Boulevard","oneway":"yes","surface":"asphalt","lanes":"2","maxspeed":"60"},"geometry":{"type":"LineString","coordinates":[[18.4281554,-33.9171196],[18.4282829,-33.9171063],[18.428342,-33.9170773],[18.4284019,-33.9170211]]}},{"type":"Feature","properties":{"highway":"secondary_link","name":null,"oneway":"yes","surface":"asphalt","lanes":"1","maxspeed":null},"geometry":{"type":"LineString","coordinates":[[18.427695,-33.9171249],[18.4278119,-33.9171163],[18.4279203,-33.9171131],[18.4280236,-33.9170963],[18.4281318,-33.9170829],[18.4282132,-33.9170736],[18.4283054,-33.9170503],[18.4284019,-33.9170211]]}},{"type":"Feature","properties":{"highway":"tertiary","name":"Walter Sisulu Avenue","oneway":"yes","surface":"asphalt","lanes":"2","maxspeed":"60"},"geometry":{"type":"LineString","coordinates":[[18.427695,-33.9171249],[18.4277554,-33.9171448],[18.4278213,-33.9171584],[18.427904,-33.9171612]]}},{"type":"Feature","properties":{"highway":"footway","name":null,"oneway":null,"surface":null,"lanes":null,"maxspeed":null},"geometry":{"type":"LineString","coordinates":[[18.4219129,-33.9234796],[18.4219054,-33.9234609],[18.4218996,-33.9234465]]}},{"type":"Feature","properties":{"highway":"footway","name":null,"oneway":null,"surface":null,"lanes":null,"maxspeed":null},"geometry":{"type":"LineString","coordinates":[[18.4217139,-33.9233133],[18.4217386,-33.9233294],[18.4218185,-33.9233849],[18.4218795,-33.9234274],[18.4218996,-33.9234465]]}},{"type":"Feature","properties":{"highway":"secondary","name":"Darling Street","oneway":"yes","surface":"asphalt","lanes":"1","maxspeed":"60"},"geometry":{"type":"LineString","coordinates":[[18.4216682,-33.9233966],[18.4217492,-33.923453]]}},{"type":"Feature","properties":{"highway":"secondary","name":"Darling Street","oneway":null,"surface":"asphalt","lanes":"4","maxspeed":"60"},"geometry":{"type":"LineString","coordinates":[[18.4219181,-33.9236162],[18.4222421,-33.9238526],[18.4223177,-33.9239077],[18.4223813,-33.9239541]]}},{"type":"Feature","properties":{"highway":"secondary","name":null,"oneway":"yes","surface":"asphalt","lanes":"4","maxspeed":"60"},"geometry":{"type":"LineString","coordinates":[[18.4284462,-33.9172868],[18.4284514,-33.9173247],[18.4284616,-33.9173798]]}},{"type":"Feature","properties":{"highway":"service","name":"Rua Vasco da Gama Plain","oneway":"yes","surface":"asphalt","lanes":"1","maxspeed":null},"geometry":{"type":"LineString","coordinates":[[18.4282106,-33.9180395],[18.4282447,-33.9180967],[18.4283615,-33.9181847]]}},{"type":"Feature","properties":{"highway":"footway","name":null,"oneway":null,"surface":"paving_stones","lanes":null,"maxspeed":null},"geometry":{"type":"LineString","coordinates":[[18.428345,-33.9169858],[18.4284019,-33.9170211],[18.4285412,-33.9171244],[18.4286156,-33.9171744]]}},{"type":"Feature","properties":{"highway":"primary","name":"Buitengracht Street","oneway":"yes","surface":"asphalt","lanes":"3","maxspeed":"60"},"geometry":{"type":"LineString","coordinates":[[18.411337,-33.9261711],[18.411735,-33.9257945],[18.4118242,-33.9257153]]}},{"type":"Feature","properties":{"highway":"footway","name":null,"oneway":null,"surface":null,"lanes":null,"maxspeed":null},"geometry":{"type":"LineString","coordinates":[[18.4129632,-33.9245833],[18.4129978,-33.9246109],[18.4130796,-33.9246736],[18.4131185,-33.9247055]]}},{"type":"Feature","properties":{"highway":"primary","name":"Buitengracht Street","oneway":"yes","surface":"asphalt","lanes":"3","maxspeed":"60"},"geometry":{"type":"LineString","coordinates":[[18.4132237,-33.9243927],[18.4135515,-33.9240935],[18.4136174,-33.9240334]]}},{"type":"Feature","properties":{"highway":"primary","name":"Buitengracht Street","oneway":"yes","surface":"asphalt","lanes":"2","maxspeed":"60"},"geometry":{"type":"LineString","coordinates":[[18.4118242,-33.9257153],[18.4118978,-33.9256484],[18.4129978,-33.9246109],[18.4132237,-33.9243927]]}},{"type":"Feature","properties":{"highway":"residential","name":"Bloem Street","oneway":null,"surface":"unhewn_cobblestone","lanes":"2","maxspeed":"60"},"geometry":{"type":"LineString","coordinates":[[18.4131137,-33.9236629],[18.4134803,-33.92393],[18.4135189,-33.9239581]]}},{"type":"Feature","properties":{"highway":"residential","name":"Bloem Street","oneway":null,"surface":"asphalt","lanes":"2","maxspeed":"60"},"geometry":{"type":"LineString","coordinates":[[18.4135189,-33.9239581],[18.4136174,-33.9240334]]}},{"type":"Feature","properties":{"highway":"tertiary","name":"D.F. Malan Street","oneway":"yes","surface":"asphalt","lanes":"2","maxspeed":"60"},"geometry":{"type":"LineString","coordinates":[[18.4288074,-33.9197346],[18.4287357,-33.9197677]]}},{"type":"Feature","properties":{"highway":"tertiary","name":"Hertzog Boulevard","oneway":"yes","surface":"asphalt","lanes":"2","maxspeed":"60"},"geometry":{"type":"LineString","coordinates":[[18.4297157,-33.9210272],[18.4292048,-33.9206516],[18.4291583,-33.9206174],[18.4287561,-33.9203216]]}},{"type":"Feature","properties":{"highway":"tertiary","name":"Hertzog Boulevard","oneway":"yes","surface":"asphalt","lanes":"3","maxspeed":"60"},"geometry":{"type":"LineString","coordinates":[[18.430919,-33.9218941],[18.4308205,-33.9218289]]}},{"type":"Feature","properties":{"highway":"tertiary","name":"Hertzog Boulevard","oneway":"yes","surface":"asphalt","lanes":"2","maxspeed":"60"},"geometry":{"type":"LineString","coordinates":[[18.4308205,-33.9218289],[18.4307047,-33.9217545],[18.4298698,-33.9211405]]}},{"type":"Feature","properties":{"highway":"footway","name":null,"oneway":null,"surface":"paved","lanes":null,"maxspeed":null},"geometry":{"type":"LineString","coordinates":[[18.4310627,-33.9179083],[18.4312634,-33.9177032]]}},{"type":"Feature","properties":{"highway":"footway","name":null,"oneway":null,"surface":"paved","lanes":null,"maxspeed":null},"geometry":{"type":"LineString","coordinates":[[18.4301697,-33.9183577],[18.4310237,-33.9175385]]}},{"type":"Feature","properties":{"highway":"tertiary","name":"Hertzog Boulevard","oneway":"yes","surface":"asphalt","lanes":"2","maxspeed":"60"},"geometry":{"type":"LineString","coordinates":[[18.4281648,-33.9192793],[18.4285959,-33.9195865],[18.4286745,-33.9196415]]}},{"type":"Feature","properties":{"highway":"footway","name":null,"oneway":null,"surface":"paved","lanes":null,"maxspeed":null},"geometry":{"type":"LineString","coordinates":[[18.4270502,-33.9186005],[18.4269231,-33.9187257]]}},{"type":"Feature","properties":{"highway":"secondary","name":"Adderley Street","oneway":"yes","surface":"asphalt","lanes":"2","maxspeed":"60"},"geometry":{"type":"LineString","coordinates":[[18.425575,-33.9201655],[18.4254509,-33.9202031],[18.4254258,-33.9202141]]}},{"type":"Feature","properties":{"highway":"secondary","name":"Adderley Street","oneway":"yes","surface":"asphalt","lanes":"2","maxspeed":"60"},"geometry":{"type":"LineString","coordinates":[[18.4257294,-33.9201142],[18.425575,-33.9201655]]}},{"type":"Feature","properties":{"highway":"residential","name":"Old Marine Drive","oneway":"yes","surface":"asphalt","lanes":"2","maxspeed":null},"geometry":{"type":"LineString","coordinates":[[18.4258615,-33.9206132],[18.4263931,-33.9210149],[18.4264542,-33.9210672]]}},{"type":"Feature","properties":{"highway":"secondary","name":null,"oneway":"yes","surface":"asphalt","lanes":"4","maxspeed":"60"},"geometry":{"type":"LineString","coordinates":[[18.4258208,-33.9200847],[18.4257762,-33.9201017],[18.4257294,-33.9201142]]}},{"type":"Feature","properties":{"highway":"footway","name":null,"oneway":null,"surface":null,"lanes":null,"maxspeed":null},"geometry":{"type":"LineString","coordinates":[[18.4190728,-33.9241209],[18.4190379,-33.924153],[18.418978,-33.9242078],[18.4189137,-33.9242671]]}},{"type":"Feature","properties":{"highway":"footway","name":null,"oneway":null,"surface":"paving_stones","lanes":null,"maxspeed":null},"geometry":{"type":"LineString","coordinates":[[18.419511,-33.924449],[18.4194859,-33.9244732],[18.4194266,-33.9245304],[18.4193801,-33.9245752]]}},{"type":"Feature","properties":{"highway":"footway","name":null,"oneway":null,"surface":null,"lanes":null,"maxspeed":null},"geometry":{"type":"LineString","coordinates":[[18.420036,-33.9248192],[18.4200116,-33.9248585],[18.4199724,-33.9249215],[18.41994,-33.9249736]]}},{"type":"Feature","properties":{"highway":"footway","name":null,"oneway":null,"surface":"paving_stones","lanes":null,"maxspeed":null},"geometry":{"type":"LineString","coordinates":[[18.4205914,-33.9246965],[18.4205669,-33.9246794],[18.4205172,-33.9246464],[18.4204341,-33.9245902],[18.4203754,-33.9245503]]}},{"type":"Feature","properties":{"highway":"footway","name":null,"oneway":null,"surface":null,"lanes":null,"maxspeed":null},"geometry":{"type":"LineString","coordinates":[[18.4210637,-33.923886],[18.4211131,-33.9239219],[18.4211867,-33.9239756],[18.4212541,-33.9240247],[18.4212734,-33.9240387]]}},{"type":"Feature","properties":{"highway":"secondary","name":"Adderley Street","oneway":"yes","surface":"asphalt","lanes":"2","maxspeed":"60"},"geometry":{"type":"LineString","coordinates":[[18.4212337,-33.9239285],[18.4211867,-33.9239756],[18.421145,-33.9240174],[18.420745,-33.924418]]}},{"type":"Feature","properties":{"highway":"secondary","name":"Adderley Street","oneway":"yes","surface":"asphalt","lanes":"2","maxspeed":"60"},"geometry":{"type":"LineString","coordinates":[[18.420745,-33.924418],[18.4205172,-33.9246464],[18.4204436,-33.9247199]]}},{"type":"Feature","properties":{"highway":"secondary","name":"Adderley Street","oneway":"yes","surface":"asphalt","lanes":"2","maxspeed":"60"},"geometry":{"type":"LineString","coordinates":[[18.4214666,-33.923714],[18.4212649,-33.9238998],[18.4212337,-33.9239285]]}},{"type":"Feature","properties":{"highway":"secondary","name":"Adderley Street","oneway":"yes","surface":"asphalt","lanes":"2","maxspeed":"60"},"geometry":{"type":"LineString","coordinates":[[18.4217004,-33.9234992],[18.421643,-33.9235523],[18.4214666,-33.923714]]}},{"type":"Feature","properties":{"highway":"secondary","name":"Darling Street","oneway":"yes","surface":"asphalt","lanes":"2","maxspeed":"60"},"geometry":{"type":"LineString","coordinates":[[18.4219181,-33.9236162],[18.42187,-33.9236076],[18.4218404,-33.9235959],[18.4218101,-33.9235795],[18.421764,-33.9235451],[18.4217004,-33.9234992]]}},{"type":"Feature","properties":{"highway":"secondary","name":"Darling Street","oneway":"yes","surface":"asphalt","lanes":"1","maxspeed":null},"geometry":{"type":"LineString","coordinates":[[18.4217492,-33.923453],[18.4218111,-33.9234976],[18.4218582,-33.9235332],[18.4218802,-33.9235515],[18.4219024,-33.92358],[18.4219181,-33.9236162]]}},{"type":"Feature","properties":{"highway":"secondary","name":"Adderley Street","oneway":"yes","surface":"asphalt","lanes":"2","maxspeed":"60"},"geometry":{"type":"LineString","coordinates":[[18.4230904,-33.9222852],[18.4229577,-33.9223813]]}},{"type":"Feature","properties":{"highway":"secondary","name":"Adderley Street","oneway":"yes","surface":"asphalt","lanes":"2","maxspeed":"60"},"geometry":{"type":"LineString","coordinates":[[18.4232492,-33.9221701],[18.4230904,-33.9222852]]}},{"type":"Feature","properties":{"highway":"secondary","name":"Adderley Street","oneway":"yes","surface":"asphalt","lanes":"2","maxspeed":"60"},"geometry":{"type":"LineString","coordinates":[[18.4224424,-33.9227889],[18.4221778,-33.9230317],[18.4219957,-33.9232107]]}},{"type":"Feature","properties":{"highway":"secondary","name":"Adderley Street","oneway":"yes","surface":"asphalt","lanes":"2","maxspeed":"60"},"geometry":{"type":"LineString","coordinates":[[18.4219957,-33.9232107],[18.4218185,-33.9233849],[18.4217492,-33.923453]]}},{"type":"Feature","properties":{"highway":"secondary","name":"Adderley Street","oneway":"yes","surface":"asphalt","lanes":"2","maxspeed":"60"},"geometry":{"type":"LineString","coordinates":[[18.4217492,-33.923453],[18.4217004,-33.9234992]]}},{"type":"Feature","properties":{"highway":"residential","name":"Castle Street","oneway":"yes","surface":"asphalt","lanes":"1","maxspeed":null},"geometry":{"type":"LineString","coordinates":[[18.4206985,-33.921042],[18.4207652,-33.9210908],[18.4213475,-33.9215281]]}},{"type":"Feature","properties":{"highway":"footway","name":"Castle Street","oneway":null,"surface":"paving_stones","lanes":null,"maxspeed":null},"geometry":{"type":"LineString","coordinates":[[18.4220138,-33.9220191],[18.4226079,-33.9224585]]}},{"type":"Feature","properties":{"highway":"secondary","name":"Adderley Street","oneway":"yes","surface":"asphalt","lanes":"2","maxspeed":"60"},"geometry":{"type":"LineString","coordinates":[[18.4242617,-33.9212881],[18.4238957,-33.9215896]]}},{"type":"Feature","properties":{"highway":"footway","name":null,"oneway":null,"surface":null,"lanes":null,"maxspeed":null},"geometry":{"type":"LineString","coordinates":[[18.4173312,-33.9231446],[18.4173952,-33.9230842],[18.4174801,-33.9230041],[18.4175224,-33.9229641]]}},{"type":"Feature","properties":{"highway":"secondary","name":"Wale Street","oneway":"yes","surface":"asphalt","lanes":"3","maxspeed":"60"},"geometry":{"type":"LineString","coordinates":[[18.4175478,-33.923194],[18.4173952,-33.9230842],[18.417335,-33.9230397]]}},{"type":"Feature","properties":{"highway":"secondary","name":"Wale Street","oneway":"yes","surface":"asphalt","lanes":"3","maxspeed":"60"},"geometry":{"type":"LineString","coordinates":[[18.4179849,-33.9235132],[18.4179123,-33.9234614],[18.4175478,-33.923194]]}},{"type":"Feature","properties":{"highway":"footway","name":null,"oneway":null,"surface":"asphalt","lanes":null,"maxspeed":null},"geometry":{"type":"LineString","coordinates":[[18.4180173,-33.9233651],[18.417997,-33.9233838],[18.4179123,-33.9234614],[18.417887,-33.9234847]]}},{"type":"Feature","properties":{"highway":"secondary","name":"Wale Street","oneway":"yes","surface":"asphalt","lanes":"2","maxspeed":"60"},"geometry":{"type":"LineString","coordinates":[[18.4182313,-33.9236884],[18.4180581,-33.9235651],[18.4179849,-33.9235132]]}},{"type":"Feature","properties":{"highway":"footway","name":null,"oneway":null,"surface":null,"lanes":null,"maxspeed":null},"geometry":{"type":"LineString","coordinates":[[18.4187,-33.9241092],[18.4187606,-33.924055],[18.4188254,-33.923996],[18.4188697,-33.9239558],[18.4187862,-33.9238926],[18.4186697,-33.9238045],[18.4186233,-33.9238467],[18.4185541,-33.9239099],[18.4184993,-33.9239595]]}},{"type":"Feature","properties":{"highway":"secondary","name":"Wale Street","oneway":"yes","surface":"asphalt","lanes":"3","maxspeed":"60"},"geometry":{"type":"LineString","coordinates":[[18.4165952,-33.9224908],[18.4165515,-33.9224584],[18.4165112,-33.9224285],[18.4160256,-33.9220683],[18.4159431,-33.9220071]]}},{"type":"Feature","properties":{"highway":"residential","name":"Bree Street","oneway":"yes","surface":"asphalt","lanes":"2","maxspeed":"60"},"geometry":{"type":"LineString","coordinates":[[18.4165952,-33.9224908],[18.416676,-33.9224136]]}},{"type":"Feature","properties":{"highway":"residential","name":"Bree Street","oneway":"yes","surface":"asphalt","lanes":"2","maxspeed":"60"},"geometry":{"type":"LineString","coordinates":[[18.4163373,-33.9227282],[18.4165271,-33.9225547],[18.4165952,-33.9224908]]}},{"type":"Feature","properties":{"highway":"residential","name":"Bree Street","oneway":"yes","surface":"asphalt","lanes":"2","maxspeed":"60"},"geometry":{"type":"LineString","coordinates":[[18.416676,-33.9224136],[18.416723,-33.922372],[18.4169879,-33.9221373]]}},{"type":"Feature","properties":{"highway":"secondary","name":"Wale Street","oneway":"yes","surface":"asphalt","lanes":"2","maxspeed":"60"},"geometry":{"type":"LineString","coordinates":[[18.416676,-33.9224136],[18.4167768,-33.9224887]]}},{"type":"Feature","properties":{"highway":"secondary","name":"Wale Street","oneway":"yes","surface":"asphalt","lanes":"2","maxspeed":"60"},"geometry":{"type":"LineString","coordinates":[[18.4160331,-33.9219235],[18.416115,-33.921986],[18.4164398,-33.9222335]]}},{"type":"Feature","properties":{"highway":"footway","name":null,"oneway":null,"surface":"asphalt","lanes":null,"maxspeed":null},"geometry":{"type":"LineString","coordinates":[[18.4168462,-33.9224644],[18.4168203,-33.9224446],[18.416723,-33.922372],[18.416703,-33.922357]]}},{"type":"Feature","properties":{"highway":"residential","name":"Bree Street","oneway":"yes","surface":"asphalt","lanes":"2","maxspeed":null},"geometry":{"type":"LineString","coordinates":[[18.4167768,-33.9224887],[18.4166981,-33.9225678]]}},{"type":"Feature","properties":{"highway":"residential","name":"Bree Street","oneway":"yes","surface":"asphalt","lanes":"3","maxspeed":"60"},"geometry":{"type":"LineString","coordinates":[[18.4170058,-33.9222696],[18.4168203,-33.9224446],[18.4167768,-33.9224887]]}},{"type":"Feature","properties":{"highway":"secondary","name":"Wale Street","oneway":"yes","surface":"asphalt","lanes":"3","maxspeed":"60"},"geometry":{"type":"LineString","coordinates":[[18.4166981,-33.9225678],[18.4165952,-33.9224908]]}},{"type":"Feature","properties":{"highway":"secondary","name":"Wale Street","oneway":"yes","surface":"asphalt","lanes":"3","maxspeed":"60"},"geometry":{"type":"LineString","coordinates":[[18.4168739,-33.9226976],[18.4167392,-33.9225977],[18.4166981,-33.9225678]]}},{"type":"Feature","properties":{"highway":"secondary","name":"Wale Street","oneway":"yes","surface":"asphalt","lanes":"3","maxspeed":"60"},"geometry":{"type":"LineString","coordinates":[[18.417335,-33.9230397],[18.4172598,-33.9229838],[18.4168739,-33.9226976]]}},{"type":"Feature","properties":{"highway":"tertiary","name":"Loop Street","oneway":"yes","surface":"asphalt","lanes":"2","maxspeed":"60"},"geometry":{"type":"LineString","coordinates":[[18.417335,-33.9230397],[18.4174215,-33.9229609]]}},{"type":"Feature","properties":{"highway":"tertiary","name":"Loop Street","oneway":"yes","surface":"asphalt","lanes":"2","maxspeed":"60"},"geometry":{"type":"LineString","coordinates":[[18.4171332,-33.9232244],[18.4172694,-33.9230996],[18.417335,-33.9230397]]}},{"type":"Feature","properties":{"highway":"tertiary","name":"Loop Street","oneway":"yes","surface":"asphalt","lanes":"2","maxspeed":"60"},"geometry":{"type":"LineString","coordinates":[[18.4135721,-33.9264728],[18.4138995,-33.9261741],[18.4139934,-33.9260884],[18.4141794,-33.9259187],[18.4144598,-33.9256629],[18.4150561,-33.9251189],[18.4156414,-33.9245858],[18.4156717,-33.9245582],[18.4162567,-33.9240236],[18.4163964,-33.9238961],[18.4167278,-33.9235936],[18.4167975,-33.9235315],[18.4171332,-33.9232244]]}},{"type":"Feature","properties":{"highway":"secondary","name":"Wale Street","oneway":"yes","surface":"asphalt","lanes":"2","maxspeed":"60"},"geometry":{"type":"LineString","coordinates":[[18.4172195,-33.9228127],[18.417344,-33.9229043],[18.4174215,-33.9229609]]}},{"type":"Feature","properties":{"highway":"secondary","name":"Wale Street","oneway":"yes","surface":"asphalt","lanes":"2","maxspeed":"60"},"geometry":{"type":"LineString","coordinates":[[18.4167768,-33.9224887],[18.4168227,-33.9225209],[18.4172195,-33.9228127]]}},{"type":"Feature","properties":{"highway":"tertiary","name":"Long Street","oneway":"yes","surface":"asphalt","lanes":"3","maxspeed":"60"},"geometry":{"type":"LineString","coordinates":[[18.4203367,-33.9213745],[18.4202406,-33.9214634],[18.4201861,-33.9215138]]}},{"type":"Feature","properties":{"highway":"primary","name":"Strand Street","oneway":"yes","surface":"asphalt","lanes":"3","maxspeed":"60"},"geometry":{"type":"LineString","coordinates":[[18.4212457,-33.9205358],[18.4213065,-33.9205794],[18.4214788,-33.9207084]]}},{"type":"Feature","properties":{"highway":"primary","name":"Strand Street","oneway":"yes","surface":"asphalt","lanes":"3","maxspeed":"60"},"geometry":{"type":"LineString","coordinates":[[18.4218196,-33.9211086],[18.4214074,-33.9207925]]}},{"type":"Feature","properties":{"highway":"primary","name":"Strand Street","oneway":"yes","surface":"asphalt","lanes":"3","maxspeed":"60"},"geometry":{"type":"LineString","coordinates":[[18.4210389,-33.920379],[18.4211883,-33.9204909],[18.4212457,-33.9205358]]}},{"type":"Feature","properties":{"highway":"primary","name":"Strand Street","oneway":"yes","surface":"asphalt","lanes":"3","maxspeed":"60"},"geometry":{"type":"LineString","coordinates":[[18.4206063,-33.9200552],[18.420666,-33.9200999],[18.4210389,-33.920379]]}},{"type":"Feature","properties":{"highway":"footway","name":null,"oneway":null,"surface":"paving_stones","lanes":null,"maxspeed":null},"geometry":{"type":"LineString","coordinates":[[18.4210766,-33.9205954],[18.4210471,-33.9206231]]}},{"type":"Feature","properties":{"highway":"footway","name":null,"oneway":null,"surface":"paving_stones","lanes":null,"maxspeed":null},"geometry":{"type":"LineString","coordinates":[[18.4210471,-33.9206231],[18.4210754,-33.920644]]}},{"type":"Feature","properties":{"highway":"footway","name":null,"oneway":null,"surface":"paving_stones","lanes":null,"maxspeed":null},"geometry":{"type":"LineString","coordinates":[[18.4211488,-33.9206979],[18.4211663,-33.9207108]]}},{"type":"Feature","properties":{"highway":"footway","name":null,"oneway":null,"surface":"paving_stones","lanes":null,"maxspeed":null},"geometry":{"type":"LineString","coordinates":[[18.4211663,-33.9207108],[18.4211899,-33.9206887]]}},{"type":"Feature","properties":{"highway":"footway","name":null,"oneway":null,"surface":"paving_stones","lanes":null,"maxspeed":null},"geometry":{"type":"LineString","coordinates":[[18.4213419,-33.9205463],[18.4213628,-33.9205268]]}},{"type":"Feature","properties":{"highway":"footway","name":null,"oneway":null,"surface":"paving_stones","lanes":null,"maxspeed":null},"geometry":{"type":"LineString","coordinates":[[18.4213628,-33.9205268],[18.4213398,-33.9205098]]}},{"type":"Feature","properties":{"highway":"footway","name":null,"oneway":null,"surface":"paving_stones","lanes":null,"maxspeed":null},"geometry":{"type":"LineString","coordinates":[[18.4212722,-33.9204601],[18.4212435,-33.9204391]]}},{"type":"Feature","properties":{"highway":"footway","name":null,"oneway":null,"surface":"paving_stones","lanes":null,"maxspeed":null},"geometry":{"type":"LineString","coordinates":[[18.4212435,-33.9204391],[18.4212159,-33.920465]]}},{"type":"Feature","properties":{"highway":"tertiary","name":"Long Street","oneway":"yes","surface":"asphalt","lanes":"3","maxspeed":"60"},"geometry":{"type":"LineString","coordinates":[[18.4214718,-33.9203214],[18.4213022,-33.9204822],[18.4212457,-33.9205358]]}},{"type":"Feature","properties":{"highway":"tertiary","name":"Long Street","oneway":"yes","surface":"asphalt","lanes":"3","maxspeed":"60"},"geometry":{"type":"LineString","coordinates":[[18.4212457,-33.9205358],[18.4211671,-33.920611]]}},{"type":"Feature","properties":{"highway":"footway","name":null,"oneway":null,"surface":"paving_stones","lanes":null,"maxspeed":null},"geometry":{"type":"LineString","coordinates":[[18.4218989,-33.9198884],[18.421929,-33.9199112],[18.4219577,-33.9199328]]}},{"type":"Feature","properties":{"highway":"footway","name":null,"oneway":null,"surface":"paving_stones","lanes":null,"maxspeed":null},"geometry":{"type":"LineString","coordinates":[[18.4218392,-33.9200299],[18.4218541,-33.9200418]]}},{"type":"Feature","properties":{"highway":"footway","name":null,"oneway":null,"surface":"paving_stones","lanes":null,"maxspeed":null},"geometry":{"type":"LineString","coordinates":[[18.4217472,-33.9199634],[18.4217774,-33.9199807]]}},{"type":"Feature","properties":{"highway":"footway","name":null,"oneway":null,"surface":"paving_stones","lanes":null,"maxspeed":null},"geometry":{"type":"LineString","coordinates":[[18.4218669,-33.9198905],[18.4218834,-33.9198767],[18.4218989,-33.9198884]]}},{"type":"Feature","properties":{"highway":"footway","name":null,"oneway":null,"surface":"paving_stones","lanes":null,"maxspeed":null},"geometry":{"type":"LineString","coordinates":[[18.4222921,-33.9194512],[18.4223275,-33.9194773]]}},{"type":"Feature","properties":{"highway":"footway","name":null,"oneway":null,"surface":"paving_stones","lanes":null,"maxspeed":null},"geometry":{"type":"LineString","coordinates":[[18.4224059,-33.9195351],[18.4224429,-33.9195623]]}},{"type":"Feature","properties":{"highway":"footway","name":null,"oneway":null,"surface":"paving_stones","lanes":null,"maxspeed":null},"geometry":{"type":"LineString","coordinates":[[18.4224429,-33.9195623],[18.4224707,-33.9195364]]}},{"type":"Feature","properties":{"highway":"footway","name":null,"oneway":null,"surface":"paving_stones","lanes":null,"maxspeed":null},"geometry":{"type":"LineString","coordinates":[[18.4225662,-33.9194471],[18.4225982,-33.9194172]]}},{"type":"Feature","properties":{"highway":"footway","name":null,"oneway":null,"surface":"paving_stones","lanes":null,"maxspeed":null},"geometry":{"type":"LineString","coordinates":[[18.4225722,-33.9193981],[18.4225982,-33.9194172]]}},{"type":"Feature","properties":{"highway":"footway","name":null,"oneway":null,"surface":"paving_stones","lanes":null,"maxspeed":null},"geometry":{"type":"LineString","coordinates":[[18.4224474,-33.9193061],[18.4224785,-33.9193291]]}},{"type":"Feature","properties":{"highway":"footway","name":null,"oneway":null,"surface":"paving_stones","lanes":null,"maxspeed":null},"geometry":{"type":"LineString","coordinates":[[18.4222921,-33.9194512],[18.4223209,-33.9194243]]}},{"type":"Feature","properties":{"highway":"footway","name":null,"oneway":null,"surface":"paving_stones","lanes":null,"maxspeed":null},"geometry":{"type":"LineString","coordinates":[[18.4224163,-33.9193352],[18.4224474,-33.9193061]]}},{"type":"Feature","properties":{"highway":"footway","name":null,"oneway":null,"surface":"paving_stones","lanes":null,"maxspeed":null},"geometry":{"type":"LineString","coordinates":[[18.421842,-33.919872],[18.4222921,-33.9194512]]}},{"type":"Feature","properties":{"highway":"tertiary","name":"Long Street","oneway":"yes","surface":"asphalt","lanes":"3","maxspeed":null},"geometry":{"type":"LineString","coordinates":[[18.4226183,-33.9192784],[18.4225248,-33.9193631],[18.4224397,-33.9194388]]}},{"type":"Feature","properties":{"highway":"tertiary","name":"Long Street","oneway":"yes","surface":"asphalt","lanes":"2","maxspeed":null},"geometry":{"type":"LineString","coordinates":[[18.4237156,-33.9183215],[18.4236727,-33.9183487],[18.4235924,-33.9183992],[18.4235546,-33.918423]]}},{"type":"Feature","properties":{"highway":"footway","name":null,"oneway":null,"surface":"paving_stones","lanes":null,"maxspeed":null},"geometry":{"type":"LineString","coordinates":[[18.423591,-33.9185381],[18.4235649,-33.9185215],[18.4235348,-33.9185243],[18.4235098,-33.9185389]]}},{"type":"Feature","properties":{"highway":"footway","name":null,"oneway":null,"surface":"paving_stones","lanes":null,"maxspeed":null},"geometry":{"type":"LineString","coordinates":[[18.4233911,-33.9184413],[18.4233855,-33.9183918],[18.4229395,-33.9180388]]}},{"type":"Feature","properties":{"highway":"footway","name":null,"oneway":null,"surface":null,"lanes":null,"maxspeed":null},"geometry":{"type":"LineString","coordinates":[[18.423591,-33.9185381],[18.4236443,-33.9184874],[18.4236758,-33.9184585],[18.4237101,-33.9184269],[18.4237522,-33.9184058],[18.4238003,-33.9183829],[18.4238623,-33.9183571]]}},{"type":"Feature","properties":{"highway":"footway","name":null,"oneway":null,"surface":"paving_stones","lanes":null,"maxspeed":null},"geometry":{"type":"LineString","coordinates":[[18.4138522,-33.9270514],[18.4138557,-33.9270604],[18.4138715,-33.9270727]]}},{"type":"Feature","properties":{"highway":"footway","name":null,"oneway":null,"surface":"asphalt","lanes":null,"maxspeed":null},"geometry":{"type":"LineString","coordinates":[[18.4138715,-33.9270727],[18.4139061,-33.9270997],[18.4139413,-33.9271272]]}},{"type":"Feature","properties":{"highway":"primary_link","name":null,"oneway":"yes","surface":"asphalt","lanes":"1","maxspeed":"60"},"geometry":{"type":"LineString","coordinates":[[18.4144514,-33.9267294],[18.4144156,-33.9267867],[18.4143151,-33.9268823],[18.4142205,-33.9269541]]}},{"type":"Feature","properties":{"highway":"tertiary","name":"Long Street","oneway":"yes","surface":"asphalt","lanes":"2","maxspeed":"60"},"geometry":{"type":"LineString","coordinates":[[18.4145914,-33.9266147],[18.4144885,-33.9266981],[18.4144514,-33.9267294]]}},{"type":"Feature","properties":{"highway":"footway","name":null,"oneway":null,"surface":"asphalt","lanes":null,"maxspeed":null},"geometry":{"type":"LineString","coordinates":[[18.4172944,-33.9240464],[18.4173162,-33.9240261],[18.4173836,-33.9239631],[18.4174067,-33.9239415]]}},{"type":"Feature","properties":{"highway":"residential","name":"Dorp Street","oneway":"yes","surface":"asphalt","lanes":"1","maxspeed":"60"},"geometry":{"type":"LineString","coordinates":[[18.4154121,-33.922511],[18.4160543,-33.922984],[18.4161552,-33.9230596],[18.4167117,-33.9234685],[18.4167975,-33.9235315],[18.4173836,-33.9239631],[18.4174439,-33.9240076]]}},{"type":"Feature","properties":{"highway":"residential","name":"Dorp Street","oneway":"yes","surface":"asphalt","lanes":"1","maxspeed":"60"},"geometry":{"type":"LineString","coordinates":[[18.4179197,-33.924492],[18.4178929,-33.9244629],[18.41744,-33.924119],[18.4173757,-33.9240699]]}},{"type":"Feature","properties":{"highway":"footway","name":null,"oneway":null,"surface":"paving_stones","lanes":null,"maxspeed":null},"geometry":{"type":"LineString","coordinates":[[18.417887,-33.9234847],[18.4178536,-33.9235154],[18.4178896,-33.9235425]]}},{"type":"Feature","properties":{"highway":"footway","name":null,"oneway":null,"surface":"asphalt","lanes":null,"maxspeed":null},"geometry":{"type":"LineString","coordinates":[[18.4178896,-33.9235425],[18.4179243,-33.9235685],[18.4179682,-33.9236014]]}},{"type":"Feature","properties":{"highway":"footway","name":null,"oneway":null,"surface":"paving_stones","lanes":null,"maxspeed":null},"geometry":{"type":"LineString","coordinates":[[18.4179682,-33.9236014],[18.4179947,-33.9236213],[18.4180192,-33.9235998]]}},{"type":"Feature","properties":{"highway":"footway","name":null,"oneway":null,"surface":"asphalt","lanes":null,"maxspeed":null},"geometry":{"type":"LineString","coordinates":[[18.4180192,-33.9235998],[18.4180581,-33.9235651],[18.4181404,-33.9234876],[18.4181679,-33.9234624]]}},{"type":"Feature","properties":{"highway":"footway","name":null,"oneway":null,"surface":"paving_stones","lanes":null,"maxspeed":null},"geometry":{"type":"LineString","coordinates":[[18.4181679,-33.9234624],[18.4181801,-33.9234512],[18.4181969,-33.9234358],[18.418169,-33.9234149]]}},{"type":"Feature","properties":{"highway":"footway","name":null,"oneway":null,"surface":"asphalt","lanes":null,"maxspeed":null},"geometry":{"type":"LineString","coordinates":[[18.418169,-33.9234149],[18.4181243,-33.9233813],[18.4180882,-33.9233542]]}},{"type":"Feature","properties":{"highway":"footway","name":null,"oneway":null,"surface":"paving_stones","lanes":null,"maxspeed":null},"geometry":{"type":"LineString","coordinates":[[18.4180882,-33.9233542],[18.4180557,-33.9233299],[18.4180434,-33.9233411],[18.4180173,-33.9233651]]}},{"type":"Feature","properties":{"highway":"tertiary","name":"Long Street","oneway":"yes","surface":"asphalt","lanes":"3","maxspeed":"60"},"geometry":{"type":"LineString","coordinates":[[18.4180656,-33.9234345],[18.4179849,-33.9235132]]}},{"type":"Feature","properties":{"highway":"secondary","name":"Wale Street","oneway":"yes","surface":"asphalt","lanes":"2","maxspeed":"60"},"geometry":{"type":"LineString","coordinates":[[18.4179042,-33.9233156],[18.417997,-33.9233838],[18.4180656,-33.9234345]]}},{"type":"Feature","properties":{"highway":"tertiary","name":"Long Street","oneway":"yes","surface":"asphalt","lanes":"3","maxspeed":"60"},"geometry":{"type":"LineString","coordinates":[[18.4183172,-33.9232066],[18.4182384,-33.923278]]}},{"type":"Feature","properties":{"highway":"tertiary","name":"Long Street","oneway":"yes","surface":"asphalt","lanes":"3","maxspeed":"60"},"geometry":{"type":"LineString","coordinates":[[18.4182384,-33.923278],[18.4181243,-33.9233813],[18.4180656,-33.9234345]]}},{"type":"Feature","properties":{"highway":"pedestrian","name":"Church Street","oneway":"yes","surface":"paving_stones","lanes":null,"maxspeed":null},"geometry":{"type":"LineString","coordinates":[[18.4192492,-33.9233675],[18.4186825,-33.9229548]]}},{"type":"Feature","properties":{"highway":"residential","name":"Church Street","oneway":"yes","surface":"asphalt","lanes":"1","maxspeed":null},"geometry":{"type":"LineString","coordinates":[[18.4186376,-33.9229164],[18.4180618,-33.9224833],[18.4179983,-33.9224355],[18.4179347,-33.9223887],[18.4175077,-33.9220742],[18.4174161,-33.9220068],[18.4173482,-33.9219533]]}},{"type":"Feature","properties":{"highway":"primary","name":"Orange Street","oneway":"yes","surface":"asphalt","lanes":"2","maxspeed":"60"},"geometry":{"type":"LineString","coordinates":[[18.413791,-33.9273854],[18.4137813,-33.9273297],[18.4137499,-33.9272499]]}},{"type":"Feature","properties":{"highway":"primary","name":"Buiten Crescent","oneway":"yes","surface":"asphalt","lanes":"2","maxspeed":"60"},"geometry":{"type":"LineString","coordinates":[[18.4132969,-33.9267559],[18.413347,-33.9267834],[18.4133888,-33.9268066]]}},{"type":"Feature","properties":{"highway":"footway","name":null,"oneway":null,"surface":"asphalt","lanes":null,"maxspeed":null},"geometry":{"type":"LineString","coordinates":[[18.4136135,-33.9272018],[18.4135742,-33.9271722],[18.4135278,-33.9271372]]}},{"type":"Feature","properties":{"highway":"tertiary","name":"Kloof Street","oneway":null,"surface":"asphalt","lanes":"2","maxspeed":"60"},"geometry":{"type":"LineString","coordinates":[[18.4122631,-33.9284453],[18.4121729,-33.9285328],[18.4121605,-33.9285448],[18.4120708,-33.9286304],[18.4117817,-33.9289063]]}},{"type":"Feature","properties":{"highway":"tertiary","name":"Kloof Street","oneway":null,"surface":"asphalt","lanes":"2","maxspeed":"60"},"geometry":{"type":"LineString","coordinates":[[18.4124688,-33.9282511],[18.4122631,-33.9284453]]}},{"type":"Feature","properties":{"highway":"tertiary","name":"Kloof Street","oneway":null,"surface":"asphalt","lanes":"2","maxspeed":"60"},"geometry":{"type":"LineString","coordinates":[[18.4132707,-33.9274751],[18.4132129,-33.9275328],[18.4131816,-33.9275641],[18.4130138,-33.9277316],[18.4126471,-33.9280812],[18.4124688,-33.9282511]]}},{"type":"Feature","properties":{"highway":"tertiary","name":"Kloof Street","oneway":null,"surface":"asphalt","lanes":"2","maxspeed":"60"},"geometry":{"type":"LineString","coordinates":[[18.4136344,-33.9271121],[18.4135742,-33.9271722],[18.4134752,-33.927271]]}},{"type":"Feature","properties":{"highway":"primary","name":"Buiten Crescent","oneway":"yes","surface":"asphalt","lanes":"2","maxspeed":"60"},"geometry":{"type":"LineString","coordinates":[[18.4136344,-33.9271121],[18.4135732,-33.927067],[18.4133576,-33.926925]]}},{"type":"Feature","properties":{"highway":"tertiary","name":null,"oneway":null,"surface":"asphalt","lanes":"2","maxspeed":"60"},"geometry":{"type":"LineString","coordinates":[[18.4137176,-33.9270498],[18.4136344,-33.9271121]]}},{"type":"Feature","properties":{"highway":"service","name":null,"oneway":null,"surface":"paving_stones","lanes":null,"maxspeed":null},"geometry":{"type":"LineString","coordinates":[[18.4139978,-33.9275272],[18.4140028,-33.9276115]]}},{"type":"Feature","properties":{"highway":"service","name":null,"oneway":null,"surface":"paving_stones","lanes":null,"maxspeed":null},"geometry":{"type":"LineString","coordinates":[[18.4140028,-33.9276115],[18.4140059,-33.9276296],[18.4140009,-33.9276436],[18.4139907,-33.9276543],[18.413959,-33.9276621],[18.4139144,-33.9276577]]}},{"type":"Feature","properties":{"highway":"service","name":null,"oneway":null,"surface":"asphalt","lanes":null,"maxspeed":null},"geometry":{"type":"LineString","coordinates":[[18.4164486,-33.9249195],[18.4165252,-33.9249798],[18.416949,-33.9253139],[18.4169982,-33.9253511]]}},{"type":"Feature","properties":{"highway":"steps","name":null,"oneway":null,"surface":null,"lanes":null,"maxspeed":null},"geometry":{"type":"LineString","coordinates":[[18.4123781,-33.9175146],[18.4124635,-33.9176417]]}},{"type":"Feature","properties":{"highway":"footway","name":null,"oneway":null,"surface":null,"lanes":null,"maxspeed":null},"geometry":{"type":"LineString","coordinates":[[18.4123286,-33.917441],[18.4123781,-33.9175146]]}},{"type":"Feature","properties":{"highway":"steps","name":"Neiderlands Lane","oneway":null,"surface":"paving_stones","lanes":null,"maxspeed":null},"geometry":{"type":"LineString","coordinates":[[18.4144396,-33.9230684],[18.4144551,-33.9230798]]}},{"type":"Feature","properties":{"highway":"pedestrian","name":"Neiderlands Lane","oneway":null,"surface":"cobblestone","lanes":null,"maxspeed":null},"geometry":{"type":"LineString","coordinates":[[18.4140522,-33.9227844],[18.4144396,-33.9230684]]}},{"type":"Feature","properties":{"highway":"residential","name":"Helliger Lane","oneway":null,"surface":"cobblestone","lanes":"2","maxspeed":"60"},"geometry":{"type":"LineString","coordinates":[[18.4143151,-33.9201618],[18.4143755,-33.9201711],[18.414784,-33.9204782],[18.415429,-33.9209477]]}},{"type":"Feature","properties":{"highway":"residential","name":"Hudson Street","oneway":null,"surface":"asphalt","lanes":"2","maxspeed":"60"},"geometry":{"type":"LineString","coordinates":[[18.4172346,-33.9175204],[18.4171561,-33.9175983]]}},{"type":"Feature","properties":{"highway":"residential","name":"Hudson Street","oneway":"yes","surface":"asphalt","lanes":"2","maxspeed":"60"},"geometry":{"type":"LineString","coordinates":[[18.4168437,-33.9178657],[18.4167061,-33.9179872],[18.4166955,-33.9180001],[18.4166919,-33.9180157]]}},{"type":"Feature","properties":{"highway":"tertiary","name":"Strand Street","oneway":"yes","surface":"asphalt","lanes":"2","maxspeed":"60"},"geometry":{"type":"LineString","coordinates":[[18.4172346,-33.9175204],[18.4175561,-33.9177669],[18.4176324,-33.9178322]]}},{"type":"Feature","properties":{"highway":"tertiary","name":"Strand Street","oneway":"yes","surface":"asphalt","lanes":"2","maxspeed":"60"},"geometry":{"type":"LineString","coordinates":[[18.4167253,-33.9171478],[18.4172346,-33.9175204]]}},{"type":"Feature","properties":{"highway":"tertiary","name":"Strand Street","oneway":"yes","surface":"asphalt","lanes":"2","maxspeed":"60"},"geometry":{"type":"LineString","coordinates":[[18.4161869,-33.9166784],[18.4162777,-33.916782],[18.4163287,-33.9168356],[18.4164488,-33.9169402],[18.4165225,-33.9169992],[18.4167253,-33.9171478]]}},{"type":"Feature","properties":{"highway":"tertiary","name":"Strand Street","oneway":"yes","surface":"asphalt","lanes":"1","maxspeed":"60"},"geometry":{"type":"LineString","coordinates":[[18.415563,-33.9158612],[18.4157016,-33.9160383],[18.4158497,-33.9162323],[18.4161284,-33.9166086],[18.4161869,-33.9166784]]}},{"type":"Feature","properties":{"highway":"footway","name":null,"oneway":null,"surface":"paving_stones","lanes":null,"maxspeed":null},"geometry":{"type":"LineString","coordinates":[[18.4208877,-33.9201773],[18.4207156,-33.9200506]]}},{"type":"Feature","properties":{"highway":"footway","name":null,"oneway":null,"surface":"paving_stones","lanes":null,"maxspeed":null},"geometry":{"type":"LineString","coordinates":[[18.4207156,-33.9200506],[18.4206978,-33.9200367]]}},{"type":"Feature","properties":{"highway":"footway","name":null,"oneway":null,"surface":"paving_stones","lanes":null,"maxspeed":null},"geometry":{"type":"LineString","coordinates":[[18.4206994,-33.9200691],[18.4207156,-33.9200506]]}},{"type":"Feature","properties":{"highway":"footway","name":null,"oneway":null,"surface":"paving_stones","lanes":null,"maxspeed":null},"geometry":{"type":"LineString","coordinates":[[18.4205268,-33.9202298],[18.4205469,-33.9202097]]}},{"type":"Feature","properties":{"highway":"footway","name":null,"oneway":null,"surface":"asphalt","lanes":null,"maxspeed":null},"geometry":{"type":"LineString","coordinates":[[18.4205469,-33.9202097],[18.4205714,-33.9201871],[18.420666,-33.9200999],[18.4206994,-33.9200691]]}},{"type":"Feature","properties":{"highway":"tertiary","name":"Loop Street","oneway":"yes","surface":"asphalt","lanes":"3","maxspeed":"60"},"geometry":{"type":"LineString","coordinates":[[18.4205095,-33.9201436],[18.4206063,-33.9200552]]}},{"type":"Feature","properties":{"highway":"footway","name":null,"oneway":null,"surface":"paving_stones","lanes":null,"maxspeed":null},"geometry":{"type":"LineString","coordinates":[[18.4204998,-33.920212],[18.4205268,-33.9202298]]}},{"type":"Feature","properties":{"highway":"footway","name":null,"oneway":null,"surface":"asphalt","lanes":null,"maxspeed":null},"geometry":{"type":"LineString","coordinates":[[18.4205778,-33.9199721],[18.4205672,-33.9199862]]}},{"type":"Feature","properties":{"highway":"footway","name":null,"oneway":null,"surface":"asphalt","lanes":null,"maxspeed":null},"geometry":{"type":"LineString","coordinates":[[18.4204287,-33.9201588],[18.4204646,-33.9201846],[18.4204998,-33.920212]]}},{"type":"Feature","properties":{"highway":"footway","name":null,"oneway":null,"surface":"paving_stones","lanes":null,"maxspeed":null},"geometry":{"type":"LineString","coordinates":[[18.4204221,-33.9201145],[18.4203981,-33.9201357],[18.4204287,-33.9201588]]}},{"type":"Feature","properties":{"highway":"tertiary","name":"Loop Street","oneway":"yes","surface":"asphalt","lanes":"3","maxspeed":"60"},"geometry":{"type":"LineString","coordinates":[[18.420053,-33.9205586],[18.4200939,-33.9205233],[18.4203489,-33.9202902]]}},{"type":"Feature","properties":{"highway":"residential","name":"Castle Street","oneway":"yes","surface":"asphalt","lanes":"1","maxspeed":"60"},"geometry":{"type":"LineString","coordinates":[[18.4198882,-33.9204357],[18.4199976,-33.9205108],[18.420053,-33.9205586]]}},{"type":"Feature","properties":{"highway":"residential","name":"Castle Street","oneway":"yes","surface":"asphalt","lanes":"1","maxspeed":"60"},"geometry":{"type":"LineString","coordinates":[[18.420053,-33.9205586],[18.4201127,-33.9206101],[18.4206363,-33.9209962],[18.4206985,-33.921042]]}},{"type":"Feature","properties":{"highway":"tertiary","name":"Loop Street","oneway":"yes","surface":"asphalt","lanes":"3","maxspeed":"60"},"geometry":{"type":"LineString","coordinates":[[18.419918,-33.9206832],[18.4200202,-33.9205895],[18.420053,-33.9205586]]}},{"type":"Feature","properties":{"highway":"tertiary","name":"Loop Street","oneway":"yes","surface":"asphalt","lanes":"3","maxspeed":"60"},"geometry":{"type":"LineString","coordinates":[[18.4195181,-33.9210479],[18.4195594,-33.9210105],[18.419918,-33.9206832]]}},{"type":"Feature","properties":{"highway":"tertiary","name":"Loop Street","oneway":"yes","surface":"asphalt","lanes":"2","maxspeed":"60"},"geometry":{"type":"LineString","coordinates":[[18.41936,-33.9211922],[18.4194884,-33.9210743],[18.4195181,-33.9210479]]}},{"type":"Feature","properties":{"highway":"tertiary","name":"Loop Street","oneway":"yes","surface":"asphalt","lanes":"3","maxspeed":"60"},"geometry":{"type":"LineString","coordinates":[[18.4203489,-33.9202902],[18.4204646,-33.9201846],[18.4205095,-33.9201436]]}},{"type":"Feature","properties":{"highway":"cycleway","name":"Waterkant Street","oneway":"no","surface":"paving_stones","lanes":null,"maxspeed":null},"geometry":{"type":"LineString","coordinates":[[18.4224677,-33.9204174],[18.4224273,-33.9203818],[18.4221736,-33.920181],[18.4219204,-33.9199847],[18.4218791,-33.9199541]]}},{"type":"Feature","properties":{"highway":"footway","name":null,"oneway":null,"surface":"asphalt","lanes":null,"maxspeed":null},"geometry":{"type":"LineString","coordinates":[[18.4216678,-33.9189748],[18.4215436,-33.9190884],[18.4214412,-33.9191821],[18.4213907,-33.9192283],[18.4212891,-33.9193212]]}},{"type":"Feature","properties":{"highway":"footway","name":null,"oneway":null,"surface":"paving_stones","lanes":null,"maxspeed":null},"geometry":{"type":"LineString","coordinates":[[18.4217831,-33.918875],[18.4217595,-33.9188566]]}},{"type":"Feature","properties":{"highway":"footway","name":null,"oneway":null,"surface":"paving_stones","lanes":null,"maxspeed":null},"geometry":{"type":"LineString","coordinates":[[18.4217813,-33.9190582],[18.4217992,-33.9190714]]}},{"type":"Feature","properties":{"highway":"footway","name":null,"oneway":null,"surface":"paving_stones","lanes":null,"maxspeed":null},"geometry":{"type":"LineString","coordinates":[[18.4217992,-33.9190714],[18.4218185,-33.9190545]]}},{"type":"Feature","properties":{"highway":"footway","name":null,"oneway":null,"surface":"paving_stones","lanes":null,"maxspeed":null},"geometry":{"type":"LineString","coordinates":[[18.4219113,-33.9189707],[18.421942,-33.9189422]]}},{"type":"Feature","properties":{"highway":"footway","name":null,"oneway":null,"surface":"paving_stones","lanes":null,"maxspeed":null},"geometry":{"type":"LineString","coordinates":[[18.4219106,-33.9189191],[18.421942,-33.9189422]]}},{"type":"Feature","properties":{"highway":"footway","name":null,"oneway":null,"surface":"paving_stones","lanes":null,"maxspeed":null},"geometry":{"type":"LineString","coordinates":[[18.4217622,-33.9188937],[18.4217831,-33.918875],[18.4218138,-33.9188482],[18.4218391,-33.9188667]]}},{"type":"Feature","properties":{"highway":"footway","name":null,"oneway":null,"surface":"paving_stones","lanes":null,"maxspeed":null},"geometry":{"type":"LineString","coordinates":[[18.421693,-33.9189538],[18.4216678,-33.9189748]]}},{"type":"Feature","properties":{"highway":"footway","name":null,"oneway":null,"surface":"paving_stones","lanes":null,"maxspeed":null},"geometry":{"type":"LineString","coordinates":[[18.4216678,-33.9189748],[18.4216934,-33.9189937]]}},{"type":"Feature","properties":{"highway":"tertiary","name":"Loop Street","oneway":"yes","surface":"asphalt","lanes":"3","maxspeed":"60"},"geometry":{"type":"LineString","coordinates":[[18.4215927,-33.9191488],[18.4217309,-33.9190213],[18.4217933,-33.9189677]]}},{"type":"Feature","properties":{"highway":"tertiary","name":"Loop Street","oneway":"yes","surface":"asphalt","lanes":"3","maxspeed":"60"},"geometry":{"type":"LineString","coordinates":[[18.4217933,-33.9189677],[18.4218767,-33.9188943],[18.4223209,-33.9184817]]}},{"type":"Feature","properties":{"highway":"footway","name":null,"oneway":null,"surface":"paving_stones","lanes":null,"maxspeed":null},"geometry":{"type":"LineString","coordinates":[[18.4224228,-33.9184956],[18.4229395,-33.9180388]]}},{"type":"Feature","properties":{"highway":"footway","name":null,"oneway":null,"surface":"asphalt","lanes":null,"maxspeed":null},"geometry":{"type":"LineString","coordinates":[[18.4223725,-33.9185416],[18.4223908,-33.918523],[18.4224228,-33.9184956]]}},{"type":"Feature","properties":{"highway":"footway","name":null,"oneway":null,"surface":"paved","lanes":null,"maxspeed":null},"geometry":{"type":"LineString","coordinates":[[18.4233491,-33.9176062],[18.4233688,-33.9176422]]}},{"type":"Feature","properties":{"highway":"footway","name":null,"oneway":null,"surface":"asphalt","lanes":null,"maxspeed":null},"geometry":{"type":"LineString","coordinates":[[18.422994,-33.9177414],[18.4230032,-33.9177394],[18.4230482,-33.917698],[18.4230881,-33.9176611],[18.4231095,-33.9176412],[18.4231338,-33.9176182],[18.4231762,-33.917578],[18.423291,-33.917463]]}},{"type":"Feature","properties":{"highway":"footway","name":null,"oneway":null,"surface":"asphalt","lanes":null,"maxspeed":null},"geometry":{"type":"LineString","coordinates":[[18.4233078,-33.917895],[18.4232651,-33.9179177],[18.4232218,-33.9179386],[18.4231959,-33.9179497],[18.4231658,-33.9179587],[18.4231138,-33.9179742],[18.423048,-33.9179921]]}},{"type":"Feature","properties":{"highway":"secondary","name":"Hans Strijdom Avenue","oneway":"yes","surface":"asphalt","lanes":"3","maxspeed":"60"},"geometry":{"type":"LineString","coordinates":[[18.4230633,-33.9177867],[18.4230482,-33.917698],[18.4229206,-33.9171124],[18.4228907,-33.9169605]]}},{"type":"Feature","properties":{"highway":"secondary","name":"Hans Strijdom Avenue","oneway":"yes","surface":"asphalt","lanes":"3","maxspeed":"60"},"geometry":{"type":"LineString","coordinates":[[18.4231952,-33.9176647],[18.4232183,-33.9177666],[18.4232294,-33.9178113],[18.4232465,-33.9178653],[18.4232651,-33.9179177]]}},{"type":"Feature","properties":{"highway":"tertiary","name":"Loop Street","oneway":"yes","surface":"asphalt","lanes":"3","maxspeed":"60"},"geometry":{"type":"LineString","coordinates":[[18.4230633,-33.9177867],[18.4231076,-33.9177468],[18.4231534,-33.9177055],[18.4231952,-33.9176647]]}},{"type":"Feature","properties":{"highway":"tertiary","name":"Loop Street","oneway":"yes","surface":"asphalt","lanes":"3","maxspeed":"60"},"geometry":{"type":"LineString","coordinates":[[18.4223209,-33.9184817],[18.4226264,-33.9181991]]}},{"type":"Feature","properties":{"highway":"tertiary","name":"Loop Street","oneway":"yes","surface":"asphalt","lanes":"3","maxspeed":"60"},"geometry":{"type":"LineString","coordinates":[[18.4226264,-33.9181991],[18.4228397,-33.9180018],[18.4229674,-33.9178789],[18.4230633,-33.9177867]]}},{"type":"Feature","properties":{"highway":"secondary","name":"Hans Strijdom Avenue","oneway":"yes","surface":"asphalt","lanes":"3","maxspeed":"60"},"geometry":{"type":"LineString","coordinates":[[18.4230899,-33.9172037],[18.4231762,-33.917578],[18.4231952,-33.9176647]]}},{"type":"Feature","properties":{"highway":"secondary","name":"Hans Strijdom Avenue","oneway":"yes","surface":"asphalt","lanes":"3","maxspeed":"60"},"geometry":{"type":"LineString","coordinates":[[18.4232218,-33.91815],[18.4231963,-33.9181193],[18.4231669,-33.9180803],[18.4231428,-33.9180389],[18.4231256,-33.9180025],[18.4231138,-33.9179742],[18.4230633,-33.9177867]]}},{"type":"Feature","properties":{"highway":"tertiary","name":"Lower Long Street","oneway":"yes","surface":"asphalt","lanes":"2","maxspeed":"60"},"geometry":{"type":"LineString","coordinates":[[18.4253775,-33.9167889],[18.4252372,-33.9169312],[18.4251211,-33.917042]]}},{"type":"Feature","properties":{"highway":"tertiary","name":"Lower Loop Street","oneway":"yes","surface":"asphalt","lanes":"3","maxspeed":"60"},"geometry":{"type":"LineString","coordinates":[[18.4246672,-33.9169821],[18.4248073,-33.9169516],[18.4249489,-33.916911]]}},{"type":"Feature","properties":{"highway":"footway","name":null,"oneway":null,"surface":"paving_stones","lanes":null,"maxspeed":null},"geometry":{"type":"LineString","coordinates":[[18.4260698,-33.9162249],[18.4260489,-33.9162076]]}},{"type":"Feature","properties":{"highway":"footway","name":null,"oneway":null,"surface":"paving_stones","lanes":null,"maxspeed":null},"geometry":{"type":"LineString","coordinates":[[18.4261651,-33.9162152],[18.4261347,-33.9162441]]}},{"type":"Feature","properties":{"highway":"footway","name":null,"oneway":null,"surface":"paving_stones","lanes":null,"maxspeed":null},"geometry":{"type":"LineString","coordinates":[[18.4263721,-33.916015],[18.4263307,-33.916055]]}},{"type":"Feature","properties":{"highway":"footway","name":null,"oneway":null,"surface":"paving_stones","lanes":null,"maxspeed":null},"geometry":{"type":"LineString","coordinates":[[18.4260146,-33.9157962],[18.4260375,-33.9157755]]}},{"type":"Feature","properties":{"highway":"footway","name":null,"oneway":null,"surface":"paved","lanes":null,"maxspeed":null},"geometry":{"type":"LineString","coordinates":[[18.4257789,-33.9160099],[18.4258059,-33.9159854]]}},{"type":"Feature","properties":{"highway":"footway","name":null,"oneway":null,"surface":"paved","lanes":null,"maxspeed":null},"geometry":{"type":"LineString","coordinates":[[18.4258156,-33.9160492],[18.4257789,-33.9160099]]}},{"type":"Feature","properties":{"highway":"footway","name":null,"oneway":null,"surface":"paved","lanes":null,"maxspeed":null},"geometry":{"type":"LineString","coordinates":[[18.4255367,-33.9166765],[18.42556,-33.9166953]]}},{"type":"Feature","properties":{"highway":"footway","name":null,"oneway":null,"surface":"paved","lanes":null,"maxspeed":null},"geometry":{"type":"LineString","coordinates":[[18.4253409,-33.9165283],[18.425377,-33.9165555]]}},{"type":"Feature","properties":{"highway":"footway","name":null,"oneway":null,"surface":"paved","lanes":null,"maxspeed":null},"geometry":{"type":"LineString","coordinates":[[18.4252799,-33.9165531],[18.4253017,-33.9165338]]}},{"type":"Feature","properties":{"highway":"footway","name":null,"oneway":null,"surface":"paved","lanes":null,"maxspeed":null},"geometry":{"type":"LineString","coordinates":[[18.4252143,-33.9166164],[18.4252257,-33.9166052]]}},{"type":"Feature","properties":{"highway":"footway","name":null,"oneway":null,"surface":"paved","lanes":null,"maxspeed":null},"geometry":{"type":"LineString","coordinates":[[18.4251025,-33.9167968],[18.4250832,-33.9167776]]}},{"type":"Feature","properties":{"highway":"footway","name":null,"oneway":null,"surface":"paved","lanes":null,"maxspeed":null},"geometry":{"type":"LineString","coordinates":[[18.4252722,-33.9169658],[18.4252592,-33.9169529]]}},{"type":"Feature","properties":{"highway":"footway","name":null,"oneway":null,"surface":"paved","lanes":null,"maxspeed":null},"geometry":{"type":"LineString","coordinates":[[18.4253626,-33.9168815],[18.4253861,-33.9168584]]}},{"type":"Feature","properties":{"highway":"footway","name":null,"oneway":null,"surface":"paved","lanes":null,"maxspeed":null},"geometry":{"type":"LineString","coordinates":[[18.4252823,-33.9156608],[18.4252726,-33.9156728],[18.4252591,-33.9156856]]}},{"type":"Feature","properties":{"highway":"footway","name":null,"oneway":null,"surface":"asphalt","lanes":null,"maxspeed":null},"geometry":{"type":"LineString","coordinates":[[18.4252823,-33.9156608],[18.4253105,-33.9156833],[18.4253378,-33.9157051]]}},{"type":"Feature","properties":{"highway":"footway","name":null,"oneway":null,"surface":"paved","lanes":null,"maxspeed":null},"geometry":{"type":"LineString","coordinates":[[18.4253702,-33.915731],[18.4253378,-33.9157051]]}},{"type":"Feature","properties":{"highway":"footway","name":null,"oneway":null,"surface":"asphalt","lanes":null,"maxspeed":null},"geometry":{"type":"LineString","coordinates":[[18.422266,-33.916204],[18.4222868,-33.9162268],[18.4223192,-33.9162151]]}},{"type":"Feature","properties":{"highway":"footway","name":null,"oneway":null,"surface":"asphalt","lanes":null,"maxspeed":null},"geometry":{"type":"LineString","coordinates":[[18.4218807,-33.9156354],[18.4218716,-33.91564],[18.4218808,-33.9156662],[18.4218808,-33.9157118],[18.4218716,-33.9157505],[18.421882,-33.9157606]]}},{"type":"Feature","properties":{"highway":"footway","name":null,"oneway":null,"surface":"asphalt","lanes":null,"maxspeed":null},"geometry":{"type":"LineString","coordinates":[[18.4222288,-33.9154292],[18.4221246,-33.9154953],[18.422053,-33.9155496],[18.4219644,-33.9155929],[18.4218807,-33.9156354]]}},{"type":"Feature","properties":{"highway":"footway","name":null,"oneway":null,"surface":"asphalt","lanes":null,"maxspeed":null},"geometry":{"type":"LineString","coordinates":[[18.4223551,-33.9155766],[18.4223004,-33.9155128],[18.4222288,-33.9154292]]}},{"type":"Feature","properties":{"highway":"footway","name":null,"oneway":null,"surface":"asphalt","lanes":null,"maxspeed":null},"geometry":{"type":"LineString","coordinates":[[18.4222482,-33.9175812],[18.4222684,-33.9175624],[18.4222864,-33.9175457]]}},{"type":"Feature","properties":{"highway":"footway","name":null,"oneway":null,"surface":"paving_stones","lanes":null,"maxspeed":null},"geometry":{"type":"LineString","coordinates":[[18.4223573,-33.917481],[18.4222864,-33.9175457]]}},{"type":"Feature","properties":{"highway":"footway","name":null,"oneway":null,"surface":"asphalt","lanes":null,"maxspeed":null},"geometry":{"type":"LineString","coordinates":[[18.4228603,-33.9171309],[18.4228546,-33.917117],[18.4228461,-33.917109],[18.4228366,-33.9171026],[18.4228196,-33.9170998],[18.4227809,-33.9171042],[18.4227559,-33.9171222],[18.4223573,-33.917481]]}},{"type":"Feature","properties":{"highway":"footway","name":null,"oneway":null,"surface":"paved","lanes":null,"maxspeed":null},"geometry":{"type":"LineString","coordinates":[[18.42312,-33.9170545],[18.4230964,-33.917061]]}},{"type":"Feature","properties":{"highway":"footway","name":null,"oneway":null,"surface":"asphalt","lanes":null,"maxspeed":null},"geometry":{"type":"LineString","coordinates":[[18.4230964,-33.917061],[18.4230606,-33.9170705],[18.4230097,-33.9170857],[18.4229578,-33.9171013],[18.4229206,-33.9171124],[18.4228603,-33.9171309]]}},{"type":"Feature","properties":{"highway":"footway","name":null,"oneway":null,"surface":"asphalt","lanes":null,"maxspeed":null},"geometry":{"type":"LineString","coordinates":[[18.4228366,-33.9171026],[18.4228059,-33.9170367],[18.4227887,-33.9169998],[18.4227601,-33.9169358],[18.422743,-33.9168963],[18.4226915,-33.9168016]]}},{"type":"Feature","properties":{"highway":"footway","name":null,"oneway":null,"surface":"asphalt","lanes":null,"maxspeed":null},"geometry":{"type":"LineString","coordinates":[[18.4227436,-33.9167671],[18.4228139,-33.9167556],[18.4229635,-33.9167286],[18.4230439,-33.9167145]]}},{"type":"Feature","properties":{"highway":"residential","name":"Lower Bre\u00eb Street","oneway":"yes","surface":"asphalt","lanes":"2","maxspeed":"60"},"geometry":{"type":"LineString","coordinates":[[18.4231879,-33.916775],[18.4233129,-33.916707]]}},{"type":"Feature","properties":{"highway":"residential","name":"Bree Street","oneway":"yes","surface":"asphalt","lanes":"2","maxspeed":null},"geometry":{"type":"LineString","coordinates":[[18.4228582,-33.9168516],[18.4229213,-33.9168312],[18.4229866,-33.9168168]]}},{"type":"Feature","properties":{"highway":"residential","name":"Bree Street","oneway":"yes","surface":"asphalt","lanes":"1","maxspeed":null},"geometry":{"type":"LineString","coordinates":[[18.4215828,-33.9179329],[18.4216271,-33.9178921],[18.4220736,-33.9174798],[18.4221144,-33.9174422]]}},{"type":"Feature","properties":{"highway":"residential","name":"Bree Street","oneway":"yes","surface":"asphalt","lanes":"2","maxspeed":null},"geometry":{"type":"LineString","coordinates":[[18.4223785,-33.9173378],[18.4222515,-33.9174512],[18.4221915,-33.917504]]}},{"type":"Feature","properties":{"highway":"residential","name":"Bree Street","oneway":"yes","surface":"asphalt","lanes":null,"maxspeed":null},"geometry":{"type":"LineString","coordinates":[[18.4221915,-33.917504],[18.4221529,-33.9175405],[18.4217143,-33.917955],[18.4216603,-33.9180061]]}},{"type":"Feature","properties":{"highway":"residential","name":"Riebeek Street","oneway":"yes","surface":"asphalt","lanes":"2","maxspeed":"60"},"geometry":{"type":"LineString","coordinates":[[18.4210852,-33.9183771],[18.4211661,-33.9184609]]}},{"type":"Feature","properties":{"highway":"residential","name":"Riebeek Street","oneway":"yes","surface":"asphalt","lanes":"3","maxspeed":"60"},"geometry":{"type":"LineString","coordinates":[[18.4207423,-33.9180386],[18.4210295,-33.9183119],[18.4210852,-33.9183771]]}},{"type":"Feature","properties":{"highway":"footway","name":null,"oneway":null,"surface":"paving_stones","lanes":null,"maxspeed":null},"geometry":{"type":"LineString","coordinates":[[18.4212263,-33.9181392],[18.4211284,-33.9182263]]}},{"type":"Feature","properties":{"highway":"footway","name":null,"oneway":null,"surface":"paving_stones","lanes":null,"maxspeed":null},"geometry":{"type":"LineString","coordinates":[[18.4210958,-33.9182564],[18.4211284,-33.9182263]]}},{"type":"Feature","properties":{"highway":"footway","name":null,"oneway":null,"surface":"paving_stones","lanes":null,"maxspeed":null},"geometry":{"type":"LineString","coordinates":[[18.4211284,-33.9182263],[18.4211606,-33.9182501]]}},{"type":"Feature","properties":{"highway":"footway","name":null,"oneway":null,"surface":"paving_stones","lanes":null,"maxspeed":null},"geometry":{"type":"LineString","coordinates":[[18.4212589,-33.9184357],[18.4212903,-33.9184603]]}},{"type":"Feature","properties":{"highway":"footway","name":null,"oneway":null,"surface":"paving_stones","lanes":null,"maxspeed":null},"geometry":{"type":"LineString","coordinates":[[18.4213267,-33.9184275],[18.4212903,-33.9184603],[18.4212627,-33.9184879]]}},{"type":"Feature","properties":{"highway":"footway","name":null,"oneway":null,"surface":"paving_stones","lanes":null,"maxspeed":null},"geometry":{"type":"LineString","coordinates":[[18.421148,-33.9185887],[18.4211206,-33.9185675]]}},{"type":"Feature","properties":{"highway":"footway","name":null,"oneway":null,"surface":"paving_stones","lanes":null,"maxspeed":null},"geometry":{"type":"LineString","coordinates":[[18.4211772,-33.9185637],[18.421148,-33.9185887]]}},{"type":"Feature","properties":{"highway":"footway","name":null,"oneway":null,"surface":"paving_stones","lanes":null,"maxspeed":null},"geometry":{"type":"LineString","coordinates":[[18.4212627,-33.9184879],[18.4212434,-33.9185056]]}},{"type":"Feature","properties":{"highway":"footway","name":null,"oneway":null,"surface":"paving_stones","lanes":null,"maxspeed":null},"geometry":{"type":"LineString","coordinates":[[18.4209264,-33.9184234],[18.4209077,-33.918409],[18.4206861,-33.9182385]]}},{"type":"Feature","properties":{"highway":"footway","name":null,"oneway":null,"surface":"paving_stones","lanes":null,"maxspeed":null},"geometry":{"type":"LineString","coordinates":[[18.4209077,-33.918409],[18.420933,-33.9183956]]}},{"type":"Feature","properties":{"highway":"footway","name":null,"oneway":null,"surface":"asphalt","lanes":null,"maxspeed":null},"geometry":{"type":"LineString","coordinates":[[18.4215262,-33.9179835],[18.4216119,-33.9180501]]}},{"type":"Feature","properties":{"highway":"footway","name":null,"oneway":null,"surface":"asphalt","lanes":null,"maxspeed":null},"geometry":{"type":"LineString","coordinates":[[18.4216271,-33.9178921],[18.4217143,-33.917955]]}},{"type":"Feature","properties":{"highway":"footway","name":null,"oneway":null,"surface":"asphalt","lanes":null,"maxspeed":null},"geometry":{"type":"LineString","coordinates":[[18.4220736,-33.9174798],[18.4221529,-33.9175405]]}},{"type":"Feature","properties":{"highway":"footway","name":null,"oneway":null,"surface":"asphalt","lanes":null,"maxspeed":null},"geometry":{"type":"LineString","coordinates":[[18.4221719,-33.9173894],[18.4222515,-33.9174512]]}},{"type":"Feature","properties":{"highway":"footway","name":null,"oneway":null,"surface":"paving_stones","lanes":null,"maxspeed":null},"geometry":{"type":"LineString","coordinates":[[18.4204722,-33.918831],[18.4205059,-33.9188541]]}},{"type":"Feature","properties":{"highway":"footway","name":null,"oneway":null,"surface":"paving_stones","lanes":null,"maxspeed":null},"geometry":{"type":"LineString","coordinates":[[18.4205935,-33.9191017],[18.4206083,-33.9190885]]}},{"type":"Feature","properties":{"highway":"footway","name":null,"oneway":null,"surface":"paving_stones","lanes":null,"maxspeed":null},"geometry":{"type":"LineString","coordinates":[[18.4206874,-33.9190167],[18.4207005,-33.9190047]]}},{"type":"Feature","properties":{"highway":"footway","name":null,"oneway":null,"surface":"paving_stones","lanes":null,"maxspeed":null},"geometry":{"type":"LineString","coordinates":[[18.4206731,-33.9189832],[18.4207005,-33.9190047]]}},{"type":"Feature","properties":{"highway":"residential","name":"Bree Street","oneway":"yes","surface":"asphalt","lanes":"1","maxspeed":"60"},"geometry":{"type":"LineString","coordinates":[[18.421079,-33.9185355],[18.420862,-33.9187238]]}},{"type":"Feature","properties":{"highway":"residential","name":"Bree Street","oneway":"yes","surface":"asphalt","lanes":"2","maxspeed":"60"},"geometry":{"type":"LineString","coordinates":[[18.4177659,-33.9214387],[18.4181436,-33.9210859],[18.4182174,-33.9210214]]}},{"type":"Feature","properties":{"highway":"living_street","name":"Shortmarket Street","oneway":"yes","surface":"asphalt","lanes":null,"maxspeed":null},"geometry":{"type":"LineString","coordinates":[[18.4183384,-33.9211028],[18.4182997,-33.9210764]]}},{"type":"Feature","properties":{"highway":"footway","name":null,"oneway":null,"surface":"paving_stones","lanes":null,"maxspeed":null},"geometry":{"type":"LineString","coordinates":[[18.4180974,-33.9210681],[18.4181436,-33.9210859],[18.4182472,-33.9211258],[18.4183092,-33.9211477]]}},{"type":"Feature","properties":{"highway":"footway","name":null,"oneway":null,"surface":"paving_stones","lanes":null,"maxspeed":null},"geometry":{"type":"LineString","coordinates":[[18.4182297,-33.9209401],[18.4182728,-33.920973],[18.4183503,-33.9210299],[18.418394,-33.9210617]]}},{"type":"Feature","properties":{"highway":"residential","name":"Bree Street","oneway":"yes","surface":"asphalt","lanes":"2","maxspeed":null},"geometry":{"type":"LineString","coordinates":[[18.4188577,-33.9205646],[18.4188203,-33.9205986],[18.4183503,-33.9210299],[18.4182997,-33.9210764]]}},{"type":"Feature","properties":{"highway":"footway","name":null,"oneway":null,"surface":"asphalt","lanes":null,"maxspeed":null},"geometry":{"type":"LineString","coordinates":[[18.4186797,-33.9205003],[18.418735,-33.9205403],[18.4188203,-33.9205986],[18.4188664,-33.9206316]]}},{"type":"Feature","properties":{"highway":"footway","name":null,"oneway":null,"surface":"asphalt","lanes":null,"maxspeed":null},"geometry":{"type":"LineString","coordinates":[[18.4187682,-33.9204266],[18.4188169,-33.9204624],[18.4189012,-33.9205245],[18.4189462,-33.9205576]]}},{"type":"Feature","properties":{"highway":"residential","name":"Bree Street","oneway":"yes","surface":"asphalt","lanes":"1","maxspeed":null},"geometry":{"type":"LineString","coordinates":[[18.4194028,-33.9200643],[18.4190909,-33.9203503]]}},{"type":"Feature","properties":{"highway":"footway","name":null,"oneway":null,"surface":"paving_stones","lanes":null,"maxspeed":null},"geometry":{"type":"LineString","coordinates":[[18.4198671,-33.9197265],[18.4198916,-33.919744]]}},{"type":"Feature","properties":{"highway":"footway","name":null,"oneway":null,"surface":"paving_stones","lanes":null,"maxspeed":null},"geometry":{"type":"LineString","coordinates":[[18.4198916,-33.919744],[18.419911,-33.9197263]]}},{"type":"Feature","properties":{"highway":"footway","name":null,"oneway":null,"surface":"asphalt","lanes":null,"maxspeed":null},"geometry":{"type":"LineString","coordinates":[[18.4198869,-33.9193555],[18.4203314,-33.9189458]]}},{"type":"Feature","properties":{"highway":"footway","name":null,"oneway":null,"surface":"paving_stones","lanes":null,"maxspeed":null},"geometry":{"type":"LineString","coordinates":[[18.4197935,-33.9193477],[18.4198506,-33.9193889]]}},{"type":"Feature","properties":{"highway":"footway","name":null,"oneway":null,"surface":"paving_stones","lanes":null,"maxspeed":null},"geometry":{"type":"LineString","coordinates":[[18.4198506,-33.9193889],[18.4198157,-33.9194207]]}},{"type":"Feature","properties":{"highway":"footway","name":null,"oneway":null,"surface":"paving_stones","lanes":null,"maxspeed":null},"geometry":{"type":"LineString","coordinates":[[18.4198845,-33.9194145],[18.4198506,-33.9193889]]}},{"type":"Feature","properties":{"highway":"footway","name":null,"oneway":null,"surface":"paving_stones","lanes":null,"maxspeed":null},"geometry":{"type":"LineString","coordinates":[[18.4200859,-33.9195666],[18.4200497,-33.9195393]]}},{"type":"Feature","properties":{"highway":"residential","name":"Bree Street","oneway":"yes","surface":"asphalt","lanes":"2","maxspeed":"60"},"geometry":{"type":"LineString","coordinates":[[18.4199442,-33.9195686],[18.4198521,-33.9196529]]}},{"type":"Feature","properties":{"highway":"residential","name":"Bree Street","oneway":"yes","surface":"asphalt","lanes":"1","maxspeed":"60"},"geometry":{"type":"LineString","coordinates":[[18.4201786,-33.9192088],[18.4202991,-33.919101]]}},{"type":"Feature","properties":{"highway":"residential","name":"Bree Street","oneway":"yes","surface":"asphalt","lanes":"2","maxspeed":"60"},"geometry":{"type":"LineString","coordinates":[[18.4202991,-33.919101],[18.420438,-33.9189768],[18.4204721,-33.9189456]]}},{"type":"Feature","properties":{"highway":"residential","name":"Waterkant Street","oneway":"yes","surface":"asphalt","lanes":null,"maxspeed":"60"},"geometry":{"type":"LineString","coordinates":[[18.4204721,-33.9189456],[18.4204352,-33.9189155]]}},{"type":"Feature","properties":{"highway":"residential","name":"Bree Street","oneway":"yes","surface":"asphalt","lanes":"2","maxspeed":"60"},"geometry":{"type":"LineString","coordinates":[[18.4169879,-33.9221373],[18.4172942,-33.9218606]]}},{"type":"Feature","properties":{"highway":"residential","name":"Bree Street","oneway":"yes","surface":"asphalt","lanes":"2","maxspeed":"60"},"geometry":{"type":"LineString","coordinates":[[18.4172942,-33.9218606],[18.4174455,-33.9217283]]}},{"type":"Feature","properties":{"highway":"residential","name":"Bree Street","oneway":"yes","surface":"asphalt","lanes":"2","maxspeed":"60"},"geometry":{"type":"LineString","coordinates":[[18.4174455,-33.9217283],[18.4177659,-33.9214387]]}},{"type":"Feature","properties":{"highway":"residential","name":"Bree Street","oneway":"yes","surface":"asphalt","lanes":"2","maxspeed":"60"},"geometry":{"type":"LineString","coordinates":[[18.4173791,-33.9219237],[18.4173482,-33.9219533],[18.4170058,-33.9222696]]}},{"type":"Feature","properties":{"highway":"residential","name":"Bree Street","oneway":"yes","surface":"asphalt","lanes":"2","maxspeed":"60"},"geometry":{"type":"LineString","coordinates":[[18.4180632,-33.9213046],[18.4178755,-33.921484]]}},{"type":"Feature","properties":{"highway":"residential","name":"Bree Street","oneway":"yes","surface":"asphalt","lanes":"2","maxspeed":"60"},"geometry":{"type":"LineString","coordinates":[[18.4178755,-33.921484],[18.4173791,-33.9219237]]}},{"type":"Feature","properties":{"highway":"footway","name":null,"oneway":null,"surface":null,"lanes":null,"maxspeed":null},"geometry":{"type":"LineString","coordinates":[[18.4168444,-33.922501],[18.4168672,-33.9224801],[18.4168462,-33.9224644]]}},{"type":"Feature","properties":{"highway":"footway","name":null,"oneway":null,"surface":"asphalt","lanes":null,"maxspeed":null},"geometry":{"type":"LineString","coordinates":[[18.4166898,-33.9226431],[18.4167392,-33.9225977],[18.4168227,-33.9225209],[18.4168444,-33.922501]]}},{"type":"Feature","properties":{"highway":"footway","name":null,"oneway":null,"surface":null,"lanes":null,"maxspeed":null},"geometry":{"type":"LineString","coordinates":[[18.4166481,-33.9226454],[18.4166697,-33.9226616],[18.4166898,-33.9226431]]}},{"type":"Feature","properties":{"highway":"footway","name":null,"oneway":null,"surface":"asphalt","lanes":null,"maxspeed":null},"geometry":{"type":"LineString","coordinates":[[18.4165033,-33.922537],[18.4165271,-33.9225547],[18.4166304,-33.9226321],[18.4166481,-33.9226454]]}},{"type":"Feature","properties":{"highway":"footway","name":null,"oneway":null,"surface":null,"lanes":null,"maxspeed":null},"geometry":{"type":"LineString","coordinates":[[18.4165052,-33.922501],[18.4164828,-33.9225216],[18.4165033,-33.922537]]}},{"type":"Feature","properties":{"highway":"footway","name":null,"oneway":null,"surface":"asphalt","lanes":null,"maxspeed":null},"geometry":{"type":"LineString","coordinates":[[18.4166634,-33.9223556],[18.4166346,-33.922382],[18.4165515,-33.9224584],[18.4165052,-33.922501]]}},{"type":"Feature","properties":{"highway":"footway","name":null,"oneway":null,"surface":null,"lanes":null,"maxspeed":null},"geometry":{"type":"LineString","coordinates":[[18.416703,-33.922357],[18.4166803,-33.92234],[18.4166634,-33.9223556]]}},{"type":"Feature","properties":{"highway":"footway","name":null,"oneway":null,"surface":"asphalt","lanes":null,"maxspeed":null},"geometry":{"type":"LineString","coordinates":[[18.4285134,-33.930212],[18.4285351,-33.9302222]]}},{"type":"Feature","properties":{"highway":"footway","name":null,"oneway":null,"surface":"asphalt","lanes":null,"maxspeed":null},"geometry":{"type":"LineString","coordinates":[[18.4286523,-33.9300073],[18.4286734,-33.930028],[18.4287208,-33.9300546],[18.4288281,-33.9301082],[18.4288708,-33.9301337]]}},{"type":"Feature","properties":{"highway":"footway","name":null,"oneway":null,"surface":"asphalt","lanes":null,"maxspeed":null},"geometry":{"type":"LineString","coordinates":[[18.4285351,-33.9302222],[18.428575,-33.9302435],[18.4286746,-33.9302988],[18.4287237,-33.930325]]}},{"type":"Feature","properties":{"highway":"secondary","name":"Tennant Street","oneway":"yes","surface":"asphalt","lanes":"2","maxspeed":"60"},"geometry":{"type":"LineString","coordinates":[[18.4282464,-33.9307634],[18.4282896,-33.9306536],[18.428575,-33.9302435],[18.4286541,-33.9301345]]}},{"type":"Feature","properties":{"highway":"secondary","name":"Tennant Street","oneway":"yes","surface":"asphalt","lanes":"2","maxspeed":"60"},"geometry":{"type":"LineString","coordinates":[[18.4287622,-33.9301903],[18.4286746,-33.9302988],[18.4283561,-33.9306944],[18.4282464,-33.9307634]]}},{"type":"Feature","properties":{"highway":"secondary","name":"Tennant Street","oneway":"yes","surface":"asphalt","lanes":"2","maxspeed":"60"},"geometry":{"type":"LineString","coordinates":[[18.4290896,-33.929752],[18.4289267,-33.9299719]]}},{"type":"Feature","properties":{"highway":"secondary","name":"Tennant Street","oneway":"yes","surface":"asphalt","lanes":"3","maxspeed":"60"},"geometry":{"type":"LineString","coordinates":[[18.4289267,-33.9299719],[18.4288722,-33.9300466],[18.4288281,-33.9301082],[18.4287622,-33.9301903]]}},{"type":"Feature","properties":{"highway":"secondary","name":"Roeland Street","oneway":"yes","surface":"asphalt","lanes":"3","maxspeed":"60"},"geometry":{"type":"LineString","coordinates":[[18.4233178,-33.9306353],[18.4230033,-33.9303781],[18.4228135,-33.9302404],[18.4227175,-33.9301656]]}},{"type":"Feature","properties":{"highway":"footway","name":null,"oneway":null,"surface":"asphalt","lanes":null,"maxspeed":null},"geometry":{"type":"LineString","coordinates":[[18.4227607,-33.9302807],[18.4228135,-33.9302404],[18.422907,-33.9301575],[18.4229533,-33.9301183]]}},{"type":"Feature","properties":{"highway":"secondary","name":"Roeland Street","oneway":"yes","surface":"asphalt","lanes":"2","maxspeed":"60"},"geometry":{"type":"LineString","coordinates":[[18.4227175,-33.9301656],[18.4226176,-33.9300892],[18.4222828,-33.9298359]]}},{"type":"Feature","properties":{"highway":"residential","name":"Constitution Street","oneway":null,"surface":"asphalt","lanes":"2","maxspeed":null},"geometry":{"type":"LineString","coordinates":[[18.426646,-33.9306814],[18.4265116,-33.9305499],[18.4264143,-33.9304513],[18.4263659,-33.9304047]]}},{"type":"Feature","properties":{"highway":"residential","name":"Constitution Street","oneway":null,"surface":"asphalt","lanes":"3","maxspeed":"60"},"geometry":{"type":"LineString","coordinates":[[18.4267403,-33.9307786],[18.4268491,-33.9308895]]}},{"type":"Feature","properties":{"highway":"residential","name":"Constitution Street","oneway":null,"surface":"asphalt","lanes":"3","maxspeed":"60"},"geometry":{"type":"LineString","coordinates":[[18.4268491,-33.9308895],[18.4272319,-33.9312809],[18.4273544,-33.9313673]]}},{"type":"Feature","properties":{"highway":"secondary","name":"Roeland Street","oneway":"yes","surface":"asphalt","lanes":"3","maxspeed":"60"},"geometry":{"type":"LineString","coordinates":[[18.4223789,-33.9297637],[18.4227036,-33.930004],[18.4228169,-33.9300879]]}},{"type":"Feature","properties":{"highway":"footway","name":null,"oneway":null,"surface":"asphalt","lanes":null,"maxspeed":null},"geometry":{"type":"LineString","coordinates":[[18.4227474,-33.9299649],[18.4227036,-33.930004],[18.4226176,-33.9300892],[18.4225807,-33.930126]]}},{"type":"Feature","properties":{"highway":"residential","name":"Harrington Street","oneway":"yes","surface":"asphalt","lanes":"2","maxspeed":null},"geometry":{"type":"LineString","coordinates":[[18.4254464,-33.9270167],[18.4251876,-33.9272534],[18.4248959,-33.9275202]]}},{"type":"Feature","properties":{"highway":"footway","name":null,"oneway":null,"surface":null,"lanes":null,"maxspeed":null},"geometry":{"type":"LineString","coordinates":[[18.4238623,-33.9183571],[18.4237619,-33.9182885],[18.4237009,-33.9182488]]}},{"type":"Feature","properties":{"highway":"footway","name":null,"oneway":null,"surface":null,"lanes":null,"maxspeed":null},"geometry":{"type":"LineString","coordinates":[[18.4237009,-33.9182488],[18.423676,-33.9182439],[18.4236028,-33.9181859],[18.423517,-33.9181271],[18.4234292,-33.9180542],[18.4233682,-33.917978],[18.4233078,-33.917895]]}},{"type":"Feature","properties":{"highway":"footway","name":null,"oneway":null,"surface":null,"lanes":null,"maxspeed":null},"geometry":{"type":"LineString","coordinates":[[18.4236028,-33.9181859],[18.4235667,-33.9182196],[18.4235321,-33.9182508],[18.4234684,-33.9183108],[18.4234348,-33.9183424],[18.4233855,-33.9183918]]}},{"type":"Feature","properties":{"highway":"secondary","name":"Hans Strijdom Avenue","oneway":"yes","surface":"asphalt","lanes":"3","maxspeed":"60"},"geometry":{"type":"LineString","coordinates":[[18.4238274,-33.9186181],[18.4236443,-33.9184874],[18.4235546,-33.918423]]}},{"type":"Feature","properties":{"highway":"secondary","name":"Hans Strijdom Avenue","oneway":"yes","surface":"asphalt","lanes":"3","maxspeed":"60"},"geometry":{"type":"LineString","coordinates":[[18.4235546,-33.918423],[18.4234348,-33.9183424],[18.4233424,-33.9182715],[18.42328,-33.9182153],[18.4232218,-33.91815]]}},{"type":"Feature","properties":{"highway":"tertiary","name":"Plein Street","oneway":null,"surface":"asphalt","lanes":"3","maxspeed":"60"},"geometry":{"type":"LineString","coordinates":[[18.4194554,-33.9278399],[18.4195378,-33.9277561],[18.4195424,-33.9277515],[18.4197173,-33.9275756]]}},{"type":"Feature","properties":{"highway":"tertiary","name":"Saint Johns Road","oneway":null,"surface":"asphalt","lanes":"3","maxspeed":"60"},"geometry":{"type":"LineString","coordinates":[[18.4191173,-33.9281585],[18.4193594,-33.9279358],[18.4193886,-33.927909],[18.4194554,-33.9278399]]}},{"type":"Feature","properties":{"highway":"service","name":"Concordia Street","oneway":"yes","surface":"asphalt","lanes":null,"maxspeed":null},"geometry":{"type":"LineString","coordinates":[[18.419681,-33.9279792],[18.4195184,-33.9280109],[18.4194342,-33.9280273],[18.4190989,-33.9283444]]}},{"type":"Feature","properties":{"highway":"tertiary","name":"Lower Plein Street","oneway":"yes","surface":"asphalt","lanes":"2","maxspeed":"60"},"geometry":{"type":"LineString","coordinates":[[18.4244047,-33.9230277],[18.4245117,-33.9229276]]}},{"type":"Feature","properties":{"highway":"residential","name":"Bree Street","oneway":"yes","surface":"asphalt","lanes":null,"maxspeed":null},"geometry":{"type":"LineString","coordinates":[[18.4230107,-33.9169164],[18.4228907,-33.9169605]]}},{"type":"Feature","properties":{"highway":"secondary","name":"Hans Strijdom Avenue","oneway":"yes","surface":"asphalt","lanes":"3","maxspeed":"60"},"geometry":{"type":"LineString","coordinates":[[18.4228907,-33.9169605],[18.4228777,-33.916907],[18.4228582,-33.9168516]]}},{"type":"Feature","properties":{"highway":"primary","name":"Strand Street","oneway":"yes","surface":"asphalt","lanes":"3","maxspeed":"60"},"geometry":{"type":"LineString","coordinates":[[18.4245117,-33.9229276],[18.4246143,-33.9230015]]}},{"type":"Feature","properties":{"highway":"service","name":"Castle Street","oneway":null,"surface":"paving_stones","lanes":null,"maxspeed":null},"geometry":{"type":"LineString","coordinates":[[18.4237548,-33.9233348],[18.4238892,-33.9234181],[18.4239765,-33.9234456]]}},{"type":"Feature","properties":{"highway":"footway","name":null,"oneway":null,"surface":null,"lanes":null,"maxspeed":null},"geometry":{"type":"LineString","coordinates":[[18.4242589,-33.923051],[18.4239291,-33.9233834]]}},{"type":"Feature","properties":{"highway":"footway","name":null,"oneway":null,"surface":"asphalt","lanes":null,"maxspeed":null},"geometry":{"type":"LineString","coordinates":[[18.4239291,-33.9233834],[18.4238892,-33.9234181],[18.4238246,-33.9234752],[18.4238217,-33.9235021]]}},{"type":"Feature","properties":{"highway":"primary","name":"Strand Street","oneway":"yes","surface":"asphalt","lanes":"3","maxspeed":"60"},"geometry":{"type":"LineString","coordinates":[[18.4244047,-33.9230277],[18.4243076,-33.9229582]]}},{"type":"Feature","properties":{"highway":"tertiary","name":"Lower Plein Street","oneway":"yes","surface":"asphalt","lanes":"3","maxspeed":"60"},"geometry":{"type":"LineString","coordinates":[[18.4246143,-33.9230015],[18.4245056,-33.9231005]]}},{"type":"Feature","properties":{"highway":"secondary","name":"Adderley Street","oneway":"yes","surface":"asphalt","lanes":"2","maxspeed":"60"},"geometry":{"type":"LineString","coordinates":[[18.4216211,-33.9234421],[18.4216682,-33.9233966]]}},{"type":"Feature","properties":{"highway":"footway","name":null,"oneway":null,"surface":null,"lanes":null,"maxspeed":null},"geometry":{"type":"LineString","coordinates":[[18.4211431,-33.923811],[18.4211122,-33.9238401],[18.4210637,-33.923886]]}},{"type":"Feature","properties":{"highway":"footway","name":null,"oneway":null,"surface":null,"lanes":null,"maxspeed":null},"geometry":{"type":"LineString","coordinates":[[18.4213528,-33.9239637],[18.4213327,-33.9239492],[18.4212649,-33.9238998],[18.4211913,-33.9238461],[18.4211431,-33.923811]]}},{"type":"Feature","properties":{"highway":"footway","name":null,"oneway":null,"surface":null,"lanes":null,"maxspeed":null},"geometry":{"type":"LineString","coordinates":[[18.4212734,-33.9240387],[18.4213209,-33.9239939],[18.4213528,-33.9239637]]}},{"type":"Feature","properties":{"highway":"footway","name":null,"oneway":null,"surface":"paving_stones","lanes":null,"maxspeed":null},"geometry":{"type":"LineString","coordinates":[[18.4204475,-33.9248431],[18.4205175,-33.9247718],[18.4205914,-33.9246965]]}},{"type":"Feature","properties":{"highway":"footway","name":null,"oneway":null,"surface":"paving_stones","lanes":null,"maxspeed":null},"geometry":{"type":"LineString","coordinates":[[18.4202273,-33.9246945],[18.4202856,-33.9247337],[18.4203677,-33.9247892],[18.4204475,-33.9248431]]}},{"type":"Feature","properties":{"highway":"secondary","name":"Somerset Road","oneway":"yes","surface":"asphalt","lanes":"2","maxspeed":"60"},"geometry":{"type":"LineString","coordinates":[[18.4188796,-33.9166938],[18.4188832,-33.9166186]]}},{"type":"Feature","properties":{"highway":"secondary","name":null,"oneway":"yes","surface":"asphalt","lanes":"3","maxspeed":"60"},"geometry":{"type":"LineString","coordinates":[[18.418926,-33.9167848],[18.418906,-33.9167554],[18.4188883,-33.916723],[18.4188796,-33.9166938]]}},{"type":"Feature","properties":{"highway":"secondary","name":null,"oneway":"yes","surface":"asphalt","lanes":"2","maxspeed":"60"},"geometry":{"type":"LineString","coordinates":[[18.4189557,-33.9166729],[18.4190093,-33.9167296]]}},{"type":"Feature","properties":{"highway":"secondary_link","name":null,"oneway":"yes","surface":"asphalt","lanes":"1","maxspeed":null},"geometry":{"type":"LineString","coordinates":[[18.4191905,-33.9166078],[18.4191597,-33.9166491],[18.4191429,-33.9166947],[18.4191418,-33.9167288],[18.4191416,-33.9167641],[18.4191501,-33.9168029],[18.4191697,-33.9168394],[18.4191953,-33.9168775]]}},{"type":"Feature","properties":{"highway":"footway","name":null,"oneway":null,"surface":"asphalt","lanes":null,"maxspeed":null},"geometry":{"type":"LineString","coordinates":[[18.4190928,-33.9167188],[18.4190867,-33.916707],[18.4190364,-33.9166645],[18.4189906,-33.9166245]]}},{"type":"Feature","properties":{"highway":"secondary","name":"Somerset Road","oneway":"yes","surface":"asphalt","lanes":"2","maxspeed":null},"geometry":{"type":"LineString","coordinates":[[18.4188832,-33.9166186],[18.4189557,-33.9166729]]}},{"type":"Feature","properties":{"highway":"footway","name":null,"oneway":null,"surface":"asphalt","lanes":null,"maxspeed":null},"geometry":{"type":"LineString","coordinates":[[18.4190928,-33.9167188],[18.4191105,-33.9167268],[18.4191418,-33.9167288],[18.4191785,-33.9167311]]}},{"type":"Feature","properties":{"highway":"residential","name":"Chiappini Street","oneway":"yes","surface":"asphalt","lanes":"1","maxspeed":"60"},"geometry":{"type":"LineString","coordinates":[[18.4190093,-33.9167296],[18.418926,-33.9167848]]}},{"type":"Feature","properties":{"highway":"residential","name":"Chiappini Street","oneway":"yes","surface":"asphalt","lanes":"1","maxspeed":"60"},"geometry":{"type":"LineString","coordinates":[[18.4190364,-33.9166645],[18.4190093,-33.9167296]]}},{"type":"Feature","properties":{"highway":"residential","name":"Chiappini Street","oneway":"yes","surface":"asphalt","lanes":"1","maxspeed":"60"},"geometry":{"type":"LineString","coordinates":[[18.4189557,-33.9166729],[18.4190364,-33.9166645]]}},{"type":"Feature","properties":{"highway":"residential","name":"Chiappini Street","oneway":"yes","surface":"asphalt","lanes":"1","maxspeed":"60"},"geometry":{"type":"LineString","coordinates":[[18.4188796,-33.9166938],[18.4189557,-33.9166729]]}},{"type":"Feature","properties":{"highway":"footway","name":null,"oneway":null,"surface":"asphalt","lanes":null,"maxspeed":null},"geometry":{"type":"LineString","coordinates":[[18.4188959,-33.9168786],[18.4188615,-33.9168175],[18.4188337,-33.9167686],[18.4188131,-33.9167252],[18.4187921,-33.9166751]]}},{"type":"Feature","properties":{"highway":"footway","name":null,"oneway":null,"surface":null,"lanes":null,"maxspeed":null},"geometry":{"type":"LineString","coordinates":[[18.4189358,-33.9168928],[18.4188959,-33.9168786]]}},{"type":"Feature","properties":{"highway":"footway","name":null,"oneway":null,"surface":"asphalt","lanes":null,"maxspeed":null},"geometry":{"type":"LineString","coordinates":[[18.4189358,-33.9168928],[18.4189764,-33.9168484],[18.4190483,-33.9167671],[18.4190866,-33.9167241],[18.4190928,-33.9167188]]}},{"type":"Feature","properties":{"highway":"residential","name":"Chiappini Street","oneway":"yes","surface":"asphalt","lanes":"1","maxspeed":"60"},"geometry":{"type":"LineString","coordinates":[[18.418926,-33.9167848],[18.4188615,-33.9168175],[18.4188006,-33.9168484],[18.4187329,-33.9168847],[18.4186404,-33.9169284]]}},{"type":"Feature","properties":{"highway":"residential","name":"Chiappini Street","oneway":"yes","surface":"asphalt","lanes":"2","maxspeed":"60"},"geometry":{"type":"LineString","coordinates":[[18.4186404,-33.9169284],[18.4187197,-33.9168087],[18.4188131,-33.9167252],[18.4188796,-33.9166938]]}},{"type":"Feature","properties":{"highway":"service","name":null,"oneway":null,"surface":"paving_stones","lanes":null,"maxspeed":null},"geometry":{"type":"LineString","coordinates":[[18.4202662,-33.9281296],[18.4203149,-33.9281567]]}},{"type":"Feature","properties":{"highway":"service","name":null,"oneway":null,"surface":"paving_stones","lanes":null,"maxspeed":null},"geometry":{"type":"LineString","coordinates":[[18.4201184,-33.9282882],[18.4202072,-33.9281921],[18.4202662,-33.9281296],[18.4201505,-33.9280522]]}},{"type":"Feature","properties":{"highway":"secondary","name":"Somerset Road","oneway":"yes","surface":"asphalt","lanes":"3","maxspeed":"60"},"geometry":{"type":"LineString","coordinates":[[18.4191953,-33.9168775],[18.4194812,-33.9170909]]}},{"type":"Feature","properties":{"highway":"secondary_link","name":null,"oneway":"yes","surface":"asphalt","lanes":"1","maxspeed":null},"geometry":{"type":"LineString","coordinates":[[18.4300533,-33.9158206],[18.4300218,-33.9158789],[18.4300107,-33.9159118],[18.4299992,-33.9159556],[18.4299939,-33.9159925],[18.4299916,-33.9160343],[18.4299932,-33.9160704],[18.4299991,-33.9161131],[18.4300217,-33.9161898]]}},{"type":"Feature","properties":{"highway":"footway","name":null,"oneway":null,"surface":null,"lanes":null,"maxspeed":null},"geometry":{"type":"LineString","coordinates":[[18.4298397,-33.9159122],[18.4297145,-33.9158249]]}},{"type":"Feature","properties":{"highway":"service","name":"Rua Bartholemew Dias Street","oneway":"yes","surface":"asphalt","lanes":"1","maxspeed":"60"},"geometry":{"type":"LineString","coordinates":[[18.4301913,-33.9184749],[18.4302124,-33.9185234],[18.4302282,-33.9185502],[18.4302359,-33.9185741],[18.430239,-33.9186018],[18.4302337,-33.9186317]]}},{"type":"Feature","properties":{"highway":"service","name":"Rua Bartholemew Dias Street","oneway":null,"surface":"asphalt","lanes":"2","maxspeed":"60"},"geometry":{"type":"LineString","coordinates":[[18.4301913,-33.9184749],[18.4301045,-33.918414],[18.4298309,-33.9182265]]}},{"type":"Feature","properties":{"highway":"tertiary","name":"Strand Street","oneway":"yes","surface":"asphalt","lanes":"3","maxspeed":"60"},"geometry":{"type":"LineString","coordinates":[[18.4186065,-33.918538],[18.4188639,-33.9187305],[18.4189488,-33.9187989]]}},{"type":"Feature","properties":{"highway":"secondary","name":"Buitenkant Street","oneway":"yes","surface":"asphalt","lanes":"2","maxspeed":"60"},"geometry":{"type":"LineString","coordinates":[[18.4216941,-33.9293022],[18.4216185,-33.9293819]]}},{"type":"Feature","properties":{"highway":"secondary","name":"Buitenkant Street","oneway":"yes","surface":"asphalt","lanes":"2","maxspeed":"60"},"geometry":{"type":"LineString","coordinates":[[18.4219618,-33.9290684],[18.4217497,-33.9292555],[18.4216941,-33.9293022]]}},{"type":"Feature","properties":{"highway":"secondary","name":"Buitenkant Street","oneway":"yes","surface":"asphalt","lanes":"1","maxspeed":"60"},"geometry":{"type":"LineString","coordinates":[[18.422499,-33.9285741],[18.4224415,-33.9286562],[18.4219618,-33.9290684]]}},{"type":"Feature","properties":{"highway":"footway","name":null,"oneway":null,"surface":"asphalt","lanes":null,"maxspeed":null},"geometry":{"type":"LineString","coordinates":[[18.4215676,-33.9291819],[18.4215404,-33.9292089],[18.4214781,-33.9292704],[18.4214411,-33.9293049]]}},{"type":"Feature","properties":{"highway":"footway","name":null,"oneway":null,"surface":"asphalt","lanes":null,"maxspeed":null},"geometry":{"type":"LineString","coordinates":[[18.4217822,-33.9292807],[18.4217497,-33.9292555],[18.421688,-33.9292088],[18.4216634,-33.9291907]]}},{"type":"Feature","properties":{"highway":"footway","name":null,"oneway":null,"surface":"asphalt","lanes":null,"maxspeed":null},"geometry":{"type":"LineString","coordinates":[[18.4216714,-33.9294741],[18.4217031,-33.9294422],[18.4217764,-33.929361],[18.4218014,-33.9293333]]}},{"type":"Feature","properties":{"highway":"primary","name":"Buiten Crescent","oneway":null,"surface":"asphalt","lanes":"2","maxspeed":"60"},"geometry":{"type":"LineString","coordinates":[[18.412207,-33.9260032],[18.4125528,-33.9262607],[18.412934,-33.9265642]]}},{"type":"Feature","properties":{"highway":"footway","name":null,"oneway":null,"surface":"asphalt","lanes":null,"maxspeed":null},"geometry":{"type":"LineString","coordinates":[[18.4118722,-33.9258875],[18.4118328,-33.9258608],[18.411735,-33.9257945],[18.4117039,-33.9257735]]}},{"type":"Feature","properties":{"highway":"footway","name":null,"oneway":null,"surface":"asphalt","lanes":null,"maxspeed":null},"geometry":{"type":"LineString","coordinates":[[18.4120298,-33.9257409],[18.4119905,-33.9257147],[18.4118978,-33.9256484],[18.4118615,-33.9256221]]}},{"type":"Feature","properties":{"highway":"primary","name":"Buiten Crescent","oneway":null,"surface":"asphalt","lanes":"3","maxspeed":"60"},"geometry":{"type":"LineString","coordinates":[[18.4118242,-33.9257153],[18.4119163,-33.9257831]]}},{"type":"Feature","properties":{"highway":"primary","name":"Buitengracht Street","oneway":"yes","surface":"asphalt","lanes":"2","maxspeed":"60"},"geometry":{"type":"LineString","coordinates":[[18.412203,-33.9254963],[18.4119905,-33.9257147],[18.4119163,-33.9257831]]}},{"type":"Feature","properties":{"highway":"primary","name":"Buitengracht Street","oneway":"yes","surface":"asphalt","lanes":"2","maxspeed":"60"},"geometry":{"type":"LineString","coordinates":[[18.4119163,-33.9257831],[18.4118328,-33.9258608],[18.411219,-33.9264374],[18.4111712,-33.9264874],[18.4111238,-33.9265467],[18.4110531,-33.9266434],[18.4109516,-33.9268059],[18.410749,-33.9271602]]}},{"type":"Feature","properties":{"highway":"residential","name":"Roaland Terrace","oneway":null,"surface":"asphalt","lanes":"1","maxspeed":null},"geometry":{"type":"LineString","coordinates":[[18.4219223,-33.9295937],[18.4218849,-33.9296438],[18.4216653,-33.9299379]]}},{"type":"Feature","properties":{"highway":"residential","name":null,"oneway":null,"surface":"asphalt","lanes":"2","maxspeed":null},"geometry":{"type":"LineString","coordinates":[[18.4227175,-33.9301656],[18.4228169,-33.9300879]]}},{"type":"Feature","properties":{"highway":"secondary","name":"Buitenkant Street","oneway":"yes","surface":"asphalt","lanes":"2","maxspeed":"60"},"geometry":{"type":"LineString","coordinates":[[18.4215518,-33.9293336],[18.4216291,-33.9292572]]}},{"type":"Feature","properties":{"highway":"secondary","name":"Roeland Street","oneway":"yes","surface":"asphalt","lanes":"2","maxspeed":"60"},"geometry":{"type":"LineString","coordinates":[[18.4216941,-33.9293022],[18.4217764,-33.929361],[18.4223789,-33.9297637]]}},{"type":"Feature","properties":{"highway":"secondary","name":"Roeland Street","oneway":"yes","surface":"asphalt","lanes":"2","maxspeed":"60"},"geometry":{"type":"LineString","coordinates":[[18.4216291,-33.9292572],[18.4216941,-33.9293022]]}},{"type":"Feature","properties":{"highway":"tertiary","name":"Roeland Street","oneway":"yes","surface":"asphalt","lanes":"2","maxspeed":"60"},"geometry":{"type":"LineString","coordinates":[[18.4215518,-33.9293336],[18.4214781,-33.9292704],[18.4214388,-33.9291907]]}},{"type":"Feature","properties":{"highway":"secondary","name":"Roeland Street","oneway":"yes","surface":"asphalt","lanes":"2","maxspeed":"60"},"geometry":{"type":"LineString","coordinates":[[18.4216185,-33.9293819],[18.4215518,-33.9293336]]}},{"type":"Feature","properties":{"highway":"primary","name":"Buitengracht Street","oneway":"yes","surface":"asphalt","lanes":"4","maxspeed":"60"},"geometry":{"type":"LineString","coordinates":[[18.4209893,-33.9171327],[18.4207802,-33.9173147]]}},{"type":"Feature","properties":{"highway":"service","name":"Stal Street","oneway":null,"surface":"asphalt","lanes":null,"maxspeed":null},"geometry":{"type":"LineString","coordinates":[[18.4198044,-33.9273598],[18.4198084,-33.9273625],[18.4198848,-33.9274126]]}},{"type":"Feature","properties":{"highway":"tertiary","name":"Saint Johns Road","oneway":null,"surface":"asphalt","lanes":"2","maxspeed":"60"},"geometry":{"type":"LineString","coordinates":[[18.4189955,-33.9282661],[18.4191173,-33.9281585]]}},{"type":"Feature","properties":{"highway":"primary","name":"Buitengracht Street","oneway":"yes","surface":"asphalt","lanes":"3","maxspeed":"60"},"geometry":{"type":"LineString","coordinates":[[18.4190728,-33.9188883],[18.41899,-33.9189887]]}},{"type":"Feature","properties":{"highway":"service","name":null,"oneway":"yes","surface":"paving_stones","lanes":null,"maxspeed":null},"geometry":{"type":"LineString","coordinates":[[18.4218254,-33.9255435],[18.4218683,-33.9255741],[18.421875,-33.9255889],[18.4218783,-33.9256059],[18.4218766,-33.9256225],[18.4218766,-33.9256386],[18.4218875,-33.9256556],[18.4223845,-33.9260046]]}},{"type":"Feature","properties":{"highway":"residential","name":"Bureau Street","oneway":"yes","surface":"asphalt","lanes":null,"maxspeed":null},"geometry":{"type":"LineString","coordinates":[[18.4210344,-33.9252132],[18.4210261,-33.9251566]]}},{"type":"Feature","properties":{"highway":"residential","name":"Bureau Street","oneway":"yes","surface":"asphalt","lanes":null,"maxspeed":"60"},"geometry":{"type":"LineString","coordinates":[[18.4210261,-33.9251566],[18.421086,-33.9251684]]}},{"type":"Feature","properties":{"highway":"footway","name":null,"oneway":null,"surface":"asphalt","lanes":null,"maxspeed":null},"geometry":{"type":"LineString","coordinates":[[18.4216442,-33.9256182],[18.4215712,-33.92569]]}},{"type":"Feature","properties":{"highway":"footway","name":null,"oneway":null,"surface":"asphalt","lanes":null,"maxspeed":null},"geometry":{"type":"LineString","coordinates":[[18.4216948,-33.9257796],[18.4217706,-33.9257089]]}},{"type":"Feature","properties":{"highway":"tertiary","name":"Plein Street","oneway":null,"surface":"asphalt","lanes":"2","maxspeed":"60"},"geometry":{"type":"LineString","coordinates":[[18.4217051,-33.9256608],[18.4217453,-33.9256216],[18.4218254,-33.9255435],[18.4224651,-33.9249198],[18.4225132,-33.9248728],[18.4225524,-33.9248346],[18.4229185,-33.9244769],[18.4229958,-33.9244025]]}},{"type":"Feature","properties":{"highway":"tertiary","name":"Plein Street","oneway":null,"surface":"asphalt","lanes":"2","maxspeed":"60"},"geometry":{"type":"LineString","coordinates":[[18.4216315,-33.9257326],[18.4217051,-33.9256608]]}},{"type":"Feature","properties":{"highway":"footway","name":null,"oneway":null,"surface":"asphalt","lanes":null,"maxspeed":null},"geometry":{"type":"LineString","coordinates":[[18.4189724,-33.9186883],[18.4190267,-33.9187279],[18.4191403,-33.9188126],[18.4192084,-33.9188621]]}},{"type":"Feature","properties":{"highway":"primary","name":"Buitengracht Street","oneway":"yes","surface":"asphalt","lanes":"4","maxspeed":"60"},"geometry":{"type":"LineString","coordinates":[[18.4194237,-33.9185575],[18.4191403,-33.9188126],[18.4190728,-33.9188883]]}},{"type":"Feature","properties":{"highway":"primary","name":"Buitengracht Street","oneway":"yes","surface":"asphalt","lanes":"4","maxspeed":"60"},"geometry":{"type":"LineString","coordinates":[[18.4196072,-33.9183993],[18.4194237,-33.9185575]]}},{"type":"Feature","properties":{"highway":"pedestrian","name":"Longmarket Street","oneway":null,"surface":"paving_stones","lanes":"1","maxspeed":null},"geometry":{"type":"LineString","coordinates":[[18.4231097,-33.9253057],[18.4231661,-33.9253461],[18.4239571,-33.9259138]]}},{"type":"Feature","properties":{"highway":"footway","name":null,"oneway":null,"surface":"asphalt","lanes":null,"maxspeed":null},"geometry":{"type":"LineString","coordinates":[[18.4247516,-33.9265016],[18.4248092,-33.9265397]]}},{"type":"Feature","properties":{"highway":"residential","name":"Caledon Street","oneway":"yes","surface":"asphalt","lanes":"1","maxspeed":"60"},"geometry":{"type":"LineString","coordinates":[[18.4225317,-33.9258715],[18.4225708,-33.925867],[18.4226102,-33.9258686],[18.4226486,-33.9258762],[18.4226853,-33.9258894]]}},{"type":"Feature","properties":{"highway":"residential","name":"Caledon Street","oneway":"yes","surface":"asphalt","lanes":"1","maxspeed":"60"},"geometry":{"type":"LineString","coordinates":[[18.4226868,-33.9257201],[18.4226684,-33.9257612],[18.4226619,-33.9258046],[18.4226676,-33.9258482],[18.4226853,-33.9258894]]}},{"type":"Feature","properties":{"highway":"residential","name":"Mount Street","oneway":"yes","surface":"asphalt","lanes":"1","maxspeed":"60"},"geometry":{"type":"LineString","coordinates":[[18.4256371,-33.9295957],[18.4265528,-33.9287208]]}},{"type":"Feature","properties":{"highway":"service","name":null,"oneway":null,"surface":"asphalt","lanes":null,"maxspeed":null},"geometry":{"type":"LineString","coordinates":[[18.4253352,-33.9278401],[18.4252562,-33.9279138]]}},{"type":"Feature","properties":{"highway":"secondary","name":"Buitenkant Street","oneway":"yes","surface":"asphalt","lanes":"1","maxspeed":"60"},"geometry":{"type":"LineString","coordinates":[[18.4242375,-33.9270472],[18.4241924,-33.927087],[18.4241128,-33.927158],[18.424022,-33.927214]]}},{"type":"Feature","properties":{"highway":"secondary","name":"Buitenkant Street","oneway":"yes","surface":"asphalt","lanes":"2","maxspeed":"60"},"geometry":{"type":"LineString","coordinates":[[18.4241909,-33.9270107],[18.4242456,-33.9269579],[18.4243634,-33.9268516]]}},{"type":"Feature","properties":{"highway":"residential","name":"Corporation Street","oneway":null,"surface":"asphalt","lanes":"2","maxspeed":"60"},"geometry":{"type":"LineString","coordinates":[[18.4226868,-33.9257201],[18.4231097,-33.9253057]]}},{"type":"Feature","properties":{"highway":"primary","name":"Strand Street","oneway":"yes","surface":"asphalt","lanes":"3","maxspeed":"60"},"geometry":{"type":"LineString","coordinates":[[18.4190728,-33.9188883],[18.4191734,-33.9189692]]}},{"type":"Feature","properties":{"highway":"primary","name":"Buitengracht Street","oneway":"yes","surface":"asphalt","lanes":"2","maxspeed":"60"},"geometry":{"type":"LineString","coordinates":[[18.41899,-33.9189887],[18.4189135,-33.9190855],[18.4188135,-33.9192448]]}},{"type":"Feature","properties":{"highway":"tertiary","name":"Strand Street","oneway":"yes","surface":"asphalt","lanes":"2","maxspeed":null},"geometry":{"type":"LineString","coordinates":[[18.4188602,-33.9188808],[18.4187629,-33.9188146],[18.4184326,-33.9185505]]}},{"type":"Feature","properties":{"highway":"service","name":"Metal Lane","oneway":null,"surface":"asphalt","lanes":null,"maxspeed":null},"geometry":{"type":"LineString","coordinates":[[18.4132129,-33.9275328],[18.4129847,-33.9273661]]}},{"type":"Feature","properties":{"highway":"primary","name":"Strand Street","oneway":"yes","surface":"asphalt","lanes":"3","maxspeed":"60"},"geometry":{"type":"LineString","coordinates":[[18.4200675,-33.9198136],[18.4199288,-33.9197101],[18.4198521,-33.9196529]]}},{"type":"Feature","properties":{"highway":"primary","name":"Strand Street","oneway":"yes","surface":"asphalt","lanes":"3","maxspeed":"60"},"geometry":{"type":"LineString","coordinates":[[18.4198521,-33.9196529],[18.4197606,-33.9195826]]}},{"type":"Feature","properties":{"highway":"primary","name":"Strand Street","oneway":"yes","surface":"asphalt","lanes":"3","maxspeed":"60"},"geometry":{"type":"LineString","coordinates":[[18.4204215,-33.9199194],[18.4205423,-33.9200082],[18.4206063,-33.9200552]]}},{"type":"Feature","properties":{"highway":"primary","name":"Strand Street","oneway":"yes","surface":"asphalt","lanes":"3","maxspeed":"60"},"geometry":{"type":"LineString","coordinates":[[18.419852,-33.9195008],[18.4199442,-33.9195686]]}},{"type":"Feature","properties":{"highway":"primary","name":"Strand Street","oneway":"yes","surface":"asphalt","lanes":"3","maxspeed":"60"},"geometry":{"type":"LineString","coordinates":[[18.4191734,-33.9189692],[18.4196549,-33.9193463]]}},{"type":"Feature","properties":{"highway":"primary","name":"Orange Street","oneway":"yes","surface":"asphalt","lanes":"3","maxspeed":"60"},"geometry":{"type":"LineString","coordinates":[[18.4129389,-33.9303762],[18.4133377,-33.9310051],[18.4134304,-33.931148]]}},{"type":"Feature","properties":{"highway":"primary","name":"Orange Street","oneway":null,"surface":"asphalt","lanes":"4","maxspeed":"60"},"geometry":{"type":"LineString","coordinates":[[18.4131224,-33.9292453],[18.4129359,-33.9296184],[18.4128863,-33.9297195]]}},{"type":"Feature","properties":{"highway":"footway","name":null,"oneway":null,"surface":"asphalt","lanes":null,"maxspeed":null},"geometry":{"type":"LineString","coordinates":[[18.4187155,-33.9188542],[18.4187629,-33.9188146],[18.4188639,-33.9187305],[18.4189135,-33.9186892]]}},{"type":"Feature","properties":{"highway":"footway","name":null,"oneway":null,"surface":"asphalt","lanes":null,"maxspeed":null},"geometry":{"type":"LineString","coordinates":[[18.4190017,-33.9191503],[18.4189135,-33.9190855],[18.4188469,-33.9190378],[18.4187812,-33.9189684],[18.4187246,-33.9189149]]}},{"type":"Feature","properties":{"highway":"primary","name":"Strand Street","oneway":"yes","surface":"asphalt","lanes":"3","maxspeed":"60"},"geometry":{"type":"LineString","coordinates":[[18.420744,-33.9203099],[18.4205714,-33.9201871],[18.4205095,-33.9201436]]}},{"type":"Feature","properties":{"highway":"footway","name":null,"oneway":null,"surface":null,"lanes":null,"maxspeed":null},"geometry":{"type":"LineString","coordinates":[[18.4161939,-33.9218847],[18.4161216,-33.9218419],[18.4160238,-33.9217836],[18.41599,-33.9217634],[18.4159331,-33.9217317]]}},{"type":"Feature","properties":{"highway":"footway","name":null,"oneway":null,"surface":"asphalt","lanes":null,"maxspeed":null},"geometry":{"type":"LineString","coordinates":[[18.4159841,-33.9221084],[18.4160256,-33.9220683],[18.416115,-33.921986],[18.4161524,-33.9219576]]}},{"type":"Feature","properties":{"highway":"footway","name":null,"oneway":null,"surface":null,"lanes":null,"maxspeed":null},"geometry":{"type":"LineString","coordinates":[[18.4156843,-33.9218858],[18.4157085,-33.9219086],[18.4157514,-33.9219887],[18.4157792,-33.9220096],[18.4158679,-33.9220785],[18.4159157,-33.9221123]]}},{"type":"Feature","properties":{"highway":"primary","name":"Buitengracht Street","oneway":"yes","surface":"asphalt","lanes":"3","maxspeed":"60"},"geometry":{"type":"LineString","coordinates":[[18.4158504,-33.921937],[18.4159253,-33.9218514]]}},{"type":"Feature","properties":{"highway":"residential","name":"Wale Street","oneway":"yes","surface":"asphalt","lanes":"1","maxspeed":"60"},"geometry":{"type":"LineString","coordinates":[[18.4158504,-33.921937],[18.415798,-33.921846]]}},{"type":"Feature","properties":{"highway":"secondary","name":"Wale Street","oneway":"yes","surface":"asphalt","lanes":"2","maxspeed":"60"},"geometry":{"type":"LineString","coordinates":[[18.4159253,-33.9218514],[18.4160331,-33.9219235]]}},{"type":"Feature","properties":{"highway":"primary","name":"Buitengracht Street","oneway":"yes","surface":"asphalt","lanes":"3","maxspeed":"60"},"geometry":{"type":"LineString","coordinates":[[18.4153008,-33.9224734],[18.4157792,-33.9220096],[18.4158504,-33.921937]]}},{"type":"Feature","properties":{"highway":"primary","name":"Buitengracht Street","oneway":"yes","surface":"asphalt","lanes":"4","maxspeed":"60"},"geometry":{"type":"LineString","coordinates":[[18.4163592,-33.9216296],[18.4161216,-33.9218419],[18.4160331,-33.9219235]]}},{"type":"Feature","properties":{"highway":"primary","name":"Buitengracht Street","oneway":"yes","surface":"asphalt","lanes":"2","maxspeed":"60"},"geometry":{"type":"LineString","coordinates":[[18.4188135,-33.9192448],[18.4186292,-33.9195053],[18.418436,-33.9197124],[18.4181233,-33.9200061],[18.4175434,-33.9205365],[18.4171351,-33.9209083],[18.4166389,-33.9213737],[18.4164164,-33.9215773],[18.4163592,-33.9216296]]}},{"type":"Feature","properties":{"highway":"footway","name":null,"oneway":null,"surface":"paving_stones","lanes":null,"maxspeed":null},"geometry":{"type":"LineString","coordinates":[[18.4294729,-33.9289111],[18.4294907,-33.9289211]]}},{"type":"Feature","properties":{"highway":"footway","name":null,"oneway":null,"surface":"paving_stones","lanes":null,"maxspeed":null},"geometry":{"type":"LineString","coordinates":[[18.4295118,-33.9293171],[18.4295318,-33.9293279],[18.4295606,-33.9293424],[18.42957,-33.9293299],[18.4295857,-33.9293091]]}},{"type":"Feature","properties":{"highway":"footway","name":null,"oneway":null,"surface":"asphalt","lanes":null,"maxspeed":null},"geometry":{"type":"LineString","coordinates":[[18.4295857,-33.9293091],[18.4296233,-33.929259],[18.4296933,-33.9291659],[18.429715,-33.929137]]}},{"type":"Feature","properties":{"highway":"footway","name":null,"oneway":null,"surface":"paving_stones","lanes":null,"maxspeed":null},"geometry":{"type":"LineString","coordinates":[[18.4296976,-33.9290302],[18.429723,-33.9290425],[18.429725,-33.9290649],[18.4297297,-33.9291175],[18.429715,-33.929137]]}},{"type":"Feature","properties":{"highway":"secondary","name":"Sir Lowry Road","oneway":"yes","surface":"asphalt","lanes":"2","maxspeed":"60"},"geometry":{"type":"LineString","coordinates":[[18.4302451,-33.9272811],[18.430095,-33.9272708],[18.4299049,-33.9272615],[18.4291667,-33.9272196]]}},{"type":"Feature","properties":{"highway":"service","name":null,"oneway":"no","surface":"asphalt","lanes":"2","maxspeed":null},"geometry":{"type":"LineString","coordinates":[[18.4289555,-33.9224202],[18.4288881,-33.922372]]}},{"type":"Feature","properties":{"highway":"service","name":null,"oneway":"no","surface":"asphalt","lanes":"2","maxspeed":null},"geometry":{"type":"LineString","coordinates":[[18.4288881,-33.922372],[18.4288327,-33.9223344]]}},{"type":"Feature","properties":{"highway":"service","name":null,"oneway":"no","surface":"asphalt","lanes":"2","maxspeed":null},"geometry":{"type":"LineString","coordinates":[[18.4304772,-33.9235088],[18.4304355,-33.923479]]}},{"type":"Feature","properties":{"highway":"service","name":null,"oneway":"no","surface":"asphalt","lanes":"2","maxspeed":null},"geometry":{"type":"LineString","coordinates":[[18.4305661,-33.9235724],[18.4304772,-33.9235088]]}},{"type":"Feature","properties":{"highway":"primary","name":"Buitengracht Street","oneway":"yes","surface":"asphalt","lanes":"2","maxspeed":"60"},"geometry":{"type":"LineString","coordinates":[[18.4159253,-33.9218514],[18.41599,-33.9217634],[18.4162033,-33.9215141]]}},{"type":"Feature","properties":{"highway":"primary","name":"Buitengracht Street","oneway":"yes","surface":"asphalt","lanes":"3","maxspeed":"60"},"geometry":{"type":"LineString","coordinates":[[18.4160331,-33.9219235],[18.4159431,-33.9220071]]}},{"type":"Feature","properties":{"highway":"residential","name":"Bureau Street","oneway":null,"surface":"asphalt","lanes":"3","maxspeed":"60"},"geometry":{"type":"LineString","coordinates":[[18.4203614,-33.9246612],[18.4204436,-33.9247199]]}},{"type":"Feature","properties":{"highway":"residential","name":"Van de Leur Street","oneway":null,"surface":"asphalt","lanes":"2","maxspeed":null},"geometry":{"type":"LineString","coordinates":[[18.4289952,-33.9273639],[18.4289836,-33.9274155]]}},{"type":"Feature","properties":{"highway":"primary","name":"Buitengracht Street","oneway":"yes","surface":"asphalt","lanes":"4","maxspeed":"60"},"geometry":{"type":"LineString","coordinates":[[18.4188602,-33.9188808],[18.4189488,-33.9187989]]}},{"type":"Feature","properties":{"highway":"primary","name":"Buitengracht Street","oneway":"yes","surface":"asphalt","lanes":"4","maxspeed":"60"},"geometry":{"type":"LineString","coordinates":[[18.418442,-33.9193521],[18.4187812,-33.9189684],[18.4188602,-33.9188808]]}},{"type":"Feature","properties":{"highway":"service","name":null,"oneway":"yes","surface":"asphalt","lanes":null,"maxspeed":null},"geometry":{"type":"LineString","coordinates":[[18.4191998,-33.9181542],[18.4193098,-33.9182386],[18.418891,-33.9186149],[18.4187809,-33.9185305]]}},{"type":"Feature","properties":{"highway":"service","name":null,"oneway":null,"surface":"asphalt","lanes":null,"maxspeed":null},"geometry":{"type":"LineString","coordinates":[[18.4191998,-33.9181542],[18.4191295,-33.9181003]]}},{"type":"Feature","properties":{"highway":"primary","name":"Buitengracht Street","oneway":"yes","surface":"asphalt","lanes":"3","maxspeed":"60"},"geometry":{"type":"LineString","coordinates":[[18.4189488,-33.9187989],[18.4190267,-33.9187279],[18.4193103,-33.9184607]]}},{"type":"Feature","properties":{"highway":"footway","name":null,"oneway":null,"surface":null,"lanes":null,"maxspeed":null},"geometry":{"type":"LineString","coordinates":[[18.4217748,-33.9236036],[18.4218101,-33.9235795],[18.4218582,-33.9235332],[18.4219129,-33.9234796]]}},{"type":"Feature","properties":{"highway":"residential","name":"Wharf Street","oneway":"yes","surface":"asphalt","lanes":"1","maxspeed":"60"},"geometry":{"type":"LineString","coordinates":[[18.425714,-33.9170579],[18.4258529,-33.9171598]]}},{"type":"Feature","properties":{"highway":"service","name":"New Church Street","oneway":null,"surface":"asphalt","lanes":"2","maxspeed":null},"geometry":{"type":"LineString","coordinates":[[18.412207,-33.9260032],[18.4121493,-33.9260581],[18.4118503,-33.9263419]]}},{"type":"Feature","properties":{"highway":"service","name":null,"oneway":null,"surface":"asphalt","lanes":null,"maxspeed":null},"geometry":{"type":"LineString","coordinates":[[18.4118503,-33.9263419],[18.4118067,-33.9263051]]}},{"type":"Feature","properties":{"highway":"residential","name":"Pepper Street","oneway":"yes","surface":"asphalt","lanes":"1","maxspeed":"60"},"geometry":{"type":"LineString","coordinates":[[18.4162809,-33.9250734],[18.4156414,-33.9245858],[18.4149949,-33.9241029],[18.4149107,-33.9240399],[18.4146048,-33.923804],[18.4142784,-33.9235609]]}},{"type":"Feature","properties":{"highway":"service","name":null,"oneway":null,"surface":"asphalt","lanes":null,"maxspeed":null},"geometry":{"type":"LineString","coordinates":[[18.4141794,-33.9259187],[18.4141069,-33.9258634],[18.413599,-33.9254758],[18.4134962,-33.9253973]]}},{"type":"Feature","properties":{"highway":"footway","name":null,"oneway":null,"surface":null,"lanes":null,"maxspeed":null},"geometry":{"type":"LineString","coordinates":[[18.417386,-33.9228646],[18.417344,-33.9229043],[18.4172598,-33.9229838],[18.4171948,-33.9230451]]}},{"type":"Feature","properties":{"highway":"footway","name":null,"oneway":null,"surface":null,"lanes":null,"maxspeed":null},"geometry":{"type":"LineString","coordinates":[[18.4175224,-33.9229641],[18.4174645,-33.9229218],[18.4174111,-33.9228821]]}},{"type":"Feature","properties":{"highway":"footway","name":null,"oneway":null,"surface":null,"lanes":null,"maxspeed":null},"geometry":{"type":"LineString","coordinates":[[18.4171948,-33.9230451],[18.4172694,-33.9230996],[18.4173312,-33.9231446]]}},{"type":"Feature","properties":{"highway":"residential","name":"Orphan Lane","oneway":null,"surface":"asphalt","lanes":"1","maxspeed":null},"geometry":{"type":"LineString","coordinates":[[18.4142891,-33.9260159],[18.4147853,-33.9263839],[18.4148148,-33.9264065]]}},{"type":"Feature","properties":{"highway":"pedestrian","name":"Shortmarket Street","oneway":"yes","surface":"sett","lanes":null,"maxspeed":null},"geometry":{"type":"LineString","coordinates":[[18.4202953,-33.9224948],[18.420001,-33.9222805],[18.4197227,-33.9220728],[18.4197029,-33.9220586],[18.4196366,-33.9220116]]}},{"type":"Feature","properties":{"highway":"footway","name":null,"oneway":null,"surface":null,"lanes":null,"maxspeed":null},"geometry":{"type":"LineString","coordinates":[[18.412807,-33.9298211],[18.4128754,-33.9298467]]}},{"type":"Feature","properties":{"highway":"residential","name":"Grey's Pass","oneway":"yes","surface":"asphalt","lanes":"1","maxspeed":"60"},"geometry":{"type":"LineString","coordinates":[[18.4139929,-33.9281019],[18.4142152,-33.928229]]}},{"type":"Feature","properties":{"highway":"residential","name":"Grey's Pass","oneway":"yes","surface":"asphalt","lanes":"1","maxspeed":"60"},"geometry":{"type":"LineString","coordinates":[[18.4137278,-33.9280251],[18.4139929,-33.9281019]]}},{"type":"Feature","properties":{"highway":"residential","name":"Grey's Pass","oneway":"yes","surface":"asphalt","lanes":"1","maxspeed":"60"},"geometry":{"type":"LineString","coordinates":[[18.4139056,-33.9281501],[18.4137949,-33.9281391],[18.413755,-33.9281364],[18.4137209,-33.928135],[18.4136745,-33.9281377]]}},{"type":"Feature","properties":{"highway":"residential","name":"Grey's Pass","oneway":"yes","surface":"asphalt","lanes":"1","maxspeed":"60"},"geometry":{"type":"LineString","coordinates":[[18.4139056,-33.9281501],[18.4137119,-33.92806]]}},{"type":"Feature","properties":{"highway":"residential","name":"Longmarket Street","oneway":"yes","surface":"asphalt","lanes":"1","maxspeed":null},"geometry":{"type":"LineString","coordinates":[[18.4177659,-33.9214387],[18.4178755,-33.921484]]}},{"type":"Feature","properties":{"highway":"residential","name":"Bree Street","oneway":"yes","surface":"asphalt","lanes":"1","maxspeed":"60"},"geometry":{"type":"LineString","coordinates":[[18.4195394,-33.9199391],[18.4194028,-33.9200643]]}},{"type":"Feature","properties":{"highway":"secondary","name":"Hans Strijdom Avenue","oneway":"yes","surface":"asphalt","lanes":"3","maxspeed":"60"},"geometry":{"type":"LineString","coordinates":[[18.4243415,-33.9189848],[18.4238274,-33.9186181]]}},{"type":"Feature","properties":{"highway":"residential","name":"Dixon Street","oneway":null,"surface":"cobblestone","lanes":"2","maxspeed":"60"},"geometry":{"type":"LineString","coordinates":[[18.4170976,-33.9163189],[18.4169128,-33.9163822],[18.4166132,-33.9164876]]}},{"type":"Feature","properties":{"highway":"residential","name":"Dixon Street","oneway":null,"surface":"asphalt","lanes":"2","maxspeed":"60"},"geometry":{"type":"LineString","coordinates":[[18.4166132,-33.9164876],[18.4165652,-33.916516],[18.4164269,-33.9165756],[18.4164032,-33.9165746],[18.4163819,-33.9165685],[18.4163607,-33.916554],[18.4159734,-33.9158853]]}},{"type":"Feature","properties":{"highway":"pedestrian","name":null,"oneway":null,"surface":"paved","lanes":null,"maxspeed":null},"geometry":{"type":"LineString","coordinates":[[18.4278087,-33.9279684],[18.4277439,-33.9280295],[18.4277355,-33.9280376]]}},{"type":"Feature","properties":{"highway":"service","name":null,"oneway":"yes","surface":null,"lanes":null,"maxspeed":null},"geometry":{"type":"LineString","coordinates":[[18.4250602,-33.9236945],[18.4250776,-33.9236798]]}},{"type":"Feature","properties":{"highway":"service","name":null,"oneway":null,"surface":null,"lanes":null,"maxspeed":null},"geometry":{"type":"LineString","coordinates":[[18.4189873,-33.9245636],[18.4190817,-33.9244675]]}},{"type":"Feature","properties":{"highway":"service","name":null,"oneway":null,"surface":null,"lanes":null,"maxspeed":null},"geometry":{"type":"LineString","coordinates":[[18.4188427,-33.9244658],[18.4189873,-33.9245636],[18.4190552,-33.9246096],[18.4188839,-33.924784]]}},{"type":"Feature","properties":{"highway":"service","name":null,"oneway":"yes","surface":"asphalt","lanes":"1","maxspeed":null},"geometry":{"type":"LineString","coordinates":[[18.4341376,-33.91802],[18.4340847,-33.9179815]]}},{"type":"Feature","properties":{"highway":"service","name":null,"oneway":"yes","surface":"asphalt","lanes":"1","maxspeed":null},"geometry":{"type":"LineString","coordinates":[[18.4341054,-33.9180536],[18.4340512,-33.918013]]}},{"type":"Feature","properties":{"highway":"service","name":null,"oneway":null,"surface":"asphalt","lanes":null,"maxspeed":null},"geometry":{"type":"LineString","coordinates":[[18.4224111,-33.9151219],[18.4225261,-33.9150409],[18.4225551,-33.9150174],[18.4228996,-33.9147352]]}},{"type":"Feature","properties":{"highway":"service","name":null,"oneway":"yes","surface":null,"lanes":null,"maxspeed":null},"geometry":{"type":"LineString","coordinates":[[18.4146354,-33.9285638],[18.4144516,-33.9284843]]}},{"type":"Feature","properties":{"highway":"service","name":null,"oneway":"yes","surface":null,"lanes":null,"maxspeed":null},"geometry":{"type":"LineString","coordinates":[[18.4144516,-33.9284843],[18.4143658,-33.9284468]]}},{"type":"Feature","properties":{"highway":"service","name":null,"oneway":"yes","surface":null,"lanes":null,"maxspeed":null},"geometry":{"type":"LineString","coordinates":[[18.4143658,-33.9284468],[18.4143098,-33.9283173],[18.4143345,-33.9282837]]}},{"type":"Feature","properties":{"highway":"service","name":null,"oneway":null,"surface":"asphalt","lanes":null,"maxspeed":null},"geometry":{"type":"LineString","coordinates":[[18.4256018,-33.9298281],[18.4254764,-33.9299168]]}},{"type":"Feature","properties":{"highway":"service","name":null,"oneway":null,"surface":"asphalt","lanes":null,"maxspeed":null},"geometry":{"type":"LineString","coordinates":[[18.4261142,-33.9304231],[18.4261885,-33.9303719],[18.4262431,-33.9303301]]}},{"type":"Feature","properties":{"highway":"service","name":null,"oneway":"yes","surface":"asphalt","lanes":"1","maxspeed":null},"geometry":{"type":"LineString","coordinates":[[18.434093,-33.9191537],[18.4339059,-33.9190846],[18.4337939,-33.9190486]]}},{"type":"Feature","properties":{"highway":"service","name":null,"oneway":"no","surface":"asphalt","lanes":"1","maxspeed":null},"geometry":{"type":"LineString","coordinates":[[18.434093,-33.9191537],[18.4346397,-33.9194629],[18.4346536,-33.9194711],[18.4346756,-33.9194878],[18.4346882,-33.9195062],[18.4346953,-33.9195284],[18.4347051,-33.9195611]]}},{"type":"Feature","properties":{"highway":"service","name":null,"oneway":null,"surface":null,"lanes":null,"maxspeed":null},"geometry":{"type":"LineString","coordinates":[[18.4332206,-33.9187031],[18.4331436,-33.9187866]]}},{"type":"Feature","properties":{"highway":"steps","name":null,"oneway":null,"surface":null,"lanes":null,"maxspeed":null},"geometry":{"type":"LineString","coordinates":[[18.4128896,-33.9196882],[18.4128686,-33.9196725]]}},{"type":"Feature","properties":{"highway":"footway","name":null,"oneway":null,"surface":null,"lanes":null,"maxspeed":null},"geometry":{"type":"LineString","coordinates":[[18.4128686,-33.9196725],[18.4128247,-33.9196397]]}},{"type":"Feature","properties":{"highway":"steps","name":null,"oneway":null,"surface":null,"lanes":null,"maxspeed":null},"geometry":{"type":"LineString","coordinates":[[18.4128247,-33.9196397],[18.4128048,-33.9196249]]}},{"type":"Feature","properties":{"highway":"footway","name":null,"oneway":null,"surface":null,"lanes":null,"maxspeed":null},"geometry":{"type":"LineString","coordinates":[[18.4128048,-33.9196249],[18.4127484,-33.9195831]]}},{"type":"Feature","properties":{"highway":"steps","name":null,"oneway":null,"surface":null,"lanes":null,"maxspeed":null},"geometry":{"type":"LineString","coordinates":[[18.4127484,-33.9195831],[18.4127249,-33.9195654]]}},{"type":"Feature","properties":{"highway":"footway","name":null,"oneway":null,"surface":null,"lanes":null,"maxspeed":null},"geometry":{"type":"LineString","coordinates":[[18.4127249,-33.9195654],[18.4126696,-33.9195237]]}},{"type":"Feature","properties":{"highway":"steps","name":null,"oneway":null,"surface":null,"lanes":null,"maxspeed":null},"geometry":{"type":"LineString","coordinates":[[18.4126696,-33.9195237],[18.4126468,-33.9195068]]}},{"type":"Feature","properties":{"highway":"footway","name":null,"oneway":null,"surface":null,"lanes":null,"maxspeed":null},"geometry":{"type":"LineString","coordinates":[[18.4126468,-33.9195068],[18.4126226,-33.9194885]]}},{"type":"Feature","properties":{"highway":"steps","name":null,"oneway":null,"surface":null,"lanes":null,"maxspeed":null},"geometry":{"type":"LineString","coordinates":[[18.4126226,-33.9194885],[18.4126023,-33.9194731]]}},{"type":"Feature","properties":{"highway":"footway","name":null,"oneway":null,"surface":null,"lanes":null,"maxspeed":null},"geometry":{"type":"LineString","coordinates":[[18.4126023,-33.9194731],[18.4125769,-33.9194542]]}},{"type":"Feature","properties":{"highway":"steps","name":null,"oneway":null,"surface":null,"lanes":null,"maxspeed":null},"geometry":{"type":"LineString","coordinates":[[18.4125769,-33.9194542],[18.4125446,-33.9194292]]}},{"type":"Feature","properties":{"highway":"path","name":null,"oneway":null,"surface":null,"lanes":null,"maxspeed":null},"geometry":{"type":"LineString","coordinates":[[18.4129003,-33.9196953],[18.4129322,-33.9197154]]}},{"type":"Feature","properties":{"highway":"service","name":null,"oneway":null,"surface":null,"lanes":null,"maxspeed":null},"geometry":{"type":"LineString","coordinates":[[18.4124443,-33.9193532],[18.4123841,-33.9194271],[18.4123167,-33.9195624]]}},{"type":"Feature","properties":{"highway":"footway","name":null,"oneway":null,"surface":null,"lanes":null,"maxspeed":null},"geometry":{"type":"LineString","coordinates":[[18.4129003,-33.9196953],[18.4128896,-33.9196882]]}},{"type":"Feature","properties":{"highway":"steps","name":null,"oneway":null,"surface":null,"lanes":null,"maxspeed":null},"geometry":{"type":"LineString","coordinates":[[18.4120923,-33.9192407],[18.4119773,-33.9192775]]}},{"type":"Feature","properties":{"highway":"footway","name":null,"oneway":null,"surface":null,"lanes":null,"maxspeed":null},"geometry":{"type":"LineString","coordinates":[[18.4120923,-33.9192407],[18.4122661,-33.9192434],[18.4123286,-33.9192793]]}},{"type":"Feature","properties":{"highway":"steps","name":null,"oneway":null,"surface":null,"lanes":null,"maxspeed":null},"geometry":{"type":"LineString","coordinates":[[18.4123596,-33.9193035],[18.4123286,-33.9192793]]}},{"type":"Feature","properties":{"highway":"path","name":null,"oneway":null,"surface":null,"lanes":null,"maxspeed":null},"geometry":{"type":"LineString","coordinates":[[18.4123596,-33.9193035],[18.4124443,-33.9193532],[18.4125446,-33.9194292]]}},{"type":"Feature","properties":{"highway":"path","name":null,"oneway":null,"surface":null,"lanes":null,"maxspeed":null},"geometry":{"type":"LineString","coordinates":[[18.4118486,-33.9207184],[18.4118143,-33.9206692]]}},{"type":"Feature","properties":{"highway":"service","name":null,"oneway":null,"surface":null,"lanes":null,"maxspeed":null},"geometry":{"type":"LineString","coordinates":[[18.4130779,-33.9195148],[18.4131469,-33.9195362],[18.4133981,-33.9195921],[18.413671,-33.9196729]]}},{"type":"Feature","properties":{"highway":"footway","name":null,"oneway":null,"surface":"asphalt","lanes":null,"maxspeed":null},"geometry":{"type":"LineString","coordinates":[[18.4187155,-33.9188542],[18.4187246,-33.9189149]]}},{"type":"Feature","properties":{"highway":"footway","name":null,"oneway":null,"surface":"asphalt","lanes":null,"maxspeed":null},"geometry":{"type":"LineString","coordinates":[[18.4189724,-33.9186883],[18.4189135,-33.9186892]]}},{"type":"Feature","properties":{"highway":"service","name":null,"oneway":null,"surface":null,"lanes":null,"maxspeed":null},"geometry":{"type":"LineString","coordinates":[[18.4182378,-33.9285787],[18.4182312,-33.9285995],[18.4182253,-33.9286122],[18.4180741,-33.9287597]]}},{"type":"Feature","properties":{"highway":"service","name":"Chiappini Lane","oneway":null,"surface":null,"lanes":null,"maxspeed":null},"geometry":{"type":"LineString","coordinates":[[18.4137668,-33.9212266],[18.4138562,-33.9211883],[18.4139086,-33.9211525],[18.4139398,-33.9211203],[18.4139525,-33.9211007],[18.4139627,-33.9210782],[18.4139644,-33.9210523],[18.4139618,-33.9210348],[18.4138207,-33.9206814]]}},{"type":"Feature","properties":{"highway":"service","name":null,"oneway":null,"surface":null,"lanes":null,"maxspeed":null},"geometry":{"type":"LineString","coordinates":[[18.4136958,-33.9190705],[18.4135902,-33.9191053]]}},{"type":"Feature","properties":{"highway":"service","name":null,"oneway":"yes","surface":null,"lanes":null,"maxspeed":null},"geometry":{"type":"LineString","coordinates":[[18.4177429,-33.9208506],[18.4177577,-33.9208787],[18.417764,-33.9209046],[18.4177743,-33.9209685]]}},{"type":"Feature","properties":{"highway":"service","name":null,"oneway":"yes","surface":null,"lanes":null,"maxspeed":null},"geometry":{"type":"LineString","coordinates":[[18.4169963,-33.9214488],[18.4175343,-33.9209617],[18.4176527,-33.9208495],[18.4176712,-33.9208395],[18.4176916,-33.9208389],[18.4177124,-33.9208411],[18.4177429,-33.9208506],[18.417793,-33.9208697],[18.4178031,-33.9208717],[18.4178118,-33.9208711],[18.4178195,-33.9208669],[18.4178983,-33.9207922]]}},{"type":"Feature","properties":{"highway":"service","name":null,"oneway":"yes","surface":null,"lanes":null,"maxspeed":null},"geometry":{"type":"LineString","coordinates":[[18.4179373,-33.9208203],[18.4178194,-33.9209264],[18.4177743,-33.9209685],[18.4171373,-33.9215511],[18.4169963,-33.9214488],[18.4168905,-33.9213711],[18.4168871,-33.9213658],[18.4168871,-33.9213605],[18.4168916,-33.9213532],[18.4173922,-33.9208862],[18.4174049,-33.9208827],[18.4174214,-33.9208827],[18.4174374,-33.9208875],[18.4175343,-33.9209617]]}},{"type":"Feature","properties":{"highway":"service","name":null,"oneway":"yes","surface":"asphalt","lanes":"2","maxspeed":null},"geometry":{"type":"LineString","coordinates":[[18.4224792,-33.9148637],[18.4224875,-33.9148814],[18.4224998,-33.9149024],[18.4225232,-33.914951],[18.4225551,-33.9150174]]}},{"type":"Feature","properties":{"highway":"service","name":null,"oneway":null,"surface":null,"lanes":null,"maxspeed":null},"geometry":{"type":"LineString","coordinates":[[18.4184326,-33.9185505],[18.4185267,-33.9184811]]}},{"type":"Feature","properties":{"highway":"secondary","name":"Buitenkant Street","oneway":"yes","surface":"asphalt","lanes":"2","maxspeed":"60"},"geometry":{"type":"LineString","coordinates":[[18.4224095,-33.9286327],[18.422499,-33.9285741]]}},{"type":"Feature","properties":{"highway":"service","name":null,"oneway":null,"surface":"asphalt","lanes":null,"maxspeed":null},"geometry":{"type":"LineString","coordinates":[[18.4190475,-33.9237861],[18.4189701,-33.9237287]]}},{"type":"Feature","properties":{"highway":"pedestrian","name":"Greenmarket Square","oneway":null,"surface":"cobblestone","lanes":null,"maxspeed":null},"geometry":{"type":"LineString","coordinates":[[18.4201782,-33.9230936],[18.4205913,-33.9227179]]}},{"type":"Feature","properties":{"highway":"pedestrian","name":"Greenmarket Square","oneway":null,"surface":"sett","lanes":null,"maxspeed":null},"geometry":{"type":"LineString","coordinates":[[18.4195904,-33.922665],[18.420001,-33.9222805]]}},{"type":"Feature","properties":{"highway":"service","name":null,"oneway":null,"surface":"asphalt","lanes":null,"maxspeed":null},"geometry":{"type":"LineString","coordinates":[[18.4204888,-33.9222047],[18.4205582,-33.9222564]]}},{"type":"Feature","properties":{"highway":"service","name":null,"oneway":null,"surface":"cobblestone","lanes":null,"maxspeed":null},"geometry":{"type":"LineString","coordinates":[[18.4201486,-33.9231219],[18.4201782,-33.9230936]]}},{"type":"Feature","properties":{"highway":"service","name":null,"oneway":null,"surface":"cobblestone","lanes":null,"maxspeed":null},"geometry":{"type":"LineString","coordinates":[[18.4195474,-33.9227052],[18.4195904,-33.922665]]}},{"type":"Feature","properties":{"highway":"pedestrian","name":null,"oneway":null,"surface":"paving_stones","lanes":null,"maxspeed":null},"geometry":{"type":"LineString","coordinates":[[18.4178336,-33.9212236],[18.4178398,-33.9212174],[18.4178454,-33.9212216],[18.4179729,-33.9211047],[18.4179021,-33.9210516],[18.4178092,-33.920984],[18.4178057,-33.9209766],[18.4178089,-33.9209653],[18.4179005,-33.9208778],[18.4179104,-33.9208763],[18.4179196,-33.9208775],[18.4180941,-33.9210053],[18.4181039,-33.9210196],[18.4181067,-33.9210344],[18.4181053,-33.9210512],[18.4180974,-33.9210681],[18.4180892,-33.9210785],[18.4180424,-33.921124],[18.4180243,-33.9211106],[18.4177115,-33.9214015],[18.4177229,-33.9214169],[18.417691,-33.9214456],[18.4176724,-33.9214379],[18.417532,-33.9215677],[18.4175443,-33.9215812],[18.4175069,-33.9216155],[18.4174901,-33.9216074],[18.4173346,-33.921752],[18.4173464,-33.9217628],[18.4173283,-33.9217759],[18.4173094,-33.9217819],[18.4172891,-33.9217833],[18.4172684,-33.921781],[18.4172513,-33.921773],[18.4172484,-33.9217418],[18.4171125,-33.921642],[18.4172082,-33.9215537],[18.4172346,-33.9215725],[18.4171589,-33.9216421],[18.4172836,-33.9217386],[18.4173626,-33.9216644],[18.4173597,-33.9216616],[18.4174015,-33.9216231],[18.4174274,-33.9215993],[18.4174388,-33.9216078],[18.4174459,-33.9216013],[18.4174343,-33.9215926],[18.4174876,-33.9215436],[18.417499,-33.9215522],[18.417506,-33.9215458],[18.4175001,-33.9215413],[18.4175533,-33.9214924],[18.4175591,-33.9214967],[18.417565,-33.9214913],[18.4175591,-33.9214869],[18.4176129,-33.9214374],[18.4176187,-33.9214417],[18.4176245,-33.9214364],[18.4176129,-33.9214277],[18.4176672,-33.9213777],[18.4176753,-33.9213838],[18.4176812,-33.9213783],[18.417673,-33.9213722],[18.4176955,-33.9213515],[18.4177048,-33.9213573],[18.4177639,-33.921302],[18.4177551,-33.9212957],[18.4178145,-33.9212411],[18.4178336,-33.9212236]]}},{"type":"Feature","properties":{"highway":"service","name":null,"oneway":null,"surface":"paved","lanes":null,"maxspeed":null},"geometry":{"type":"LineString","coordinates":[[18.4167942,-33.9214891],[18.4167099,-33.9215579],[18.4165992,-33.921619],[18.4165007,-33.9216316],[18.4164164,-33.9215773]]}},{"type":"Feature","properties":{"highway":"footway","name":null,"oneway":null,"surface":"asphalt","lanes":null,"maxspeed":null},"geometry":{"type":"LineString","coordinates":[[18.4181928,-33.9209448],[18.4182133,-33.9209257],[18.4182297,-33.9209401]]}},{"type":"Feature","properties":{"highway":"footway","name":null,"oneway":null,"surface":"paving_stones","lanes":null,"maxspeed":null},"geometry":{"type":"LineString","coordinates":[[18.4181039,-33.9210196],[18.4181547,-33.9209768],[18.4181928,-33.9209448]]}},{"type":"Feature","properties":{"highway":"footway","name":null,"oneway":null,"surface":"asphalt","lanes":null,"maxspeed":null},"geometry":{"type":"LineString","coordinates":[[18.4183764,-33.9157729],[18.4184413,-33.9157434],[18.4185138,-33.9157115]]}},{"type":"Feature","properties":{"highway":"residential","name":"Pontac Street","oneway":null,"surface":"asphalt","lanes":null,"maxspeed":"60"},"geometry":{"type":"LineString","coordinates":[[18.4325574,-33.9297161],[18.4326678,-33.9297543],[18.4333275,-33.9297927],[18.4340529,-33.9298388]]}},{"type":"Feature","properties":{"highway":"residential","name":"Reform Street","oneway":null,"surface":"asphalt","lanes":"2","maxspeed":"60"},"geometry":{"type":"LineString","coordinates":[[18.4325574,-33.9297161],[18.4325521,-33.9296487],[18.4325985,-33.9292905],[18.4326145,-33.9290565],[18.4325794,-33.92893]]}},{"type":"Feature","properties":{"highway":"service","name":"Aspeling Street","oneway":null,"surface":null,"lanes":null,"maxspeed":null},"geometry":{"type":"LineString","coordinates":[[18.4332977,-33.9302095],[18.4333017,-33.9302306],[18.4333098,-33.9302451],[18.4333299,-33.9302574],[18.4333567,-33.9302674],[18.4340166,-33.9302985]]}},{"type":"Feature","properties":{"highway":"residential","name":"Bryant Street","oneway":null,"surface":"asphalt","lanes":"2","maxspeed":"60"},"geometry":{"type":"LineString","coordinates":[[18.4127005,-33.9233589],[18.413188,-33.9229024],[18.4133125,-33.9228136],[18.4134574,-33.9227004],[18.4137138,-33.9224684],[18.4139206,-33.9222754],[18.4144707,-33.9217935]]}},{"type":"Feature","properties":{"highway":"residential","name":"Bloem Street","oneway":null,"surface":"cobblestone","lanes":"2","maxspeed":"60"},"geometry":{"type":"LineString","coordinates":[[18.4127005,-33.9233589],[18.4131137,-33.9236629]]}},{"type":"Feature","properties":{"highway":"service","name":null,"oneway":null,"surface":"asphalt","lanes":null,"maxspeed":null},"geometry":{"type":"LineString","coordinates":[[18.4327673,-33.926918],[18.4329396,-33.9269257]]}},{"type":"Feature","properties":{"highway":"service","name":null,"oneway":null,"surface":null,"lanes":null,"maxspeed":null},"geometry":{"type":"LineString","coordinates":[[18.4292941,-33.9276302],[18.4291687,-33.9277611]]}},{"type":"Feature","properties":{"highway":"service","name":null,"oneway":"yes","surface":null,"lanes":null,"maxspeed":null},"geometry":{"type":"LineString","coordinates":[[18.4193098,-33.9306272],[18.419082,-33.9311531]]}},{"type":"Feature","properties":{"highway":"service","name":null,"oneway":"yes","surface":null,"lanes":null,"maxspeed":null},"geometry":{"type":"LineString","coordinates":[[18.419145,-33.9305763],[18.4189281,-33.9310747]]}},{"type":"Feature","properties":{"highway":"service","name":null,"oneway":null,"surface":null,"lanes":null,"maxspeed":null},"geometry":{"type":"LineString","coordinates":[[18.4186281,-33.9308301],[18.4188139,-33.9308774]]}},{"type":"Feature","properties":{"highway":"service","name":null,"oneway":"yes","surface":null,"lanes":null,"maxspeed":null},"geometry":{"type":"LineString","coordinates":[[18.4188139,-33.9308774],[18.4188534,-33.9308777],[18.4188648,-33.9308682],[18.4188735,-33.9308543],[18.4188808,-33.9308349],[18.4188956,-33.9307625],[18.4189144,-33.9306969],[18.4189653,-33.9305634],[18.4189761,-33.9305461],[18.4189888,-33.9305394],[18.4190036,-33.9305366],[18.4190217,-33.9305383],[18.419145,-33.9305763],[18.4193098,-33.9306272],[18.4193952,-33.9306535],[18.4194086,-33.9306602],[18.4194153,-33.930668],[18.4194186,-33.9306769],[18.4194186,-33.9306869],[18.4194139,-33.9307063],[18.4193301,-33.9309539],[18.4192389,-33.9311954],[18.4192282,-33.9312076],[18.4192067,-33.9312143],[18.4191813,-33.9312132],[18.419082,-33.9311531],[18.4190418,-33.9311253],[18.4190036,-33.9311039],[18.4189281,-33.9310747],[18.4187836,-33.9310301],[18.4187722,-33.9310224],[18.4187662,-33.9310084],[18.4187662,-33.9309934],[18.4188139,-33.9308774]]}},{"type":"Feature","properties":{"highway":"residential","name":"Bouquet Street","oneway":null,"surface":"asphalt","lanes":"1","maxspeed":"60"},"geometry":{"type":"LineString","coordinates":[[18.4189955,-33.9282661],[18.4190349,-33.9282993],[18.4190514,-33.9283115],[18.4190989,-33.9283444]]}},{"type":"Feature","properties":{"highway":"service","name":null,"oneway":null,"surface":null,"lanes":null,"maxspeed":null},"geometry":{"type":"LineString","coordinates":[[18.4204902,-33.9275049],[18.4205002,-33.9274966],[18.420515,-33.9274916],[18.4205304,-33.9274933],[18.4205458,-33.9275005],[18.4206276,-33.9275545]]}},{"type":"Feature","properties":{"highway":"service","name":null,"oneway":null,"surface":null,"lanes":null,"maxspeed":null},"geometry":{"type":"LineString","coordinates":[[18.4199987,-33.9279617],[18.4199316,-33.9279189],[18.4198853,-33.9278865]]}},{"type":"Feature","properties":{"highway":"service","name":null,"oneway":"yes","surface":null,"lanes":null,"maxspeed":null},"geometry":{"type":"LineString","coordinates":[[18.4198853,-33.9278865],[18.4197787,-33.9278121],[18.419766,-33.9277993],[18.4197626,-33.9277859],[18.4197673,-33.9277715],[18.4200369,-33.9274955],[18.4200483,-33.9274844],[18.4200617,-33.9274821],[18.4200778,-33.9274866],[18.4201569,-33.9275356],[18.420165,-33.9275422],[18.4201697,-33.9275506],[18.420169,-33.9275595],[18.4201603,-33.92757],[18.4198853,-33.9278865]]}},{"type":"Feature","properties":{"highway":"service","name":null,"oneway":"yes","surface":"asphalt","lanes":null,"maxspeed":null},"geometry":{"type":"LineString","coordinates":[[18.4184689,-33.9188359],[18.4183788,-33.9189384]]}},{"type":"Feature","properties":{"highway":"service","name":null,"oneway":"yes","surface":"asphalt","lanes":null,"maxspeed":null},"geometry":{"type":"LineString","coordinates":[[18.4183788,-33.9189384],[18.4182349,-33.9188351],[18.4182299,-33.9188248],[18.418229,-33.9188135],[18.4182361,-33.9188011],[18.4183095,-33.9187342],[18.4183252,-33.9187189],[18.4183335,-33.9187159],[18.4183416,-33.9187148],[18.4183522,-33.9187182],[18.4184609,-33.9187991],[18.4184703,-33.918811],[18.4184721,-33.9188257],[18.4184689,-33.9188359]]}},{"type":"Feature","properties":{"highway":"service","name":null,"oneway":null,"surface":"asphalt","lanes":null,"maxspeed":null},"geometry":{"type":"LineString","coordinates":[[18.4181196,-33.9189536],[18.4182398,-33.9190421],[18.4182556,-33.9190476],[18.4182739,-33.9190478],[18.4182896,-33.9190422],[18.4183788,-33.9189384]]}},{"type":"Feature","properties":{"highway":"pedestrian","name":null,"oneway":null,"surface":"paved","lanes":null,"maxspeed":null},"geometry":{"type":"LineString","coordinates":[[18.4256482,-33.9247448],[18.4245078,-33.9239049],[18.4241934,-33.9236734],[18.4241781,-33.923662]]}},{"type":"Feature","properties":{"highway":"pedestrian","name":null,"oneway":null,"surface":"paved","lanes":null,"maxspeed":null},"geometry":{"type":"LineString","coordinates":[[18.4259343,-33.9249692],[18.4259204,-33.924942],[18.4256482,-33.9247448]]}},{"type":"Feature","properties":{"highway":"pedestrian","name":null,"oneway":null,"surface":"paving_stones","lanes":null,"maxspeed":null},"geometry":{"type":"LineString","coordinates":[[18.4252372,-33.9259091],[18.4252461,-33.9259157],[18.4252661,-33.9259197],[18.4252879,-33.9259159]]}},{"type":"Feature","properties":{"highway":"pedestrian","name":null,"oneway":null,"surface":"paving_stones","lanes":null,"maxspeed":null},"geometry":{"type":"LineString","coordinates":[[18.4236737,-33.9247679],[18.4237036,-33.9247889],[18.4237114,-33.9248128],[18.4252287,-33.9259039],[18.4252372,-33.9259091]]}},{"type":"Feature","properties":{"highway":"pedestrian","name":null,"oneway":null,"surface":"paved","lanes":null,"maxspeed":null},"geometry":{"type":"LineString","coordinates":[[18.4231998,-33.9244042],[18.4231928,-33.9244204],[18.4231963,-33.9244385],[18.4232105,-33.9244544],[18.4236092,-33.9247433],[18.4236449,-33.9247467],[18.4236737,-33.9247679]]}},{"type":"Feature","properties":{"highway":"pedestrian","name":null,"oneway":null,"surface":"paved","lanes":null,"maxspeed":null},"geometry":{"type":"LineString","coordinates":[[18.4239677,-33.9236642],[18.4239586,-33.9236742],[18.4239602,-33.9237031],[18.4232534,-33.9243769],[18.4232211,-33.9243832],[18.4231998,-33.9244042]]}},{"type":"Feature","properties":{"highway":"pedestrian","name":null,"oneway":null,"surface":"paved","lanes":null,"maxspeed":null},"geometry":{"type":"LineString","coordinates":[[18.4241781,-33.923662],[18.4241081,-33.9236118],[18.4240851,-33.9236017],[18.4240608,-33.9235997],[18.4240338,-33.9236067],[18.4240151,-33.92362],[18.4239677,-33.9236642]]}},{"type":"Feature","properties":{"highway":"pedestrian","name":null,"oneway":null,"surface":"paving_stones","lanes":null,"maxspeed":null},"geometry":{"type":"LineString","coordinates":[[18.4252879,-33.9259159],[18.4253018,-33.9259078],[18.4256717,-33.925561],[18.4256683,-33.925532],[18.425715,-33.9254883],[18.425748,-33.9254893],[18.4258405,-33.9254023],[18.4258364,-33.9253712],[18.4258856,-33.9253283],[18.4259171,-33.9253298],[18.4259964,-33.9252527],[18.4260097,-33.9252333],[18.4260157,-33.925215],[18.4260157,-33.9251937],[18.42601,-33.9251765],[18.4259343,-33.9249692]]}},{"type":"Feature","properties":{"highway":"tertiary","name":"Strand Street","oneway":"yes","surface":"asphalt","lanes":"1","maxspeed":null},"geometry":{"type":"LineString","coordinates":[[18.4166459,-33.917213],[18.4165509,-33.9171394]]}},{"type":"Feature","properties":{"highway":"service","name":null,"oneway":null,"surface":"asphalt","lanes":null,"maxspeed":null},"geometry":{"type":"LineString","coordinates":[[18.4222503,-33.9265133],[18.4223262,-33.9264424],[18.4224135,-33.9263608],[18.422537,-33.9262455]]}},{"type":"Feature","properties":{"highway":"service","name":null,"oneway":null,"surface":"paved","lanes":null,"maxspeed":null},"geometry":{"type":"LineString","coordinates":[[18.421462,-33.92481],[18.4214935,-33.924833],[18.4215231,-33.9248547],[18.4216602,-33.9249548]]}},{"type":"Feature","properties":{"highway":"pedestrian","name":"Herman Steeg","oneway":null,"surface":null,"lanes":null,"maxspeed":null},"geometry":{"type":"LineString","coordinates":[[18.4235304,-33.9287416],[18.4234542,-33.9286852],[18.4229562,-33.9283162],[18.4228739,-33.9282553]]}},{"type":"Feature","properties":{"highway":"pedestrian","name":"Cornelia Avenue","oneway":null,"surface":null,"lanes":null,"maxspeed":null},"geometry":{"type":"LineString","coordinates":[[18.4226724,-33.9284267],[18.4227665,-33.9284958],[18.4231003,-33.9287472],[18.4231094,-33.9287891],[18.4232411,-33.928895],[18.4232998,-33.9289419]]}},{"type":"Feature","properties":{"highway":"service","name":null,"oneway":null,"surface":"asphalt","lanes":null,"maxspeed":null},"geometry":{"type":"LineString","coordinates":[[18.4227254,-33.9283815],[18.4228149,-33.928444]]}},{"type":"Feature","properties":{"highway":"pedestrian","name":"Barrack Street","oneway":null,"surface":"asphalt","lanes":null,"maxspeed":null},"geometry":{"type":"LineString","coordinates":[[18.4237333,-33.9285653],[18.4237867,-33.9286041],[18.4242156,-33.9289153],[18.4242946,-33.9289727]]}},{"type":"Feature","properties":{"highway":"service","name":null,"oneway":"no","surface":"asphalt","lanes":null,"maxspeed":"10"},"geometry":{"type":"LineString","coordinates":[[18.4149307,-33.9226342],[18.4146246,-33.9224247]]}},{"type":"Feature","properties":{"highway":"footway","name":null,"oneway":null,"surface":null,"lanes":null,"maxspeed":null},"geometry":{"type":"LineString","coordinates":[[18.4246389,-33.9189172],[18.4245941,-33.9188824],[18.4245271,-33.9188358],[18.424313,-33.9186874],[18.4238623,-33.9183571]]}},{"type":"Feature","properties":{"highway":"footway","name":null,"oneway":null,"surface":"paving_stones","lanes":null,"maxspeed":null},"geometry":{"type":"LineString","coordinates":[[18.4229395,-33.9180388],[18.4230046,-33.9179953]]}},{"type":"Feature","properties":{"highway":"footway","name":null,"oneway":null,"surface":"paving_stones","lanes":null,"maxspeed":null},"geometry":{"type":"LineString","coordinates":[[18.4233078,-33.917895],[18.4233226,-33.9177654],[18.4233688,-33.9176422]]}},{"type":"Feature","properties":{"highway":"footway","name":null,"oneway":null,"surface":"paving_stones","lanes":null,"maxspeed":null},"geometry":{"type":"LineString","coordinates":[[18.422986,-33.9179407],[18.4230046,-33.9179953],[18.423048,-33.9179921]]}},{"type":"Feature","properties":{"highway":"footway","name":null,"oneway":null,"surface":"paving_stones","lanes":null,"maxspeed":null},"geometry":{"type":"LineString","coordinates":[[18.4229542,-33.9178298],[18.4229475,-33.9178173],[18.422974,-33.9177914],[18.4229871,-33.9177687],[18.422994,-33.9177414],[18.4228603,-33.9171309]]}},{"type":"Feature","properties":{"highway":"footway","name":null,"oneway":null,"surface":"asphalt","lanes":null,"maxspeed":null},"geometry":{"type":"LineString","coordinates":[[18.4229542,-33.9178298],[18.4229674,-33.9178789],[18.422986,-33.9179407]]}},{"type":"Feature","properties":{"highway":"footway","name":null,"oneway":null,"surface":null,"lanes":null,"maxspeed":null},"geometry":{"type":"LineString","coordinates":[[18.4226915,-33.9168016],[18.4227436,-33.9167671],[18.4226862,-33.9166948],[18.4224777,-33.9164327],[18.4222868,-33.9162268]]}},{"type":"Feature","properties":{"highway":"footway","name":null,"oneway":null,"surface":"paved","lanes":null,"maxspeed":null},"geometry":{"type":"LineString","coordinates":[[18.4249319,-33.9191092],[18.4247076,-33.9189459],[18.4246815,-33.9189467],[18.4246389,-33.9189172]]}},{"type":"Feature","properties":{"highway":"footway","name":null,"oneway":null,"surface":null,"lanes":null,"maxspeed":null},"geometry":{"type":"LineString","coordinates":[[18.4250117,-33.9191693],[18.4249731,-33.9191403],[18.4249319,-33.9191092]]}},{"type":"Feature","properties":{"highway":"footway","name":null,"oneway":null,"surface":"paved","lanes":null,"maxspeed":null},"geometry":{"type":"LineString","coordinates":[[18.4253141,-33.9193986],[18.4252249,-33.9193502],[18.4250137,-33.919186],[18.4250117,-33.9191693]]}},{"type":"Feature","properties":{"highway":"footway","name":null,"oneway":null,"surface":null,"lanes":null,"maxspeed":null},"geometry":{"type":"LineString","coordinates":[[18.4196647,-33.9180392],[18.4195621,-33.9180408],[18.4195066,-33.9180113]]}},{"type":"Feature","properties":{"highway":"footway","name":null,"oneway":null,"surface":"paving_stones","lanes":null,"maxspeed":null},"geometry":{"type":"LineString","coordinates":[[18.419998,-33.9177275],[18.4199631,-33.9177025],[18.4191271,-33.9170739],[18.4190344,-33.9170026],[18.4189793,-33.9169526],[18.4189358,-33.9168928]]}},{"type":"Feature","properties":{"highway":"footway","name":null,"oneway":null,"surface":"paving_stones","lanes":null,"maxspeed":null},"geometry":{"type":"LineString","coordinates":[[18.4191785,-33.9167311],[18.4191792,-33.9167515],[18.4191947,-33.916771],[18.4192637,-33.9168239],[18.4201495,-33.9174877],[18.4202313,-33.9175172]]}},{"type":"Feature","properties":{"highway":"footway","name":null,"oneway":null,"surface":null,"lanes":null,"maxspeed":null},"geometry":{"type":"LineString","coordinates":[[18.4189533,-33.9165929],[18.4189906,-33.9166245]]}},{"type":"Feature","properties":{"highway":"footway","name":null,"oneway":null,"surface":null,"lanes":null,"maxspeed":null},"geometry":{"type":"LineString","coordinates":[[18.4184065,-33.9158826],[18.4185836,-33.9162327]]}},{"type":"Feature","properties":{"highway":"footway","name":null,"oneway":null,"surface":"asphalt","lanes":null,"maxspeed":null},"geometry":{"type":"LineString","coordinates":[[18.4188014,-33.9166486],[18.4188832,-33.9166186],[18.4189533,-33.9165929]]}},{"type":"Feature","properties":{"highway":"path","name":null,"oneway":null,"surface":null,"lanes":null,"maxspeed":null},"geometry":{"type":"LineString","coordinates":[[18.4210608,-33.9166592],[18.4210805,-33.9166414]]}},{"type":"Feature","properties":{"highway":"footway","name":null,"oneway":null,"surface":null,"lanes":null,"maxspeed":null},"geometry":{"type":"LineString","coordinates":[[18.4214578,-33.9168228],[18.4214886,-33.9167961],[18.4218843,-33.9164666],[18.4221424,-33.9162624],[18.4222868,-33.9162268]]}},{"type":"Feature","properties":{"highway":"footway","name":null,"oneway":null,"surface":null,"lanes":null,"maxspeed":null},"geometry":{"type":"LineString","coordinates":[[18.4213526,-33.9169162],[18.4214003,-33.9168714],[18.4214578,-33.9168228]]}},{"type":"Feature","properties":{"highway":"footway","name":null,"oneway":null,"surface":null,"lanes":null,"maxspeed":null},"geometry":{"type":"LineString","coordinates":[[18.4205914,-33.9246965],[18.420802,-33.9244809],[18.4209334,-33.9243791],[18.4212734,-33.9240387]]}},{"type":"Feature","properties":{"highway":"footway","name":null,"oneway":null,"surface":null,"lanes":null,"maxspeed":null},"geometry":{"type":"LineString","coordinates":[[18.4205975,-33.9243418],[18.4206779,-33.924265],[18.42106,-33.9238947],[18.4210637,-33.923886]]}},{"type":"Feature","properties":{"highway":"footway","name":null,"oneway":null,"surface":null,"lanes":null,"maxspeed":null},"geometry":{"type":"LineString","coordinates":[[18.420036,-33.9248192],[18.4200959,-33.9248181],[18.4202273,-33.9246945]]}},{"type":"Feature","properties":{"highway":"footway","name":null,"oneway":null,"surface":null,"lanes":null,"maxspeed":null},"geometry":{"type":"LineString","coordinates":[[18.4204475,-33.9248431],[18.4204017,-33.9248665],[18.4202714,-33.9249852],[18.4202052,-33.9250162],[18.4201368,-33.9250295],[18.4200657,-33.9250312],[18.4200103,-33.9250255]]}},{"type":"Feature","properties":{"highway":"footway","name":null,"oneway":null,"surface":null,"lanes":null,"maxspeed":null},"geometry":{"type":"LineString","coordinates":[[18.4205499,-33.9243819],[18.4205751,-33.9243607],[18.4205975,-33.9243418]]}},{"type":"Feature","properties":{"highway":"footway","name":null,"oneway":null,"surface":null,"lanes":null,"maxspeed":null},"geometry":{"type":"LineString","coordinates":[[18.4202273,-33.9246945],[18.420281,-33.9246401],[18.4203754,-33.9245503],[18.4203963,-33.9245305],[18.4205499,-33.9243819]]}},{"type":"Feature","properties":{"highway":"residential","name":"Longmarket Street","oneway":"yes","surface":"asphalt","lanes":"1","maxspeed":null},"geometry":{"type":"LineString","coordinates":[[18.4211122,-33.9238401],[18.4211609,-33.9238747],[18.4212337,-33.9239285],[18.4213009,-33.9239789],[18.4213209,-33.9239939]]}},{"type":"Feature","properties":{"highway":"residential","name":"Longmarket Street","oneway":"yes","surface":"asphalt","lanes":"1","maxspeed":null},"geometry":{"type":"LineString","coordinates":[[18.4198688,-33.9228948],[18.4200886,-33.9230556],[18.4201486,-33.9231219],[18.4204413,-33.9233404],[18.4205284,-33.9234073],[18.4211122,-33.9238401]]}},{"type":"Feature","properties":{"highway":"footway","name":null,"oneway":null,"surface":null,"lanes":null,"maxspeed":null},"geometry":{"type":"LineString","coordinates":[[18.4213528,-33.9239637],[18.4214216,-33.9238984],[18.4217448,-33.9235902]]}},{"type":"Feature","properties":{"highway":"footway","name":null,"oneway":null,"surface":null,"lanes":null,"maxspeed":null},"geometry":{"type":"LineString","coordinates":[[18.4215497,-33.9234266],[18.4216931,-33.9233],[18.4217139,-33.9233133]]}},{"type":"Feature","properties":{"highway":"footway","name":null,"oneway":null,"surface":null,"lanes":null,"maxspeed":null},"geometry":{"type":"LineString","coordinates":[[18.4242424,-33.9230212],[18.4233186,-33.9223437],[18.423169,-33.9223393],[18.4227459,-33.9226425],[18.4224562,-33.9229074],[18.4222624,-33.9230899],[18.4219548,-33.9233965],[18.4219054,-33.9234609]]}},{"type":"Feature","properties":{"highway":"footway","name":null,"oneway":null,"surface":null,"lanes":null,"maxspeed":null},"geometry":{"type":"LineString","coordinates":[[18.4220821,-33.9229171],[18.4221091,-33.9228928],[18.4221253,-33.9228782]]}},{"type":"Feature","properties":{"highway":"footway","name":null,"oneway":null,"surface":null,"lanes":null,"maxspeed":null},"geometry":{"type":"LineString","coordinates":[[18.4216931,-33.9233],[18.4220123,-33.9229897],[18.4220539,-33.9229463],[18.4220821,-33.9229171]]}},{"type":"Feature","properties":{"highway":"footway","name":null,"oneway":null,"surface":null,"lanes":null,"maxspeed":null},"geometry":{"type":"LineString","coordinates":[[18.4229477,-33.9220338],[18.4229612,-33.9220622],[18.4229585,-33.9221034],[18.422935,-33.9221301],[18.42288,-33.9221874],[18.4226079,-33.9224585],[18.4225305,-33.9225301],[18.4224861,-33.922566],[18.4221647,-33.922841],[18.4221253,-33.9228782]]}},{"type":"Feature","properties":{"highway":"footway","name":null,"oneway":null,"surface":"paved","lanes":null,"maxspeed":null},"geometry":{"type":"LineString","coordinates":[[18.4180434,-33.9233411],[18.4175224,-33.9229641]]}},{"type":"Feature","properties":{"highway":"footway","name":null,"oneway":null,"surface":"paved","lanes":null,"maxspeed":null},"geometry":{"type":"LineString","coordinates":[[18.4178536,-33.9235154],[18.4173312,-33.9231446]]}},{"type":"Feature","properties":{"highway":"footway","name":null,"oneway":null,"surface":"paved","lanes":null,"maxspeed":null},"geometry":{"type":"LineString","coordinates":[[18.4174111,-33.9228821],[18.4173941,-33.9228703],[18.417386,-33.9228646],[18.4168672,-33.9224801]]}},{"type":"Feature","properties":{"highway":"footway","name":null,"oneway":null,"surface":"paved","lanes":null,"maxspeed":null},"geometry":{"type":"LineString","coordinates":[[18.4166697,-33.9226616],[18.4166783,-33.9226679],[18.4171948,-33.9230451]]}},{"type":"Feature","properties":{"highway":"footway","name":null,"oneway":null,"surface":"paved","lanes":null,"maxspeed":null},"geometry":{"type":"LineString","coordinates":[[18.4159519,-33.9221356],[18.4164828,-33.9225216]]}},{"type":"Feature","properties":{"highway":"footway","name":null,"oneway":null,"surface":"paved","lanes":null,"maxspeed":null},"geometry":{"type":"LineString","coordinates":[[18.4166803,-33.92234],[18.4166419,-33.9223348],[18.4163924,-33.9221462],[18.4163395,-33.9220928],[18.4161524,-33.9219576]]}},{"type":"Feature","properties":{"highway":"footway","name":null,"oneway":null,"surface":null,"lanes":null,"maxspeed":null},"geometry":{"type":"LineString","coordinates":[[18.4159841,-33.9221084],[18.4159519,-33.9221356],[18.4159157,-33.9221123]]}},{"type":"Feature","properties":{"highway":"footway","name":null,"oneway":null,"surface":null,"lanes":null,"maxspeed":null},"geometry":{"type":"LineString","coordinates":[[18.4161939,-33.9218847],[18.4161524,-33.9219576]]}},{"type":"Feature","properties":{"highway":"footway","name":null,"oneway":null,"surface":null,"lanes":null,"maxspeed":null},"geometry":{"type":"LineString","coordinates":[[18.4157883,-33.9217595],[18.4159331,-33.9217317]]}},{"type":"Feature","properties":{"highway":"footway","name":null,"oneway":null,"surface":null,"lanes":null,"maxspeed":null},"geometry":{"type":"LineString","coordinates":[[18.4156843,-33.9218858],[18.4156877,-33.9218524]]}},{"type":"Feature","properties":{"highway":"footway","name":null,"oneway":null,"surface":null,"lanes":null,"maxspeed":null},"geometry":{"type":"LineString","coordinates":[[18.4156877,-33.9218524],[18.4157381,-33.9218058],[18.4157883,-33.9217595]]}},{"type":"Feature","properties":{"highway":"path","name":null,"oneway":null,"surface":null,"lanes":null,"maxspeed":null},"geometry":{"type":"LineString","coordinates":[[18.4186825,-33.9229548],[18.4186376,-33.9229164]]}},{"type":"Feature","properties":{"highway":"path","name":null,"oneway":null,"surface":null,"lanes":null,"maxspeed":null},"geometry":{"type":"LineString","coordinates":[[18.4192492,-33.9233675],[18.4193149,-33.9234215]]}},{"type":"Feature","properties":{"highway":"footway","name":null,"oneway":null,"surface":"paved","lanes":null,"maxspeed":null},"geometry":{"type":"LineString","coordinates":[[18.4181801,-33.9234512],[18.4186697,-33.9238045]]}},{"type":"Feature","properties":{"highway":"footway","name":null,"oneway":null,"surface":"paved","lanes":null,"maxspeed":null},"geometry":{"type":"LineString","coordinates":[[18.4189137,-33.9242671],[18.4187,-33.9241092],[18.4184993,-33.9239595],[18.4180192,-33.9235998]]}},{"type":"Feature","properties":{"highway":"footway","name":null,"oneway":null,"surface":null,"lanes":null,"maxspeed":null},"geometry":{"type":"LineString","coordinates":[[18.4189137,-33.9242671],[18.4189917,-33.9243222],[18.4190657,-33.9243743]]}},{"type":"Feature","properties":{"highway":"footway","name":null,"oneway":null,"surface":null,"lanes":null,"maxspeed":null},"geometry":{"type":"LineString","coordinates":[[18.4192429,-33.9244773],[18.4191491,-33.9244158],[18.4191021,-33.9243841],[18.4190657,-33.9243743]]}},{"type":"Feature","properties":{"highway":"footway","name":null,"oneway":null,"surface":null,"lanes":null,"maxspeed":null},"geometry":{"type":"LineString","coordinates":[[18.4193739,-33.9243511],[18.419363,-33.9243246],[18.4190728,-33.9241209],[18.4190223,-33.9240709],[18.4188697,-33.9239558]]}},{"type":"Feature","properties":{"highway":"footway","name":null,"oneway":null,"surface":null,"lanes":null,"maxspeed":null},"geometry":{"type":"LineString","coordinates":[[18.42014,-33.9251199],[18.4202714,-33.9249852]]}},{"type":"Feature","properties":{"highway":"footway","name":null,"oneway":null,"surface":"paving_stones","lanes":null,"maxspeed":null},"geometry":{"type":"LineString","coordinates":[[18.4193801,-33.9245752],[18.4192429,-33.9244773]]}},{"type":"Feature","properties":{"highway":"footway","name":null,"oneway":null,"surface":"paving_stones","lanes":null,"maxspeed":null},"geometry":{"type":"LineString","coordinates":[[18.4193739,-33.9243511],[18.4194559,-33.9244096],[18.419511,-33.924449]]}},{"type":"Feature","properties":{"highway":"footway","name":null,"oneway":null,"surface":"paving_stones","lanes":null,"maxspeed":null},"geometry":{"type":"LineString","coordinates":[[18.4192429,-33.9244773],[18.4192897,-33.9244322],[18.4193497,-33.9243744],[18.4193739,-33.9243511]]}},{"type":"Feature","properties":{"highway":"footway","name":null,"oneway":null,"surface":null,"lanes":null,"maxspeed":null},"geometry":{"type":"LineString","coordinates":[[18.420036,-33.9248192],[18.4200117,-33.9248036],[18.4195373,-33.9244514],[18.419511,-33.924449]]}},{"type":"Feature","properties":{"highway":"footway","name":null,"oneway":null,"surface":null,"lanes":null,"maxspeed":null},"geometry":{"type":"LineString","coordinates":[[18.4193801,-33.9245752],[18.41994,-33.9249736]]}},{"type":"Feature","properties":{"highway":"cycleway","name":"West Coast Cycle Path","oneway":null,"surface":"asphalt","lanes":null,"maxspeed":null},"geometry":{"type":"LineString","coordinates":[[18.4359349,-33.9248865],[18.4359224,-33.9248793],[18.4359061,-33.9248788],[18.4358664,-33.9248852],[18.4356934,-33.9249564],[18.4355968,-33.9249903],[18.4355506,-33.9250081],[18.4354661,-33.9250148],[18.4353045,-33.9250076],[18.4351496,-33.9250109],[18.4345738,-33.9250248],[18.4339128,-33.9249976],[18.4336683,-33.92498],[18.4333569,-33.9249562],[18.4330313,-33.9249643],[18.4329531,-33.9249515],[18.4328853,-33.9249174],[18.4328356,-33.9248678],[18.4328231,-33.9248313],[18.4326395,-33.9247555]]}},{"type":"Feature","properties":{"highway":"path","name":null,"oneway":null,"surface":null,"lanes":null,"maxspeed":null},"geometry":{"type":"LineString","coordinates":[[18.4273093,-33.9302854],[18.4274137,-33.9305694],[18.4274116,-33.930836],[18.4274871,-33.9312041]]}},{"type":"Feature","properties":{"highway":"path","name":null,"oneway":null,"surface":null,"lanes":null,"maxspeed":null},"geometry":{"type":"LineString","coordinates":[[18.4266915,-33.9307261],[18.4274116,-33.930836],[18.4275725,-33.9308649],[18.4277925,-33.9308744]]}},{"type":"Feature","properties":{"highway":"path","name":null,"oneway":null,"surface":null,"lanes":null,"maxspeed":null},"geometry":{"type":"LineString","coordinates":[[18.4122538,-33.923115],[18.4119611,-33.9227316]]}},{"type":"Feature","properties":{"highway":"path","name":null,"oneway":null,"surface":null,"lanes":null,"maxspeed":null},"geometry":{"type":"LineString","coordinates":[[18.4123463,-33.9201987],[18.4123856,-33.9202493]]}},{"type":"Feature","properties":{"highway":"path","name":null,"oneway":null,"surface":null,"lanes":null,"maxspeed":null},"geometry":{"type":"LineString","coordinates":[[18.4139583,-33.9197664],[18.4140529,-33.91995],[18.4142138,-33.9201219],[18.4142743,-33.9201872]]}},{"type":"Feature","properties":{"highway":"path","name":null,"oneway":null,"surface":null,"lanes":null,"maxspeed":null},"geometry":{"type":"LineString","coordinates":[[18.4141179,-33.9196389],[18.4141583,-33.9196041]]}},{"type":"Feature","properties":{"highway":"footway","name":null,"oneway":null,"surface":null,"lanes":null,"maxspeed":null},"geometry":{"type":"LineString","coordinates":[[18.4139831,-33.9197491],[18.4141179,-33.9196389]]}},{"type":"Feature","properties":{"highway":"path","name":null,"oneway":null,"surface":null,"lanes":null,"maxspeed":null},"geometry":{"type":"LineString","coordinates":[[18.413671,-33.9196729],[18.4137833,-33.9196312],[18.4139583,-33.9197664],[18.4139831,-33.9197491]]}},{"type":"Feature","properties":{"highway":"steps","name":null,"oneway":null,"surface":null,"lanes":null,"maxspeed":null},"geometry":{"type":"LineString","coordinates":[[18.4117612,-33.9205654],[18.4118143,-33.9206692]]}},{"type":"Feature","properties":{"highway":"steps","name":null,"oneway":null,"surface":null,"lanes":null,"maxspeed":null},"geometry":{"type":"LineString","coordinates":[[18.4118243,-33.9199219],[18.4117727,-33.9199144]]}},{"type":"Feature","properties":{"highway":"footway","name":null,"oneway":null,"surface":null,"lanes":null,"maxspeed":null},"geometry":{"type":"LineString","coordinates":[[18.4121099,-33.9198557],[18.4120979,-33.9198459],[18.4120761,-33.9198429],[18.4120506,-33.9198512],[18.411948,-33.9199834],[18.4118243,-33.9199219]]}},{"type":"Feature","properties":{"highway":"steps","name":null,"oneway":null,"surface":null,"lanes":null,"maxspeed":null},"geometry":{"type":"LineString","coordinates":[[18.412118,-33.919879],[18.4121099,-33.9198557]]}},{"type":"Feature","properties":{"highway":"footway","name":null,"oneway":null,"surface":null,"lanes":null,"maxspeed":null},"geometry":{"type":"LineString","coordinates":[[18.4121418,-33.9199536],[18.412118,-33.919879]]}},{"type":"Feature","properties":{"highway":"steps","name":null,"oneway":null,"surface":null,"lanes":null,"maxspeed":null},"geometry":{"type":"LineString","coordinates":[[18.4121472,-33.9199686],[18.4121418,-33.9199536]]}},{"type":"Feature","properties":{"highway":"footway","name":null,"oneway":null,"surface":null,"lanes":null,"maxspeed":null},"geometry":{"type":"LineString","coordinates":[[18.4121931,-33.9200543],[18.4121733,-33.9200418],[18.4121971,-33.9200148],[18.4121552,-33.9199892],[18.4121472,-33.9199686]]}},{"type":"Feature","properties":{"highway":"steps","name":null,"oneway":null,"surface":null,"lanes":null,"maxspeed":null},"geometry":{"type":"LineString","coordinates":[[18.4122146,-33.9200688],[18.4121931,-33.9200543]]}},{"type":"Feature","properties":{"highway":"footway","name":null,"oneway":null,"surface":null,"lanes":null,"maxspeed":null},"geometry":{"type":"LineString","coordinates":[[18.4122679,-33.9201058],[18.4122146,-33.9200688]]}},{"type":"Feature","properties":{"highway":"steps","name":null,"oneway":null,"surface":null,"lanes":null,"maxspeed":null},"geometry":{"type":"LineString","coordinates":[[18.4122793,-33.9201189],[18.4122679,-33.9201058]]}},{"type":"Feature","properties":{"highway":"footway","name":null,"oneway":null,"surface":null,"lanes":null,"maxspeed":null},"geometry":{"type":"LineString","coordinates":[[18.4123296,-33.920177],[18.4122793,-33.9201189]]}},{"type":"Feature","properties":{"highway":"steps","name":null,"oneway":null,"surface":null,"lanes":null,"maxspeed":null},"geometry":{"type":"LineString","coordinates":[[18.4123363,-33.9201862],[18.4123296,-33.920177]]}},{"type":"Feature","properties":{"highway":"footway","name":null,"oneway":null,"surface":null,"lanes":null,"maxspeed":null},"geometry":{"type":"LineString","coordinates":[[18.4123463,-33.9201987],[18.4123363,-33.9201862]]}},{"type":"Feature","properties":{"highway":"service","name":null,"oneway":null,"surface":null,"lanes":null,"maxspeed":null},"geometry":{"type":"LineString","coordinates":[[18.4147347,-33.9219871],[18.4149199,-33.9218062],[18.4148287,-33.9217128],[18.4146269,-33.9215681],[18.4147368,-33.9214707]]}},{"type":"Feature","properties":{"highway":"service","name":null,"oneway":null,"surface":null,"lanes":null,"maxspeed":null},"geometry":{"type":"LineString","coordinates":[[18.4141038,-33.9203484],[18.414313,-33.9205014],[18.4143707,-33.9204491]]}},{"type":"Feature","properties":{"highway":"service","name":null,"oneway":null,"surface":null,"lanes":null,"maxspeed":null},"geometry":{"type":"LineString","coordinates":[[18.4168337,-33.9170401],[18.4165406,-33.916815]]}},{"type":"Feature","properties":{"highway":"footway","name":null,"oneway":null,"surface":"paved","lanes":null,"maxspeed":null},"geometry":{"type":"LineString","coordinates":[[18.428345,-33.9169858],[18.4283163,-33.916966]]}},{"type":"Feature","properties":{"highway":"footway","name":null,"oneway":null,"surface":"paved","lanes":null,"maxspeed":null},"geometry":{"type":"LineString","coordinates":[[18.428747,-33.9174634],[18.4287802,-33.917431],[18.4285764,-33.9172785],[18.4286541,-33.9172059],[18.4286156,-33.9171744]]}},{"type":"Feature","properties":{"highway":"pedestrian","name":null,"oneway":null,"surface":"paving_stones","lanes":null,"maxspeed":null},"geometry":{"type":"LineString","coordinates":[[18.4296624,-33.9308768],[18.4296763,-33.9308827],[18.4296492,-33.9309204],[18.4297581,-33.9309756],[18.4297483,-33.930992],[18.4297392,-33.931013],[18.429733,-33.9310351],[18.4297287,-33.9310502],[18.429727,-33.9310653],[18.4297266,-33.9310838],[18.4297081,-33.9310861],[18.4297086,-33.9311021],[18.4297118,-33.9311164],[18.4297144,-33.9311315],[18.42972,-33.9311453],[18.4297268,-33.9311609],[18.4297358,-33.9311738],[18.4297465,-33.9311878],[18.4297572,-33.9311974],[18.4297401,-33.9312098],[18.429754,-33.9312236],[18.4297679,-33.9312341],[18.4297835,-33.9312462],[18.4298055,-33.9312581],[18.4298289,-33.9312688],[18.4298519,-33.9312766],[18.4298812,-33.9312833],[18.4298849,-33.931267],[18.4299151,-33.9312709],[18.4299109,-33.9313166],[18.4299333,-33.9313208],[18.4299549,-33.9313227],[18.4299765,-33.9313246],[18.4300257,-33.9313836],[18.4300863,-33.9313427],[18.4301083,-33.9313644],[18.430107,-33.9313822],[18.4301729,-33.9314626],[18.4302079,-33.9314638],[18.43028,-33.9315615],[18.4303931,-33.9315709],[18.4304115,-33.9315535],[18.430442,-33.9315427],[18.4304739,-33.9315263],[18.4304988,-33.9315114],[18.4305192,-33.9314948],[18.4305339,-33.9314737],[18.4305504,-33.9314321],[18.4305498,-33.9313985],[18.430543,-33.931373],[18.4305237,-33.9313444],[18.4302788,-33.9311839],[18.4302687,-33.9311722],[18.4302525,-33.9311535],[18.4302549,-33.9311239],[18.430223,-33.93112],[18.4302356,-33.9310302],[18.4302328,-33.9310257],[18.4302291,-33.9310235],[18.4302248,-33.9310218],[18.4302188,-33.931021],[18.4302121,-33.9310242],[18.4301496,-33.931061],[18.4301147,-33.9310609],[18.4301122,-33.931087],[18.4300832,-33.9311046],[18.4300789,-33.931122],[18.4299673,-33.9311104],[18.4299719,-33.9310808],[18.4299514,-33.9310798],[18.4299409,-33.9310742],[18.429963,-33.9310736],[18.4299841,-33.9310614],[18.4299915,-33.9310496],[18.4299915,-33.931036],[18.4299855,-33.9310199],[18.4299759,-33.9310107],[18.4299572,-33.9310101],[18.4299334,-33.9310119],[18.4299163,-33.9310243],[18.4296987,-33.9309124],[18.429724,-33.9308771],[18.4296788,-33.930854],[18.4296721,-33.9308282],[18.4296429,-33.9308128],[18.4296802,-33.9307434],[18.4297581,-33.9307828],[18.4297586,-33.930809],[18.4297693,-33.9308312],[18.429778,-33.930849],[18.4298176,-33.9308813],[18.4298974,-33.9309253],[18.4300007,-33.9309714],[18.4300959,-33.9309893],[18.4302387,-33.9309831],[18.4302889,-33.9309745],[18.4303342,-33.9309673],[18.4303855,-33.9309531],[18.4304251,-33.9309342],[18.4304546,-33.9308913],[18.4305686,-33.9306927],[18.4305103,-33.9306684],[18.4305356,-33.9306216],[18.4305751,-33.930553],[18.4306047,-33.9305651],[18.4306236,-33.9305321],[18.4306373,-33.9305375],[18.4306423,-33.9305288],[18.4307567,-33.930574],[18.4307847,-33.9305851],[18.4306773,-33.9307887],[18.4306436,-33.9307778],[18.4306156,-33.9307687],[18.4305651,-33.9308535],[18.4304661,-33.9310324],[18.4305999,-33.9310832],[18.4306075,-33.931126],[18.4306238,-33.9311682],[18.4306434,-33.9312053],[18.4306697,-33.9312372],[18.4306855,-33.9312603],[18.4306184,-33.9313802],[18.4306702,-33.9314001],[18.430658,-33.9314233],[18.4306156,-33.9315007],[18.4305052,-33.9316903],[18.4300924,-33.9315321],[18.4300593,-33.9315142],[18.4299045,-33.9314304],[18.4299185,-33.9314118],[18.4294993,-33.9312062],[18.4295493,-33.9311348],[18.4294817,-33.9310979],[18.4296412,-33.9308823],[18.4296624,-33.9308768]]}},{"type":"Feature","properties":{"highway":"pedestrian","name":null,"oneway":null,"surface":"paving_stones","lanes":null,"maxspeed":null},"geometry":{"type":"LineString","coordinates":[[18.4287203,-33.9304418],[18.4289108,-33.9305372],[18.4289267,-33.9305175],[18.4289614,-33.9305108],[18.4289871,-33.9305255],[18.4289953,-33.9305366],[18.4290546,-33.9305678],[18.4295905,-33.9308498],[18.4295976,-33.9308537],[18.4295957,-33.9308418],[18.4296133,-33.9308189],[18.4296429,-33.9308128],[18.4296802,-33.9307434],[18.4296441,-33.9307518],[18.4295999,-33.9307713],[18.4295757,-33.9307869],[18.4291271,-33.9305449],[18.4290124,-33.9304931],[18.4289373,-33.9304492],[18.4288643,-33.9304097],[18.4287808,-33.9303652],[18.4287523,-33.9304015],[18.4287203,-33.9304418]]}},{"type":"Feature","properties":{"highway":"footway","name":null,"oneway":null,"surface":"paving_stones","lanes":null,"maxspeed":null},"geometry":{"type":"LineString","coordinates":[[18.4287563,-33.9303423],[18.4287218,-33.9303858]]}},{"type":"Feature","properties":{"highway":"pedestrian","name":null,"oneway":null,"surface":"paving_stones","lanes":null,"maxspeed":null},"geometry":{"type":"LineString","coordinates":[[18.42971,-33.9302713],[18.4297963,-33.9303197],[18.4297958,-33.9303476],[18.4298695,-33.9303869],[18.4298775,-33.9304112],[18.4299355,-33.9303958],[18.4300134,-33.9304351],[18.4300656,-33.9303989],[18.4300883,-33.9303939],[18.4301075,-33.9304642],[18.4301201,-33.9304581],[18.4301514,-33.9304569],[18.4301321,-33.9303841],[18.430179,-33.9303696],[18.4302,-33.9303645],[18.4302865,-33.9304245],[18.4303241,-33.9305011],[18.4303581,-33.9304912],[18.4303283,-33.9304232],[18.4303111,-33.930384],[18.4302165,-33.9303485],[18.4302559,-33.9303071],[18.4302542,-33.9302837],[18.4302415,-33.930247],[18.4302332,-33.9302305],[18.430222,-33.9302078],[18.4301742,-33.9301889],[18.4302448,-33.9300661],[18.4303002,-33.930088],[18.430323,-33.9300482],[18.4302537,-33.9300217],[18.4303745,-33.929753],[18.4303226,-33.9297253],[18.4303115,-33.9297534],[18.4302204,-33.9299843],[18.4302139,-33.9299514],[18.4301967,-33.9298945],[18.4301616,-33.9297791],[18.4301502,-33.9297417],[18.4300592,-33.9297556],[18.4298262,-33.929639],[18.4298297,-33.9296546],[18.42995,-33.9301468],[18.4299771,-33.9301497],[18.4300175,-33.930169],[18.4300501,-33.9301988],[18.4300446,-33.9302456],[18.430023,-33.9302892],[18.4299677,-33.9303576],[18.4297438,-33.9302298],[18.4297279,-33.9302493],[18.42971,-33.9302713]]}},{"type":"Feature","properties":{"highway":"residential","name":"Caledon Street","oneway":null,"surface":"asphalt","lanes":"2","maxspeed":"60"},"geometry":{"type":"LineString","coordinates":[[18.4277686,-33.9296203],[18.4280834,-33.9298227]]}},{"type":"Feature","properties":{"highway":"residential","name":"Parliament Street","oneway":null,"surface":"asphalt","lanes":"2","maxspeed":"60"},"geometry":{"type":"LineString","coordinates":[[18.4206268,-33.9255908],[18.4206909,-33.9255285],[18.4209903,-33.9252537],[18.4210344,-33.9252132],[18.421086,-33.9251684]]}},{"type":"Feature","properties":{"highway":"service","name":null,"oneway":null,"surface":null,"lanes":null,"maxspeed":null},"geometry":{"type":"LineString","coordinates":[[18.4237658,-33.9305441],[18.4236912,-33.9304645],[18.4235945,-33.9303612],[18.4234877,-33.9302472],[18.4233948,-33.9301479],[18.4235453,-33.9300453],[18.4236421,-33.9301442]]}},{"type":"Feature","properties":{"highway":"service","name":null,"oneway":null,"surface":null,"lanes":null,"maxspeed":null},"geometry":{"type":"LineString","coordinates":[[18.4236421,-33.9301442],[18.4237049,-33.9300998]]}},{"type":"Feature","properties":{"highway":"service","name":null,"oneway":null,"surface":null,"lanes":null,"maxspeed":null},"geometry":{"type":"LineString","coordinates":[[18.4236421,-33.9301442],[18.4234877,-33.9302472]]}},{"type":"Feature","properties":{"highway":"service","name":null,"oneway":null,"surface":null,"lanes":null,"maxspeed":null},"geometry":{"type":"LineString","coordinates":[[18.4235945,-33.9303612],[18.4237698,-33.9302466],[18.4238197,-33.9302147]]}},{"type":"Feature","properties":{"highway":"service","name":null,"oneway":null,"surface":null,"lanes":null,"maxspeed":null},"geometry":{"type":"LineString","coordinates":[[18.4236912,-33.9304645],[18.4238626,-33.9303428],[18.4239122,-33.9303074]]}},{"type":"Feature","properties":{"highway":"service","name":null,"oneway":null,"surface":"paving_stones","lanes":null,"maxspeed":null},"geometry":{"type":"LineString","coordinates":[[18.4309385,-33.9303173],[18.4309901,-33.9303345],[18.4310311,-33.9303271],[18.4310826,-33.9303227],[18.4311377,-33.930324],[18.431157,-33.9303258],[18.4311853,-33.9303277]]}},{"type":"Feature","properties":{"highway":"primary","name":"Orange Street","oneway":"yes","surface":"asphalt","lanes":"2","maxspeed":"60"},"geometry":{"type":"LineString","coordinates":[[18.4137499,-33.9272499],[18.4136841,-33.9271605],[18.4136344,-33.9271121]]}},{"type":"Feature","properties":{"highway":"footway","name":null,"oneway":null,"surface":"asphalt","lanes":null,"maxspeed":null},"geometry":{"type":"LineString","coordinates":[[18.4133065,-33.9266526],[18.4133437,-33.9266801],[18.4133803,-33.9267082]]}},{"type":"Feature","properties":{"highway":"footway","name":null,"oneway":null,"surface":"paving_stones","lanes":null,"maxspeed":null},"geometry":{"type":"LineString","coordinates":[[18.4126414,-33.9262364],[18.4126648,-33.9262553],[18.413157,-33.9266303],[18.4131885,-33.9266548],[18.4132234,-33.9266648],[18.4132623,-33.926667],[18.4133065,-33.9266526]]}},{"type":"Feature","properties":{"highway":"footway","name":null,"oneway":null,"surface":"paving_stones","lanes":null,"maxspeed":null},"geometry":{"type":"LineString","coordinates":[[18.4123135,-33.9259821],[18.4125642,-33.9261766]]}},{"type":"Feature","properties":{"highway":"footway","name":null,"oneway":null,"surface":null,"lanes":null,"maxspeed":null},"geometry":{"type":"LineString","coordinates":[[18.4125642,-33.9261766],[18.4126073,-33.92621],[18.4126414,-33.9262364]]}},{"type":"Feature","properties":{"highway":"footway","name":null,"oneway":null,"surface":null,"lanes":null,"maxspeed":null},"geometry":{"type":"LineString","coordinates":[[18.4122135,-33.9259098],[18.4122668,-33.9259483],[18.4123135,-33.9259821]]}},{"type":"Feature","properties":{"highway":"footway","name":null,"oneway":null,"surface":null,"lanes":null,"maxspeed":null},"geometry":{"type":"LineString","coordinates":[[18.4121056,-33.9260244],[18.4119426,-33.9259031],[18.4119152,-33.9258881],[18.411891,-33.9258831],[18.4118722,-33.9258875]]}},{"type":"Feature","properties":{"highway":"footway","name":null,"oneway":null,"surface":null,"lanes":null,"maxspeed":null},"geometry":{"type":"LineString","coordinates":[[18.4124496,-33.9262898],[18.4121882,-33.9260881]]}},{"type":"Feature","properties":{"highway":"footway","name":null,"oneway":null,"surface":null,"lanes":null,"maxspeed":null},"geometry":{"type":"LineString","coordinates":[[18.4121882,-33.9260881],[18.4121493,-33.9260581],[18.4121056,-33.9260244]]}},{"type":"Feature","properties":{"highway":"footway","name":null,"oneway":null,"surface":null,"lanes":null,"maxspeed":null},"geometry":{"type":"LineString","coordinates":[[18.4125341,-33.9263538],[18.4124889,-33.9263196],[18.4124496,-33.9262898]]}},{"type":"Feature","properties":{"highway":"footway","name":null,"oneway":null,"surface":"asphalt","lanes":null,"maxspeed":null},"geometry":{"type":"LineString","coordinates":[[18.4128316,-33.9265787],[18.4125341,-33.9263538]]}},{"type":"Feature","properties":{"highway":"footway","name":null,"oneway":null,"surface":"asphalt","lanes":null,"maxspeed":null},"geometry":{"type":"LineString","coordinates":[[18.4129351,-33.9266603],[18.4128773,-33.9266148],[18.4128316,-33.9265787]]}},{"type":"Feature","properties":{"highway":"steps","name":null,"oneway":null,"surface":null,"lanes":null,"maxspeed":null},"geometry":{"type":"LineString","coordinates":[[18.4118347,-33.925631],[18.4117834,-33.9256791]]}},{"type":"Feature","properties":{"highway":"footway","name":null,"oneway":null,"surface":null,"lanes":null,"maxspeed":null},"geometry":{"type":"LineString","coordinates":[[18.4118449,-33.925638],[18.4118347,-33.925631]]}},{"type":"Feature","properties":{"highway":"path","name":null,"oneway":null,"surface":null,"lanes":null,"maxspeed":null},"geometry":{"type":"LineString","coordinates":[[18.412977,-33.9245266],[18.4129504,-33.924498]]}},{"type":"Feature","properties":{"highway":"footway","name":null,"oneway":null,"surface":null,"lanes":null,"maxspeed":null},"geometry":{"type":"LineString","coordinates":[[18.4129921,-33.924538],[18.412977,-33.9245266]]}},{"type":"Feature","properties":{"highway":"steps","name":null,"oneway":null,"surface":null,"lanes":null,"maxspeed":null},"geometry":{"type":"LineString","coordinates":[[18.4129595,-33.9245708],[18.4129921,-33.924538]]}},{"type":"Feature","properties":{"highway":"footway","name":null,"oneway":null,"surface":null,"lanes":null,"maxspeed":null},"geometry":{"type":"LineString","coordinates":[[18.4129632,-33.9245833],[18.4129535,-33.9245755],[18.4129595,-33.9245708]]}},{"type":"Feature","properties":{"highway":"footway","name":null,"oneway":null,"surface":null,"lanes":null,"maxspeed":null},"geometry":{"type":"LineString","coordinates":[[18.4122135,-33.9259098],[18.4120439,-33.9257829],[18.4120285,-33.9257562],[18.4120298,-33.9257409]]}},{"type":"Feature","properties":{"highway":"footway","name":null,"oneway":null,"surface":null,"lanes":null,"maxspeed":null},"geometry":{"type":"LineString","coordinates":[[18.4117039,-33.9257735],[18.4117476,-33.9257315],[18.4118449,-33.925638],[18.4118615,-33.9256221]]}},{"type":"Feature","properties":{"highway":"footway","name":null,"oneway":null,"surface":"asphalt","lanes":null,"maxspeed":null},"geometry":{"type":"LineString","coordinates":[[18.411891,-33.9258831],[18.4119624,-33.9258172],[18.4120285,-33.9257562]]}},{"type":"Feature","properties":{"highway":"path","name":null,"oneway":null,"surface":null,"lanes":null,"maxspeed":null},"geometry":{"type":"LineString","coordinates":[[18.4120215,-33.9266111],[18.4121043,-33.9266743]]}},{"type":"Feature","properties":{"highway":"path","name":null,"oneway":null,"surface":null,"lanes":null,"maxspeed":null},"geometry":{"type":"LineString","coordinates":[[18.4117692,-33.9264183],[18.4118178,-33.9264554]]}},{"type":"Feature","properties":{"highway":"service","name":null,"oneway":null,"surface":null,"lanes":null,"maxspeed":null},"geometry":{"type":"LineString","coordinates":[[18.4332458,-33.9274335],[18.4332409,-33.9275053],[18.4332396,-33.9275245]]}},{"type":"Feature","properties":{"highway":"service","name":null,"oneway":null,"surface":null,"lanes":null,"maxspeed":null},"geometry":{"type":"LineString","coordinates":[[18.4329758,-33.9275109],[18.4329774,-33.9274947],[18.4329849,-33.9274195]]}},{"type":"Feature","properties":{"highway":"service","name":null,"oneway":null,"surface":null,"lanes":null,"maxspeed":null},"geometry":{"type":"LineString","coordinates":[[18.4325071,-33.9302999],[18.4325669,-33.9303022],[18.4325847,-33.9303029]]}},{"type":"Feature","properties":{"highway":"service","name":null,"oneway":null,"surface":null,"lanes":null,"maxspeed":null},"geometry":{"type":"LineString","coordinates":[[18.424531,-33.9278455],[18.424468,-33.927797]]}},{"type":"Feature","properties":{"highway":"residential","name":"Green Street","oneway":"yes","surface":"asphalt","lanes":"1","maxspeed":"60"},"geometry":{"type":"LineString","coordinates":[[18.4159506,-33.9263282],[18.4153643,-33.9259083]]}},{"type":"Feature","properties":{"highway":"service","name":null,"oneway":null,"surface":"asphalt","lanes":null,"maxspeed":null},"geometry":{"type":"LineString","coordinates":[[18.4286652,-33.9286033],[18.4286022,-33.9286483],[18.4285891,-33.9286585]]}},{"type":"Feature","properties":{"highway":"service","name":null,"oneway":null,"surface":null,"lanes":null,"maxspeed":null},"geometry":{"type":"LineString","coordinates":[[18.4329758,-33.9275109],[18.432974,-33.9275284],[18.4329934,-33.9275469],[18.4330336,-33.9275494],[18.4330798,-33.9275507],[18.4331439,-33.9275544],[18.4331811,-33.9275568],[18.4332064,-33.9275568],[18.4332213,-33.9275531],[18.4332318,-33.9275432],[18.4332396,-33.9275245]]}},{"type":"Feature","properties":{"highway":"service","name":null,"oneway":null,"surface":null,"lanes":null,"maxspeed":null},"geometry":{"type":"LineString","coordinates":[[18.432974,-33.9275284],[18.432971,-33.9275729],[18.4329814,-33.9276051],[18.4330202,-33.9276137],[18.4330366,-33.9276149],[18.4330649,-33.9276149],[18.4331185,-33.9276162],[18.4331707,-33.9276187],[18.433196,-33.9276187],[18.4332139,-33.9276187],[18.4332273,-33.9276088],[18.4332377,-33.9275803],[18.4332392,-33.9275519],[18.4332396,-33.9275245]]}},{"type":"Feature","properties":{"highway":"service","name":null,"oneway":null,"surface":null,"lanes":null,"maxspeed":null},"geometry":{"type":"LineString","coordinates":[[18.4312654,-33.9283297],[18.4311746,-33.9283209]]}},{"type":"Feature","properties":{"highway":"service","name":null,"oneway":null,"surface":null,"lanes":null,"maxspeed":null},"geometry":{"type":"LineString","coordinates":[[18.4318269,-33.9280478],[18.4319482,-33.9280552]]}},{"type":"Feature","properties":{"highway":"footway","name":null,"oneway":null,"surface":"paving_stones","lanes":null,"maxspeed":null},"geometry":{"type":"LineString","coordinates":[[18.4189351,-33.9214634],[18.4189442,-33.9214554]]}},{"type":"Feature","properties":{"highway":"footway","name":null,"oneway":null,"surface":"paving_stones","lanes":null,"maxspeed":null},"geometry":{"type":"LineString","coordinates":[[18.4189047,-33.9206397],[18.418893,-33.9206502],[18.4184158,-33.9210784],[18.4189351,-33.9214634]]}},{"type":"Feature","properties":{"highway":"footway","name":null,"oneway":null,"surface":"asphalt","lanes":null,"maxspeed":null},"geometry":{"type":"LineString","coordinates":[[18.4183092,-33.9211477],[18.4183491,-33.9211416]]}},{"type":"Feature","properties":{"highway":"footway","name":null,"oneway":null,"surface":"paving_stones","lanes":null,"maxspeed":null},"geometry":{"type":"LineString","coordinates":[[18.4184004,-33.9210929],[18.4183689,-33.9211228],[18.4183491,-33.9211416]]}},{"type":"Feature","properties":{"highway":"footway","name":null,"oneway":null,"surface":"asphalt","lanes":null,"maxspeed":null},"geometry":{"type":"LineString","coordinates":[[18.418394,-33.9210617],[18.4184158,-33.9210784],[18.4184004,-33.9210929]]}},{"type":"Feature","properties":{"highway":"footway","name":null,"oneway":null,"surface":null,"lanes":null,"maxspeed":null},"geometry":{"type":"LineString","coordinates":[[18.4179086,-33.9224341],[18.417894,-33.9224228]]}},{"type":"Feature","properties":{"highway":"footway","name":null,"oneway":null,"surface":null,"lanes":null,"maxspeed":null},"geometry":{"type":"LineString","coordinates":[[18.4179947,-33.9224998],[18.4179582,-33.922472],[18.4179086,-33.9224341]]}},{"type":"Feature","properties":{"highway":"footway","name":null,"oneway":null,"surface":null,"lanes":null,"maxspeed":null},"geometry":{"type":"LineString","coordinates":[[18.4180199,-33.922519],[18.4179947,-33.9224998]]}},{"type":"Feature","properties":{"highway":"footway","name":null,"oneway":null,"surface":"paved","lanes":null,"maxspeed":null},"geometry":{"type":"LineString","coordinates":[[18.4180427,-33.9225001],[18.4180199,-33.922519],[18.4179662,-33.9225635],[18.4175224,-33.9229641]]}},{"type":"Feature","properties":{"highway":"footway","name":null,"oneway":null,"surface":null,"lanes":null,"maxspeed":null},"geometry":{"type":"LineString","coordinates":[[18.4180876,-33.9224606],[18.4180618,-33.9224833],[18.4180427,-33.9225001]]}},{"type":"Feature","properties":{"highway":"footway","name":null,"oneway":null,"surface":"paved","lanes":null,"maxspeed":null},"geometry":{"type":"LineString","coordinates":[[18.4185409,-33.9220508],[18.4180876,-33.9224606]]}},{"type":"Feature","properties":{"highway":"footway","name":null,"oneway":null,"surface":null,"lanes":null,"maxspeed":null},"geometry":{"type":"LineString","coordinates":[[18.4186549,-33.9219465],[18.4190113,-33.9216193]]}},{"type":"Feature","properties":{"highway":"footway","name":null,"oneway":null,"surface":null,"lanes":null,"maxspeed":null},"geometry":{"type":"LineString","coordinates":[[18.4186549,-33.9219465],[18.4186247,-33.9219748]]}},{"type":"Feature","properties":{"highway":"footway","name":null,"oneway":null,"surface":null,"lanes":null,"maxspeed":null},"geometry":{"type":"LineString","coordinates":[[18.4185771,-33.9220194],[18.4185949,-33.9220027],[18.4186247,-33.9219748]]}},{"type":"Feature","properties":{"highway":"footway","name":null,"oneway":null,"surface":null,"lanes":null,"maxspeed":null},"geometry":{"type":"LineString","coordinates":[[18.418512,-33.9220299],[18.4185409,-33.9220508],[18.4185771,-33.9220194]]}},{"type":"Feature","properties":{"highway":"footway","name":null,"oneway":null,"surface":null,"lanes":null,"maxspeed":null},"geometry":{"type":"LineString","coordinates":[[18.4184322,-33.9219721],[18.4184721,-33.922001],[18.418512,-33.9220299]]}},{"type":"Feature","properties":{"highway":"footway","name":null,"oneway":null,"surface":null,"lanes":null,"maxspeed":null},"geometry":{"type":"LineString","coordinates":[[18.4184135,-33.9219587],[18.4184322,-33.9219721]]}},{"type":"Feature","properties":{"highway":"footway","name":null,"oneway":null,"surface":null,"lanes":null,"maxspeed":null},"geometry":{"type":"LineString","coordinates":[[18.4185422,-33.9218697],[18.4185847,-33.9218985],[18.4186549,-33.9219465]]}},{"type":"Feature","properties":{"highway":"footway","name":null,"oneway":null,"surface":null,"lanes":null,"maxspeed":null},"geometry":{"type":"LineString","coordinates":[[18.4185248,-33.9218574],[18.4185422,-33.9218697]]}},{"type":"Feature","properties":{"highway":"footway","name":null,"oneway":null,"surface":null,"lanes":null,"maxspeed":null},"geometry":{"type":"LineString","coordinates":[[18.4184799,-33.9218713],[18.4185248,-33.9218574],[18.4188627,-33.9215464],[18.4188721,-33.9215186],[18.4183491,-33.9211416]]}},{"type":"Feature","properties":{"highway":"footway","name":null,"oneway":null,"surface":null,"lanes":null,"maxspeed":null},"geometry":{"type":"LineString","coordinates":[[18.4179588,-33.9223691],[18.4184135,-33.9219587],[18.4184195,-33.9219248]]}},{"type":"Feature","properties":{"highway":"footway","name":null,"oneway":null,"surface":null,"lanes":null,"maxspeed":null},"geometry":{"type":"LineString","coordinates":[[18.4184195,-33.9219248],[18.4184496,-33.9218981],[18.4184799,-33.9218713]]}},{"type":"Feature","properties":{"highway":"footway","name":null,"oneway":null,"surface":null,"lanes":null,"maxspeed":null},"geometry":{"type":"LineString","coordinates":[[18.4179055,-33.9224125],[18.4179347,-33.9223887],[18.4179588,-33.9223691]]}},{"type":"Feature","properties":{"highway":"footway","name":null,"oneway":null,"surface":null,"lanes":null,"maxspeed":null},"geometry":{"type":"LineString","coordinates":[[18.4173941,-33.9228703],[18.417894,-33.9224228],[18.4179055,-33.9224125]]}},{"type":"Feature","properties":{"highway":"footway","name":null,"oneway":null,"surface":"paving_stones","lanes":null,"maxspeed":null},"geometry":{"type":"LineString","coordinates":[[18.4194233,-33.9210268],[18.4194121,-33.9210369],[18.4189442,-33.9214554]]}},{"type":"Feature","properties":{"highway":"footway","name":null,"oneway":null,"surface":"paving_stones","lanes":null,"maxspeed":null},"geometry":{"type":"LineString","coordinates":[[18.4190808,-33.9215576],[18.4195517,-33.9211193]]}},{"type":"Feature","properties":{"highway":"footway","name":null,"oneway":null,"surface":"asphalt","lanes":null,"maxspeed":null},"geometry":{"type":"LineString","coordinates":[[18.4188721,-33.9215186],[18.4189444,-33.9215709],[18.4190113,-33.9216193]]}},{"type":"Feature","properties":{"highway":"footway","name":null,"oneway":null,"surface":"asphalt","lanes":null,"maxspeed":null},"geometry":{"type":"LineString","coordinates":[[18.4190808,-33.9215576],[18.4190141,-33.9215077],[18.4189442,-33.9214554]]}},{"type":"Feature","properties":{"highway":"footway","name":null,"oneway":null,"surface":"asphalt","lanes":null,"maxspeed":null},"geometry":{"type":"LineString","coordinates":[[18.4190113,-33.9216193],[18.4190455,-33.9215889],[18.4190808,-33.9215576]]}},{"type":"Feature","properties":{"highway":"footway","name":null,"oneway":null,"surface":"asphalt","lanes":null,"maxspeed":null},"geometry":{"type":"LineString","coordinates":[[18.4188721,-33.9215186],[18.4189043,-33.9214904],[18.4189351,-33.9214634]]}},{"type":"Feature","properties":{"highway":"footway","name":null,"oneway":null,"surface":"paving_stones","lanes":null,"maxspeed":null},"geometry":{"type":"LineString","coordinates":[[18.4195082,-33.9209727],[18.4196148,-33.9208773],[18.4196151,-33.9208586],[18.4199363,-33.9205604],[18.4199594,-33.9205437]]}},{"type":"Feature","properties":{"highway":"footway","name":null,"oneway":null,"surface":"paving_stones","lanes":null,"maxspeed":null},"geometry":{"type":"LineString","coordinates":[[18.4200815,-33.9206355],[18.4196195,-33.9210548]]}},{"type":"Feature","properties":{"highway":"footway","name":null,"oneway":null,"surface":"paving_stones","lanes":null,"maxspeed":null},"geometry":{"type":"LineString","coordinates":[[18.4195517,-33.9211193],[18.4195273,-33.9211026]]}},{"type":"Feature","properties":{"highway":"footway","name":null,"oneway":null,"surface":"paving_stones","lanes":null,"maxspeed":null},"geometry":{"type":"LineString","coordinates":[[18.4195082,-33.9209727],[18.4194797,-33.9209825]]}},{"type":"Feature","properties":{"highway":"footway","name":null,"oneway":null,"surface":"asphalt","lanes":null,"maxspeed":null},"geometry":{"type":"LineString","coordinates":[[18.4196195,-33.9210548],[18.4195594,-33.9210105],[18.4195082,-33.9209727]]}},{"type":"Feature","properties":{"highway":"footway","name":null,"oneway":null,"surface":"asphalt","lanes":null,"maxspeed":null},"geometry":{"type":"LineString","coordinates":[[18.4195517,-33.9211193],[18.4195834,-33.9210904],[18.4196195,-33.9210548]]}},{"type":"Feature","properties":{"highway":"footway","name":null,"oneway":null,"surface":"asphalt","lanes":null,"maxspeed":null},"geometry":{"type":"LineString","coordinates":[[18.4194284,-33.9210306],[18.4194541,-33.9210062],[18.4194797,-33.9209825]]}},{"type":"Feature","properties":{"highway":"footway","name":null,"oneway":null,"surface":"asphalt","lanes":null,"maxspeed":null},"geometry":{"type":"LineString","coordinates":[[18.4195273,-33.9211026],[18.4194884,-33.9210743],[18.4194284,-33.9210306]]}},{"type":"Feature","properties":{"highway":"footway","name":null,"oneway":null,"surface":"paving_stones","lanes":null,"maxspeed":null},"geometry":{"type":"LineString","coordinates":[[18.4200989,-33.9206222],[18.4200815,-33.9206355],[18.420063,-33.9206222]]}},{"type":"Feature","properties":{"highway":"footway","name":null,"oneway":null,"surface":"paving_stones","lanes":null,"maxspeed":null},"geometry":{"type":"LineString","coordinates":[[18.4199816,-33.9205251],[18.4199594,-33.9205437],[18.4199846,-33.9205623]]}},{"type":"Feature","properties":{"highway":"footway","name":null,"oneway":null,"surface":"paving_stones","lanes":null,"maxspeed":null},"geometry":{"type":"LineString","coordinates":[[18.4200506,-33.9204892],[18.4200345,-33.9204772],[18.4200201,-33.9204908]]}},{"type":"Feature","properties":{"highway":"footway","name":null,"oneway":null,"surface":"paving_stones","lanes":null,"maxspeed":null},"geometry":{"type":"LineString","coordinates":[[18.4201549,-33.9205726],[18.4201304,-33.9205521]]}},{"type":"Feature","properties":{"highway":"footway","name":null,"oneway":null,"surface":"asphalt","lanes":null,"maxspeed":null},"geometry":{"type":"LineString","coordinates":[[18.4199846,-33.9205623],[18.4200202,-33.9205895],[18.420063,-33.9206222]]}},{"type":"Feature","properties":{"highway":"footway","name":null,"oneway":null,"surface":"asphalt","lanes":null,"maxspeed":null},"geometry":{"type":"LineString","coordinates":[[18.4200201,-33.9204908],[18.4199976,-33.9205108],[18.4199816,-33.9205251]]}},{"type":"Feature","properties":{"highway":"footway","name":null,"oneway":null,"surface":"asphalt","lanes":null,"maxspeed":null},"geometry":{"type":"LineString","coordinates":[[18.4201304,-33.9205521],[18.4200939,-33.9205233],[18.4200506,-33.9204892]]}},{"type":"Feature","properties":{"highway":"footway","name":null,"oneway":null,"surface":"asphalt","lanes":null,"maxspeed":null},"geometry":{"type":"LineString","coordinates":[[18.4201407,-33.9205855],[18.4201127,-33.9206101],[18.4200989,-33.9206222]]}},{"type":"Feature","properties":{"highway":"footway","name":null,"oneway":null,"surface":"paving_stones","lanes":null,"maxspeed":null},"geometry":{"type":"LineString","coordinates":[[18.4194284,-33.9210306],[18.4194233,-33.9210268],[18.4189047,-33.9206397]]}},{"type":"Feature","properties":{"highway":"footway","name":null,"oneway":null,"surface":"paving_stones","lanes":null,"maxspeed":null},"geometry":{"type":"LineString","coordinates":[[18.4194797,-33.9209825],[18.4189567,-33.9205923]]}},{"type":"Feature","properties":{"highway":"residential","name":"Castle Street","oneway":"yes","surface":"asphalt","lanes":"1","maxspeed":"60"},"geometry":{"type":"LineString","coordinates":[[18.4194592,-33.9201082],[18.4198882,-33.9204357]]}},{"type":"Feature","properties":{"highway":"residential","name":"Castle Street","oneway":"yes","surface":"asphalt","lanes":"1","maxspeed":"60"},"geometry":{"type":"LineString","coordinates":[[18.4186292,-33.9195053],[18.4192528,-33.9199474]]}},{"type":"Feature","properties":{"highway":"footway","name":null,"oneway":null,"surface":"paving_stones","lanes":null,"maxspeed":null},"geometry":{"type":"LineString","coordinates":[[18.4194877,-33.920081],[18.4198671,-33.9197265]]}},{"type":"Feature","properties":{"highway":"footway","name":null,"oneway":null,"surface":"paving_stones","lanes":null,"maxspeed":null},"geometry":{"type":"LineString","coordinates":[[18.4192785,-33.919925],[18.4196561,-33.9195661]]}},{"type":"Feature","properties":{"highway":"footway","name":null,"oneway":null,"surface":"asphalt","lanes":null,"maxspeed":null},"geometry":{"type":"LineString","coordinates":[[18.4192275,-33.9199695],[18.4192528,-33.9199474],[18.4192785,-33.919925]]}},{"type":"Feature","properties":{"highway":"footway","name":null,"oneway":null,"surface":"paving_stones","lanes":null,"maxspeed":null},"geometry":{"type":"LineString","coordinates":[[18.4187437,-33.9204104],[18.4192275,-33.9199695]]}},{"type":"Feature","properties":{"highway":"footway","name":null,"oneway":null,"surface":"asphalt","lanes":null,"maxspeed":null},"geometry":{"type":"LineString","coordinates":[[18.4194424,-33.920125],[18.4194592,-33.9201082],[18.4194877,-33.920081]]}},{"type":"Feature","properties":{"highway":"footway","name":null,"oneway":null,"surface":"paving_stones","lanes":null,"maxspeed":null},"geometry":{"type":"LineString","coordinates":[[18.418972,-33.9205774],[18.4194216,-33.920145],[18.4194424,-33.920125]]}},{"type":"Feature","properties":{"highway":"footway","name":null,"oneway":null,"surface":"asphalt","lanes":null,"maxspeed":null},"geometry":{"type":"LineString","coordinates":[[18.4182133,-33.9209257],[18.4182135,-33.9209169],[18.4186599,-33.9204856]]}},{"type":"Feature","properties":{"highway":"footway","name":null,"oneway":null,"surface":"paving_stones","lanes":null,"maxspeed":null},"geometry":{"type":"LineString","coordinates":[[18.4186797,-33.9205003],[18.4186599,-33.9204856],[18.418677,-33.9204697]]}},{"type":"Feature","properties":{"highway":"footway","name":null,"oneway":null,"surface":"paving_stones","lanes":null,"maxspeed":null},"geometry":{"type":"LineString","coordinates":[[18.4187682,-33.9204266],[18.4187437,-33.9204104],[18.4187159,-33.9204346]]}},{"type":"Feature","properties":{"highway":"footway","name":null,"oneway":null,"surface":"paving_stones","lanes":null,"maxspeed":null},"geometry":{"type":"LineString","coordinates":[[18.4189506,-33.9205982],[18.4189567,-33.9205923],[18.418972,-33.9205774],[18.4189462,-33.9205576]]}},{"type":"Feature","properties":{"highway":"footway","name":null,"oneway":null,"surface":"paving_stones","lanes":null,"maxspeed":null},"geometry":{"type":"LineString","coordinates":[[18.418893,-33.9206502],[18.4188664,-33.9206316]]}},{"type":"Feature","properties":{"highway":"footway","name":null,"oneway":null,"surface":"asphalt","lanes":null,"maxspeed":null},"geometry":{"type":"LineString","coordinates":[[18.4189047,-33.9206397],[18.4189295,-33.9206172],[18.4189506,-33.9205982]]}},{"type":"Feature","properties":{"highway":"footway","name":null,"oneway":null,"surface":"asphalt","lanes":null,"maxspeed":null},"geometry":{"type":"LineString","coordinates":[[18.4187159,-33.9204346],[18.4187,-33.920449],[18.418677,-33.9204697]]}},{"type":"Feature","properties":{"highway":"residential","name":"Hout Street","oneway":"yes","surface":"asphalt","lanes":"1","maxspeed":"60"},"geometry":{"type":"LineString","coordinates":[[18.4201861,-33.9215138],[18.4201183,-33.9214643],[18.4195834,-33.9210904]]}},{"type":"Feature","properties":{"highway":"residential","name":"Hout Street","oneway":"yes","surface":"asphalt","lanes":"1","maxspeed":"60"},"geometry":{"type":"LineString","coordinates":[[18.4187,-33.920449],[18.4181775,-33.9200696],[18.4181233,-33.9200061]]}},{"type":"Feature","properties":{"highway":"living_street","name":"Shortmarket Street","oneway":"yes","surface":"paving_stones","lanes":"1","maxspeed":null},"geometry":{"type":"LineString","coordinates":[[18.4189788,-33.9215401],[18.4189043,-33.9214904],[18.4183689,-33.9211228],[18.4183384,-33.9211028]]}},{"type":"Feature","properties":{"highway":"footway","name":null,"oneway":null,"surface":"paving_stones","lanes":null,"maxspeed":null},"geometry":{"type":"LineString","coordinates":[[18.4194216,-33.920145],[18.4196104,-33.9202816],[18.4199594,-33.9205437]]}},{"type":"Feature","properties":{"highway":"footway","name":null,"oneway":null,"surface":"asphalt","lanes":null,"maxspeed":null},"geometry":{"type":"LineString","coordinates":[[18.4180974,-33.9210681],[18.4180698,-33.9210473],[18.4181039,-33.9210196]]}},{"type":"Feature","properties":{"highway":"service","name":null,"oneway":null,"surface":"asphalt","lanes":null,"maxspeed":null},"geometry":{"type":"LineString","coordinates":[[18.4328608,-33.9315171],[18.4321542,-33.9312482]]}},{"type":"Feature","properties":{"highway":"service","name":null,"oneway":null,"surface":"paving_stones","lanes":null,"maxspeed":null},"geometry":{"type":"LineString","coordinates":[[18.4311054,-33.9306078],[18.4312018,-33.9306424]]}},{"type":"Feature","properties":{"highway":"service","name":null,"oneway":null,"surface":"paving_stones","lanes":null,"maxspeed":null},"geometry":{"type":"LineString","coordinates":[[18.4312018,-33.9306424],[18.4313697,-33.9307056]]}},{"type":"Feature","properties":{"highway":"pedestrian","name":null,"oneway":null,"surface":"paving_stones","lanes":null,"maxspeed":null},"geometry":{"type":"LineString","coordinates":[[18.4313811,-33.9310732],[18.4314124,-33.9310848],[18.4314841,-33.9309516],[18.431651,-33.9310131],[18.4316084,-33.9310909],[18.4315788,-33.9310778],[18.4315653,-33.9311063],[18.431539,-33.9310963],[18.4314783,-33.931202],[18.4315034,-33.9312141],[18.4314391,-33.9313291],[18.4314144,-33.9313192],[18.431402,-33.9313423],[18.4313406,-33.9313196],[18.4314419,-33.9311317],[18.431365,-33.9311032],[18.4313714,-33.9310911],[18.4313811,-33.9310732]]}},{"type":"Feature","properties":{"highway":"footway","name":null,"oneway":null,"surface":"paving_stones","lanes":null,"maxspeed":null},"geometry":{"type":"LineString","coordinates":[[18.4313714,-33.9310911],[18.4313256,-33.9310761]]}},{"type":"Feature","properties":{"highway":"footway","name":null,"oneway":null,"surface":"paving_stones","lanes":null,"maxspeed":null},"geometry":{"type":"LineString","coordinates":[[18.4311258,-33.9312568],[18.4311499,-33.9312218],[18.4311618,-33.9312026],[18.4311916,-33.931215],[18.4312311,-33.9312329],[18.4312423,-33.9312379],[18.43126,-33.9312009]]}},{"type":"Feature","properties":{"highway":"residential","name":"Hudson Street","oneway":null,"surface":"asphalt","lanes":"2","maxspeed":"60"},"geometry":{"type":"LineString","coordinates":[[18.4171561,-33.9175983],[18.4169572,-33.9177729],[18.4168437,-33.9178657]]}},{"type":"Feature","properties":{"highway":"service","name":null,"oneway":null,"surface":null,"lanes":null,"maxspeed":null},"geometry":{"type":"LineString","coordinates":[[18.4168437,-33.9178657],[18.4167832,-33.9178202],[18.4166497,-33.917711],[18.4165035,-33.9175914],[18.416479,-33.9175826],[18.4164482,-33.9175809],[18.4164137,-33.9175882],[18.4163772,-33.9176017],[18.4163393,-33.9176218],[18.4161084,-33.9177916],[18.4160968,-33.9178048],[18.4160916,-33.9178246],[18.416102,-33.9178403],[18.4161283,-33.9178602],[18.4161522,-33.917863],[18.4161784,-33.9178542],[18.4163234,-33.9177346]]}},{"type":"Feature","properties":{"highway":"footway","name":null,"oneway":null,"surface":null,"lanes":null,"maxspeed":null},"geometry":{"type":"LineString","coordinates":[[18.4245214,-33.9313565],[18.4245028,-33.9313351],[18.4245724,-33.9312881],[18.4247442,-33.9311725],[18.424952,-33.9310328],[18.4250052,-33.9310871]]}},{"type":"Feature","properties":{"highway":"footway","name":null,"oneway":null,"surface":"asphalt","lanes":null,"maxspeed":null},"geometry":{"type":"LineString","coordinates":[[18.42503,-33.9311144],[18.4250921,-33.9311861],[18.4252061,-33.9311126],[18.425379,-33.9312894],[18.4253303,-33.9313227]]}},{"type":"Feature","properties":{"highway":"footway","name":null,"oneway":null,"surface":null,"lanes":null,"maxspeed":null},"geometry":{"type":"LineString","coordinates":[[18.4250052,-33.9310871],[18.42503,-33.9311144]]}},{"type":"Feature","properties":{"highway":"footway","name":null,"oneway":null,"surface":"asphalt","lanes":null,"maxspeed":null},"geometry":{"type":"LineString","coordinates":[[18.4251408,-33.9312686],[18.4250727,-33.9311985],[18.4250921,-33.9311861]]}},{"type":"Feature","properties":{"highway":"steps","name":null,"oneway":null,"surface":null,"lanes":null,"maxspeed":null},"geometry":{"type":"LineString","coordinates":[[18.4245724,-33.9312881],[18.4245495,-33.9312622]]}},{"type":"Feature","properties":{"highway":"steps","name":null,"oneway":null,"surface":null,"lanes":null,"maxspeed":null},"geometry":{"type":"LineString","coordinates":[[18.4247442,-33.9311725],[18.4247232,-33.93115]]}},{"type":"Feature","properties":{"highway":"pedestrian","name":null,"oneway":null,"surface":null,"lanes":null,"maxspeed":null},"geometry":{"type":"LineString","coordinates":[[18.4241829,-33.9309173],[18.4243734,-33.9307879],[18.4244246,-33.9308404],[18.4245901,-33.9307293],[18.4246477,-33.9306907],[18.4246641,-33.9307075],[18.4244338,-33.930862],[18.4243205,-33.9308954],[18.4242984,-33.9309154],[18.4242668,-33.9309171],[18.4242168,-33.9309505],[18.4242131,-33.9309468],[18.4241829,-33.9309173]]}},{"type":"Feature","properties":{"highway":"footway","name":null,"oneway":null,"surface":null,"lanes":null,"maxspeed":null},"geometry":{"type":"LineString","coordinates":[[18.4242131,-33.9309468],[18.424078,-33.9310355],[18.4240894,-33.9310499],[18.4242463,-33.9309514],[18.4242577,-33.9309654],[18.4241491,-33.931031]]}},{"type":"Feature","properties":{"highway":"steps","name":null,"oneway":null,"surface":null,"lanes":null,"maxspeed":null},"geometry":{"type":"LineString","coordinates":[[18.4241491,-33.931031],[18.4241959,-33.9310847]]}},{"type":"Feature","properties":{"highway":"footway","name":null,"oneway":null,"surface":"concrete","lanes":null,"maxspeed":null},"geometry":{"type":"LineString","coordinates":[[18.4241959,-33.9310847],[18.4243391,-33.9310012],[18.4245678,-33.9312505],[18.4245495,-33.9312622]]}},{"type":"Feature","properties":{"highway":"footway","name":null,"oneway":null,"surface":"concrete","lanes":null,"maxspeed":null},"geometry":{"type":"LineString","coordinates":[[18.4245678,-33.9312505],[18.4247232,-33.93115]]}},{"type":"Feature","properties":{"highway":"path","name":null,"oneway":null,"surface":"ground","lanes":null,"maxspeed":null},"geometry":{"type":"LineString","coordinates":[[18.4263262,-33.9317575],[18.4263416,-33.9316689],[18.4263437,-33.9316082],[18.426344,-33.9315089],[18.4263373,-33.9314255],[18.4263306,-33.9313187],[18.4263319,-33.9312586],[18.4263292,-33.9311963],[18.4263333,-33.9311484],[18.4263292,-33.9310861],[18.4263413,-33.931036],[18.4263306,-33.9309915],[18.4263134,-33.9309579],[18.4262914,-33.9309146]]}},{"type":"Feature","properties":{"highway":"path","name":null,"oneway":null,"surface":null,"lanes":null,"maxspeed":null},"geometry":{"type":"LineString","coordinates":[[18.4257333,-33.9320007],[18.4256858,-33.931927],[18.4256731,-33.9318948],[18.4256627,-33.9318739],[18.4256654,-33.9318461],[18.4256748,-33.931816],[18.4256895,-33.9317804],[18.425715,-33.931737],[18.4257418,-33.931697],[18.4258089,-33.9316046],[18.425833,-33.931569],[18.4258894,-33.9315034],[18.4259122,-33.9314778],[18.4259443,-33.9314366],[18.4259658,-33.9314021],[18.4259819,-33.9313698],[18.4260007,-33.9313409],[18.4260261,-33.9313064],[18.4260422,-33.9312786],[18.4260624,-33.9312408],[18.4260784,-33.9312163],[18.4260999,-33.9311873],[18.426124,-33.9311695],[18.4261468,-33.9311473],[18.4261737,-33.9311184],[18.4262126,-33.9310727],[18.4262447,-33.9310371],[18.4262769,-33.9309904],[18.4263134,-33.9309579]]}},{"type":"Feature","properties":{"highway":"footway","name":null,"oneway":null,"surface":null,"lanes":null,"maxspeed":null},"geometry":{"type":"LineString","coordinates":[[18.4245838,-33.9307204],[18.4245901,-33.9307293]]}},{"type":"Feature","properties":{"highway":"service","name":null,"oneway":null,"surface":null,"lanes":null,"maxspeed":null},"geometry":{"type":"LineString","coordinates":[[18.4202199,-33.9291518],[18.4205634,-33.9285961]]}},{"type":"Feature","properties":{"highway":"service","name":null,"oneway":null,"surface":null,"lanes":null,"maxspeed":null},"geometry":{"type":"LineString","coordinates":[[18.4275716,-33.9302133],[18.4276061,-33.9303275],[18.4278573,-33.930401],[18.4281935,-33.9304949]]}},{"type":"Feature","properties":{"highway":"service","name":null,"oneway":null,"surface":null,"lanes":null,"maxspeed":null},"geometry":{"type":"LineString","coordinates":[[18.4273505,-33.930253],[18.4275716,-33.9302133],[18.4277046,-33.9301861],[18.4277489,-33.9301817],[18.4277999,-33.9301889],[18.4282525,-33.9303208]]}},{"type":"Feature","properties":{"highway":"service","name":null,"oneway":null,"surface":null,"lanes":null,"maxspeed":null},"geometry":{"type":"LineString","coordinates":[[18.4276061,-33.9303275],[18.4276269,-33.9303842],[18.4276369,-33.9303998],[18.4276577,-33.9304126],[18.4277734,-33.930469],[18.4277969,-33.9304693],[18.4278144,-33.9304547],[18.4278307,-33.930437],[18.4278573,-33.930401]]}},{"type":"Feature","properties":{"highway":"service","name":null,"oneway":null,"surface":"asphalt","lanes":null,"maxspeed":null},"geometry":{"type":"LineString","coordinates":[[18.4264143,-33.9304513],[18.4265134,-33.9303613],[18.426607,-33.9302763],[18.4266344,-33.9302679],[18.4266626,-33.9302768],[18.4268832,-33.9304582]]}},{"type":"Feature","properties":{"highway":"footway","name":null,"oneway":null,"surface":"paved","lanes":null,"maxspeed":null},"geometry":{"type":"LineString","coordinates":[[18.4241393,-33.9286866],[18.4238515,-33.9284596]]}},{"type":"Feature","properties":{"highway":"footway","name":null,"oneway":null,"surface":null,"lanes":null,"maxspeed":null},"geometry":{"type":"LineString","coordinates":[[18.4242625,-33.9283916],[18.4243153,-33.9283489]]}},{"type":"Feature","properties":{"highway":"corridor","name":null,"oneway":null,"surface":null,"lanes":null,"maxspeed":null},"geometry":{"type":"LineString","coordinates":[[18.4243153,-33.9283489],[18.4243693,-33.9283053]]}},{"type":"Feature","properties":{"highway":"footway","name":null,"oneway":null,"surface":null,"lanes":null,"maxspeed":null},"geometry":{"type":"LineString","coordinates":[[18.4243693,-33.9283053],[18.4243924,-33.9282862],[18.4242707,-33.9281913],[18.4242057,-33.9281387]]}},{"type":"Feature","properties":{"highway":"service","name":null,"oneway":null,"surface":null,"lanes":null,"maxspeed":null},"geometry":{"type":"LineString","coordinates":[[18.4235353,-33.9283881],[18.4235743,-33.9283531]]}},{"type":"Feature","properties":{"highway":"footway","name":null,"oneway":null,"surface":null,"lanes":null,"maxspeed":null},"geometry":{"type":"LineString","coordinates":[[18.424058,-33.9282738],[18.4239855,-33.9282215]]}},{"type":"Feature","properties":{"highway":"service","name":null,"oneway":null,"surface":"compacted","lanes":null,"maxspeed":null},"geometry":{"type":"LineString","coordinates":[[18.4286934,-33.9294122],[18.4288704,-33.9294951]]}},{"type":"Feature","properties":{"highway":"service","name":null,"oneway":null,"surface":"asphalt","lanes":null,"maxspeed":null},"geometry":{"type":"LineString","coordinates":[[18.428013,-33.9293534],[18.428167,-33.9294264],[18.4283204,-33.9295003],[18.4284752,-33.9295698],[18.4285498,-33.9296061]]}},{"type":"Feature","properties":{"highway":"service","name":null,"oneway":null,"surface":"asphalt","lanes":null,"maxspeed":null},"geometry":{"type":"LineString","coordinates":[[18.4286145,-33.9293717],[18.4286934,-33.9294122]]}},{"type":"Feature","properties":{"highway":"footway","name":null,"oneway":null,"surface":"paving_stones","lanes":null,"maxspeed":null},"geometry":{"type":"LineString","coordinates":[[18.4289032,-33.9301508],[18.428917,-33.930158],[18.4290116,-33.9300394]]}},{"type":"Feature","properties":{"highway":"footway","name":null,"oneway":null,"surface":"paving_stones","lanes":null,"maxspeed":null},"geometry":{"type":"LineString","coordinates":[[18.4290116,-33.9300394],[18.429435,-33.9294802],[18.4294499,-33.9294196],[18.4295318,-33.9293279]]}},{"type":"Feature","properties":{"highway":"service","name":null,"oneway":null,"surface":"asphalt","lanes":null,"maxspeed":null},"geometry":{"type":"LineString","coordinates":[[18.4310049,-33.9283373],[18.4311717,-33.9283472]]}},{"type":"Feature","properties":{"highway":"service","name":null,"oneway":null,"surface":"asphalt","lanes":null,"maxspeed":null},"geometry":{"type":"LineString","coordinates":[[18.4305539,-33.9286578],[18.4305636,-33.9285146]]}},{"type":"Feature","properties":{"highway":"footway","name":null,"oneway":null,"surface":"paving_stones","lanes":null,"maxspeed":null},"geometry":{"type":"LineString","coordinates":[[18.4304246,-33.9274069],[18.4304243,-33.927508],[18.4304042,-33.9277186],[18.4303761,-33.9279229],[18.4303292,-33.9281106],[18.4302902,-33.9282075],[18.4301168,-33.9285595]]}},{"type":"Feature","properties":{"highway":"footway","name":null,"oneway":null,"surface":"paved","lanes":null,"maxspeed":null},"geometry":{"type":"LineString","coordinates":[[18.429725,-33.9290649],[18.4300266,-33.928679]]}},{"type":"Feature","properties":{"highway":"tertiary","name":"Hanover Street","oneway":"yes","surface":"asphalt","lanes":"2","maxspeed":"60"},"geometry":{"type":"LineString","coordinates":[[18.4305687,-33.9296577],[18.4307044,-33.9297153],[18.430801,-33.9297563]]}},{"type":"Feature","properties":{"highway":"footway","name":null,"oneway":null,"surface":"compacted","lanes":null,"maxspeed":null},"geometry":{"type":"LineString","coordinates":[[18.4205277,-33.9302268],[18.4205364,-33.9302173],[18.4206077,-33.9302527],[18.4206463,-33.9302718],[18.420666,-33.9302816],[18.420785,-33.9301223],[18.420824,-33.9300702],[18.4208596,-33.9300863]]}},{"type":"Feature","properties":{"highway":"footway","name":null,"oneway":null,"surface":"paved","lanes":null,"maxspeed":null},"geometry":{"type":"LineString","coordinates":[[18.4204759,-33.9306772],[18.4204614,-33.9306735],[18.4203516,-33.9306414],[18.4203769,-33.9305833],[18.4202741,-33.9305561],[18.4202994,-33.9305004],[18.4203293,-33.9305103],[18.4203427,-33.9304782]]}},{"type":"Feature","properties":{"highway":"footway","name":null,"oneway":null,"surface":"compacted","lanes":null,"maxspeed":null},"geometry":{"type":"LineString","coordinates":[[18.4203427,-33.9304782],[18.4205277,-33.9302268]]}},{"type":"Feature","properties":{"highway":"footway","name":null,"oneway":null,"surface":"compacted","lanes":null,"maxspeed":null},"geometry":{"type":"LineString","coordinates":[[18.4205364,-33.9302173],[18.4204086,-33.9301538],[18.4202137,-33.9300569],[18.4201907,-33.9300455],[18.4205781,-33.9298353],[18.4205856,-33.9298415],[18.4205945,-33.9298489],[18.4206195,-33.9300534],[18.4206463,-33.9302718]]}},{"type":"Feature","properties":{"highway":"footway","name":null,"oneway":null,"surface":"compacted","lanes":null,"maxspeed":null},"geometry":{"type":"LineString","coordinates":[[18.4204086,-33.9301538],[18.4204619,-33.9300597],[18.4205856,-33.9298415]]}},{"type":"Feature","properties":{"highway":"footway","name":null,"oneway":null,"surface":"compacted","lanes":null,"maxspeed":null},"geometry":{"type":"LineString","coordinates":[[18.4202137,-33.9300569],[18.4204619,-33.9300597],[18.4206077,-33.9302527]]}},{"type":"Feature","properties":{"highway":"footway","name":null,"oneway":null,"surface":"compacted","lanes":null,"maxspeed":null},"geometry":{"type":"LineString","coordinates":[[18.420785,-33.9301223],[18.4206195,-33.9300534]]}},{"type":"Feature","properties":{"highway":"service","name":null,"oneway":null,"surface":null,"lanes":null,"maxspeed":null},"geometry":{"type":"LineString","coordinates":[[18.4195747,-33.9310087],[18.4197445,-33.9310509],[18.4199133,-33.9310928],[18.4200831,-33.931135],[18.4202052,-33.9311654],[18.4202576,-33.9311816],[18.4203172,-33.9312001]]}},{"type":"Feature","properties":{"highway":"service","name":null,"oneway":null,"surface":"asphalt","lanes":null,"maxspeed":null},"geometry":{"type":"LineString","coordinates":[[18.4196843,-33.930686],[18.4195747,-33.9310087],[18.4194429,-33.9313734]]}},{"type":"Feature","properties":{"highway":"service","name":null,"oneway":null,"surface":"asphalt","lanes":null,"maxspeed":null},"geometry":{"type":"LineString","coordinates":[[18.4198512,-33.9307428],[18.4197445,-33.9310509],[18.4196217,-33.9314204]]}},{"type":"Feature","properties":{"highway":"service","name":null,"oneway":null,"surface":"asphalt","lanes":null,"maxspeed":null},"geometry":{"type":"LineString","coordinates":[[18.420018,-33.9307898],[18.4199133,-33.9310928],[18.4197915,-33.9314624]]}},{"type":"Feature","properties":{"highway":"service","name":null,"oneway":null,"surface":"asphalt","lanes":null,"maxspeed":null},"geometry":{"type":"LineString","coordinates":[[18.4201849,-33.9308467],[18.4200831,-33.931135],[18.4199614,-33.9314995]]}},{"type":"Feature","properties":{"highway":"residential","name":"Mechau Street","oneway":null,"surface":"asphalt","lanes":"2","maxspeed":"60"},"geometry":{"type":"LineString","coordinates":[[18.4221144,-33.9174422],[18.4221915,-33.917504]]}},{"type":"Feature","properties":{"highway":"residential","name":"Bree Street","oneway":"yes","surface":"asphalt","lanes":"1","maxspeed":null},"geometry":{"type":"LineString","coordinates":[[18.4221144,-33.9174422],[18.4221719,-33.9173894],[18.4224983,-33.9170871]]}},{"type":"Feature","properties":{"highway":"pedestrian","name":null,"oneway":null,"surface":"paved","lanes":null,"maxspeed":null},"geometry":{"type":"LineString","coordinates":[[18.4239677,-33.9236642],[18.4241781,-33.923662]]}},{"type":"Feature","properties":{"highway":"pedestrian","name":null,"oneway":null,"surface":"bricks","lanes":null,"maxspeed":null},"geometry":{"type":"LineString","coordinates":[[18.4296802,-33.9307434],[18.4297581,-33.9307828],[18.4299032,-33.9305876],[18.4300134,-33.9304351],[18.4299355,-33.9303958],[18.4296802,-33.9307434]]}},{"type":"Feature","properties":{"highway":"pedestrian","name":null,"oneway":null,"surface":"bricks","lanes":null,"maxspeed":null},"geometry":{"type":"LineString","coordinates":[[18.4302559,-33.9303071],[18.4303282,-33.9303329],[18.430362,-33.9303449],[18.4303994,-33.9304408],[18.4304562,-33.9305862],[18.4305356,-33.9306216],[18.4305103,-33.9306684],[18.4304206,-33.930634],[18.4303723,-33.9305264],[18.4303581,-33.9304912],[18.4303283,-33.9304232],[18.4303111,-33.930384],[18.4302165,-33.9303485],[18.4302559,-33.9303071]]}},{"type":"Feature","properties":{"highway":"pedestrian","name":null,"oneway":null,"surface":"bricks","lanes":null,"maxspeed":null},"geometry":{"type":"LineString","coordinates":[[18.4302889,-33.9309745],[18.4302322,-33.9307676],[18.4302872,-33.9307498],[18.4303341,-33.930722],[18.4303623,-33.9306953],[18.4303824,-33.9306652],[18.4303958,-33.930643],[18.4304054,-33.9306282],[18.4302696,-33.9305761],[18.4302657,-33.9305861],[18.4302573,-33.9306005],[18.4302476,-33.9306171],[18.430234,-33.9306311],[18.430215,-33.9306416],[18.430198,-33.9306478],[18.4301918,-33.9306254],[18.4301701,-33.9306329],[18.4301477,-33.9306335],[18.430154,-33.9306578],[18.4301365,-33.9306574],[18.4301114,-33.9306539],[18.4300923,-33.930644],[18.4300744,-33.9306337],[18.4300497,-33.9306189],[18.4300217,-33.9306503],[18.429961,-33.9307203],[18.4300055,-33.9307442],[18.4300417,-33.9307598],[18.4300793,-33.9307698],[18.4301179,-33.9307781],[18.4301557,-33.9307787],[18.4301879,-33.9307765],[18.4302387,-33.9309831],[18.4302889,-33.9309745]]}},{"type":"Feature","properties":{"highway":"pedestrian","name":null,"oneway":null,"surface":"paving_stones","lanes":null,"maxspeed":null},"geometry":{"type":"LineString","coordinates":[[18.4302605,-33.9305195],[18.4303241,-33.9305011],[18.4303581,-33.9304912],[18.4303723,-33.9305264],[18.4302691,-33.9305558],[18.4302689,-33.9305483],[18.4302642,-33.9305277],[18.4302605,-33.9305195]]}},{"type":"Feature","properties":{"highway":"pedestrian","name":null,"oneway":null,"surface":"paving_stones","lanes":null,"maxspeed":null},"geometry":{"type":"LineString","coordinates":[[18.4302605,-33.9305195],[18.4302276,-33.9305264],[18.430212,-33.9305054],[18.4301896,-33.9304949],[18.4301658,-33.9304899],[18.4301583,-33.9304887],[18.4301514,-33.9304569],[18.4301201,-33.9304581],[18.4301075,-33.9304642],[18.4301136,-33.9304961],[18.4300883,-33.9305103],[18.4300719,-33.930532],[18.4300674,-33.9305542],[18.4300697,-33.9305814],[18.4300831,-33.9306037],[18.4301017,-33.9306197],[18.4301241,-33.9306303],[18.4301477,-33.9306335],[18.4301701,-33.9306329],[18.4301918,-33.9306254],[18.4302135,-33.9306105],[18.4302276,-33.9305956],[18.4302328,-33.9305715],[18.4302403,-33.9305641],[18.4302691,-33.9305558],[18.4302605,-33.9305195]]}},{"type":"Feature","properties":{"highway":"footway","name":null,"oneway":null,"surface":"paving_stones","lanes":null,"maxspeed":null},"geometry":{"type":"LineString","coordinates":[[18.4302896,-33.9297204],[18.42957,-33.9293299]]}},{"type":"Feature","properties":{"highway":"footway","name":null,"oneway":null,"surface":"paving_stones","lanes":null,"maxspeed":null},"geometry":{"type":"LineString","coordinates":[[18.4304672,-33.9297985],[18.4305008,-33.9298137],[18.4305127,-33.9298353],[18.4305641,-33.9298588],[18.4308643,-33.9299849],[18.4310275,-33.9300523],[18.4311527,-33.9300962],[18.4311996,-33.9301216],[18.4312086,-33.9301374],[18.4312175,-33.9301531],[18.4312227,-33.9301791],[18.431219,-33.9302075],[18.4311899,-33.9302656]]}},{"type":"Feature","properties":{"highway":"footway","name":null,"oneway":null,"surface":"paving_stones","lanes":null,"maxspeed":null},"geometry":{"type":"LineString","coordinates":[[18.4311899,-33.9302656],[18.431157,-33.9303258]]}},{"type":"Feature","properties":{"highway":"footway","name":null,"oneway":null,"surface":"paving_stones","lanes":null,"maxspeed":null},"geometry":{"type":"LineString","coordinates":[[18.431157,-33.9303258],[18.4311236,-33.9303886],[18.4310983,-33.9304084],[18.431055,-33.9304797]]}},{"type":"Feature","properties":{"highway":"footway","name":null,"oneway":null,"surface":"paving_stones","lanes":null,"maxspeed":null},"geometry":{"type":"LineString","coordinates":[[18.4310306,-33.9305528],[18.431117,-33.9305857]]}},{"type":"Feature","properties":{"highway":"footway","name":null,"oneway":null,"surface":"paving_stones","lanes":null,"maxspeed":null},"geometry":{"type":"LineString","coordinates":[[18.4308028,-33.9308798],[18.4308532,-33.9308989],[18.4308718,-33.9309342],[18.4309698,-33.9309683]]}},{"type":"Feature","properties":{"highway":"pedestrian","name":null,"oneway":null,"surface":"paving_stones","lanes":null,"maxspeed":null},"geometry":{"type":"LineString","coordinates":[[18.4303282,-33.9303329],[18.4303343,-33.9303189],[18.4303468,-33.9303198],[18.4303624,-33.9303151],[18.430388,-33.9302736],[18.4304165,-33.9302848],[18.430452,-33.9302987],[18.4304129,-33.9303668],[18.4304327,-33.9303747],[18.4303994,-33.9304408],[18.430362,-33.9303449],[18.4303282,-33.9303329]]}},{"type":"Feature","properties":{"highway":"service","name":null,"oneway":null,"surface":"asphalt","lanes":null,"maxspeed":null},"geometry":{"type":"LineString","coordinates":[[18.4321542,-33.9312482],[18.4320596,-33.9314215]]}},{"type":"Feature","properties":{"highway":"service","name":null,"oneway":null,"surface":"asphalt","lanes":null,"maxspeed":null},"geometry":{"type":"LineString","coordinates":[[18.4281454,-33.9311368],[18.4282834,-33.9311659],[18.4283457,-33.931198],[18.428571,-33.9313142]]}},{"type":"Feature","properties":{"highway":"service","name":"Saint Marks Street","oneway":null,"surface":"asphalt","lanes":null,"maxspeed":null},"geometry":{"type":"LineString","coordinates":[[18.4313766,-33.9301103],[18.4313406,-33.930175],[18.4312439,-33.9303487],[18.4311868,-33.9304573]]}},{"type":"Feature","properties":{"highway":"footway","name":null,"oneway":null,"surface":"asphalt","lanes":null,"maxspeed":null},"geometry":{"type":"LineString","coordinates":[[18.4312241,-33.9311473],[18.4312785,-33.9311657]]}},{"type":"Feature","properties":{"highway":"service","name":null,"oneway":null,"surface":"asphalt","lanes":null,"maxspeed":null},"geometry":{"type":"LineString","coordinates":[[18.4313875,-33.9305321],[18.4315391,-33.9304706],[18.4316121,-33.9304582],[18.4316583,-33.9304693]]}},{"type":"Feature","properties":{"highway":"tertiary","name":"Hatfield Street","oneway":null,"surface":"asphalt","lanes":"2","maxspeed":"60"},"geometry":{"type":"LineString","coordinates":[[18.4154145,-33.9318099],[18.4156239,-33.9315975],[18.4161305,-33.9310902]]}},{"type":"Feature","properties":{"highway":"footway","name":null,"oneway":null,"surface":"asphalt","lanes":null,"maxspeed":null},"geometry":{"type":"LineString","coordinates":[[18.4300989,-33.9271582],[18.4300979,-33.9271855],[18.430095,-33.9272708],[18.43009,-33.9273014],[18.4300876,-33.9273184]]}},{"type":"Feature","properties":{"highway":"footway","name":null,"oneway":null,"surface":"paving_stones","lanes":null,"maxspeed":null},"geometry":{"type":"LineString","coordinates":[[18.4304246,-33.9274069],[18.4304842,-33.9273769],[18.4305154,-33.9273389]]}},{"type":"Feature","properties":{"highway":"footway","name":null,"oneway":null,"surface":"paving_stones","lanes":null,"maxspeed":null},"geometry":{"type":"LineString","coordinates":[[18.4302083,-33.9270799],[18.4302058,-33.9271293]]}},{"type":"Feature","properties":{"highway":"footway","name":null,"oneway":null,"surface":"paving_stones","lanes":null,"maxspeed":null},"geometry":{"type":"LineString","coordinates":[[18.4302058,-33.9271293],[18.4302038,-33.9271439],[18.4301862,-33.9271586],[18.4301384,-33.9271579],[18.4300989,-33.9271582]]}},{"type":"Feature","properties":{"highway":"footway","name":null,"oneway":null,"surface":"asphalt","lanes":null,"maxspeed":null},"geometry":{"type":"LineString","coordinates":[[18.4301655,-33.9273847],[18.4302402,-33.9273912],[18.4303608,-33.9274021],[18.4304246,-33.9274069]]}},{"type":"Feature","properties":{"highway":"footway","name":null,"oneway":null,"surface":"paving_stones","lanes":null,"maxspeed":null},"geometry":{"type":"LineString","coordinates":[[18.4300876,-33.9273184],[18.4301392,-33.9273623],[18.4301655,-33.9273847]]}},{"type":"Feature","properties":{"highway":"footway","name":null,"oneway":null,"surface":null,"lanes":null,"maxspeed":null},"geometry":{"type":"LineString","coordinates":[[18.4273054,-33.927458],[18.4272631,-33.9273977],[18.4272324,-33.9273538]]}},{"type":"Feature","properties":{"highway":"footway","name":null,"oneway":null,"surface":"paving_stones","lanes":null,"maxspeed":null},"geometry":{"type":"LineString","coordinates":[[18.42722,-33.9273361],[18.4271025,-33.9273204]]}},{"type":"Feature","properties":{"highway":"service","name":null,"oneway":"no","surface":"asphalt","lanes":"2","maxspeed":null},"geometry":{"type":"LineString","coordinates":[[18.4312075,-33.9261848],[18.4308609,-33.926146],[18.4306408,-33.9259914]]}},{"type":"Feature","properties":{"highway":"service","name":null,"oneway":"yes","surface":"asphalt","lanes":null,"maxspeed":null},"geometry":{"type":"LineString","coordinates":[[18.4306408,-33.9259914],[18.4306886,-33.9258764]]}},{"type":"Feature","properties":{"highway":"service","name":null,"oneway":"yes","surface":"asphalt","lanes":null,"maxspeed":null},"geometry":{"type":"LineString","coordinates":[[18.4315078,-33.9261821],[18.4313692,-33.9261799],[18.4312075,-33.9261848]]}},{"type":"Feature","properties":{"highway":"service","name":null,"oneway":null,"surface":"paved","lanes":null,"maxspeed":null},"geometry":{"type":"LineString","coordinates":[[18.4324153,-33.9267327],[18.4325001,-33.9267233],[18.4325761,-33.9267326],[18.4326467,-33.9267556],[18.4327163,-33.9267956],[18.4327518,-33.9268457],[18.4327673,-33.926918]]}},{"type":"Feature","properties":{"highway":"footway","name":null,"oneway":null,"surface":"asphalt","lanes":null,"maxspeed":null},"geometry":{"type":"LineString","coordinates":[[18.4302083,-33.9270799],[18.4300569,-33.9269879],[18.430004,-33.9269313]]}},{"type":"Feature","properties":{"highway":"footway","name":null,"oneway":null,"surface":null,"lanes":null,"maxspeed":null},"geometry":{"type":"LineString","coordinates":[[18.4215324,-33.917843],[18.421549,-33.9178364],[18.4219977,-33.9174391],[18.4219977,-33.917408],[18.4213526,-33.9169162]]}},{"type":"Feature","properties":{"highway":"footway","name":null,"oneway":null,"surface":null,"lanes":null,"maxspeed":null},"geometry":{"type":"LineString","coordinates":[[18.4214578,-33.9168228],[18.4220951,-33.9172893],[18.4221566,-33.9172886],[18.4226915,-33.9168016]]}},{"type":"Feature","properties":{"highway":"footway","name":null,"oneway":null,"surface":null,"lanes":null,"maxspeed":null},"geometry":{"type":"LineString","coordinates":[[18.4220951,-33.9172893],[18.4220269,-33.9173723],[18.4219977,-33.917408]]}},{"type":"Feature","properties":{"highway":"service","name":null,"oneway":null,"surface":"asphalt","lanes":null,"maxspeed":null},"geometry":{"type":"LineString","coordinates":[[18.4311868,-33.9304573],[18.4311317,-33.9305587]]}},{"type":"Feature","properties":{"highway":"service","name":null,"oneway":null,"surface":"asphalt","lanes":null,"maxspeed":null},"geometry":{"type":"LineString","coordinates":[[18.4311853,-33.9303277],[18.4312439,-33.9303487]]}},{"type":"Feature","properties":{"highway":"residential","name":null,"oneway":null,"surface":null,"lanes":null,"maxspeed":null},"geometry":{"type":"LineString","coordinates":[[18.4335927,-33.9329919],[18.433739,-33.9324313],[18.4338808,-33.9318879],[18.4339564,-33.9315267],[18.4339987,-33.9313578],[18.4340263,-33.9312956],[18.434064,-33.9312362],[18.4340705,-33.931226],[18.4341081,-33.9311703]]}},{"type":"Feature","properties":{"highway":"residential","name":null,"oneway":null,"surface":null,"lanes":null,"maxspeed":null},"geometry":{"type":"LineString","coordinates":[[18.4339564,-33.9315267],[18.4339032,-33.9315071],[18.4330448,-33.9311903]]}},{"type":"Feature","properties":{"highway":"service","name":null,"oneway":null,"surface":"asphalt","lanes":null,"maxspeed":null},"geometry":{"type":"LineString","coordinates":[[18.4181046,-33.9197055],[18.41793,-33.9195833]]}},{"type":"Feature","properties":{"highway":"residential","name":null,"oneway":null,"surface":null,"lanes":null,"maxspeed":null},"geometry":{"type":"LineString","coordinates":[[18.4162994,-33.9191262],[18.4169289,-33.919596]]}},{"type":"Feature","properties":{"highway":"residential","name":"Cameron Lane","oneway":null,"surface":null,"lanes":null,"maxspeed":null},"geometry":{"type":"LineString","coordinates":[[18.4194169,-33.9290707],[18.419829,-33.9291902]]}},{"type":"Feature","properties":{"highway":"footway","name":null,"oneway":null,"surface":null,"lanes":null,"maxspeed":null},"geometry":{"type":"LineString","coordinates":[[18.4251876,-33.9272534],[18.4252679,-33.9272997],[18.4259244,-33.9277914],[18.4259678,-33.9278293]]}},{"type":"Feature","properties":{"highway":"footway","name":null,"oneway":null,"surface":null,"lanes":null,"maxspeed":null},"geometry":{"type":"LineString","coordinates":[[18.4115728,-33.9237559],[18.4118447,-33.9239638]]}},{"type":"Feature","properties":{"highway":"path","name":null,"oneway":null,"surface":null,"lanes":null,"maxspeed":null},"geometry":{"type":"LineString","coordinates":[[18.4221384,-33.9283312],[18.4227169,-33.9277597]]}},{"type":"Feature","properties":{"highway":"service","name":null,"oneway":null,"surface":"asphalt","lanes":null,"maxspeed":null},"geometry":{"type":"LineString","coordinates":[[18.419001,-33.9299987],[18.419345,-33.9300858]]}},{"type":"Feature","properties":{"highway":"footway","name":null,"oneway":null,"surface":"paved","lanes":null,"maxspeed":null},"geometry":{"type":"LineString","coordinates":[[18.4268943,-33.9170773],[18.4270387,-33.9169406]]}},{"type":"Feature","properties":{"highway":"footway","name":null,"oneway":null,"surface":"paved","lanes":null,"maxspeed":null},"geometry":{"type":"LineString","coordinates":[[18.4270387,-33.9169406],[18.4271121,-33.9168694]]}},{"type":"Feature","properties":{"highway":"footway","name":null,"oneway":null,"surface":null,"lanes":null,"maxspeed":null},"geometry":{"type":"LineString","coordinates":[[18.4270557,-33.9188269],[18.4270447,-33.918819]]}},{"type":"Feature","properties":{"highway":"residential","name":"Parade Street","oneway":null,"surface":"asphalt","lanes":"2","maxspeed":null},"geometry":{"type":"LineString","coordinates":[[18.4239846,-33.9258874],[18.4244419,-33.9254473]]}},{"type":"Feature","properties":{"highway":"residential","name":"Parade Street","oneway":null,"surface":"bricks","lanes":"2","maxspeed":null},"geometry":{"type":"LineString","coordinates":[[18.4239037,-33.9259652],[18.4239571,-33.9259138],[18.4239846,-33.9258874]]}},{"type":"Feature","properties":{"highway":"service","name":null,"oneway":null,"surface":null,"lanes":null,"maxspeed":null},"geometry":{"type":"LineString","coordinates":[[18.4132686,-33.9247386],[18.413229,-33.9247775],[18.4130377,-33.9249656]]}},{"type":"Feature","properties":{"highway":"service","name":null,"oneway":null,"surface":null,"lanes":null,"maxspeed":null},"geometry":{"type":"LineString","coordinates":[[18.4131816,-33.9275641],[18.4132187,-33.9275882],[18.4134333,-33.9277281]]}},{"type":"Feature","properties":{"highway":"service","name":null,"oneway":null,"surface":null,"lanes":null,"maxspeed":null},"geometry":{"type":"LineString","coordinates":[[18.4129666,-33.9271806],[18.4132628,-33.926907],[18.4132926,-33.9268794]]}},{"type":"Feature","properties":{"highway":"service","name":null,"oneway":null,"surface":null,"lanes":null,"maxspeed":null},"geometry":{"type":"LineString","coordinates":[[18.4175396,-33.9199942],[18.4177802,-33.9197607]]}},{"type":"Feature","properties":{"highway":"service","name":null,"oneway":null,"surface":null,"lanes":null,"maxspeed":null},"geometry":{"type":"LineString","coordinates":[[18.4180916,-33.9191038],[18.4177858,-33.9193955],[18.4177891,-33.9194261],[18.4178072,-33.9194539],[18.4178597,-33.9194906],[18.4178933,-33.9194888],[18.4182052,-33.9191869]]}},{"type":"Feature","properties":{"highway":"service","name":null,"oneway":null,"surface":null,"lanes":null,"maxspeed":null},"geometry":{"type":"LineString","coordinates":[[18.4160656,-33.9197536],[18.4158228,-33.9195567]]}},{"type":"Feature","properties":{"highway":"service","name":null,"oneway":null,"surface":null,"lanes":null,"maxspeed":null},"geometry":{"type":"LineString","coordinates":[[18.4161915,-33.9195224],[18.4163839,-33.9193402],[18.4164142,-33.9193441],[18.4165857,-33.9194628]]}},{"type":"Feature","properties":{"highway":"service","name":null,"oneway":null,"surface":null,"lanes":null,"maxspeed":null},"geometry":{"type":"LineString","coordinates":[[18.4167171,-33.918997],[18.4166226,-33.9191004],[18.4166188,-33.9191177],[18.4166368,-33.9191468],[18.4168471,-33.9193024],[18.4168793,-33.919304],[18.4169021,-33.9192899],[18.4169795,-33.9191882]]}},{"type":"Feature","properties":{"highway":"service","name":null,"oneway":null,"surface":"asphalt","lanes":null,"maxspeed":null},"geometry":{"type":"LineString","coordinates":[[18.4169795,-33.9191882],[18.4175326,-33.9186819]]}},{"type":"Feature","properties":{"highway":"service","name":null,"oneway":null,"surface":null,"lanes":null,"maxspeed":null},"geometry":{"type":"LineString","coordinates":[[18.4161907,-33.9185981],[18.4165625,-33.9188843]]}},{"type":"Feature","properties":{"highway":"pedestrian","name":null,"oneway":null,"surface":null,"lanes":null,"maxspeed":null},"geometry":{"type":"LineString","coordinates":[[18.4211659,-33.9251843],[18.4211347,-33.9252147],[18.4210689,-33.9252786],[18.4210206,-33.9253377]]}},{"type":"Feature","properties":{"highway":"footway","name":null,"oneway":null,"surface":null,"lanes":null,"maxspeed":null},"geometry":{"type":"LineString","coordinates":[[18.4172146,-33.9264443],[18.4169695,-33.926274]]}},{"type":"Feature","properties":{"highway":"footway","name":null,"oneway":null,"surface":null,"lanes":null,"maxspeed":null},"geometry":{"type":"LineString","coordinates":[[18.4155429,-33.922061],[18.4154879,-33.9220208],[18.4153809,-33.9219426]]}},{"type":"Feature","properties":{"highway":"service","name":null,"oneway":null,"surface":null,"lanes":null,"maxspeed":null},"geometry":{"type":"LineString","coordinates":[[18.4170086,-33.9184622],[18.4169748,-33.9184336],[18.4169465,-33.9184091],[18.4169735,-33.918386]]}},{"type":"Feature","properties":{"highway":"pedestrian","name":null,"oneway":null,"surface":null,"lanes":null,"maxspeed":null},"geometry":{"type":"LineString","coordinates":[[18.417161,-33.9168166],[18.4168739,-33.9170686],[18.4168337,-33.9170401]]}},{"type":"Feature","properties":{"highway":"footway","name":null,"oneway":null,"surface":null,"lanes":null,"maxspeed":null},"geometry":{"type":"LineString","coordinates":[[18.4134979,-33.9217986],[18.4134077,-33.921885]]}},{"type":"Feature","properties":{"highway":"tertiary","name":"Kloof Street","oneway":null,"surface":"asphalt","lanes":"2","maxspeed":"60"},"geometry":{"type":"LineString","coordinates":[[18.4134752,-33.927271],[18.4132707,-33.9274751]]}},{"type":"Feature","properties":{"highway":"busway","name":"Adderley Street Bus Lane","oneway":"yes","surface":"asphalt","lanes":"2","maxspeed":null},"geometry":{"type":"LineString","coordinates":[[18.4245449,-33.9209306],[18.4244108,-33.9210515],[18.4242769,-33.9211779]]}},{"type":"Feature","properties":{"highway":"busway","name":"Adderley Street Bus Lane","oneway":"yes","surface":"asphalt","lanes":"2","maxspeed":null},"geometry":{"type":"LineString","coordinates":[[18.425529,-33.9200217],[18.4254891,-33.9200358],[18.4254534,-33.9200531],[18.4254216,-33.9200776],[18.4252961,-33.9202097]]}},{"type":"Feature","properties":{"highway":"busway","name":"Adderley Street Bus Lane","oneway":"yes","surface":"asphalt","lanes":"1","maxspeed":null},"geometry":{"type":"LineString","coordinates":[[18.4244496,-33.9208603],[18.4244796,-33.9208337]]}},{"type":"Feature","properties":{"highway":"busway","name":null,"oneway":"yes","surface":null,"lanes":"1","maxspeed":null},"geometry":{"type":"LineString","coordinates":[[18.4284813,-33.9200354],[18.4284076,-33.9199781],[18.4283757,-33.9199533],[18.4282907,-33.9198905]]}},{"type":"Feature","properties":{"highway":"secondary","name":"Darling Street","oneway":null,"surface":"asphalt","lanes":"4","maxspeed":"60"},"geometry":{"type":"LineString","coordinates":[[18.4229958,-33.9244025],[18.4230828,-33.9244659]]}},{"type":"Feature","properties":{"highway":"busway","name":"Heerengracht Bus Lane","oneway":"yes","surface":"asphalt","lanes":"1","maxspeed":null},"geometry":{"type":"LineString","coordinates":[[18.4261385,-33.9196297],[18.4260455,-33.919637],[18.4259588,-33.9197666]]}},{"type":"Feature","properties":{"highway":"footway","name":null,"oneway":null,"surface":"paving_stones","lanes":null,"maxspeed":null},"geometry":{"type":"LineString","coordinates":[[18.4271306,-33.9272356],[18.4271375,-33.9272096]]}},{"type":"Feature","properties":{"highway":"footway","name":null,"oneway":null,"surface":"paving_stones","lanes":null,"maxspeed":null},"geometry":{"type":"LineString","coordinates":[[18.4271025,-33.9273204],[18.4271084,-33.9273013]]}},{"type":"Feature","properties":{"highway":"footway","name":null,"oneway":null,"surface":"asphalt","lanes":null,"maxspeed":null},"geometry":{"type":"LineString","coordinates":[[18.4255016,-33.9260776],[18.4262042,-33.9265797],[18.4268904,-33.9270723]]}},{"type":"Feature","properties":{"highway":"footway","name":null,"oneway":null,"surface":"paving_stones","lanes":null,"maxspeed":null},"geometry":{"type":"LineString","coordinates":[[18.4268904,-33.9270723],[18.4269934,-33.9271462],[18.4270549,-33.9271778],[18.427098,-33.927199],[18.4271375,-33.9272096],[18.427162,-33.9272122],[18.4272154,-33.9272132],[18.4273982,-33.9271646]]}},{"type":"Feature","properties":{"highway":"footway","name":null,"oneway":null,"surface":"paving_stones","lanes":null,"maxspeed":null},"geometry":{"type":"LineString","coordinates":[[18.4272324,-33.9273538],[18.42722,-33.9273361]]}},{"type":"Feature","properties":{"highway":"footway","name":null,"oneway":null,"surface":"paving_stones","lanes":null,"maxspeed":null},"geometry":{"type":"LineString","coordinates":[[18.4273172,-33.9274749],[18.4273054,-33.927458]]}},{"type":"Feature","properties":{"highway":"footway","name":null,"oneway":null,"surface":"paving_stones","lanes":null,"maxspeed":null},"geometry":{"type":"LineString","coordinates":[[18.4272888,-33.9275171],[18.4273046,-33.9275031]]}},{"type":"Feature","properties":{"highway":"footway","name":null,"oneway":null,"surface":"paving_stones","lanes":null,"maxspeed":null},"geometry":{"type":"LineString","coordinates":[[18.427426,-33.927608],[18.4274503,-33.927587]]}},{"type":"Feature","properties":{"highway":"footway","name":null,"oneway":null,"surface":"paving_stones","lanes":null,"maxspeed":null},"geometry":{"type":"LineString","coordinates":[[18.4273332,-33.9274668],[18.4274365,-33.9275469],[18.4274835,-33.9275345],[18.4277487,-33.9274648],[18.4277851,-33.9274874]]}},{"type":"Feature","properties":{"highway":"footway","name":null,"oneway":null,"surface":"paving_stones","lanes":null,"maxspeed":null},"geometry":{"type":"LineString","coordinates":[[18.4274639,-33.9275741],[18.4274835,-33.9275345]]}},{"type":"Feature","properties":{"highway":"steps","name":null,"oneway":null,"surface":"paving_stones","lanes":null,"maxspeed":null},"geometry":{"type":"LineString","coordinates":[[18.4274503,-33.927587],[18.4274639,-33.9275741]]}},{"type":"Feature","properties":{"highway":"footway","name":null,"oneway":null,"surface":"asphalt","lanes":null,"maxspeed":null},"geometry":{"type":"LineString","coordinates":[[18.4276411,-33.9277033],[18.4276897,-33.9276983],[18.4277095,-33.9276963]]}},{"type":"Feature","properties":{"highway":"footway","name":null,"oneway":null,"surface":"paving_stones","lanes":null,"maxspeed":null},"geometry":{"type":"LineString","coordinates":[[18.427594,-33.9276947],[18.427613,-33.9277061],[18.4276411,-33.9277033]]}},{"type":"Feature","properties":{"highway":"footway","name":null,"oneway":null,"surface":"asphalt","lanes":null,"maxspeed":null},"geometry":{"type":"LineString","coordinates":[[18.4277095,-33.9276963],[18.4277367,-33.9276936]]}},{"type":"Feature","properties":{"highway":"footway","name":null,"oneway":null,"surface":"asphalt","lanes":null,"maxspeed":null},"geometry":{"type":"LineString","coordinates":[[18.4277367,-33.9276936],[18.42774,-33.927713],[18.4281984,-33.9280517],[18.4282409,-33.9280489],[18.4285599,-33.9282678]]}},{"type":"Feature","properties":{"highway":"footway","name":null,"oneway":null,"surface":"paving_stones","lanes":null,"maxspeed":null},"geometry":{"type":"LineString","coordinates":[[18.4294143,-33.928929],[18.4294245,-33.9289185]]}},{"type":"Feature","properties":{"highway":"footway","name":null,"oneway":null,"surface":"paving_stones","lanes":null,"maxspeed":null},"geometry":{"type":"LineString","coordinates":[[18.4294729,-33.9289111],[18.4294245,-33.9289185],[18.4293498,-33.9288727],[18.4293305,-33.9288374],[18.4286554,-33.9283384]]}},{"type":"Feature","properties":{"highway":"footway","name":null,"oneway":null,"surface":"asphalt","lanes":null,"maxspeed":null},"geometry":{"type":"LineString","coordinates":[[18.4286554,-33.9283384],[18.4286059,-33.9283001],[18.4285599,-33.9282678]]}},{"type":"Feature","properties":{"highway":"footway","name":null,"oneway":null,"surface":"paving_stones","lanes":null,"maxspeed":null},"geometry":{"type":"LineString","coordinates":[[18.4292387,-33.9290981],[18.4292594,-33.9290771]]}},{"type":"Feature","properties":{"highway":"footway","name":null,"oneway":null,"surface":"paving_stones","lanes":null,"maxspeed":null},"geometry":{"type":"LineString","coordinates":[[18.4292688,-33.929192],[18.429298,-33.9292064]]}},{"type":"Feature","properties":{"highway":"service","name":"Harbour Arch Blvd","oneway":"yes","surface":"asphalt","lanes":"2","maxspeed":"60"},"geometry":{"type":"LineString","coordinates":[[18.4336157,-33.921188],[18.4341428,-33.9215685],[18.4340602,-33.9216407],[18.4335363,-33.9212644]]}},{"type":"Feature","properties":{"highway":"service","name":null,"oneway":"no","surface":"paved","lanes":"2","maxspeed":null},"geometry":{"type":"LineString","coordinates":[[18.4328125,-33.9191503],[18.4328048,-33.9191252],[18.4327921,-33.9190972],[18.4327704,-33.9190563],[18.4327126,-33.9190022],[18.4326631,-33.9189742],[18.4325972,-33.9189639]]}},{"type":"Feature","properties":{"highway":"service","name":null,"oneway":"yes","surface":null,"lanes":null,"maxspeed":null},"geometry":{"type":"LineString","coordinates":[[18.4328125,-33.9191503],[18.4328197,-33.9191914],[18.4328097,-33.9192209],[18.4327985,-33.919254],[18.4327756,-33.9193161]]}},{"type":"Feature","properties":{"highway":"service","name":null,"oneway":"no","surface":"paved","lanes":"2","maxspeed":null},"geometry":{"type":"LineString","coordinates":[[18.4327422,-33.919487],[18.4327637,-33.9194233],[18.4327773,-33.9193778],[18.4327805,-33.9193501],[18.4327756,-33.9193161]]}},{"type":"Feature","properties":{"highway":"service","name":null,"oneway":"yes","surface":"asphalt","lanes":null,"maxspeed":"60"},"geometry":{"type":"LineString","coordinates":[[18.4335363,-33.9212644],[18.4333558,-33.9211325],[18.4333243,-33.921049]]}},{"type":"Feature","properties":{"highway":"service","name":null,"oneway":"yes","surface":"asphalt","lanes":null,"maxspeed":"60"},"geometry":{"type":"LineString","coordinates":[[18.4333243,-33.921049],[18.4334358,-33.9210568],[18.4336157,-33.921188]]}},{"type":"Feature","properties":{"highway":"footway","name":null,"oneway":null,"surface":null,"lanes":null,"maxspeed":null},"geometry":{"type":"LineString","coordinates":[[18.4251555,-33.9194709],[18.4251343,-33.9194847],[18.4250926,-33.9195117],[18.4250674,-33.9195287],[18.425033,-33.9195608]]}},{"type":"Feature","properties":{"highway":"footway","name":null,"oneway":null,"surface":"paved","lanes":null,"maxspeed":null},"geometry":{"type":"LineString","coordinates":[[18.427602,-33.9171877],[18.4275697,-33.9172181],[18.4275402,-33.9172441]]}},{"type":"Feature","properties":{"highway":"footway","name":null,"oneway":null,"surface":"asphalt","lanes":null,"maxspeed":null},"geometry":{"type":"LineString","coordinates":[[18.4276564,-33.9171636],[18.427602,-33.9171877]]}},{"type":"Feature","properties":{"highway":"footway","name":null,"oneway":null,"surface":"asphalt","lanes":null,"maxspeed":null},"geometry":{"type":"LineString","coordinates":[[18.4174774,-33.9178408],[18.4175561,-33.9177669]]}},{"type":"Feature","properties":{"highway":"footway","name":null,"oneway":null,"surface":null,"lanes":null,"maxspeed":null},"geometry":{"type":"LineString","coordinates":[[18.4176407,-33.9179726],[18.4177231,-33.9178984]]}},{"type":"Feature","properties":{"highway":"footway","name":null,"oneway":null,"surface":null,"lanes":null,"maxspeed":null},"geometry":{"type":"LineString","coordinates":[[18.4185139,-33.9156717],[18.4185039,-33.9156515],[18.418492,-33.9156262]]}},{"type":"Feature","properties":{"highway":"footway","name":"Pink Route","oneway":null,"surface":null,"lanes":null,"maxspeed":null},"geometry":{"type":"LineString","coordinates":[[18.4183764,-33.9157729],[18.4183623,-33.9157843],[18.4183807,-33.91582],[18.4183819,-33.9158353]]}},{"type":"Feature","properties":{"highway":"footway","name":null,"oneway":null,"surface":null,"lanes":null,"maxspeed":null},"geometry":{"type":"LineString","coordinates":[[18.4183819,-33.9158353],[18.4183943,-33.9158594],[18.4184065,-33.9158826]]}},{"type":"Feature","properties":{"highway":"footway","name":null,"oneway":null,"surface":null,"lanes":null,"maxspeed":null},"geometry":{"type":"LineString","coordinates":[[18.4186341,-33.9163286],[18.4186507,-33.9163751],[18.4187731,-33.9166202],[18.4188014,-33.9166486],[18.4187921,-33.9166751]]}},{"type":"Feature","properties":{"highway":"footway","name":null,"oneway":null,"surface":null,"lanes":null,"maxspeed":null},"geometry":{"type":"LineString","coordinates":[[18.4185836,-33.9162327],[18.4186095,-33.9162804],[18.4186341,-33.9163286]]}},{"type":"Feature","properties":{"highway":"footway","name":"Pink Route","oneway":null,"surface":null,"lanes":null,"maxspeed":null},"geometry":{"type":"LineString","coordinates":[[18.4184065,-33.9158826],[18.4184014,-33.9159064],[18.4183203,-33.9159507],[18.4179114,-33.9160908],[18.4177841,-33.9161253],[18.4175615,-33.9162026],[18.4172178,-33.9163248],[18.417208,-33.9163408],[18.4178734,-33.9168706],[18.4179206,-33.9169053],[18.4179695,-33.9169412],[18.4182651,-33.9171599]]}},{"type":"Feature","properties":{"highway":"footway","name":"Pink Route","oneway":null,"surface":null,"lanes":null,"maxspeed":null},"geometry":{"type":"LineString","coordinates":[[18.4185138,-33.9157115],[18.4185234,-33.9157078],[18.4185224,-33.915686],[18.4185139,-33.9156717]]}},{"type":"Feature","properties":{"highway":"footway","name":"Pink Route","oneway":null,"surface":null,"lanes":null,"maxspeed":null},"geometry":{"type":"LineString","coordinates":[[18.418492,-33.9156262],[18.4184356,-33.9155507],[18.4183729,-33.9154253],[18.418246,-33.9151715],[18.4182039,-33.9150874],[18.4181571,-33.9149937],[18.4179374,-33.9145532],[18.4178663,-33.9144111],[18.4178188,-33.914316],[18.4177105,-33.9140994]]}},{"type":"Feature","properties":{"highway":"footway","name":"Pink Route","oneway":null,"surface":null,"lanes":null,"maxspeed":null},"geometry":{"type":"LineString","coordinates":[[18.4183721,-33.9172405],[18.4189551,-33.9176847],[18.4189667,-33.9178162]]}},{"type":"Feature","properties":{"highway":"footway","name":"Pink Route","oneway":null,"surface":null,"lanes":null,"maxspeed":null},"geometry":{"type":"LineString","coordinates":[[18.4182651,-33.9171599],[18.4183301,-33.9172086],[18.4183721,-33.9172405]]}},{"type":"Feature","properties":{"highway":"footway","name":"Pink Route","oneway":null,"surface":null,"lanes":null,"maxspeed":null},"geometry":{"type":"LineString","coordinates":[[18.4189396,-33.9178396],[18.4188989,-33.9178687],[18.4184155,-33.9183138]]}},{"type":"Feature","properties":{"highway":"footway","name":"Pink Route","oneway":null,"surface":null,"lanes":null,"maxspeed":null},"geometry":{"type":"LineString","coordinates":[[18.4189667,-33.9178162],[18.4189524,-33.9178288],[18.4189396,-33.9178396]]}},{"type":"Feature","properties":{"highway":"footway","name":null,"oneway":null,"surface":"asphalt","lanes":null,"maxspeed":null},"geometry":{"type":"LineString","coordinates":[[18.4245306,-33.9211392],[18.4245459,-33.9211507],[18.424562,-33.921162],[18.4247428,-33.9211389]]}},{"type":"Feature","properties":{"highway":"footway","name":null,"oneway":null,"surface":null,"lanes":null,"maxspeed":null},"geometry":{"type":"LineString","coordinates":[[18.4247428,-33.9211389],[18.42469,-33.9210003],[18.4246836,-33.9209834]]}},{"type":"Feature","properties":{"highway":"footway","name":null,"oneway":null,"surface":null,"lanes":null,"maxspeed":null},"geometry":{"type":"LineString","coordinates":[[18.424562,-33.921162],[18.4245842,-33.9211819],[18.4245985,-33.9212034],[18.4246703,-33.9214056]]}},{"type":"Feature","properties":{"highway":"footway","name":null,"oneway":null,"surface":null,"lanes":null,"maxspeed":null},"geometry":{"type":"LineString","coordinates":[[18.4247428,-33.9211389],[18.4248611,-33.9212233],[18.4254465,-33.9216517]]}},{"type":"Feature","properties":{"highway":"footway","name":null,"oneway":null,"surface":null,"lanes":null,"maxspeed":null},"geometry":{"type":"LineString","coordinates":[[18.4239285,-33.9217322],[18.4247435,-33.9223202]]}},{"type":"Feature","properties":{"highway":"service","name":null,"oneway":"no","surface":"asphalt","lanes":"1","maxspeed":null},"geometry":{"type":"LineString","coordinates":[[18.4282256,-33.9222629],[18.4282695,-33.9222186],[18.4283123,-33.9221763],[18.428354,-33.9221348],[18.4283942,-33.9220952],[18.4284363,-33.9220524],[18.4284729,-33.9220168],[18.4284769,-33.9220129],[18.428481,-33.9220089]]}},{"type":"Feature","properties":{"highway":"service","name":null,"oneway":"no","surface":"asphalt","lanes":"1","maxspeed":null},"geometry":{"type":"LineString","coordinates":[[18.4275677,-33.9215915],[18.4275574,-33.9216062],[18.4275532,-33.9216173],[18.4275541,-33.9216311],[18.4275607,-33.921643],[18.4275742,-33.921656],[18.4282769,-33.9221442],[18.4282952,-33.9221518],[18.4283088,-33.9221546],[18.4283252,-33.922153],[18.4283392,-33.9221468],[18.428354,-33.9221348]]}},{"type":"Feature","properties":{"highway":"service","name":null,"oneway":"no","surface":"asphalt","lanes":"1","maxspeed":null},"geometry":{"type":"LineString","coordinates":[[18.4277771,-33.9213905],[18.4277425,-33.9214239],[18.4277086,-33.9214566],[18.427702,-33.9214628],[18.4276522,-33.9215107],[18.4276073,-33.9215539],[18.4275677,-33.9215915],[18.4275247,-33.9216333],[18.4274813,-33.9216743],[18.4274367,-33.9217183],[18.4274264,-33.921733],[18.4274222,-33.9217441],[18.4274231,-33.9217578],[18.4274297,-33.9217697],[18.4274433,-33.9217827]]}},{"type":"Feature","properties":{"highway":"service","name":null,"oneway":"no","surface":"asphalt","lanes":"1","maxspeed":null},"geometry":{"type":"LineString","coordinates":[[18.4275247,-33.9216333],[18.4275144,-33.921648],[18.4275102,-33.9216591],[18.4275111,-33.9216729],[18.4275177,-33.9216848],[18.4275313,-33.9216978],[18.4282352,-33.9221857],[18.4282535,-33.9221933],[18.4282671,-33.9221961],[18.4282836,-33.9221945],[18.4282975,-33.9221883],[18.4283123,-33.9221763]]}},{"type":"Feature","properties":{"highway":"service","name":null,"oneway":"no","surface":"asphalt","lanes":"1","maxspeed":null},"geometry":{"type":"LineString","coordinates":[[18.4274813,-33.9216743],[18.4274711,-33.921689],[18.4274668,-33.9217001],[18.4274678,-33.9217138],[18.4274744,-33.9217258],[18.4274879,-33.9217387],[18.4281923,-33.9222279],[18.4282107,-33.9222356],[18.4282243,-33.9222384],[18.4282407,-33.9222368],[18.4282547,-33.9222306],[18.4282695,-33.9222186]]}},{"type":"Feature","properties":{"highway":"service","name":null,"oneway":"no","surface":"asphalt","lanes":"1","maxspeed":null},"geometry":{"type":"LineString","coordinates":[[18.4274433,-33.9217827],[18.4281485,-33.9222723],[18.4281669,-33.9222799],[18.4281805,-33.9222827],[18.4281969,-33.9222811],[18.4282109,-33.9222749],[18.4282256,-33.9222629]]}},{"type":"Feature","properties":{"highway":"service","name":null,"oneway":"no","surface":"asphalt","lanes":"1","maxspeed":null},"geometry":{"type":"LineString","coordinates":[[18.4276073,-33.9215539],[18.427597,-33.9215686],[18.4275928,-33.9215797],[18.4275937,-33.9215934],[18.4276003,-33.9216054],[18.4276139,-33.9216183],[18.4283171,-33.9221046],[18.4283354,-33.9221122],[18.428349,-33.922115],[18.4283655,-33.9221134],[18.4283794,-33.9221072],[18.4283942,-33.9220952]]}},{"type":"Feature","properties":{"highway":"service","name":null,"oneway":"no","surface":"asphalt","lanes":"1","maxspeed":null},"geometry":{"type":"LineString","coordinates":[[18.4276522,-33.9215107],[18.427641,-33.9215251],[18.4276368,-33.9215362],[18.4276377,-33.92155],[18.4276443,-33.9215619],[18.4276579,-33.9215748],[18.4283592,-33.9220617],[18.4283775,-33.9220693],[18.4283911,-33.9220722],[18.4284076,-33.9220706],[18.4284215,-33.9220644],[18.4284363,-33.9220524]]}},{"type":"Feature","properties":{"highway":"service","name":null,"oneway":"no","surface":"asphalt","lanes":"1","maxspeed":null},"geometry":{"type":"LineString","coordinates":[[18.427702,-33.9214628],[18.4276917,-33.9214776],[18.4276875,-33.9214886],[18.4276884,-33.9215024],[18.427695,-33.9215143],[18.4277086,-33.9215273],[18.4284091,-33.9220139],[18.4284275,-33.9220215],[18.4284411,-33.9220243],[18.4284575,-33.9220227],[18.4284729,-33.9220168]]}},{"type":"Feature","properties":{"highway":"service","name":null,"oneway":"no","surface":"asphalt","lanes":"2","maxspeed":null},"geometry":{"type":"LineString","coordinates":[[18.4328156,-33.9171373],[18.4327907,-33.9171069],[18.43277,-33.917081],[18.4327573,-33.9170559],[18.4327507,-33.9170369],[18.432715,-33.9168782]]}},{"type":"Feature","properties":{"highway":"service","name":null,"oneway":"yes","surface":"asphalt","lanes":"2","maxspeed":null},"geometry":{"type":"LineString","coordinates":[[18.433214,-33.9174738],[18.433128,-33.9174115],[18.4328669,-33.917219],[18.4328156,-33.9171373]]}},{"type":"Feature","properties":{"highway":"service","name":null,"oneway":"yes","surface":null,"lanes":null,"maxspeed":null},"geometry":{"type":"LineString","coordinates":[[18.4316533,-33.9156647],[18.431385,-33.9155674],[18.4309139,-33.915224],[18.4308844,-33.9152111],[18.4308538,-33.9152061],[18.4308177,-33.9152057],[18.4307752,-33.9152123],[18.4307468,-33.9152294],[18.4306883,-33.915282],[18.4306425,-33.9153232],[18.430634,-33.9153424],[18.4306334,-33.9153638],[18.4306438,-33.9153864],[18.4306584,-33.9154006],[18.4315667,-33.916063],[18.431594,-33.9160892],[18.4316113,-33.9161152],[18.4316486,-33.9162692],[18.4316625,-33.9163046],[18.4316868,-33.9163356]]}},{"type":"Feature","properties":{"highway":"service","name":null,"oneway":"yes","surface":null,"lanes":null,"maxspeed":null},"geometry":{"type":"LineString","coordinates":[[18.4308177,-33.9152057],[18.4307736,-33.9151965],[18.430739,-33.9151795],[18.4287914,-33.9137375]]}},{"type":"Feature","properties":{"highway":"footway","name":null,"oneway":null,"surface":null,"lanes":null,"maxspeed":null},"geometry":{"type":"LineString","coordinates":[[18.4254465,-33.9216517],[18.4255635,-33.9217391],[18.4252103,-33.9220692],[18.4248544,-33.922401],[18.424627,-33.922613],[18.4246822,-33.9226505]]}},{"type":"Feature","properties":{"highway":"footway","name":null,"oneway":null,"surface":null,"lanes":null,"maxspeed":null},"geometry":{"type":"LineString","coordinates":[[18.424627,-33.922613],[18.4245699,-33.9225743]]}},{"type":"Feature","properties":{"highway":"footway","name":null,"oneway":null,"surface":null,"lanes":null,"maxspeed":null},"geometry":{"type":"LineString","coordinates":[[18.4248544,-33.922401],[18.4247435,-33.9223202]]}},{"type":"Feature","properties":{"highway":"residential","name":"Chiappini Street","oneway":null,"surface":"asphalt","lanes":"2","maxspeed":null},"geometry":{"type":"LineString","coordinates":[[18.4175556,-33.9179104],[18.4176324,-33.9178322]]}},{"type":"Feature","properties":{"highway":"tertiary","name":"Mount Street","oneway":"yes","surface":"asphalt","lanes":"1","maxspeed":null},"geometry":{"type":"LineString","coordinates":[[18.4277628,-33.9272294],[18.4279641,-33.9273889]]}},{"type":"Feature","properties":{"highway":"residential","name":"Chapel Street","oneway":null,"surface":"asphalt","lanes":"2","maxspeed":null},"geometry":{"type":"LineString","coordinates":[[18.4314402,-33.9300087],[18.4314895,-33.9299396],[18.4314943,-33.9299329],[18.431763,-33.9294624],[18.4318545,-33.9293558],[18.4319706,-33.9292526],[18.4320274,-33.92921],[18.4322437,-33.9290785],[18.4323998,-33.9290091],[18.4325794,-33.92893],[18.4327149,-33.9288688],[18.4329928,-33.9287876],[18.4332029,-33.928769],[18.4334039,-33.9287678],[18.4341025,-33.9288092],[18.4343977,-33.9288368]]}},{"type":"Feature","properties":{"highway":"residential","name":null,"oneway":null,"surface":"asphalt","lanes":"2","maxspeed":null},"geometry":{"type":"LineString","coordinates":[[18.4332476,-33.9308301],[18.4332087,-33.9308992],[18.4331999,-33.9309148],[18.433195,-33.9309235],[18.4330448,-33.9311903],[18.4328608,-33.9315171],[18.4327546,-33.9317042],[18.432593,-33.9319929],[18.4323719,-33.9323962],[18.432301,-33.9324666],[18.4322021,-33.9325649],[18.4321382,-33.9327022],[18.4320728,-33.9328427],[18.4320354,-33.932923]]}},{"type":"Feature","properties":{"highway":"residential","name":"Orphan Street","oneway":"yes","surface":"asphalt","lanes":"2","maxspeed":"60"},"geometry":{"type":"LineString","coordinates":[[18.4132087,-33.9256577],[18.4138995,-33.9261741]]}},{"type":"Feature","properties":{"highway":"service","name":null,"oneway":null,"surface":"paving_stones","lanes":null,"maxspeed":null},"geometry":{"type":"LineString","coordinates":[[18.4134592,-33.9243178],[18.4135057,-33.9244053],[18.413503,-33.9244164],[18.4134226,-33.9244876],[18.4133904,-33.9244898],[18.4133074,-33.9244606]]}},{"type":"Feature","properties":{"highway":"steps","name":null,"oneway":null,"surface":null,"lanes":null,"maxspeed":null},"geometry":{"type":"LineString","coordinates":[[18.4120094,-33.9283512],[18.4119678,-33.9283945]]}},{"type":"Feature","properties":{"highway":"footway","name":null,"oneway":null,"surface":null,"lanes":null,"maxspeed":null},"geometry":{"type":"LineString","coordinates":[[18.4120094,-33.9283512],[18.41206,-33.9282989]]}},{"type":"Feature","properties":{"highway":"footway","name":null,"oneway":null,"surface":null,"lanes":null,"maxspeed":null},"geometry":{"type":"LineString","coordinates":[[18.4119678,-33.9283945],[18.4119531,-33.9284094],[18.4119106,-33.9283803],[18.4117833,-33.928505],[18.4118372,-33.9285432],[18.4117461,-33.9286316],[18.4115841,-33.9285168],[18.4115506,-33.9285331],[18.4114989,-33.9285131]]}},{"type":"Feature","properties":{"highway":"footway","name":null,"oneway":null,"surface":null,"lanes":null,"maxspeed":null},"geometry":{"type":"LineString","coordinates":[[18.4117461,-33.9286316],[18.4118796,-33.9287285]]}},{"type":"Feature","properties":{"highway":"footway","name":null,"oneway":null,"surface":"paving_stones","lanes":null,"maxspeed":null},"geometry":{"type":"LineString","coordinates":[[18.4118796,-33.9287285],[18.4122095,-33.9284067]]}},{"type":"Feature","properties":{"highway":"footway","name":null,"oneway":null,"surface":"paving_stones","lanes":null,"maxspeed":null},"geometry":{"type":"LineString","coordinates":[[18.4116502,-33.928934],[18.4118796,-33.9287285]]}},{"type":"Feature","properties":{"highway":"footway","name":null,"oneway":null,"surface":"paved","lanes":null,"maxspeed":null},"geometry":{"type":"LineString","coordinates":[[18.4154745,-33.927729],[18.4155511,-33.9277932],[18.4156108,-33.9278106],[18.4157142,-33.9278382]]}},{"type":"Feature","properties":{"highway":"busway","name":"Hans Strijdom Avenue Bus Lane","oneway":"yes","surface":null,"lanes":"1","maxspeed":null},"geometry":{"type":"LineString","coordinates":[[18.4230107,-33.9169164],[18.4230097,-33.9170857],[18.4231338,-33.9176182],[18.4231534,-33.9177055],[18.4231788,-33.9178149],[18.4231966,-33.9178727],[18.4232154,-33.9179259],[18.4232218,-33.9179386],[18.4232288,-33.9179517],[18.4232479,-33.9179852],[18.4232694,-33.9180182],[18.4232892,-33.9180451],[18.4233158,-33.9180766],[18.4233476,-33.9181094],[18.4233771,-33.9181364],[18.4234169,-33.9181703],[18.423456,-33.9181996],[18.423507,-33.9182342],[18.4235321,-33.9182508],[18.4236727,-33.9183487],[18.4237522,-33.9184058],[18.4246152,-33.9190137],[18.4251415,-33.9194143],[18.4251645,-33.9194299],[18.425195,-33.9194455],[18.4252397,-33.9194646],[18.4252867,-33.919481],[18.4253425,-33.9194929],[18.4253986,-33.919501],[18.4254593,-33.9195047],[18.4255238,-33.919508],[18.4255887,-33.9195065]]}},{"type":"Feature","properties":{"highway":"busway","name":"Hans Strijdom Avenue Bus Lane","oneway":"yes","surface":null,"lanes":null,"maxspeed":null},"geometry":{"type":"LineString","coordinates":[[18.4253039,-33.9198718],[18.4252845,-33.9198251],[18.425274,-33.9197742],[18.4252648,-33.9197217],[18.4252502,-33.919666],[18.4252301,-33.9196243],[18.4252031,-33.9195778],[18.4251737,-33.9195341],[18.4251343,-33.9194847],[18.4250927,-33.919451],[18.4245711,-33.9190811],[18.4236758,-33.9184585],[18.4235924,-33.9183992],[18.4234684,-33.9183108],[18.423409,-33.9182677],[18.42336,-33.9182265],[18.4233189,-33.9181888],[18.4232786,-33.9181459],[18.4232468,-33.9181068],[18.4232236,-33.9180727],[18.4231978,-33.9180278],[18.4231798,-33.9179923],[18.4231658,-33.9179587],[18.4231482,-33.9179122],[18.4231349,-33.9178652],[18.4231076,-33.9177468],[18.4230881,-33.9176611],[18.4229578,-33.9171013],[18.4228907,-33.9169605]]}},{"type":"Feature","properties":{"highway":"busway","name":"Heerengracht Bus Lane","oneway":"yes","surface":"asphalt","lanes":"1","maxspeed":null},"geometry":{"type":"LineString","coordinates":[[18.4253039,-33.9198718],[18.4252768,-33.9198415],[18.4252458,-33.9198145]]}},{"type":"Feature","properties":{"highway":"busway","name":"Adderley Street Bus Lane","oneway":"yes","surface":"asphalt","lanes":"2","maxspeed":null},"geometry":{"type":"LineString","coordinates":[[18.4252662,-33.9200552],[18.4252649,-33.9199213]]}},{"type":"Feature","properties":{"highway":"busway","name":"Heerengracht Street Bus Lane","oneway":"yes","surface":null,"lanes":"1","maxspeed":null},"geometry":{"type":"LineString","coordinates":[[18.4254593,-33.9195047],[18.425583,-33.9194801],[18.4256544,-33.9194598],[18.425726,-33.9194363],[18.4257717,-33.9194145],[18.4258089,-33.9193861],[18.4258487,-33.9193486],[18.4265575,-33.9186892],[18.4265934,-33.9186547],[18.4266252,-33.9186276],[18.4266635,-33.9186039],[18.4267311,-33.9185756]]}},{"type":"Feature","properties":{"highway":"busway","name":"Heerengracht Street Bus Lane","oneway":"yes","surface":null,"lanes":null,"maxspeed":null},"geometry":{"type":"LineString","coordinates":[[18.4279826,-33.917862],[18.4278581,-33.917915],[18.4278097,-33.9179382],[18.4273667,-33.9183627],[18.4273286,-33.9184879]]}},{"type":"Feature","properties":{"highway":"busway","name":"Heerengracht Street Bus Lane","oneway":"yes","surface":null,"lanes":null,"maxspeed":null},"geometry":{"type":"LineString","coordinates":[[18.4268467,-33.9189459],[18.4268051,-33.9189479],[18.4267716,-33.9189523],[18.4267461,-33.9189651],[18.4267139,-33.9189927],[18.4261318,-33.9195499],[18.4260852,-33.9195939],[18.4260455,-33.919637]]}},{"type":"Feature","properties":{"highway":"busway","name":null,"oneway":"yes","surface":"asphalt","lanes":"1","maxspeed":null},"geometry":{"type":"LineString","coordinates":[[18.4268819,-33.9189443],[18.4267422,-33.9190482]]}},{"type":"Feature","properties":{"highway":"service","name":null,"oneway":null,"surface":null,"lanes":null,"maxspeed":null},"geometry":{"type":"LineString","coordinates":[[18.4119195,-33.9204913],[18.4118974,-33.9203948],[18.4121535,-33.9201055]]}},{"type":"Feature","properties":{"highway":"footway","name":null,"oneway":null,"surface":null,"lanes":null,"maxspeed":null},"geometry":{"type":"LineString","coordinates":[[18.4134803,-33.92393],[18.4135397,-33.9238754],[18.4135768,-33.9239034],[18.4136793,-33.9239784],[18.4137568,-33.9240393],[18.4138314,-33.9240991],[18.4137763,-33.9241544],[18.4137161,-33.9242115],[18.4136347,-33.9241527],[18.4135515,-33.9240935],[18.413451,-33.9240225],[18.4134143,-33.9239928],[18.4134803,-33.92393]]}},{"type":"Feature","properties":{"highway":"service","name":null,"oneway":null,"surface":null,"lanes":null,"maxspeed":null},"geometry":{"type":"LineString","coordinates":[[18.4118212,-33.9297977],[18.4120156,-33.9299145],[18.4119945,-33.9299488],[18.4120247,-33.930022],[18.4120277,-33.9300547]]}},{"type":"Feature","properties":{"highway":"service","name":null,"oneway":null,"surface":null,"lanes":null,"maxspeed":null},"geometry":{"type":"LineString","coordinates":[[18.4128441,-33.9304123],[18.4126656,-33.9305587],[18.4126287,-33.9306037],[18.4128111,-33.9308357]]}},{"type":"Feature","properties":{"highway":"service","name":null,"oneway":null,"surface":null,"lanes":null,"maxspeed":null},"geometry":{"type":"LineString","coordinates":[[18.4162057,-33.9180669],[18.4163572,-33.9179299],[18.4163725,-33.9179219],[18.4164355,-33.917907],[18.4164484,-33.9179012],[18.4166497,-33.917711]]}},{"type":"Feature","properties":{"highway":"service","name":null,"oneway":null,"surface":"asphalt","lanes":null,"maxspeed":null},"geometry":{"type":"LineString","coordinates":[[18.4180458,-33.9189125],[18.418076,-33.9189355],[18.4181196,-33.9189536]]}},{"type":"Feature","properties":{"highway":"footway","name":null,"oneway":null,"surface":null,"lanes":null,"maxspeed":null},"geometry":{"type":"LineString","coordinates":[[18.4245547,-33.9238625],[18.4245078,-33.9239049],[18.4243794,-33.9240352],[18.4243043,-33.9239835]]}},{"type":"Feature","properties":{"highway":"footway","name":null,"oneway":null,"surface":null,"lanes":null,"maxspeed":null},"geometry":{"type":"LineString","coordinates":[[18.41823,-33.927197],[18.418214,-33.9271979],[18.4181984,-33.9271946],[18.4181848,-33.9271875],[18.4181748,-33.9271774],[18.4181689,-33.9271652],[18.4181678,-33.9271521],[18.4181716,-33.9271394],[18.4181799,-33.9271283],[18.4181919,-33.9271198],[18.4182065,-33.9271148],[18.4182222,-33.9271137],[18.4182376,-33.9271166],[18.4182511,-33.9271233],[18.4182617,-33.9271334],[18.418268,-33.9271457],[18.4182694,-33.927159],[18.4182656,-33.927172],[18.4182572,-33.9271833],[18.4182449,-33.927192],[18.41823,-33.927197]]}},{"type":"Feature","properties":{"highway":"footway","name":null,"oneway":null,"surface":null,"lanes":null,"maxspeed":null},"geometry":{"type":"LineString","coordinates":[[18.4179976,-33.9269972],[18.4180353,-33.9270243],[18.4181799,-33.9271283]]}},{"type":"Feature","properties":{"highway":"footway","name":null,"oneway":null,"surface":null,"lanes":null,"maxspeed":null},"geometry":{"type":"LineString","coordinates":[[18.4182572,-33.9271833],[18.4184134,-33.9272957],[18.4184359,-33.9273119]]}},{"type":"Feature","properties":{"highway":"steps","name":null,"oneway":null,"surface":null,"lanes":null,"maxspeed":null},"geometry":{"type":"LineString","coordinates":[[18.4184359,-33.9273119],[18.4184646,-33.9273326]]}},{"type":"Feature","properties":{"highway":"footway","name":null,"oneway":null,"surface":null,"lanes":null,"maxspeed":null},"geometry":{"type":"LineString","coordinates":[[18.4182511,-33.9271233],[18.4184675,-33.9269166]]}},{"type":"Feature","properties":{"highway":"footway","name":null,"oneway":null,"surface":null,"lanes":null,"maxspeed":null},"geometry":{"type":"LineString","coordinates":[[18.4181688,-33.9275342],[18.4184134,-33.9272957],[18.418661,-33.9270543],[18.4184675,-33.9269166],[18.4182838,-33.9267859],[18.4180353,-33.9270243],[18.4177901,-33.9272597],[18.4179744,-33.9273933],[18.4181688,-33.9275342]]}},{"type":"Feature","properties":{"highway":"service","name":null,"oneway":"no","surface":"paved","lanes":"2","maxspeed":null},"geometry":{"type":"LineString","coordinates":[[18.426609,-33.9151096],[18.4267126,-33.9151359]]}},{"type":"Feature","properties":{"highway":"service","name":null,"oneway":null,"surface":null,"lanes":null,"maxspeed":null},"geometry":{"type":"LineString","coordinates":[[18.4199476,-33.914359],[18.4199819,-33.9144416],[18.4201737,-33.9148701],[18.4202193,-33.9148874],[18.420287,-33.914928],[18.4203206,-33.9149973]]}},{"type":"Feature","properties":{"highway":"service","name":null,"oneway":null,"surface":null,"lanes":null,"maxspeed":null},"geometry":{"type":"LineString","coordinates":[[18.420932,-33.9165323],[18.4213324,-33.9161678],[18.4213538,-33.9161044],[18.4213069,-33.9160276],[18.4212466,-33.915933],[18.4211998,-33.9158768]]}},{"type":"Feature","properties":{"highway":"tertiary","name":"Strand Street","oneway":null,"surface":"asphalt","lanes":"2","maxspeed":"60"},"geometry":{"type":"LineString","coordinates":[[18.4148372,-33.9147593],[18.4152351,-33.9153632],[18.415563,-33.9158612]]}},{"type":"Feature","properties":{"highway":"tertiary","name":"Strand Street","oneway":"yes","surface":"asphalt","lanes":"1","maxspeed":null},"geometry":{"type":"LineString","coordinates":[[18.4158502,-33.9163409],[18.4157939,-33.9162579],[18.4156592,-33.9160563],[18.415563,-33.9158612]]}},{"type":"Feature","properties":{"highway":"steps","name":null,"oneway":null,"surface":null,"lanes":null,"maxspeed":null},"geometry":{"type":"LineString","coordinates":[[18.4199655,-33.9259744],[18.4199384,-33.9259544]]}},{"type":"Feature","properties":{"highway":"footway","name":null,"oneway":null,"surface":null,"lanes":null,"maxspeed":null},"geometry":{"type":"LineString","coordinates":[[18.4199655,-33.9259744],[18.4201158,-33.9260845]]}},{"type":"Feature","properties":{"highway":"footway","name":null,"oneway":null,"surface":null,"lanes":null,"maxspeed":null},"geometry":{"type":"LineString","coordinates":[[18.4181571,-33.9149937],[18.4182199,-33.9149744]]}},{"type":"Feature","properties":{"highway":"footway","name":null,"oneway":null,"surface":"asphalt","lanes":null,"maxspeed":null},"geometry":{"type":"LineString","coordinates":[[18.4351352,-33.9275757],[18.4348074,-33.927562],[18.4347671,-33.9275779],[18.4346346,-33.9275736],[18.4344081,-33.9275615],[18.434226,-33.9275576]]}},{"type":"Feature","properties":{"highway":"footway","name":null,"oneway":null,"surface":"asphalt","lanes":null,"maxspeed":null},"geometry":{"type":"LineString","coordinates":[[18.4344723,-33.9273537],[18.4344286,-33.9273494],[18.4343941,-33.9273469]]}},{"type":"Feature","properties":{"highway":"footway","name":null,"oneway":null,"surface":"asphalt","lanes":null,"maxspeed":null},"geometry":{"type":"LineString","coordinates":[[18.4343941,-33.9273469],[18.4342248,-33.9273358],[18.4338746,-33.9273062],[18.4337707,-33.9272956],[18.4332605,-33.92725],[18.4330042,-33.9272263],[18.4328057,-33.9272103]]}},{"type":"Feature","properties":{"highway":"footway","name":null,"oneway":null,"surface":"asphalt","lanes":null,"maxspeed":null},"geometry":{"type":"LineString","coordinates":[[18.434226,-33.9275576],[18.4341767,-33.9275551],[18.4340777,-33.9275474]]}},{"type":"Feature","properties":{"highway":"footway","name":null,"oneway":null,"surface":"asphalt","lanes":null,"maxspeed":null},"geometry":{"type":"LineString","coordinates":[[18.4340777,-33.9275474],[18.4338553,-33.9275382],[18.4333714,-33.927514],[18.4332409,-33.9275053],[18.4329774,-33.9274947],[18.432794,-33.9274849]]}},{"type":"Feature","properties":{"highway":"footway","name":null,"oneway":null,"surface":"asphalt","lanes":null,"maxspeed":null},"geometry":{"type":"LineString","coordinates":[[18.432794,-33.9274849],[18.4327305,-33.9274822],[18.4326562,-33.9274788]]}},{"type":"Feature","properties":{"highway":"footway","name":null,"oneway":null,"surface":"asphalt","lanes":null,"maxspeed":null},"geometry":{"type":"LineString","coordinates":[[18.4328057,-33.9272103],[18.4327477,-33.9272058],[18.4326804,-33.9272006]]}},{"type":"Feature","properties":{"highway":"footway","name":null,"oneway":null,"surface":"asphalt","lanes":null,"maxspeed":null},"geometry":{"type":"LineString","coordinates":[[18.4326804,-33.9272006],[18.4324873,-33.9271895],[18.4324296,-33.9271622],[18.4319106,-33.9271344],[18.4316538,-33.9271222],[18.4316142,-33.9271422],[18.4312474,-33.9271171],[18.4306245,-33.9270782],[18.4304977,-33.9270749],[18.4304593,-33.9270937]]}},{"type":"Feature","properties":{"highway":"footway","name":null,"oneway":null,"surface":"asphalt","lanes":null,"maxspeed":null},"geometry":{"type":"LineString","coordinates":[[18.4304593,-33.9270937],[18.4303852,-33.9270892],[18.4303078,-33.9270832],[18.4302593,-33.9270808],[18.4302083,-33.9270799]]}},{"type":"Feature","properties":{"highway":"footway","name":null,"oneway":null,"surface":"paving_stones","lanes":null,"maxspeed":null},"geometry":{"type":"LineString","coordinates":[[18.4305221,-33.9271781],[18.4305087,-33.9271531],[18.430502,-33.9271405],[18.4304953,-33.927128],[18.4304593,-33.9270937]]}},{"type":"Feature","properties":{"highway":"footway","name":null,"oneway":null,"surface":"asphalt","lanes":null,"maxspeed":null},"geometry":{"type":"LineString","coordinates":[[18.4326562,-33.9274788],[18.4323618,-33.9274589],[18.4320587,-33.9274472]]}},{"type":"Feature","properties":{"highway":"footway","name":null,"oneway":null,"surface":"asphalt","lanes":null,"maxspeed":null},"geometry":{"type":"LineString","coordinates":[[18.4320587,-33.9274472],[18.4319812,-33.9274427],[18.4318749,-33.9274411]]}},{"type":"Feature","properties":{"highway":"footway","name":null,"oneway":null,"surface":"asphalt","lanes":null,"maxspeed":null},"geometry":{"type":"LineString","coordinates":[[18.4318749,-33.9274411],[18.4313237,-33.9274144]]}},{"type":"Feature","properties":{"highway":"footway","name":null,"oneway":null,"surface":"asphalt","lanes":null,"maxspeed":null},"geometry":{"type":"LineString","coordinates":[[18.4313237,-33.9274144],[18.4312956,-33.9274021],[18.4312439,-33.9273987],[18.4311668,-33.9273943],[18.4311548,-33.9274016]]}},{"type":"Feature","properties":{"highway":"footway","name":null,"oneway":null,"surface":"asphalt","lanes":null,"maxspeed":null},"geometry":{"type":"LineString","coordinates":[[18.4311548,-33.9274016],[18.4309228,-33.9273865],[18.4306049,-33.9273687],[18.4304842,-33.9273769]]}},{"type":"Feature","properties":{"highway":"footway","name":null,"oneway":null,"surface":"asphalt","lanes":null,"maxspeed":null},"geometry":{"type":"LineString","coordinates":[[18.4300876,-33.9273184],[18.4300457,-33.9273326],[18.4300041,-33.9273398],[18.4294335,-33.9273097],[18.4291612,-33.9272925]]}},{"type":"Feature","properties":{"highway":"footway","name":null,"oneway":null,"surface":"asphalt","lanes":null,"maxspeed":null},"geometry":{"type":"LineString","coordinates":[[18.4291612,-33.9272925],[18.4290965,-33.9272922],[18.4290258,-33.9272881],[18.4289927,-33.9272838],[18.4289171,-33.9272753],[18.428893,-33.9272819]]}},{"type":"Feature","properties":{"highway":"footway","name":null,"oneway":null,"surface":"asphalt","lanes":null,"maxspeed":null},"geometry":{"type":"LineString","coordinates":[[18.428893,-33.9272819],[18.4287535,-33.9272758],[18.4281943,-33.9272458],[18.4281715,-33.9272441],[18.428146,-33.927263],[18.4280622,-33.9273404],[18.4279797,-33.927426]]}},{"type":"Feature","properties":{"highway":"footway","name":null,"oneway":null,"surface":"asphalt","lanes":null,"maxspeed":null},"geometry":{"type":"LineString","coordinates":[[18.4279797,-33.927426],[18.4279395,-33.9274115],[18.4278715,-33.9273883]]}},{"type":"Feature","properties":{"highway":"footway","name":null,"oneway":null,"surface":"asphalt","lanes":null,"maxspeed":null},"geometry":{"type":"LineString","coordinates":[[18.4301168,-33.9285595],[18.4300754,-33.9286237]]}},{"type":"Feature","properties":{"highway":"footway","name":null,"oneway":null,"surface":"asphalt","lanes":null,"maxspeed":null},"geometry":{"type":"LineString","coordinates":[[18.4300266,-33.928679],[18.4300754,-33.9286237]]}},{"type":"Feature","properties":{"highway":"footway","name":null,"oneway":null,"surface":"paving_stones","lanes":null,"maxspeed":null},"geometry":{"type":"LineString","coordinates":[[18.4304672,-33.9297985],[18.4304741,-33.929789],[18.430481,-33.9297794]]}},{"type":"Feature","properties":{"highway":"footway","name":null,"oneway":null,"surface":"asphalt","lanes":null,"maxspeed":null},"geometry":{"type":"LineString","coordinates":[[18.4306067,-33.929605],[18.4305879,-33.9295685],[18.4304324,-33.9294871],[18.4302327,-33.9293825],[18.4297297,-33.9291175]]}},{"type":"Feature","properties":{"highway":"footway","name":null,"oneway":null,"surface":"paving_stones","lanes":null,"maxspeed":null},"geometry":{"type":"LineString","coordinates":[[18.4294729,-33.9289111],[18.4295585,-33.9288014],[18.4297662,-33.9285314]]}},{"type":"Feature","properties":{"highway":"footway","name":null,"oneway":null,"surface":"asphalt","lanes":null,"maxspeed":null},"geometry":{"type":"LineString","coordinates":[[18.4297662,-33.9285314],[18.4298967,-33.9283419],[18.4299714,-33.9282039],[18.4300253,-33.9280799],[18.4300561,-33.9279757],[18.43007,-33.9279022],[18.4300292,-33.9278524],[18.4300584,-33.9277002],[18.4301355,-33.9274024],[18.4301392,-33.9273623]]}},{"type":"Feature","properties":{"highway":"footway","name":null,"oneway":null,"surface":"asphalt","lanes":null,"maxspeed":null},"geometry":{"type":"LineString","coordinates":[[18.4306067,-33.929605],[18.4307948,-33.9296897],[18.4308309,-33.9296897],[18.4309742,-33.929755]]}},{"type":"Feature","properties":{"highway":"footway","name":null,"oneway":null,"surface":"asphalt","lanes":null,"maxspeed":null},"geometry":{"type":"LineString","coordinates":[[18.4309742,-33.929755],[18.4310246,-33.9297753],[18.4310819,-33.9298031]]}},{"type":"Feature","properties":{"highway":"footway","name":null,"oneway":null,"surface":"asphalt","lanes":null,"maxspeed":null},"geometry":{"type":"LineString","coordinates":[[18.4310819,-33.9298031],[18.4310967,-33.9298191],[18.4312628,-33.9298853],[18.4313136,-33.9299043],[18.4313513,-33.9299098],[18.4314107,-33.9299001]]}},{"type":"Feature","properties":{"highway":"footway","name":null,"oneway":null,"surface":"asphalt","lanes":null,"maxspeed":null},"geometry":{"type":"LineString","coordinates":[[18.4314107,-33.9299001],[18.4314158,-33.9299094],[18.4314895,-33.9299396],[18.4315627,-33.9299688],[18.4315876,-33.929976]]}},{"type":"Feature","properties":{"highway":"footway","name":null,"oneway":null,"surface":"asphalt","lanes":null,"maxspeed":null},"geometry":{"type":"LineString","coordinates":[[18.4315876,-33.929976],[18.4316064,-33.9299895],[18.431736,-33.9300502],[18.4321562,-33.9302125],[18.4324611,-33.9303348],[18.4325016,-33.9303496],[18.4325546,-33.9303698],[18.4325841,-33.9303833],[18.432701,-33.9304297],[18.4332483,-33.9306405],[18.4336208,-33.930786],[18.4337427,-33.9308343]]}},{"type":"Feature","properties":{"highway":"footway","name":null,"oneway":null,"surface":"unpaved","lanes":null,"maxspeed":null},"geometry":{"type":"LineString","coordinates":[[18.4337427,-33.9308343],[18.4338929,-33.930892]]}},{"type":"Feature","properties":{"highway":"footway","name":null,"oneway":null,"surface":"asphalt","lanes":null,"maxspeed":null},"geometry":{"type":"LineString","coordinates":[[18.4338929,-33.930892],[18.4339576,-33.9309211],[18.4340203,-33.9309476]]}},{"type":"Feature","properties":{"highway":"footway","name":null,"oneway":null,"surface":"unpaved","lanes":null,"maxspeed":null},"geometry":{"type":"LineString","coordinates":[[18.4340203,-33.9309476],[18.4341853,-33.9310038],[18.4346869,-33.9311913],[18.4347484,-33.9312171]]}},{"type":"Feature","properties":{"highway":"footway","name":null,"oneway":null,"surface":"asphalt","lanes":null,"maxspeed":null},"geometry":{"type":"LineString","coordinates":[[18.4346171,-33.9314345],[18.4345923,-33.9314395],[18.4342288,-33.9313004],[18.4341263,-33.9312582]]}},{"type":"Feature","properties":{"highway":"footway","name":null,"oneway":null,"surface":"asphalt","lanes":null,"maxspeed":null},"geometry":{"type":"LineString","coordinates":[[18.4341263,-33.9312582],[18.434064,-33.9312362],[18.4340029,-33.9312131]]}},{"type":"Feature","properties":{"highway":"footway","name":null,"oneway":null,"surface":"asphalt","lanes":null,"maxspeed":null},"geometry":{"type":"LineString","coordinates":[[18.4340029,-33.9312131],[18.4338446,-33.931153],[18.4334912,-33.9310184],[18.433274,-33.9309243]]}},{"type":"Feature","properties":{"highway":"footway","name":null,"oneway":null,"surface":"asphalt","lanes":null,"maxspeed":null},"geometry":{"type":"LineString","coordinates":[[18.433274,-33.9309243],[18.4332087,-33.9308992],[18.4331399,-33.9308748]]}},{"type":"Feature","properties":{"highway":"footway","name":null,"oneway":null,"surface":"asphalt","lanes":null,"maxspeed":null},"geometry":{"type":"LineString","coordinates":[[18.4331399,-33.9308748],[18.4329535,-33.9308097],[18.4325203,-33.9306423],[18.4323325,-33.9305705],[18.4317994,-33.9303596],[18.43144,-33.9302139]]}},{"type":"Feature","properties":{"highway":"footway","name":null,"oneway":null,"surface":null,"lanes":null,"maxspeed":null},"geometry":{"type":"LineString","coordinates":[[18.43144,-33.9302139],[18.4313406,-33.930175],[18.4312684,-33.9301449],[18.4312382,-33.9301376]]}},{"type":"Feature","properties":{"highway":"footway","name":null,"oneway":null,"surface":"asphalt","lanes":null,"maxspeed":null},"geometry":{"type":"LineString","coordinates":[[18.4312086,-33.9301374],[18.4312382,-33.9301376]]}},{"type":"Feature","properties":{"highway":"footway","name":null,"oneway":null,"surface":"asphalt","lanes":null,"maxspeed":null},"geometry":{"type":"LineString","coordinates":[[18.4287237,-33.930325],[18.4287563,-33.9303423]]}},{"type":"Feature","properties":{"highway":"footway","name":null,"oneway":null,"surface":"paving_stones","lanes":null,"maxspeed":null},"geometry":{"type":"LineString","coordinates":[[18.4287218,-33.9303858],[18.4287523,-33.9304015]]}},{"type":"Feature","properties":{"highway":"footway","name":null,"oneway":null,"surface":"asphalt","lanes":null,"maxspeed":null},"geometry":{"type":"LineString","coordinates":[[18.4285161,-33.930117],[18.4285226,-33.9301649],[18.4285134,-33.930212]]}},{"type":"Feature","properties":{"highway":"footway","name":null,"oneway":null,"surface":"paving_stones","lanes":null,"maxspeed":null},"geometry":{"type":"LineString","coordinates":[[18.4285134,-33.930212],[18.4284766,-33.9302661],[18.4284434,-33.9302753],[18.4283155,-33.9304719],[18.4281819,-33.9306506],[18.428113,-33.9307373],[18.4279974,-33.9308642],[18.4279203,-33.9309369],[18.427896,-33.9309576]]}},{"type":"Feature","properties":{"highway":"footway","name":null,"oneway":null,"surface":"paving_stones","lanes":null,"maxspeed":null},"geometry":{"type":"LineString","coordinates":[[18.4274871,-33.9312041],[18.4274177,-33.9312251],[18.4273693,-33.931226],[18.4273342,-33.9312404]]}},{"type":"Feature","properties":{"highway":"footway","name":null,"oneway":null,"surface":"paving_stones","lanes":null,"maxspeed":null},"geometry":{"type":"LineString","coordinates":[[18.427896,-33.9309576],[18.4277715,-33.9310556],[18.4276822,-33.9311045],[18.4275777,-33.9311679],[18.4274871,-33.9312041]]}},{"type":"Feature","properties":{"highway":"footway","name":null,"oneway":null,"surface":"asphalt","lanes":null,"maxspeed":null},"geometry":{"type":"LineString","coordinates":[[18.4275841,-33.9313512],[18.4275063,-33.9312976],[18.4274399,-33.9312433]]}},{"type":"Feature","properties":{"highway":"footway","name":null,"oneway":null,"surface":"asphalt","lanes":null,"maxspeed":null},"geometry":{"type":"LineString","coordinates":[[18.4274399,-33.9312433],[18.4274177,-33.9312251]]}},{"type":"Feature","properties":{"highway":"footway","name":null,"oneway":null,"surface":"asphalt","lanes":null,"maxspeed":null},"geometry":{"type":"LineString","coordinates":[[18.4273342,-33.9312404],[18.4272319,-33.9312809],[18.4271315,-33.9313195]]}},{"type":"Feature","properties":{"highway":"footway","name":null,"oneway":null,"surface":"asphalt","lanes":null,"maxspeed":null},"geometry":{"type":"LineString","coordinates":[[18.4201745,-33.9316665],[18.4202324,-33.9315384],[18.4203028,-33.9313813],[18.4203806,-33.9312099],[18.4204585,-33.9310374],[18.4205381,-33.9308689]]}},{"type":"Feature","properties":{"highway":"footway","name":null,"oneway":null,"surface":"asphalt","lanes":null,"maxspeed":null},"geometry":{"type":"LineString","coordinates":[[18.4200559,-33.9316372],[18.4201196,-33.9314874],[18.4201966,-33.9313167],[18.4202576,-33.9311816],[18.4203289,-33.9310121],[18.4204103,-33.9308278]]}},{"type":"Feature","properties":{"highway":"footway","name":null,"oneway":null,"surface":"asphalt","lanes":null,"maxspeed":null},"geometry":{"type":"LineString","coordinates":[[18.4204103,-33.9308278],[18.4204244,-33.9307998],[18.4204395,-33.9307702]]}},{"type":"Feature","properties":{"highway":"footway","name":null,"oneway":null,"surface":"asphalt","lanes":null,"maxspeed":null},"geometry":{"type":"LineString","coordinates":[[18.4205381,-33.9308689],[18.4205535,-33.9308394],[18.4205762,-33.9307922]]}},{"type":"Feature","properties":{"highway":"footway","name":null,"oneway":null,"surface":"asphalt","lanes":null,"maxspeed":null},"geometry":{"type":"LineString","coordinates":[[18.4208791,-33.9300962],[18.420996,-33.9299285],[18.4211066,-33.9297864],[18.4212309,-33.9296154],[18.4213322,-33.9294763],[18.4214252,-33.9293525],[18.4214429,-33.9293426],[18.4214472,-33.9293231],[18.4214411,-33.9293049]]}},{"type":"Feature","properties":{"highway":"footway","name":null,"oneway":null,"surface":"asphalt","lanes":null,"maxspeed":null},"geometry":{"type":"LineString","coordinates":[[18.4204395,-33.9307702],[18.4204759,-33.9306772]]}},{"type":"Feature","properties":{"highway":"footway","name":null,"oneway":null,"surface":"asphalt","lanes":null,"maxspeed":null},"geometry":{"type":"LineString","coordinates":[[18.4204759,-33.9306772],[18.420539,-33.9305463],[18.4206664,-33.930388],[18.4207598,-33.9302654],[18.4208791,-33.9300962]]}},{"type":"Feature","properties":{"highway":"footway","name":null,"oneway":null,"surface":"asphalt","lanes":null,"maxspeed":null},"geometry":{"type":"LineString","coordinates":[[18.4208596,-33.9300863],[18.4208791,-33.9300962]]}},{"type":"Feature","properties":{"highway":"footway","name":null,"oneway":null,"surface":"asphalt","lanes":null,"maxspeed":null},"geometry":{"type":"LineString","coordinates":[[18.4205762,-33.9307922],[18.4206448,-33.9306575],[18.4207262,-33.9305272],[18.4207881,-33.9304365],[18.4208553,-33.9303458],[18.4209005,-33.9302941],[18.4209305,-33.930264],[18.4209651,-33.9302519],[18.421054,-33.9301729],[18.4211734,-33.9300665],[18.421215,-33.9300173],[18.4212876,-33.9299241],[18.4213606,-33.9298235],[18.4215043,-33.9296323],[18.4215964,-33.9295108],[18.4216189,-33.9294935],[18.4216472,-33.929478],[18.4216714,-33.9294741]]}},{"type":"Feature","properties":{"highway":"footway","name":null,"oneway":null,"surface":"asphalt","lanes":null,"maxspeed":null},"geometry":{"type":"LineString","coordinates":[[18.4218014,-33.9293333],[18.4218007,-33.9293137],[18.4217822,-33.9292807]]}},{"type":"Feature","properties":{"highway":"footway","name":null,"oneway":null,"surface":"asphalt","lanes":null,"maxspeed":null},"geometry":{"type":"LineString","coordinates":[[18.4216634,-33.9291907],[18.4216182,-33.9291977],[18.4215676,-33.9291819]]}},{"type":"Feature","properties":{"highway":"footway","name":null,"oneway":null,"surface":"asphalt","lanes":null,"maxspeed":null},"geometry":{"type":"LineString","coordinates":[[18.4246609,-33.9318979],[18.4245786,-33.9318018],[18.4244119,-33.9315994],[18.4243732,-33.931542],[18.4242965,-33.931448],[18.4241827,-33.9313055],[18.4240242,-33.9311086],[18.4238554,-33.9309112],[18.4236898,-33.9307257],[18.423645,-33.9306781]]}},{"type":"Feature","properties":{"highway":"footway","name":null,"oneway":null,"surface":"asphalt","lanes":null,"maxspeed":null},"geometry":{"type":"LineString","coordinates":[[18.424469,-33.9320239],[18.4244158,-33.9319698],[18.4242933,-33.9318252],[18.4241145,-33.9316135],[18.4239536,-33.9314165],[18.42387,-33.9313167],[18.4237501,-33.9311771],[18.4235804,-33.9309932],[18.423433,-33.930841],[18.4233811,-33.9308309]]}},{"type":"Feature","properties":{"highway":"footway","name":null,"oneway":null,"surface":"asphalt","lanes":null,"maxspeed":null},"geometry":{"type":"LineString","coordinates":[[18.4233811,-33.9308309],[18.4233481,-33.9308053],[18.4233014,-33.9307672]]}},{"type":"Feature","properties":{"highway":"footway","name":null,"oneway":null,"surface":"asphalt","lanes":null,"maxspeed":null},"geometry":{"type":"LineString","coordinates":[[18.4233014,-33.9307672],[18.4231855,-33.9306644],[18.4230513,-33.93054],[18.4229924,-33.930494],[18.4228348,-33.9303734],[18.422749,-33.9303131],[18.4227301,-33.930301],[18.4226859,-33.9302727]]}},{"type":"Feature","properties":{"highway":"footway","name":null,"oneway":null,"surface":"asphalt","lanes":null,"maxspeed":null},"geometry":{"type":"LineString","coordinates":[[18.4227301,-33.930301],[18.4227607,-33.9302807]]}},{"type":"Feature","properties":{"highway":"footway","name":null,"oneway":null,"surface":"asphalt","lanes":null,"maxspeed":null},"geometry":{"type":"LineString","coordinates":[[18.423645,-33.9306781],[18.4236155,-33.930645],[18.4235879,-33.930615]]}},{"type":"Feature","properties":{"highway":"footway","name":null,"oneway":null,"surface":"asphalt","lanes":null,"maxspeed":null},"geometry":{"type":"LineString","coordinates":[[18.4235879,-33.930615],[18.4235561,-33.9306022],[18.4234862,-33.9305372],[18.4233362,-33.930401],[18.4231995,-33.9302825],[18.4230517,-33.930161],[18.4230185,-33.9301364],[18.4229739,-33.9301033],[18.4229533,-33.9301183]]}},{"type":"Feature","properties":{"highway":"footway","name":null,"oneway":null,"surface":"asphalt","lanes":null,"maxspeed":null},"geometry":{"type":"LineString","coordinates":[[18.4229739,-33.9301033],[18.4229593,-33.9300835],[18.4229305,-33.9300578]]}},{"type":"Feature","properties":{"highway":"footway","name":null,"oneway":null,"surface":"asphalt","lanes":null,"maxspeed":null},"geometry":{"type":"LineString","coordinates":[[18.4229305,-33.9300578],[18.4229201,-33.9300561],[18.4228864,-33.9300315],[18.4228553,-33.9300072]]}},{"type":"Feature","properties":{"highway":"footway","name":null,"oneway":null,"surface":"asphalt","lanes":null,"maxspeed":null},"geometry":{"type":"LineString","coordinates":[[18.4226859,-33.9302727],[18.4226305,-33.9302284],[18.4225731,-33.9301783]]}},{"type":"Feature","properties":{"highway":"footway","name":null,"oneway":null,"surface":"asphalt","lanes":null,"maxspeed":null},"geometry":{"type":"LineString","coordinates":[[18.4228553,-33.9300072],[18.4228236,-33.9300012],[18.4227799,-33.9299843],[18.4227474,-33.9299649]]}},{"type":"Feature","properties":{"highway":"footway","name":null,"oneway":null,"surface":"asphalt","lanes":null,"maxspeed":null},"geometry":{"type":"LineString","coordinates":[[18.4225731,-33.9301783],[18.4225838,-33.9301576],[18.4225868,-33.9301395],[18.4225807,-33.930126],[18.4225569,-33.9301011],[18.4224486,-33.9300463],[18.4223526,-33.9299679],[18.4222967,-33.9299194]]}},{"type":"Feature","properties":{"highway":"footway","name":null,"oneway":null,"surface":"asphalt","lanes":null,"maxspeed":null},"geometry":{"type":"LineString","coordinates":[[18.4222967,-33.9299194],[18.4222875,-33.9299059],[18.4222499,-33.9298788],[18.4222001,-33.9298456]]}},{"type":"Feature","properties":{"highway":"footway","name":null,"oneway":null,"surface":"asphalt","lanes":null,"maxspeed":null},"geometry":{"type":"LineString","coordinates":[[18.4227474,-33.9299649],[18.4224857,-33.9297671]]}},{"type":"Feature","properties":{"highway":"footway","name":null,"oneway":null,"surface":"asphalt","lanes":null,"maxspeed":null},"geometry":{"type":"LineString","coordinates":[[18.4222001,-33.9298456],[18.4220432,-33.9297442],[18.4219118,-33.9296609]]}},{"type":"Feature","properties":{"highway":"footway","name":null,"oneway":null,"surface":"asphalt","lanes":null,"maxspeed":null},"geometry":{"type":"LineString","coordinates":[[18.4219118,-33.9296609],[18.4218849,-33.9296438],[18.421857,-33.9296236]]}},{"type":"Feature","properties":{"highway":"footway","name":null,"oneway":null,"surface":"asphalt","lanes":null,"maxspeed":null},"geometry":{"type":"LineString","coordinates":[[18.421857,-33.9296236],[18.42169,-33.9295097],[18.4216714,-33.9294741]]}},{"type":"Feature","properties":{"highway":"footway","name":null,"oneway":null,"surface":"asphalt","lanes":null,"maxspeed":null},"geometry":{"type":"LineString","coordinates":[[18.4224857,-33.9297671],[18.4224257,-33.9297254],[18.4223742,-33.9296894]]}},{"type":"Feature","properties":{"highway":"footway","name":null,"oneway":null,"surface":"asphalt","lanes":null,"maxspeed":null},"geometry":{"type":"LineString","coordinates":[[18.4223742,-33.9296894],[18.4223059,-33.9296589],[18.4220852,-33.9295107],[18.4218552,-33.9293518],[18.4218219,-33.9293363],[18.4218014,-33.9293333]]}},{"type":"Feature","properties":{"highway":"pedestrian","name":null,"oneway":null,"surface":"paving_stones","lanes":null,"maxspeed":null},"geometry":{"type":"LineString","coordinates":[[18.4273618,-33.9283496],[18.4273245,-33.9283557],[18.4272998,-33.9283736],[18.427288,-33.928399],[18.4272918,-33.928426],[18.4273103,-33.9284484],[18.4273392,-33.9284612],[18.427372,-33.9284613],[18.4274049,-33.9284456],[18.4274227,-33.9284178],[18.4274199,-33.9283863],[18.4273972,-33.928361],[18.4273618,-33.9283496]]}},{"type":"Feature","properties":{"highway":"pedestrian","name":null,"oneway":null,"surface":"paving_stones","lanes":null,"maxspeed":null},"geometry":{"type":"LineString","coordinates":[[18.4265006,-33.9277923],[18.4265429,-33.9278238],[18.4272998,-33.9283736]]}},{"type":"Feature","properties":{"highway":"pedestrian","name":null,"oneway":null,"surface":"paving_stones","lanes":null,"maxspeed":null},"geometry":{"type":"LineString","coordinates":[[18.4277355,-33.9280376],[18.4273972,-33.928361]]}},{"type":"Feature","properties":{"highway":"pedestrian","name":null,"oneway":null,"surface":"paving_stones","lanes":null,"maxspeed":null},"geometry":{"type":"LineString","coordinates":[[18.4282259,-33.9290353],[18.4283543,-33.9291308]]}},{"type":"Feature","properties":{"highway":"pedestrian","name":null,"oneway":null,"surface":"paving_stones","lanes":null,"maxspeed":null},"geometry":{"type":"LineString","coordinates":[[18.4284727,-33.928555],[18.4284638,-33.9285671],[18.4281982,-33.9289274]]}},{"type":"Feature","properties":{"highway":"pedestrian","name":null,"oneway":null,"surface":null,"lanes":null,"maxspeed":null},"geometry":{"type":"LineString","coordinates":[[18.4281257,-33.9289219],[18.4280898,-33.928943],[18.4280696,-33.9289798],[18.4280759,-33.9290199],[18.4281068,-33.9290512],[18.4281529,-33.9290643],[18.4282004,-33.9290552],[18.4282259,-33.9290353],[18.4282324,-33.9290302],[18.428246,-33.9289955],[18.428238,-33.9289597],[18.4282101,-33.9289314],[18.4281982,-33.9289274],[18.4281694,-33.9289177],[18.4281257,-33.9289219]]}},{"type":"Feature","properties":{"highway":"footway","name":null,"oneway":null,"surface":null,"lanes":null,"maxspeed":null},"geometry":{"type":"LineString","coordinates":[[18.4155005,-33.9317938],[18.4155292,-33.9318199],[18.4155786,-33.9318604],[18.4158842,-33.9320864],[18.4159263,-33.9321196],[18.4159433,-33.9321252],[18.4159497,-33.9321217],[18.4159635,-33.9321076],[18.4161216,-33.9319508],[18.4162818,-33.9317907],[18.4166321,-33.931454],[18.4173135,-33.9307994],[18.4175444,-33.9305747],[18.417542,-33.9305531],[18.4177314,-33.930369],[18.4179339,-33.9301727],[18.4179599,-33.9301389],[18.4179494,-33.9301221],[18.4178998,-33.9300863],[18.417781,-33.9300053],[18.4176225,-33.929894],[18.417538,-33.9298355],[18.417529,-33.9298293],[18.4174956,-33.9298326],[18.4174607,-33.9298583],[18.4171871,-33.9301275],[18.4168102,-33.9304985],[18.4166647,-33.930655],[18.4161786,-33.9311251],[18.4161199,-33.9311819],[18.4159562,-33.9313398],[18.4157652,-33.9315274],[18.4156832,-33.9316051],[18.4156634,-33.9316256],[18.4155384,-33.9317554],[18.4155005,-33.9317938],[18.4154564,-33.9318385],[18.4154061,-33.9318894],[18.4151541,-33.9321349],[18.4149446,-33.9323581],[18.4147591,-33.932546],[18.4146905,-33.9326144],[18.4146503,-33.9326454],[18.41464,-33.9326655],[18.4146391,-33.9326973],[18.4146326,-33.9327252],[18.4146611,-33.9327815],[18.4147764,-33.9329453],[18.4147935,-33.9329709],[18.4149072,-33.9331413],[18.4149707,-33.9332367],[18.4150342,-33.9333242],[18.4150603,-33.9333475],[18.415077,-33.933363],[18.415086,-33.9333712],[18.4151481,-33.9334288],[18.4152144,-33.9334815],[18.4152467,-33.9335012],[18.41532,-33.9335458],[18.4154974,-33.9336365],[18.4156403,-33.9336807],[18.4157337,-33.9336962],[18.4158449,-33.9337179],[18.415956,-33.933728],[18.4160214,-33.9337272],[18.4160765,-33.9337287]]}},{"type":"Feature","properties":{"highway":"footway","name":null,"oneway":null,"surface":"asphalt","lanes":null,"maxspeed":null},"geometry":{"type":"LineString","coordinates":[[18.4127898,-33.912382],[18.4128726,-33.9124209],[18.4129993,-33.9124898],[18.4130621,-33.9125198],[18.4131883,-33.9125998],[18.4132694,-33.9126519],[18.4134108,-33.9127508],[18.4134353,-33.9127686],[18.4135597,-33.9128686],[18.4136878,-33.9129817],[18.4137911,-33.913089],[18.413871,-33.9131764],[18.4139597,-33.9132895],[18.4141036,-33.9134857],[18.4141721,-33.9135799],[18.4142456,-33.9137203],[18.4143344,-33.9138902],[18.4144047,-33.9140028],[18.4145093,-33.914157],[18.4146684,-33.9143989],[18.4148694,-33.9147025],[18.4149797,-33.9148724],[18.4150282,-33.9149481],[18.415109,-33.915067],[18.4152161,-33.9152306],[18.4153904,-33.9154963],[18.4155584,-33.915752],[18.4157017,-33.9159708],[18.4158076,-33.9161181],[18.4159844,-33.9163411],[18.4161232,-33.9165221],[18.416276,-33.9167062],[18.4163755,-33.916803],[18.4164865,-33.9168977],[18.4165803,-33.9169671],[18.4167223,-33.9170692],[18.41674,-33.9170702]]}},{"type":"Feature","properties":{"highway":"steps","name":null,"oneway":null,"surface":"concrete","lanes":null,"maxspeed":null},"geometry":{"type":"LineString","coordinates":[[18.4150282,-33.9149481],[18.4152118,-33.914864]]}},{"type":"Feature","properties":{"highway":"footway","name":null,"oneway":null,"surface":"asphalt","lanes":null,"maxspeed":null},"geometry":{"type":"LineString","coordinates":[[18.4156872,-33.9147432],[18.4152682,-33.9149441]]}},{"type":"Feature","properties":{"highway":"footway","name":null,"oneway":null,"surface":"asphalt","lanes":null,"maxspeed":null},"geometry":{"type":"LineString","coordinates":[[18.4152118,-33.914864],[18.4152682,-33.9149441]]}},{"type":"Feature","properties":{"highway":"footway","name":null,"oneway":null,"surface":null,"lanes":null,"maxspeed":null},"geometry":{"type":"LineString","coordinates":[[18.419452,-33.9276866],[18.4195424,-33.9277515],[18.4196023,-33.9277945]]}},{"type":"Feature","properties":{"highway":"footway","name":null,"oneway":null,"surface":null,"lanes":null,"maxspeed":null},"geometry":{"type":"LineString","coordinates":[[18.4203975,-33.9268327],[18.4204268,-33.9268019],[18.4204679,-33.9267587],[18.4205627,-33.92667],[18.4206821,-33.9265569],[18.4206859,-33.9265301],[18.4208415,-33.9263684],[18.4210114,-33.9262041],[18.4210915,-33.9261221],[18.4211572,-33.9260581],[18.42119,-33.9260503],[18.4212021,-33.9260475],[18.421225,-33.9260252],[18.4215203,-33.925736]]}},{"type":"Feature","properties":{"highway":"footway","name":null,"oneway":null,"surface":null,"lanes":null,"maxspeed":null},"geometry":{"type":"LineString","coordinates":[[18.4203975,-33.9268327],[18.4204505,-33.9268682],[18.4204897,-33.9268945]]}},{"type":"Feature","properties":{"highway":"footway","name":null,"oneway":null,"surface":null,"lanes":null,"maxspeed":null},"geometry":{"type":"LineString","coordinates":[[18.4215712,-33.92569],[18.4215203,-33.925736]]}},{"type":"Feature","properties":{"highway":"footway","name":null,"oneway":null,"surface":null,"lanes":null,"maxspeed":null},"geometry":{"type":"LineString","coordinates":[[18.4215203,-33.925736],[18.4215844,-33.9257807],[18.4216182,-33.9258043]]}},{"type":"Feature","properties":{"highway":"footway","name":null,"oneway":null,"surface":null,"lanes":null,"maxspeed":null},"geometry":{"type":"LineString","coordinates":[[18.4216182,-33.9258043],[18.4212731,-33.9261309],[18.4209958,-33.9264045],[18.4209342,-33.9264677],[18.4208518,-33.9265521],[18.420647,-33.9267474],[18.4205683,-33.9268225],[18.4204897,-33.9268945],[18.4204659,-33.9269164],[18.4203142,-33.9270781],[18.4202746,-33.927118],[18.4199676,-33.9274272],[18.4196023,-33.9277945],[18.4195916,-33.9278067]]}},{"type":"Feature","properties":{"highway":"footway","name":null,"oneway":null,"surface":null,"lanes":null,"maxspeed":null},"geometry":{"type":"LineString","coordinates":[[18.4195916,-33.9278067],[18.4195269,-33.9278742],[18.4194549,-33.9279493]]}},{"type":"Feature","properties":{"highway":"footway","name":null,"oneway":null,"surface":null,"lanes":null,"maxspeed":null},"geometry":{"type":"LineString","coordinates":[[18.4194549,-33.9279493],[18.4194305,-33.9279552],[18.4194025,-33.9279657],[18.4192272,-33.9281272],[18.4190605,-33.9282773]]}},{"type":"Feature","properties":{"highway":"footway","name":null,"oneway":null,"surface":null,"lanes":null,"maxspeed":null},"geometry":{"type":"LineString","coordinates":[[18.4194025,-33.9279657],[18.4193594,-33.9279358],[18.4192894,-33.9278872]]}},{"type":"Feature","properties":{"highway":"footway","name":null,"oneway":null,"surface":null,"lanes":null,"maxspeed":null},"geometry":{"type":"LineString","coordinates":[[18.4190605,-33.9282773],[18.4190349,-33.9282993],[18.4190012,-33.9283282]]}},{"type":"Feature","properties":{"highway":"footway","name":null,"oneway":null,"surface":null,"lanes":null,"maxspeed":null},"geometry":{"type":"LineString","coordinates":[[18.4190012,-33.9283282],[18.4187154,-33.928608],[18.4184447,-33.9288745],[18.4180739,-33.9292481],[18.4177386,-33.9295697],[18.4175997,-33.9297077],[18.4175953,-33.9297385],[18.4176138,-33.9297532]]}},{"type":"Feature","properties":{"highway":"footway","name":null,"oneway":null,"surface":null,"lanes":null,"maxspeed":null},"geometry":{"type":"LineString","coordinates":[[18.4176138,-33.9297532],[18.4175785,-33.9297915],[18.417538,-33.9298355]]}},{"type":"Feature","properties":{"highway":"footway","name":null,"oneway":null,"surface":null,"lanes":null,"maxspeed":null},"geometry":{"type":"LineString","coordinates":[[18.4180031,-33.929174],[18.4181534,-33.9290278],[18.4183292,-33.9288566],[18.4184146,-33.9287697],[18.4185279,-33.9286538],[18.4187327,-33.9284543],[18.4188699,-33.9283228],[18.4189531,-33.9282329],[18.4190351,-33.9281444],[18.419215,-33.9279686],[18.4192894,-33.9278872],[18.4192949,-33.9278752],[18.4192949,-33.9278503],[18.4192887,-33.9278378],[18.4192666,-33.9278136]]}},{"type":"Feature","properties":{"highway":"footway","name":null,"oneway":null,"surface":null,"lanes":null,"maxspeed":null},"geometry":{"type":"LineString","coordinates":[[18.419452,-33.9276866],[18.4195328,-33.9276351],[18.4196738,-33.9275162],[18.4197393,-33.927451],[18.4197832,-33.9274133],[18.4197847,-33.9273922],[18.4197832,-33.9273839]]}},{"type":"Feature","properties":{"highway":"footway","name":null,"oneway":null,"surface":null,"lanes":null,"maxspeed":null},"geometry":{"type":"LineString","coordinates":[[18.4197832,-33.9273839],[18.4198084,-33.9273625],[18.4198502,-33.927327]]}},{"type":"Feature","properties":{"highway":"footway","name":null,"oneway":null,"surface":null,"lanes":null,"maxspeed":null},"geometry":{"type":"LineString","coordinates":[[18.4198502,-33.927327],[18.4198833,-33.9273322],[18.4199118,-33.9273206],[18.420035,-33.9272011],[18.4202492,-33.9269909],[18.4203975,-33.9268327]]}},{"type":"Feature","properties":{"highway":"footway","name":null,"oneway":null,"surface":null,"lanes":null,"maxspeed":null},"geometry":{"type":"LineString","coordinates":[[18.4180031,-33.929174],[18.4176282,-33.9295422],[18.4172847,-33.9298778],[18.4170952,-33.9300631],[18.4169257,-33.9302223],[18.4166269,-33.9305188],[18.4162756,-33.9308562],[18.4162034,-33.9309286],[18.4161678,-33.9309642],[18.4159405,-33.9311808],[18.4155714,-33.9315599],[18.4155522,-33.9315796],[18.4152768,-33.9318773],[18.4151721,-33.9319777],[18.4151077,-33.9320315],[18.4150755,-33.9320371],[18.4149246,-33.9321556],[18.4146135,-33.9323965],[18.4146115,-33.9324108],[18.4145578,-33.932446],[18.4145303,-33.9324616],[18.4144941,-33.9324555],[18.4144573,-33.9324538],[18.414381,-33.9324905]]}},{"type":"Feature","properties":{"highway":"footway","name":null,"oneway":null,"surface":null,"lanes":null,"maxspeed":null},"geometry":{"type":"LineString","coordinates":[[18.4170952,-33.9300631],[18.4171424,-33.9300962],[18.4171871,-33.9301275]]}},{"type":"Feature","properties":{"highway":"footway","name":null,"oneway":null,"surface":null,"lanes":null,"maxspeed":null},"geometry":{"type":"LineString","coordinates":[[18.4171948,-33.9230451],[18.4171508,-33.9230889],[18.4171555,-33.9230995],[18.4168357,-33.9233877],[18.4167787,-33.9234417],[18.4167364,-33.9234233],[18.4167337,-33.9233977],[18.416664,-33.9233482],[18.416314,-33.9230956],[18.416267,-33.9230516],[18.416269,-33.9230311],[18.4164394,-33.9228814],[18.4166385,-33.9227044],[18.4166783,-33.9226679]]}}]}
