{"type":"FeatureCollection","features":[{"type":"Feature","properties":{"category":"vegetated","source":"leisure=park"},"geometry":{"type":"Polygon","coordinates":[[[18.4223572,-33.9155874],[18.4224631,-33.9157199],[18.4224952,-33.915744],[18.4227527,-33.9155802],[18.4231819,-33.9153665],[18.4236625,-33.9151885],[18.4243234,-33.9149677],[18.4237731,-33.9145318],[18.4237381,-33.9145482],[18.4234136,-33.9147469],[18.4230703,-33.9149819],[18.4227527,-33.9152383],[18.4223572,-33.9155874]]]}},{"type":"Feature","properties":{"category":"vegetated","source":"leisure=park"},"geometry":{"type":"Polygon","coordinates":[[[18.4220736,-33.9158021],[18.421859,-33.9159945],[18.4216098,-33.9162601],[18.421423,-33.9165236],[18.4209315,-33.9170904],[18.4212257,-33.9168675],[18.4217021,-33.9164684],[18.4222452,-33.9159945],[18.4220736,-33.9158021]]]}},{"type":"Feature","properties":{"category":"paved","source":"amenity=parking"},"geometry":{"type":"Polygon","coordinates":[[[18.4294963,-33.916323],[18.4311281,-33.9174092],[18.4312599,-33.917273],[18.431385,-33.9171436],[18.4297533,-33.9160573],[18.4294963,-33.916323]]]}},{"type":"Feature","properties":{"category":"vegetated","source":"leisure=park"},"geometry":{"type":"Polygon","coordinates":[[[18.4304759,-33.9187822],[18.4305452,-33.9188315],[18.4304876,-33.9188872],[18.4308926,-33.9191759],[18.4309473,-33.9192151],[18.431079,-33.9190874],[18.431178,-33.9191548],[18.4310297,-33.9193024],[18.4315024,-33.9196452],[18.4324264,-33.918757],[18.4324048,-33.9187413],[18.4313238,-33.917971],[18.4312669,-33.9180267],[18.4304759,-33.9187822]]]}},{"type":"Feature","properties":{"category":"paved","source":"surface=paving_stones"},"geometry":{"type":"Polygon","coordinates":[[[18.4237965,-33.9246522],[18.4236912,-33.9245773],[18.4242789,-33.9240086],[18.4257983,-33.9250894],[18.4252106,-33.9256582],[18.4237965,-33.9246522]]]}},{"type":"Feature","properties":{"category":"paved","source":"amenity=parking"},"geometry":{"type":"Polygon","coordinates":[[[18.4175688,-33.9206317],[18.4178161,-33.920816],[18.4177056,-33.9209182],[18.4178849,-33.9210518],[18.4177586,-33.9211685],[18.4178336,-33.9212236],[18.4178145,-33.9212411],[18.4177551,-33.9212957],[18.4176327,-33.9212068],[18.4172346,-33.9215725],[18.4172082,-33.9215537],[18.4171125,-33.921642],[18.4167566,-33.9213786],[18.4173697,-33.9208116],[18.4174775,-33.920892],[18.4175643,-33.9208103],[18.41746,-33.9207327],[18.4175688,-33.9206317]]]}},{"type":"Feature","properties":{"category":"paved","source":"amenity=parking"},"geometry":{"type":"Polygon","coordinates":[[[18.4165149,-33.9213978],[18.4170017,-33.9209428],[18.4169328,-33.920892],[18.4164459,-33.921347],[18.4165149,-33.9213978]]]}},{"type":"Feature","properties":{"category":"paved","source":"amenity=parking"},"geometry":{"type":"Polygon","coordinates":[[[18.4170894,-33.9207369],[18.4171598,-33.920792],[18.4174305,-33.9205537],[18.41736,-33.9204986],[18.4170894,-33.9207369]]]}},{"type":"Feature","properties":{"category":"paved","source":"amenity=parking"},"geometry":{"type":"Polygon","coordinates":[[[18.4179734,-33.9200525],[18.417898,-33.9199959],[18.417509,-33.9203527],[18.4175844,-33.9204093],[18.4179734,-33.9200525]]]}},{"type":"Feature","properties":{"category":"paved","source":"amenity=parking"},"geometry":{"type":"Polygon","coordinates":[[[18.4185721,-33.9194837],[18.4181451,-33.9199024],[18.4180632,-33.9198462],[18.4184876,-33.9194402],[18.418568,-33.9193452],[18.4186313,-33.9193885],[18.4185721,-33.9194837]]]}},{"type":"Feature","properties":{"category":"vegetated","source":"leisure=garden"},"geometry":{"type":"Polygon","coordinates":[[[18.4163733,-33.9293789],[18.4167653,-33.9289944],[18.4167341,-33.9289713],[18.4167867,-33.9289204],[18.4168048,-33.9289229],[18.4168189,-33.9289204],[18.4168276,-33.9289137],[18.416831,-33.9289045],[18.4168303,-33.9288959],[18.4168246,-33.9288845],[18.4169503,-33.9287685],[18.4170147,-33.9287045],[18.4170274,-33.9287078],[18.4170372,-33.9287087],[18.4170502,-33.9287045],[18.4170569,-33.9286964],[18.4170586,-33.9286856],[18.4170509,-33.9286683],[18.4171518,-33.9285745],[18.4169416,-33.9284269],[18.4172916,-33.9280747],[18.4174083,-33.9279712],[18.4175062,-33.9278766],[18.4177127,-33.9280152],[18.4187396,-33.927043],[18.418154,-33.9266194],[18.418992,-33.9258216],[18.4187632,-33.9256661],[18.4187149,-33.9256616],[18.4186488,-33.9256441],[18.4186113,-33.9256293],[18.4185714,-33.9256104],[18.4185308,-33.9255826],[18.4184939,-33.925547],[18.4184755,-33.925517],[18.4184708,-33.9254797],[18.4184705,-33.9254546],[18.4181773,-33.9252325],[18.4179806,-33.9254197],[18.4179259,-33.9254718],[18.4178958,-33.9255005],[18.4159318,-33.9273876],[18.4153497,-33.927959],[18.4152377,-33.928063],[18.4155506,-33.928295],[18.4155677,-33.9282886],[18.4155861,-33.9282878],[18.4156059,-33.9282917],[18.4156354,-33.92826],[18.415688,-33.9283045],[18.4157443,-33.9283495],[18.4157185,-33.9283746],[18.4157249,-33.9283788],[18.4157189,-33.9283851],[18.4157266,-33.9283904],[18.4156726,-33.9284583],[18.415909,-33.9286247],[18.4159013,-33.9286341],[18.4158966,-33.9286578],[18.4158972,-33.9286747],[18.4159053,-33.9286859],[18.4158986,-33.9286917],[18.4159063,-33.9286984],[18.4159961,-33.9287674],[18.4157917,-33.9289579],[18.4163733,-33.9293789]]]}},{"type":"Feature","properties":{"category":"paved","source":"amenity=parking"},"geometry":{"type":"Polygon","coordinates":[[[18.4231708,-33.9190446],[18.4233877,-33.9192064],[18.4234064,-33.9192204],[18.4235218,-33.9193056],[18.4237677,-33.9190719],[18.4238114,-33.9190315],[18.4240163,-33.9191805],[18.4240898,-33.919111],[18.4241011,-33.9191192],[18.4241643,-33.919165],[18.4241862,-33.9191811],[18.424385,-33.9193256],[18.4242944,-33.9194114],[18.4245283,-33.9195816],[18.4241759,-33.9199145],[18.4241504,-33.9199394],[18.4240353,-33.9198557],[18.4235822,-33.9195262],[18.423419,-33.9194075],[18.4234554,-33.9193565],[18.4234269,-33.9193358],[18.4232009,-33.9191775],[18.4231022,-33.9191078],[18.4231118,-33.9191009],[18.4231402,-33.919074],[18.4231708,-33.9190446]]]}},{"type":"Feature","properties":{"category":"paved","source":"amenity=parking"},"geometry":{"type":"Polygon","coordinates":[[[18.4263184,-33.9174579],[18.4263625,-33.9174433],[18.4266703,-33.9171583],[18.4269769,-33.9171697],[18.4270465,-33.9172149],[18.4270849,-33.9172581],[18.4270915,-33.9172909],[18.4266513,-33.9177009],[18.4263426,-33.9174753],[18.4263184,-33.9174579]]]}},{"type":"Feature","properties":{"category":"paved","source":"surface=asphalt"},"geometry":{"type":"Polygon","coordinates":[[[18.4270622,-33.9171412],[18.4270425,-33.9171836],[18.4270018,-33.9172246],[18.4269544,-33.9173137],[18.4266877,-33.9175752],[18.4266368,-33.917589],[18.4265857,-33.9175846],[18.4264952,-33.9175175],[18.4264869,-33.91749],[18.4265039,-33.9174604],[18.4267715,-33.917208],[18.4269655,-33.9171929],[18.4269843,-33.9171891],[18.4270016,-33.9171795],[18.4270182,-33.9171628],[18.4270622,-33.9171412]]]}},{"type":"Feature","properties":{"category":"paved","source":"amenity=parking"},"geometry":{"type":"Polygon","coordinates":[[[18.4291305,-33.9221494],[18.4299956,-33.9213261],[18.4306351,-33.9218163],[18.430653,-33.9218346],[18.4306534,-33.9218558],[18.4306519,-33.9218811],[18.4306402,-33.9219012],[18.4303232,-33.9222223],[18.4298462,-33.9226502],[18.4291305,-33.9221494]]]}},{"type":"Feature","properties":{"category":"paved","source":"landuse=construction"},"geometry":{"type":"Polygon","coordinates":[[[18.4336115,-33.9199778],[18.4330822,-33.9195968],[18.4333417,-33.9193465],[18.4336068,-33.9195447],[18.4338727,-33.9197291],[18.4336115,-33.9199778]]]}},{"type":"Feature","properties":{"category":"paved","source":"amenity=parking"},"geometry":{"type":"Polygon","coordinates":[[[18.424303,-33.9177107],[18.4237814,-33.9173233],[18.4238665,-33.9172606],[18.4239797,-33.917199],[18.424171,-33.9171472],[18.4242451,-33.9171305],[18.4247291,-33.9170608],[18.4249061,-33.9170174],[18.4249175,-33.9171063],[18.4247274,-33.9173024],[18.424303,-33.9177107]]]}},{"type":"Feature","properties":{"category":"paved","source":"amenity=parking"},"geometry":{"type":"Polygon","coordinates":[[[18.4269321,-33.9204129],[18.4264003,-33.9200203],[18.4264966,-33.9199284],[18.4278171,-33.9208815],[18.4277471,-33.9209483],[18.4275791,-33.9211086],[18.4274556,-33.9212264],[18.4273727,-33.9213055],[18.4267021,-33.9208214],[18.4265848,-33.9207368],[18.4269321,-33.9204129]]]}},{"type":"Feature","properties":{"category":"paved","source":"amenity=parking"},"geometry":{"type":"Polygon","coordinates":[[[18.4320133,-33.9221799],[18.4314132,-33.921744],[18.4314022,-33.9217295],[18.4313799,-33.9216709],[18.4313673,-33.9216554],[18.4313158,-33.9216154],[18.4314578,-33.9214803],[18.4314783,-33.9214958],[18.4315267,-33.9214516],[18.4322812,-33.9220063],[18.4320597,-33.9222015],[18.4320301,-33.9221803],[18.4320133,-33.9221799]]]}},{"type":"Feature","properties":{"category":"paved","source":"amenity=parking"},"geometry":{"type":"Polygon","coordinates":[[[18.423081,-33.9157417],[18.4232,-33.9158923],[18.4231734,-33.9159065],[18.4231365,-33.915927],[18.4229958,-33.9160038],[18.4229936,-33.9160455],[18.4234257,-33.9165906],[18.4231207,-33.9167124],[18.4230263,-33.9165212],[18.4229583,-33.9164016],[18.4229169,-33.9163138],[18.4228237,-33.9161285],[18.422716,-33.915955],[18.423081,-33.9157417]]]}},{"type":"Feature","properties":{"category":"paved","source":"amenity=parking"},"geometry":{"type":"Polygon","coordinates":[[[18.4257079,-33.9282174],[18.4257371,-33.9282165],[18.4258641,-33.928308],[18.4258564,-33.9283335],[18.4251162,-33.9290031],[18.4250707,-33.9290063],[18.4248127,-33.9287614],[18.4249288,-33.9286909],[18.4249357,-33.9286982],[18.4250183,-33.9287828],[18.4251919,-33.9286661],[18.4251093,-33.9285815],[18.4257079,-33.9282174]]]}},{"type":"Feature","properties":{"category":"paved","source":"amenity=parking"},"geometry":{"type":"Polygon","coordinates":[[[18.425085,-33.928426],[18.4250423,-33.9283941],[18.4250035,-33.9284296],[18.4248429,-33.9283105],[18.4248754,-33.9282756],[18.424825,-33.9282372],[18.424788,-33.9282745],[18.4244928,-33.9280606],[18.4245325,-33.9280234],[18.4244902,-33.9279912],[18.4248821,-33.9276271],[18.4249358,-33.9276261],[18.425234,-33.9278471],[18.4252376,-33.9278717],[18.4252092,-33.9278982],[18.4252919,-33.9279611],[18.4253223,-33.9279346],[18.4253452,-33.927931],[18.4254482,-33.9280092],[18.4253959,-33.9280579],[18.4254532,-33.9281003],[18.425085,-33.928426]]]}},{"type":"Feature","properties":{"category":"paved","source":"amenity=parking"},"geometry":{"type":"Polygon","coordinates":[[[18.4179065,-33.9195828],[18.4178105,-33.9195105],[18.4178103,-33.9194991],[18.4177138,-33.9194302],[18.4177379,-33.9194073],[18.4176882,-33.9193708],[18.4177568,-33.9193059],[18.4177679,-33.9193141],[18.4179997,-33.9190946],[18.4182375,-33.9192681],[18.4179065,-33.9195828]]]}},{"type":"Feature","properties":{"category":"paved","source":"amenity=parking"},"geometry":{"type":"Polygon","coordinates":[[[18.4183258,-33.9191379],[18.41824,-33.9191437],[18.4180125,-33.9189794],[18.4183874,-33.9186371],[18.4186149,-33.9188128],[18.4183258,-33.9191379]]]}},{"type":"Feature","properties":{"category":"paved","source":"amenity=parking"},"geometry":{"type":"Polygon","coordinates":[[[18.4246928,-33.9238372],[18.4245893,-33.9237622],[18.4241433,-33.923441],[18.424051,-33.9233738],[18.4239312,-33.9232892],[18.4242045,-33.9230224],[18.424326,-33.9231041],[18.4244243,-33.9231758],[18.4249703,-33.9235707],[18.4249501,-33.9235894],[18.4248322,-33.9237034],[18.4246928,-33.9238372]]]}},{"type":"Feature","properties":{"category":"paved","source":"amenity=parking"},"geometry":{"type":"Polygon","coordinates":[[[18.4286404,-33.9194701],[18.4280279,-33.9190383],[18.4279785,-33.9190035],[18.4280278,-33.9189533],[18.4280876,-33.9188935],[18.4282855,-33.9187078],[18.4290553,-33.9192581],[18.4289762,-33.919339],[18.4289282,-33.9193887],[18.4287047,-33.9194735],[18.4286404,-33.9194701]]]}},{"type":"Feature","properties":{"category":"paved","source":"amenity=parking"},"geometry":{"type":"Polygon","coordinates":[[[18.4263117,-33.9276032],[18.4264579,-33.9274704],[18.4266534,-33.9272928],[18.4268393,-33.9274337],[18.4264976,-33.9277441],[18.4263117,-33.9276032]]]}},{"type":"Feature","properties":{"category":"paved","source":"amenity=parking"},"geometry":{"type":"Polygon","coordinates":[[[18.414137,-33.9298732],[18.4143979,-33.9300673],[18.4141842,-33.9302651],[18.4139233,-33.930071],[18.414137,-33.9298732]]]}},{"type":"Feature","properties":{"category":"paved","source":"amenity=marketplace"},"geometry":{"type":"Polygon","coordinates":[[[18.4196436,-33.9226967],[18.4200149,-33.9223457],[18.4205241,-33.9227167],[18.4201528,-33.9230677],[18.4196436,-33.9226967]]]}},{"type":"Feature","properties":{"category":"vegetated","source":"leisure=pitch"},"geometry":{"type":"Polygon","coordinates":[[[18.4141872,-33.9306108],[18.4147916,-33.9300224],[18.4158858,-33.9308924],[18.4153585,-33.9314421],[18.4141872,-33.9306108]]]}},{"type":"Feature","properties":{"category":"water","source":"natural=water"},"geometry":{"type":"Polygon","coordinates":[[[18.4261024,-33.9249279],[18.4261004,-33.9248716],[18.4261215,-33.924818],[18.4261632,-33.9247736],[18.4262296,-33.924741],[18.4262906,-33.9247326],[18.426908,-33.9247843],[18.4268902,-33.9249524],[18.4263004,-33.9249028],[18.4264279,-33.9252672],[18.4263095,-33.9253056],[18.4263221,-33.9253381],[18.4263687,-33.92542],[18.42662,-33.925314],[18.4266696,-33.9252996],[18.4266943,-33.9252968],[18.4267226,-33.925296],[18.4267454,-33.9252991],[18.4267752,-33.925307],[18.426876,-33.9253643],[18.4267923,-33.9254353],[18.4266757,-33.9254059],[18.4259147,-33.9257718],[18.4259065,-33.9257838],[18.4259148,-33.9257963],[18.4266467,-33.9262971],[18.426574,-33.9263308],[18.4265808,-33.926348],[18.4266006,-33.9263773],[18.4266156,-33.9263926],[18.4266883,-33.9263589],[18.4268623,-33.9268269],[18.4268003,-33.9268342],[18.4266544,-33.9267274],[18.4265379,-33.9264286],[18.4265692,-33.9264141],[18.42656,-33.9263967],[18.4265403,-33.9263674],[18.4265276,-33.9263523],[18.4264963,-33.9263669],[18.4257829,-33.9258772],[18.4257584,-33.9258372],[18.4257486,-33.9257931],[18.425749,-33.9257491],[18.4257697,-33.9257101],[18.4258089,-33.9256721],[18.4263267,-33.925435],[18.4262858,-33.9253513],[18.4262645,-33.9253156],[18.4262387,-33.9253127],[18.4261024,-33.9249279]]]}},{"type":"Feature","properties":{"category":"paved","source":"landuse=retail"},"geometry":{"type":"Polygon","coordinates":[[[18.4170976,-33.9163189],[18.4175486,-33.9161572],[18.4183943,-33.9158594],[18.4184837,-33.915828],[18.4186837,-33.9162183],[18.4186095,-33.9162804],[18.4178688,-33.9169532],[18.4173435,-33.9165551],[18.4171207,-33.9163897],[18.4171062,-33.9163639],[18.4170976,-33.9163189]]]}},{"type":"Feature","properties":{"category":"vegetated","source":"leisure=garden"},"geometry":{"type":"Polygon","coordinates":[[[18.4123308,-33.9320646],[18.4122678,-33.9320255],[18.412299,-33.9319843],[18.4121629,-33.9318991],[18.412098,-33.9319536],[18.4119759,-33.9319661],[18.4116305,-33.9317572],[18.4116205,-33.9316652],[18.411686,-33.9315957],[18.4115796,-33.9315266],[18.4115621,-33.9315466],[18.4115494,-33.9315398],[18.4115401,-33.9315352],[18.4115345,-33.9315106],[18.4115054,-33.9314775],[18.4114733,-33.9314666],[18.4114317,-33.9314697],[18.4114001,-33.9314868],[18.4113841,-33.9315207],[18.4113888,-33.931552],[18.4113845,-33.9315574],[18.4113386,-33.9316066],[18.4112043,-33.9315231],[18.4111052,-33.9316316],[18.4106552,-33.9313485],[18.410637,-33.9313356],[18.4107886,-33.9311648],[18.4106942,-33.9311071],[18.4108939,-33.9308773],[18.4121558,-33.9315981],[18.4121664,-33.9315862],[18.4128698,-33.9307954],[18.4131376,-33.9311893],[18.4123308,-33.9320646]]]}},{"type":"Feature","properties":{"category":"paved","source":"amenity=parking"},"geometry":{"type":"Polygon","coordinates":[[[18.4237199,-33.9305338],[18.4233265,-33.9301094],[18.4235111,-33.9299784],[18.4237698,-33.9302466],[18.4238626,-33.9303428],[18.4239142,-33.9303963],[18.4237199,-33.9305338]]]}},{"type":"Feature","properties":{"category":"vegetated","source":"landuse=grass"},"geometry":{"type":"Polygon","coordinates":[[[18.4237199,-33.9305338],[18.4236356,-33.9305924],[18.4235983,-33.9305984],[18.4235645,-33.9305867],[18.4230006,-33.9301004],[18.4229855,-33.9300627],[18.423002,-33.9300266],[18.423327,-33.9297643],[18.4235111,-33.9299784],[18.4233265,-33.9301094],[18.4237199,-33.9305338]]]}},{"type":"Feature","properties":{"category":"vegetated","source":"landuse=grass"},"geometry":{"type":"Polygon","coordinates":[[[18.4238908,-33.929296],[18.4238615,-33.9292957],[18.4234186,-33.9296704],[18.4233885,-33.9297163],[18.4235842,-33.9299106],[18.4236198,-33.9299011],[18.4237127,-33.9299977],[18.4238893,-33.9298861],[18.4241965,-33.9296703],[18.4241718,-33.9295838],[18.4238908,-33.929296]]]}},{"type":"Feature","properties":{"category":"vegetated","source":"leisure=park"},"geometry":{"type":"Polygon","coordinates":[[[18.4266008,-33.9307878],[18.4271004,-33.9312862],[18.4270861,-33.9313712],[18.4256571,-33.9319422],[18.4254381,-33.9317018],[18.42525,-33.9318218],[18.4251625,-33.9317192],[18.4266008,-33.9307878]]]}},{"type":"Feature","properties":{"category":"vegetated","source":"landuse=grass"},"geometry":{"type":"Polygon","coordinates":[[[18.4278723,-33.93095],[18.4271438,-33.9303766],[18.426845,-33.9306452],[18.4272808,-33.9311412],[18.4274613,-33.9311877],[18.4278723,-33.93095]]]}},{"type":"Feature","properties":{"category":"vegetated","source":"landuse=grass"},"geometry":{"type":"Polygon","coordinates":[[[18.4274062,-33.9292412],[18.4278488,-33.9288134],[18.4274145,-33.928504],[18.4273482,-33.9285679],[18.4272729,-33.9285142],[18.4268964,-33.9288781],[18.4274062,-33.9292412]]]}},{"type":"Feature","properties":{"category":"paved","source":"unknown=None"},"geometry":{"type":"Polygon","coordinates":[[[18.4266073,-33.9181401],[18.4263689,-33.9179638],[18.4260643,-33.9177407],[18.4260389,-33.9177236],[18.4260217,-33.9177101],[18.4259583,-33.917772],[18.4259069,-33.9178206],[18.4257297,-33.9179878],[18.4256467,-33.9180113],[18.4255569,-33.9180905],[18.4261368,-33.9185171],[18.4261738,-33.9185443],[18.426223,-33.9184983],[18.4262546,-33.9184687],[18.4262749,-33.9184497],[18.426564,-33.918179],[18.426595,-33.91815],[18.4266073,-33.9181401]]]}},{"type":"Feature","properties":{"category":"paved","source":"landuse=retail"},"geometry":{"type":"Polygon","coordinates":[[[18.4171415,-33.91537],[18.4171758,-33.9153584],[18.4174037,-33.9152756],[18.4174571,-33.9152405],[18.4175314,-33.9151954],[18.4175832,-33.9151695],[18.4180646,-33.9149922],[18.4181676,-33.9151981],[18.4182959,-33.9154508],[18.4184119,-33.9156834],[18.4184413,-33.9157434],[18.4184837,-33.915828],[18.4183943,-33.9158594],[18.4175486,-33.9161572],[18.4173375,-33.91576],[18.4171415,-33.91537]]]}},{"type":"Feature","properties":{"category":"paved","source":"amenity=parking"},"geometry":{"type":"Polygon","coordinates":[[[18.4188904,-33.9303952],[18.4195949,-33.9306214],[18.4193658,-33.9312803],[18.4193386,-33.9313587],[18.4189133,-33.9312336],[18.4189645,-33.9311109],[18.4187427,-33.9310407],[18.4187457,-33.9310321],[18.4186354,-33.930995],[18.4188904,-33.9303952]]]}},{"type":"Feature","properties":{"category":"paved","source":"amenity=parking"},"geometry":{"type":"Polygon","coordinates":[[[18.4190239,-33.924414],[18.419083,-33.9244122],[18.4192281,-33.9245106],[18.4190188,-33.9247043],[18.4190256,-33.9247134],[18.4190064,-33.9247332],[18.4190126,-33.9247877],[18.4190701,-33.924826],[18.4190981,-33.9248434],[18.4190694,-33.9248688],[18.4189798,-33.9249536],[18.4188909,-33.9248891],[18.4189342,-33.924847],[18.4187318,-33.9247038],[18.4190239,-33.924414]]]}},{"type":"Feature","properties":{"category":"paved","source":"landuse=construction"},"geometry":{"type":"Polygon","coordinates":[[[18.4227797,-33.9171314],[18.4223645,-33.9175049],[18.4228594,-33.917866],[18.4229774,-33.9177636],[18.4228562,-33.9171431],[18.4228433,-33.9171263],[18.4228222,-33.9171172],[18.4228025,-33.9171194],[18.4227797,-33.9171314]]]}},{"type":"Feature","properties":{"category":"paved","source":"amenity=parking"},"geometry":{"type":"Polygon","coordinates":[[[18.4268721,-33.9259691],[18.4267507,-33.9260319],[18.4265946,-33.9261117],[18.4265839,-33.9261171],[18.4266008,-33.9261424],[18.426711,-33.9262885],[18.4267216,-33.9263027],[18.4267322,-33.9263171],[18.4268765,-33.92651],[18.4269559,-33.9266184],[18.4269889,-33.9266016],[18.4271176,-33.9265358],[18.4272463,-33.9264712],[18.4268721,-33.9259691]]]}},{"type":"Feature","properties":{"category":"paved","source":"unknown=None"},"geometry":{"type":"Polygon","coordinates":[[[18.4300372,-33.9197243],[18.4299891,-33.9197709],[18.4299471,-33.9197409],[18.4299237,-33.9197636],[18.4298445,-33.9198402],[18.4298558,-33.9198482],[18.4298246,-33.9198784],[18.4297804,-33.9198813],[18.4295955,-33.9200602],[18.4295301,-33.9200137],[18.429546,-33.9199983],[18.4294291,-33.9199152],[18.4294147,-33.919929],[18.429323,-33.9198638],[18.4293377,-33.9198496],[18.4293119,-33.9198313],[18.4292968,-33.9198205],[18.4292795,-33.9198082],[18.4292702,-33.9198016],[18.4292129,-33.9198571],[18.4292786,-33.9199039],[18.4292933,-33.9198897],[18.4293218,-33.91991],[18.4293069,-33.9199244],[18.4293211,-33.9199347],[18.4293371,-33.9199458],[18.4293518,-33.919956],[18.4293716,-33.9199703],[18.429386,-33.9199564],[18.4295044,-33.9200407],[18.4294873,-33.9200573],[18.4295021,-33.9200677],[18.4295192,-33.9200799],[18.4295353,-33.9200915],[18.4295542,-33.9201048],[18.4295693,-33.9200902],[18.4296114,-33.9201202],[18.4296271,-33.920105],[18.429641,-33.9200915],[18.4297473,-33.9199886],[18.4297926,-33.9199448],[18.4298976,-33.9199381],[18.4299506,-33.9199758],[18.4300149,-33.9199135],[18.4300033,-33.9199053],[18.4300793,-33.9198316],[18.4301253,-33.9197871],[18.4302868,-33.9196309],[18.4302563,-33.9196092],[18.4302377,-33.9196271],[18.4302231,-33.9196166],[18.4301398,-33.919557],[18.4300733,-33.9196214],[18.4300778,-33.9196247],[18.43007,-33.9196322],[18.4300507,-33.919651],[18.4300866,-33.9196765],[18.4300372,-33.9197243]]]}},{"type":"Feature","properties":{"category":"paved","source":"amenity=parking"},"geometry":{"type":"Polygon","coordinates":[[[18.416968,-33.9312348],[18.4173516,-33.9314985],[18.4173242,-33.9315259],[18.4171088,-33.9317416],[18.4167252,-33.931478],[18.4168609,-33.9313421],[18.416968,-33.9312348]]]}},{"type":"Feature","properties":{"category":"vegetated","source":"leisure=garden"},"geometry":{"type":"Polygon","coordinates":[[[18.4163733,-33.9293789],[18.4157917,-33.9289579],[18.4154252,-33.9293079],[18.4148686,-33.929834],[18.4148884,-33.9298551],[18.4150312,-33.9299697],[18.4154443,-33.9302721],[18.4158496,-33.9298977],[18.4163733,-33.9293789]]]}},{"type":"Feature","properties":{"category":"vegetated","source":"leisure=garden"},"geometry":{"type":"Polygon","coordinates":[[[18.4165599,-33.9275195],[18.4162227,-33.9278589],[18.4165678,-33.928095],[18.416905,-33.9277557],[18.4165599,-33.9275195]]]}},{"type":"Feature","properties":{"category":"paved","source":"surface=paved"},"geometry":{"type":"Polygon","coordinates":[[[18.4168659,-33.9271987],[18.4168376,-33.9271823],[18.4168035,-33.9271781],[18.4167707,-33.9271871],[18.4167462,-33.9272073],[18.4167351,-33.9272344],[18.4167399,-33.9272628],[18.4167594,-33.9272864],[18.4167927,-33.9273009],[18.4168304,-33.9273002],[18.4168629,-33.9272845],[18.4168821,-33.9272576],[18.4168832,-33.9272264],[18.4168659,-33.9271987]]]}},{"type":"Feature","properties":{"category":"paved","source":"landuse=railway"},"geometry":{"type":"Polygon","coordinates":[[[18.4304129,-33.9241276],[18.4305588,-33.9240366],[18.4306445,-33.923955],[18.4308454,-33.9240978],[18.4309018,-33.9241378],[18.4309515,-33.9240898],[18.431019,-33.9240245],[18.4310884,-33.924074],[18.4310706,-33.9240912],[18.4310947,-33.9241084],[18.4311774,-33.9241673],[18.4311912,-33.924154],[18.4312552,-33.9241995],[18.4312414,-33.9242129],[18.4313444,-33.9242863],[18.4313677,-33.9242637],[18.4314317,-33.9243092],[18.4314083,-33.9243318],[18.4315118,-33.9244056],[18.4315339,-33.9243842],[18.4315979,-33.9244297],[18.4315758,-33.9244511],[18.4316755,-33.9245222],[18.4316974,-33.924501],[18.4317614,-33.9245465],[18.4317394,-33.9245678],[18.4318669,-33.9246656],[18.4319613,-33.9247269],[18.4321672,-33.9248344],[18.4324063,-33.9249347],[18.4324468,-33.9249519],[18.4324781,-33.9249671],[18.4325362,-33.9249954],[18.4325727,-33.9250047],[18.4326083,-33.9249958],[18.4328772,-33.925062],[18.4328942,-33.9250633],[18.4334098,-33.9251276],[18.4353226,-33.9252012],[18.435425,-33.9251889],[18.4359816,-33.9252665],[18.4362898,-33.9252656],[18.4362007,-33.9261666],[18.4341018,-33.9260909],[18.4337746,-33.9260793],[18.4335939,-33.9260252],[18.4334793,-33.9260126],[18.4321912,-33.9259563],[18.4317963,-33.9258839],[18.4303073,-33.925376],[18.4281087,-33.9246364],[18.4274574,-33.9244109],[18.4272254,-33.9242965],[18.4271053,-33.9242252],[18.4268364,-33.9240953],[18.4267661,-33.9240457],[18.4266958,-33.9239954],[18.4266772,-33.9240133],[18.4264341,-33.9238396],[18.4263188,-33.9237547],[18.4259593,-33.9234952],[18.4258688,-33.9234299],[18.4251509,-33.9229207],[18.42614,-33.9219591],[18.4263619,-33.9217349],[18.4264094,-33.9216894],[18.4265233,-33.9215803],[18.4266913,-33.9214148],[18.428295,-33.9226081],[18.4283628,-33.9226574],[18.4283863,-33.9226741],[18.4284689,-33.9227326],[18.4304129,-33.9241276]]]}},{"type":"Feature","properties":{"category":"paved","source":"amenity=parking"},"geometry":{"type":"Polygon","coordinates":[[[18.4226916,-33.9302941],[18.4222304,-33.9308463],[18.4222538,-33.93088],[18.4227852,-33.9305382],[18.4229249,-33.9304541],[18.4226916,-33.9302941]]]}},{"type":"Feature","properties":{"category":"paved","source":"amenity=parking"},"geometry":{"type":"Polygon","coordinates":[[[18.418538,-33.9305343],[18.418639,-33.9306071],[18.4184967,-33.9309224],[18.4184613,-33.930945],[18.4182088,-33.9308686],[18.4181421,-33.9310204],[18.418299,-33.9310679],[18.4182366,-33.9312097],[18.4182017,-33.9311992],[18.4181729,-33.9312647],[18.4181738,-33.931288],[18.4179135,-33.9311144],[18.418538,-33.9305343]]]}},{"type":"Feature","properties":{"category":"paved","source":"amenity=parking"},"geometry":{"type":"Polygon","coordinates":[[[18.420312,-33.9306622],[18.4202945,-33.9307014],[18.4199925,-33.9306089],[18.42001,-33.9305696],[18.420312,-33.9306622]]]}},{"type":"Feature","properties":{"category":"paved","source":"amenity=parking"},"geometry":{"type":"Polygon","coordinates":[[[18.425198,-33.9301191],[18.4250029,-33.9302511],[18.42492,-33.9301666],[18.4251151,-33.9300347],[18.425198,-33.9301191]]]}},{"type":"Feature","properties":{"category":"paved","source":"amenity=parking"},"geometry":{"type":"Polygon","coordinates":[[[18.4260181,-33.9305484],[18.4260957,-33.9306282],[18.4258875,-33.9307676],[18.4258098,-33.9306878],[18.4260181,-33.9305484]]]}},{"type":"Feature","properties":{"category":"paved","source":"amenity=parking"},"geometry":{"type":"Polygon","coordinates":[[[18.42571,-33.9308864],[18.4254667,-33.9310493],[18.4253891,-33.9309695],[18.4256323,-33.9308066],[18.42571,-33.9308864]]]}},{"type":"Feature","properties":{"category":"paved","source":"amenity=parking"},"geometry":{"type":"Polygon","coordinates":[[[18.42492,-33.9301666],[18.4250029,-33.9302511],[18.4248103,-33.9303813],[18.4247273,-33.9302969],[18.42492,-33.9301666]]]}},{"type":"Feature","properties":{"category":"paved","source":"amenity=parking"},"geometry":{"type":"Polygon","coordinates":[[[18.4258098,-33.9306878],[18.4258875,-33.9307676],[18.42571,-33.9308864],[18.4256323,-33.9308066],[18.4258098,-33.9306878]]]}},{"type":"Feature","properties":{"category":"paved","source":"amenity=parking"},"geometry":{"type":"Polygon","coordinates":[[[18.4253719,-33.929861],[18.4254548,-33.9299454],[18.425198,-33.9301191],[18.4251151,-33.9300347],[18.4253719,-33.929861]]]}},{"type":"Feature","properties":{"category":"vegetated","source":"leisure=park"},"geometry":{"type":"Polygon","coordinates":[[[18.4182889,-33.9302181],[18.4185296,-33.9303915],[18.4189195,-33.9300269],[18.4193214,-33.9291323],[18.4192966,-33.9291177],[18.4182889,-33.9302181]]]}},{"type":"Feature","properties":{"category":"paved","source":"surface=paved"},"geometry":{"type":"Polygon","coordinates":[[[18.4174011,-33.9266683],[18.4174284,-33.92668],[18.417459,-33.9266821],[18.4174882,-33.9266743],[18.4175116,-33.9266579],[18.4175257,-33.9266353],[18.4175283,-33.9266099],[18.4175189,-33.9265856],[18.4174991,-33.9265662],[18.4174718,-33.9265545],[18.4174412,-33.9265524],[18.417412,-33.9265602],[18.4173886,-33.9265766],[18.4173745,-33.9265992],[18.4173719,-33.9266246],[18.4173813,-33.9266489],[18.4174011,-33.9266683]]]}},{"type":"Feature","properties":{"category":"paved","source":"amenity=parking"},"geometry":{"type":"Polygon","coordinates":[[[18.4275587,-33.9282742],[18.4277334,-33.9281098],[18.4277813,-33.9281449],[18.4278267,-33.9281021],[18.4282268,-33.9283954],[18.4279891,-33.9286188],[18.4275928,-33.9283291],[18.4276107,-33.9283122],[18.4275587,-33.9282742]]]}},{"type":"Feature","properties":{"category":"paved","source":"amenity=parking"},"geometry":{"type":"Polygon","coordinates":[[[18.4277978,-33.9295299],[18.4280976,-33.9291285],[18.4281525,-33.9291564],[18.4281688,-33.9291635],[18.4282173,-33.9291888],[18.4282661,-33.9292119],[18.4283095,-33.9292345],[18.4284377,-33.9293011],[18.4284603,-33.9293124],[18.4285337,-33.9293502],[18.4285624,-33.9293088],[18.4286364,-33.9293469],[18.4287136,-33.9293866],[18.4285193,-33.929649],[18.428459,-33.9297327],[18.4283595,-33.9298553],[18.4282936,-33.9298193],[18.4282191,-33.9297772],[18.4281495,-33.9297383],[18.4280006,-33.9296582],[18.4278557,-33.9295702],[18.4277978,-33.9295299]]]}},{"type":"Feature","properties":{"category":"paved","source":"amenity=parking"},"geometry":{"type":"Polygon","coordinates":[[[18.4287414,-33.9277153],[18.4289702,-33.9275216],[18.4294769,-33.9279284],[18.4292551,-33.9281241],[18.4291523,-33.9281028],[18.4287437,-33.9277812],[18.4287414,-33.9277153]]]}},{"type":"Feature","properties":{"category":"paved","source":"amenity=parking"},"geometry":{"type":"Polygon","coordinates":[[[18.4303603,-33.9285463],[18.4303153,-33.9284565],[18.4302643,-33.9284297],[18.4305863,-33.9280079],[18.4306376,-33.9280349],[18.4306513,-33.928017],[18.4306577,-33.9279184],[18.4310305,-33.927935],[18.4310273,-33.9279845],[18.4310867,-33.9279871],[18.431068,-33.9282718],[18.4310094,-33.9282691],[18.4310049,-33.9283373],[18.4310005,-33.9284047],[18.4310555,-33.9284072],[18.4310481,-33.9285184],[18.4309844,-33.9285155],[18.4309805,-33.9285749],[18.4306286,-33.9285592],[18.4306323,-33.928519],[18.4305636,-33.9285146],[18.4304914,-33.9285111],[18.4304877,-33.9285524],[18.4303603,-33.9285463]]]}},{"type":"Feature","properties":{"category":"paved","source":"amenity=parking"},"geometry":{"type":"Polygon","coordinates":[[[18.4327654,-33.9281906],[18.433217,-33.928211],[18.4332157,-33.928228],[18.4333273,-33.9282362],[18.4332986,-33.9286542],[18.4327246,-33.9286267],[18.4327654,-33.9281906]]]}},{"type":"Feature","properties":{"category":"paved","source":"amenity=parking"},"geometry":{"type":"Polygon","coordinates":[[[18.4310606,-33.9296737],[18.4316056,-33.9291801],[18.431608,-33.9291489],[18.4315547,-33.9291462],[18.4315813,-33.9288425],[18.4316296,-33.9288439],[18.4316337,-33.9288052],[18.4319282,-33.9288183],[18.4319174,-33.9289722],[18.4318575,-33.9289722],[18.431855,-33.9290282],[18.4318509,-33.9291393],[18.4317169,-33.9291344],[18.4317219,-33.9290903],[18.4317003,-33.9290903],[18.4316951,-33.929183],[18.4317336,-33.9291441],[18.4318084,-33.9291959],[18.4317743,-33.9292401],[18.4318168,-33.9292739],[18.4316539,-33.9294382],[18.4314249,-33.9298537],[18.4313745,-33.9298365],[18.4313576,-33.929878],[18.4311396,-33.929795],[18.4311614,-33.9297449],[18.4310606,-33.9296737]]]}},{"type":"Feature","properties":{"category":"paved","source":"surface=asphalt"},"geometry":{"type":"Polygon","coordinates":[[[18.4329396,-33.9269257],[18.4341225,-33.9269703],[18.434156,-33.9269792],[18.4341721,-33.9269947],[18.4341748,-33.9270125],[18.4341668,-33.927145],[18.434152,-33.9271639],[18.4341319,-33.9271706],[18.4341051,-33.9271728],[18.432949,-33.9271043],[18.432937,-33.9270982],[18.4329282,-33.9270877],[18.4329282,-33.9270804],[18.4329396,-33.9269257]]]}},{"type":"Feature","properties":{"category":"paved","source":"amenity=parking"},"geometry":{"type":"Polygon","coordinates":[[[18.4328337,-33.9271454],[18.43284,-33.9270599],[18.4328911,-33.9270638],[18.4328976,-33.9269806],[18.4328562,-33.9268888],[18.4328615,-33.9268282],[18.4342305,-33.9269118],[18.4342262,-33.9269571],[18.4342815,-33.9269596],[18.4342628,-33.9272212],[18.4341922,-33.9272175],[18.4341909,-33.9272615],[18.4329033,-33.9271935],[18.4329057,-33.9271497],[18.4328337,-33.9271454]]]}},{"type":"Feature","properties":{"category":"paved","source":"amenity=parking"},"geometry":{"type":"Polygon","coordinates":[[[18.43435,-33.926516],[18.4340992,-33.9262745],[18.4341018,-33.9260909],[18.4362007,-33.9261666],[18.4362463,-33.926467],[18.4359593,-33.9265204],[18.4351814,-33.9265649],[18.43435,-33.926516]]]}},{"type":"Feature","properties":{"category":"paved","source":"amenity=parking"},"geometry":{"type":"Polygon","coordinates":[[[18.4226392,-33.9248359],[18.4227595,-33.9247238],[18.422977,-33.9248893],[18.4230256,-33.9249236],[18.4230442,-33.9249371],[18.4228913,-33.925084],[18.4226429,-33.9249067],[18.4226288,-33.9248918],[18.4226227,-33.9248737],[18.4226268,-33.9248517],[18.4226392,-33.9248359]]]}},{"type":"Feature","properties":{"category":"paved","source":"amenity=parking"},"geometry":{"type":"Polygon","coordinates":[[[18.4198487,-33.9279659],[18.420251,-33.9275631],[18.420302,-33.9275964],[18.4205112,-33.9274051],[18.4213158,-33.9279881],[18.4210503,-33.9282396],[18.4208974,-33.9281439],[18.4205621,-33.9284689],[18.4198487,-33.9279659]]]}},{"type":"Feature","properties":{"category":"paved","source":"amenity=parking"},"geometry":{"type":"Polygon","coordinates":[[[18.4218767,-33.9149805],[18.4219622,-33.9150896],[18.4220295,-33.9151418],[18.4221363,-33.9151897],[18.4222742,-33.9152244],[18.4223582,-33.9152224],[18.4224425,-33.9151895],[18.4225439,-33.9151268],[18.4226762,-33.915023],[18.4228683,-33.9148589],[18.422985,-33.9147696],[18.4229001,-33.9146921],[18.4227519,-33.9148215],[18.4227277,-33.9147743],[18.4225437,-33.9148303],[18.4225846,-33.914916],[18.4224505,-33.9150287],[18.4223886,-33.9148941],[18.4223372,-33.9149032],[18.4223177,-33.9148383],[18.4221089,-33.9148815],[18.4219703,-33.9148775],[18.4219043,-33.914863],[18.4218591,-33.914952],[18.4218767,-33.9149805]]]}},{"type":"Feature","properties":{"category":"paved","source":"landuse=industrial"},"geometry":{"type":"Polygon","coordinates":[[[18.4600881,-33.915784],[18.4593346,-33.9161738],[18.4588552,-33.9164702],[18.4587312,-33.9165621],[18.4583875,-33.9168004],[18.458244,-33.9171356],[18.4581644,-33.9173213],[18.4579858,-33.9177394],[18.457847,-33.9180099],[18.4576981,-33.9182208],[18.4575382,-33.9183923],[18.4574528,-33.9184683],[18.4573089,-33.9185815],[18.4569986,-33.9187845],[18.4567304,-33.9189622],[18.4557418,-33.9195723],[18.4553911,-33.9197635],[18.4552843,-33.9197963],[18.4550036,-33.9198814],[18.4544815,-33.920079],[18.4539113,-33.9202357],[18.4533596,-33.9203394],[18.452309,-33.9205416],[18.4512215,-33.9207353],[18.450637,-33.920797],[18.4500856,-33.9208158],[18.4495138,-33.9208048],[18.4489373,-33.9207799],[18.4482939,-33.9207177],[18.4476333,-33.9206375],[18.4473401,-33.9206246],[18.4466813,-33.9206547],[18.4423436,-33.920981],[18.4418451,-33.921001],[18.4407844,-33.9209538],[18.4401238,-33.9209109],[18.4395892,-33.9208522],[18.4393546,-33.9208092],[18.4389113,-33.9207033],[18.4385698,-33.9205874],[18.4382076,-33.9204386],[18.4378455,-33.9202525],[18.4375109,-33.9200464],[18.4363691,-33.9192034],[18.4342822,-33.917682],[18.4338579,-33.9173643],[18.4330196,-33.916746],[18.4328437,-33.9168762],[18.4333223,-33.917228],[18.4339384,-33.9176773],[18.4345252,-33.9181117],[18.4346517,-33.9182028],[18.4345528,-33.9182974],[18.4344263,-33.9182063],[18.4344366,-33.9181964],[18.4342366,-33.9180506],[18.4342126,-33.9180731],[18.4341772,-33.9181064],[18.4341594,-33.9181229],[18.434165,-33.9181269],[18.4341005,-33.9181879],[18.4340895,-33.9181954],[18.4339976,-33.918131],[18.4340078,-33.9181205],[18.4339683,-33.9180917],[18.4339287,-33.918059],[18.4339162,-33.9180779],[18.4338593,-33.9180485],[18.4336704,-33.9179464],[18.4336512,-33.9179662],[18.4329232,-33.9176035],[18.4324278,-33.9173342],[18.432119,-33.9171095],[18.4317747,-33.9168584],[18.4319802,-33.9166627],[18.4319461,-33.9166387],[18.4318184,-33.9165167],[18.4316077,-33.9163702],[18.4315446,-33.9163281],[18.4314375,-33.9162537],[18.4314243,-33.9162453],[18.431488,-33.9161863],[18.4315562,-33.916127],[18.4304995,-33.9153882],[18.4306216,-33.9152708],[18.4306634,-33.9152316],[18.4289264,-33.9139478],[18.4286845,-33.9137932],[18.4280144,-33.9135301],[18.4275421,-33.9133495],[18.4260626,-33.9127741],[18.4260476,-33.9128011],[18.4258131,-33.9132316],[18.4258,-33.9133021],[18.4256533,-33.9132945],[18.4255958,-33.9132732],[18.4255987,-33.9132681],[18.425615,-33.9132389],[18.4254351,-33.9131699],[18.4252944,-33.913116],[18.4252859,-33.913133],[18.4248835,-33.9129775],[18.42463,-33.9128337],[18.4244241,-33.9127631],[18.4241907,-33.9126364],[18.4240321,-33.9125161],[18.4238372,-33.9125643],[18.4238251,-33.9125054],[18.4236296,-33.9119812],[18.4236027,-33.9119111],[18.4235595,-33.9119247],[18.4235234,-33.9118318],[18.4234756,-33.9117595],[18.4230262,-33.9112783],[18.4229884,-33.9111976],[18.4229584,-33.9111249],[18.4229236,-33.9110599],[18.4229162,-33.910963],[18.422624,-33.9109633],[18.4226216,-33.9110446],[18.4225477,-33.9110989],[18.4224281,-33.9111186],[18.4221586,-33.9109481],[18.4221365,-33.9109084],[18.4215816,-33.9098238],[18.4213985,-33.9098913],[18.4211793,-33.9095506],[18.4213205,-33.9094897],[18.4210935,-33.9091272],[18.4211637,-33.909097],[18.4212009,-33.9091311],[18.4212559,-33.9091422],[18.4213049,-33.9091342],[18.4213576,-33.9091152],[18.4215032,-33.9090598],[18.4218536,-33.9088934],[18.4219227,-33.9088236],[18.4219444,-33.9088163],[18.4220075,-33.9089031],[18.4220906,-33.9088731],[18.4221376,-33.9088764],[18.4222569,-33.909355],[18.4224071,-33.9095631],[18.422623,-33.9099994],[18.4230934,-33.9101023],[18.4232055,-33.909983],[18.4233101,-33.9098867],[18.4243184,-33.9089802],[18.4243396,-33.9089063],[18.4243407,-33.9088766],[18.4243299,-33.908839],[18.4243214,-33.9088227],[18.4242999,-33.9088012],[18.4242819,-33.9087887],[18.4242516,-33.9087747],[18.4242103,-33.908768],[18.4241613,-33.9087312],[18.4241117,-33.9086757],[18.4238794,-33.908313],[18.4231867,-33.9073497],[18.4230741,-33.907205],[18.4230472,-33.9071416],[18.4230499,-33.9070803],[18.42318,-33.9069705],[18.4232014,-33.9070262],[18.4232542,-33.907161],[18.423273,-33.907209],[18.4235941,-33.9076983],[18.423991,-33.9082915],[18.4262561,-33.9064883],[18.4287105,-33.9045348],[18.4287017,-33.904527],[18.4287104,-33.9045207],[18.4280259,-33.9039477],[18.4274937,-33.9034812],[18.4274704,-33.9034512],[18.4274552,-33.903419],[18.4274509,-33.9033862],[18.427457,-33.9033528],[18.4274735,-33.9033191],[18.4275055,-33.9032851],[18.4276337,-33.903184],[18.4276595,-33.9031692],[18.4276959,-33.9031566],[18.4277373,-33.9031531],[18.4277762,-33.9031568],[18.4278055,-33.9031659],[18.4278248,-33.9031772],[18.428654,-33.9031794],[18.4286544,-33.9032152],[18.4284352,-33.9032145],[18.4284366,-33.9032524],[18.4287145,-33.9034929],[18.4294297,-33.903504],[18.4301556,-33.9036553],[18.4306497,-33.9037568],[18.4310162,-33.9038824],[18.4312928,-33.9039869],[18.4313631,-33.904025],[18.4317447,-33.9042548],[18.4319914,-33.9044209],[18.4322045,-33.9046054],[18.4323237,-33.9047287],[18.4326832,-33.905139],[18.4332097,-33.9055945],[18.4337401,-33.9054291],[18.4337316,-33.905412],[18.434039,-33.9053141],[18.4340348,-33.9053054],[18.4340541,-33.9052993],[18.4340621,-33.9052989],[18.4340721,-33.9053015],[18.434078,-33.9053084],[18.4341015,-33.9053561],[18.434104,-33.9053658],[18.4341004,-33.9053756],[18.4340935,-33.9053804],[18.4340741,-33.9053865],[18.4340695,-33.9053773],[18.43376,-33.905478],[18.4337519,-33.9054616],[18.4322595,-33.9059288],[18.4327138,-33.9063034],[18.4330625,-33.9066266],[18.4331809,-33.9067503],[18.4332786,-33.9068787],[18.4334406,-33.9071235],[18.4334823,-33.9071728],[18.4335004,-33.9071687],[18.4337301,-33.9073794],[18.4337369,-33.9073871],[18.4337405,-33.9073955],[18.4337388,-33.9074039],[18.4337336,-33.9074104],[18.4336911,-33.9074436],[18.4336799,-33.9074426],[18.433656,-33.9074226],[18.4336576,-33.9074137],[18.4336842,-33.907395],[18.4335207,-33.9072456],[18.4335043,-33.9072637],[18.4334763,-33.9072771],[18.433445,-33.9072825],[18.4334116,-33.9072733],[18.4333925,-33.9072615],[18.4327427,-33.9074704],[18.4327054,-33.9074815],[18.4326563,-33.9074813],[18.4326088,-33.9074668],[18.4325813,-33.9074511],[18.43132,-33.90633],[18.430587,-33.9057005],[18.4301923,-33.9060117],[18.42747,-33.90816],[18.4255038,-33.9096762],[18.4271354,-33.9108766],[18.4307213,-33.9134983],[18.43164,-33.91417],[18.43566,-33.91715],[18.4397,-33.92011],[18.4400614,-33.9203875],[18.4401991,-33.920261],[18.4404269,-33.9202533],[18.440547,-33.9203415],[18.4420832,-33.918852],[18.4384,-33.91612],[18.4385233,-33.9159953],[18.4422199,-33.9187261],[18.4425165,-33.9184272],[18.4426994,-33.9185612],[18.442725,-33.9185847],[18.4418976,-33.9193656],[18.4417915,-33.9194712],[18.4415827,-33.9196791],[18.4413295,-33.9199174],[18.441477,-33.9200266],[18.4416289,-33.9201349],[18.441879,-33.9203162],[18.441989,-33.9204013],[18.4422507,-33.9205854],[18.4422814,-33.9205537],[18.4423093,-33.9205494],[18.4424637,-33.9205375],[18.4426862,-33.920518],[18.4427756,-33.9205102],[18.4428866,-33.9205005],[18.4429885,-33.9204927],[18.4430236,-33.9204886],[18.4430217,-33.9204608],[18.4431265,-33.9204549],[18.4431979,-33.9204303],[18.4432643,-33.9204275],[18.4433322,-33.9204431],[18.443422,-33.920438],[18.4434237,-33.9204587],[18.4435027,-33.9204625],[18.4436383,-33.9204536],[18.4437488,-33.9204475],[18.4438987,-33.9204361],[18.4440152,-33.9204293],[18.444156,-33.9204136],[18.4444804,-33.9203944],[18.4450146,-33.920356],[18.4450756,-33.9203515],[18.4456123,-33.9203109],[18.445798,-33.9202957],[18.4458689,-33.9202116],[18.4458055,-33.9200937],[18.4453703,-33.919781],[18.4453012,-33.9196288],[18.44357,-33.91834],[18.4442772,-33.9176732],[18.4443809,-33.9177551],[18.4447033,-33.9174511],[18.440178,-33.9141024],[18.440158,-33.9140994],[18.4401434,-33.91409],[18.4401343,-33.9140768],[18.4401307,-33.9140662],[18.4401298,-33.9140512],[18.4401339,-33.9140385],[18.4401454,-33.9140231],[18.4401591,-33.9140141],[18.4401757,-33.9140096],[18.4401868,-33.9140093],[18.4401967,-33.9140125],[18.4402041,-33.914016],[18.440294,-33.9140265],[18.4403045,-33.9140227],[18.4403151,-33.91402],[18.4403266,-33.9140198],[18.4403391,-33.9140219],[18.4403489,-33.9140271],[18.4403578,-33.9140336],[18.4403623,-33.9140417],[18.4403657,-33.9140496],[18.4404189,-33.9140881],[18.440434,-33.9140909],[18.4404454,-33.9140988],[18.4404512,-33.9141088],[18.4404553,-33.9141207],[18.4404529,-33.9141339],[18.4404464,-33.914145],[18.4404368,-33.914152],[18.4404229,-33.914154],[18.4404028,-33.9141724],[18.4446606,-33.9173226],[18.4448684,-33.9171195],[18.445701,-33.9163425],[18.4458012,-33.916416],[18.4459807,-33.9162435],[18.4459505,-33.9162216],[18.4460599,-33.9161174],[18.4460895,-33.9161389],[18.446367,-33.915882],[18.4464266,-33.915824],[18.4464181,-33.9157521],[18.4464096,-33.915703],[18.4463904,-33.9156291],[18.4463581,-33.915553],[18.4463335,-33.9155006],[18.4462726,-33.9154022],[18.4462254,-33.9153468],[18.4461547,-33.9152761],[18.4460837,-33.9152122],[18.445788,-33.9149948],[18.4448536,-33.9143086],[18.4447788,-33.9143462],[18.4445601,-33.9145525],[18.4447601,-33.9146988],[18.4447173,-33.9147381],[18.4447561,-33.9147671],[18.4447051,-33.914814],[18.4446885,-33.9148295],[18.4446695,-33.9148469],[18.4442558,-33.9145371],[18.4442732,-33.9145211],[18.4442878,-33.9145074],[18.4443182,-33.9144795],[18.4443489,-33.9145025],[18.4444114,-33.9144446],[18.444516,-33.9145216],[18.4447348,-33.9143145],[18.4447723,-33.9142472],[18.4440348,-33.9137007],[18.443813,-33.9135371],[18.4435922,-33.9133718],[18.4433723,-33.9132085],[18.4427822,-33.9127761],[18.4427076,-33.9128145],[18.4424848,-33.9130219],[18.4425073,-33.9130378],[18.4427287,-33.9131963],[18.4426354,-33.9132837],[18.442622,-33.9132967],[18.4426102,-33.9133088],[18.4421881,-33.9129979],[18.4422016,-33.9129853],[18.4422155,-33.9129716],[18.4422574,-33.9129319],[18.4422953,-33.9129595],[18.4423426,-33.9129149],[18.4424465,-33.9129909],[18.4426654,-33.9127822],[18.4427025,-33.9127162],[18.4421883,-33.9123372],[18.4417681,-33.9120261],[18.4416832,-33.9119718],[18.441585,-33.911919],[18.4415083,-33.9118885],[18.4414249,-33.9118605],[18.4413442,-33.9118396],[18.4412389,-33.9118213],[18.441177,-33.9118152],[18.441081,-33.9118119],[18.4410162,-33.9118143],[18.4409431,-33.9118195],[18.4408861,-33.9118283],[18.4408233,-33.911842],[18.4407403,-33.9118643],[18.4406495,-33.9118922],[18.4404928,-33.9119453],[18.4403905,-33.91197],[18.4402323,-33.9119921],[18.4401375,-33.9120695],[18.4400671,-33.9120746],[18.4399528,-33.9120821],[18.4397474,-33.9122746],[18.439731,-33.9122625],[18.4396583,-33.91221],[18.4397617,-33.9121153],[18.4396459,-33.9120298],[18.4392502,-33.9117366],[18.4387217,-33.9113481],[18.4386778,-33.9113157],[18.4385173,-33.9111965],[18.437776,-33.9106579],[18.4376125,-33.9105316],[18.4373631,-33.91035],[18.4371549,-33.9101908],[18.4371184,-33.9101642],[18.4370852,-33.9101401],[18.4368702,-33.9099862],[18.4366243,-33.9098039],[18.4363788,-33.9096213],[18.4361684,-33.9094634],[18.4360985,-33.9094097],[18.4358887,-33.9092536],[18.4352428,-33.9087692],[18.4352298,-33.9087392],[18.4352336,-33.908713],[18.4351291,-33.9086351],[18.4351136,-33.908651],[18.4350483,-33.9086032],[18.4351269,-33.9085285],[18.4351922,-33.9085758],[18.4351794,-33.9085899],[18.4352319,-33.9086288],[18.4352565,-33.9086215],[18.4352913,-33.9086157],[18.4353278,-33.9086151],[18.4353762,-33.9086225],[18.435415,-33.9086355],[18.4361748,-33.9092012],[18.4363962,-33.9090705],[18.4365066,-33.9090085],[18.436613,-33.9089571],[18.4367469,-33.9089062],[18.4369832,-33.9088431],[18.4369657,-33.9086845],[18.4369341,-33.9077229],[18.4368901,-33.9072146],[18.4368905,-33.9072049],[18.4368935,-33.9071954],[18.4368988,-33.9071867],[18.4369063,-33.9071792],[18.4373493,-33.9068208],[18.437367,-33.9068115],[18.4373857,-33.9068075],[18.4374086,-33.9068115],[18.437426,-33.9068226],[18.4374375,-33.9068369],[18.4374399,-33.9068545],[18.437436,-33.90687],[18.4374239,-33.9068844],[18.4369796,-33.9072432],[18.4370169,-33.9077182],[18.4370542,-33.9080391],[18.4373291,-33.9081739],[18.4375534,-33.9082963],[18.4376543,-33.9083623],[18.4392417,-33.9095244],[18.4402357,-33.9102515],[18.4422968,-33.9117452],[18.4451999,-33.9139107],[18.4456168,-33.9142105],[18.4458252,-33.9143575],[18.4462636,-33.9147003],[18.4467219,-33.9150431],[18.4473673,-33.9154889],[18.4482396,-33.9161133],[18.4482859,-33.9161639],[18.4483196,-33.9162163],[18.4483311,-33.9162602],[18.4483332,-33.9163135],[18.4483087,-33.9163804],[18.4482733,-33.916445],[18.4481344,-33.916621],[18.4491994,-33.9174071],[18.4491067,-33.9174944],[18.4479614,-33.9166372],[18.4471459,-33.9174102],[18.4491622,-33.9188997],[18.449203,-33.918862],[18.4492354,-33.9188325],[18.4493987,-33.9189525],[18.4493248,-33.919024],[18.4501447,-33.919632],[18.4509626,-33.9188626],[18.4494466,-33.9177448],[18.4495365,-33.9176613],[18.4510573,-33.9187838],[18.4515959,-33.9183392],[18.4498313,-33.9170406],[18.4498236,-33.9170322],[18.4498204,-33.917022],[18.4498222,-33.9170116],[18.4498286,-33.9170025],[18.4499212,-33.9169166],[18.4499314,-33.9169103],[18.4499436,-33.9169077],[18.4499561,-33.9169091],[18.4499671,-33.9169145],[18.4515854,-33.9181115],[18.4520635,-33.9177164],[18.4522056,-33.9178366],[18.4550164,-33.9155117],[18.4550002,-33.9154985],[18.453311,-33.9140806],[18.453229,-33.914143],[18.4446085,-33.9068593],[18.4446797,-33.9067977],[18.4446345,-33.9067621],[18.4445825,-33.9067212],[18.4459254,-33.9056246],[18.4456354,-33.9053678],[18.4403666,-33.9044036],[18.4388798,-33.9056294],[18.4388644,-33.9056396],[18.4388437,-33.9056446],[18.4388207,-33.9056427],[18.4387995,-33.9056338],[18.4387891,-33.9056217],[18.4387855,-33.90561],[18.4387845,-33.9055954],[18.438788,-33.9055836],[18.4388,-33.9055688],[18.440307,-33.904327],[18.4388809,-33.9031329],[18.4388689,-33.9031167],[18.4388656,-33.9030947],[18.4388705,-33.9030811],[18.4388847,-33.9030674],[18.4388967,-33.9030601],[18.4389168,-33.9030559],[18.4389392,-33.9030584],[18.4389611,-33.903072],[18.4404582,-33.9043302],[18.4456507,-33.9052634],[18.4460018,-33.9055624],[18.448016,-33.9072597],[18.4533473,-33.9117617],[18.4535478,-33.9119181],[18.4537471,-33.9120433],[18.4539816,-33.912169],[18.454219,-33.912271],[18.4544599,-33.9123597],[18.4547072,-33.9124309],[18.4549734,-33.9124888],[18.4552453,-33.9125297],[18.4554596,-33.9125468],[18.455671,-33.9125511],[18.456133,-33.912537],[18.458232,-33.9124653],[18.459523,-33.9124279],[18.4598493,-33.9124173],[18.4606526,-33.9123913],[18.4616646,-33.9123585],[18.4639431,-33.9122847],[18.4639433,-33.9123129],[18.4639611,-33.9124965],[18.4642129,-33.9125686],[18.4643309,-33.9128482],[18.4646862,-33.9133069],[18.4600881,-33.915784]]]}},{"type":"Feature","properties":{"category":"paved","source":"amenity=parking"},"geometry":{"type":"Polygon","coordinates":[[[18.4309966,-33.9165409],[18.4313395,-33.9161974],[18.4314309,-33.9162602],[18.4313253,-33.9163649],[18.4313437,-33.9163777],[18.4312854,-33.9164355],[18.4312295,-33.9164918],[18.4311851,-33.9164604],[18.4310781,-33.9165649],[18.4310599,-33.9165845],[18.4309966,-33.9165409]]]}},{"type":"Feature","properties":{"category":"paved","source":"amenity=parking_space"},"geometry":{"type":"Polygon","coordinates":[[[18.4309,-33.91645],[18.4309734,-33.9163805],[18.4309563,-33.9163681],[18.4310045,-33.9163225],[18.4310567,-33.9162731],[18.4311167,-33.9162162],[18.4311422,-33.9162348],[18.4312536,-33.9161293],[18.4312921,-33.9161572],[18.4309469,-33.9164841],[18.4309,-33.91645]]]}},{"type":"Feature","properties":{"category":"paved","source":"landuse=commercial"},"geometry":{"type":"Polygon","coordinates":[[[18.4283817,-33.9139519],[18.4299924,-33.9151171],[18.4299433,-33.9151641],[18.4299911,-33.9151989],[18.4301041,-33.9152806],[18.4300669,-33.915316],[18.429991,-33.9153883],[18.4299344,-33.9154423],[18.4297157,-33.9156506],[18.4296978,-33.9156616],[18.4296429,-33.915698],[18.4295561,-33.9157114],[18.4294794,-33.915703],[18.4278508,-33.9145359],[18.4278608,-33.9143841],[18.4277953,-33.914337],[18.4277521,-33.9143059],[18.4275603,-33.9142607],[18.4274704,-33.9142812],[18.4273551,-33.9142342],[18.4275313,-33.9139268],[18.4283817,-33.9139519]]]}},{"type":"Feature","properties":{"category":"paved","source":"amenity=parking"},"geometry":{"type":"Polygon","coordinates":[[[18.4316689,-33.9167436],[18.431641,-33.9167712],[18.4315558,-33.9168557],[18.4315298,-33.9168815],[18.4313871,-33.9167823],[18.4315073,-33.9166632],[18.4315262,-33.9166445],[18.4313643,-33.916532],[18.431389,-33.9165075],[18.4314601,-33.9164371],[18.4315072,-33.9164698],[18.431718,-33.9166163],[18.4317594,-33.9166451],[18.4317844,-33.9166624],[18.431733,-33.9167134],[18.4316886,-33.9167574],[18.4316689,-33.9167436]]]}},{"type":"Feature","properties":{"category":"paved","source":"amenity=parking"},"geometry":{"type":"Polygon","coordinates":[[[18.4306047,-33.9158402],[18.4306397,-33.9158013],[18.4305705,-33.9157897],[18.4304161,-33.9157872],[18.4302616,-33.9158031],[18.430188,-33.9158282],[18.4302394,-33.915863],[18.4301123,-33.9159912],[18.4301809,-33.9160355],[18.4301937,-33.9160239],[18.4303707,-33.9158563],[18.4304935,-33.9159456],[18.4303165,-33.9161132],[18.4304398,-33.9162029],[18.4304625,-33.9161814],[18.4305617,-33.9160875],[18.4308363,-33.9162871],[18.4308519,-33.9162985],[18.4309038,-33.9162494],[18.4309561,-33.9161999],[18.4310187,-33.9161406],[18.431045,-33.9161157],[18.4310316,-33.916106],[18.4309667,-33.9160587],[18.4309551,-33.9160697],[18.4308873,-33.9160204],[18.4308736,-33.9160334],[18.430807,-33.9159851],[18.4307701,-33.9159582],[18.430711,-33.9159152],[18.4306472,-33.9159756],[18.4305424,-33.9158993],[18.4306047,-33.9158402]]]}},{"type":"Feature","properties":{"category":"paved","source":"amenity=parking_space"},"geometry":{"type":"Polygon","coordinates":[[[18.4299344,-33.9154423],[18.4298729,-33.9153978],[18.4296543,-33.9156062],[18.4297157,-33.9156506],[18.4299344,-33.9154423]]]}},{"type":"Feature","properties":{"category":"paved","source":"surface=asphalt"},"geometry":{"type":"Polygon","coordinates":[[[18.4294126,-33.9155629],[18.4294764,-33.9156091],[18.429537,-33.9156529],[18.4295769,-33.9156488],[18.42963,-33.9156293],[18.4296543,-33.9156062],[18.4298729,-33.9153978],[18.4299344,-33.9154423],[18.429991,-33.9153883],[18.4300669,-33.915316],[18.4301041,-33.9152806],[18.4299911,-33.9151989],[18.4299767,-33.9152127],[18.4299232,-33.9152637],[18.4298537,-33.9152134],[18.4298132,-33.9151842],[18.4294362,-33.9155406],[18.4294126,-33.9155629]]]}},{"type":"Feature","properties":{"category":"paved","source":"amenity=parking"},"geometry":{"type":"Polygon","coordinates":[[[18.4277001,-33.9152855],[18.4274861,-33.9151369],[18.4273642,-33.9150425],[18.4275505,-33.9148605],[18.4282027,-33.9153216],[18.4281615,-33.9153618],[18.4281318,-33.9153897],[18.4278608,-33.9151992],[18.4278186,-33.9151688],[18.4277822,-33.9152051],[18.4277001,-33.9152855]]]}},{"type":"Feature","properties":{"category":"paved","source":"amenity=parking"},"geometry":{"type":"Polygon","coordinates":[[[18.4281318,-33.9153897],[18.4280866,-33.9154378],[18.4280173,-33.9155019],[18.4279159,-33.9156012],[18.4278478,-33.9156679],[18.4276565,-33.9155332],[18.4276204,-33.9155077],[18.4275926,-33.915535],[18.427507,-33.9154747],[18.4277001,-33.9152855],[18.4277822,-33.9152051],[18.4278244,-33.9152348],[18.4278608,-33.9151992],[18.4281318,-33.9153897]]]}},{"type":"Feature","properties":{"category":"paved","source":"amenity=parking"},"geometry":{"type":"Polygon","coordinates":[[[18.4284949,-33.9154752],[18.4284563,-33.9155171],[18.4283335,-33.9156392],[18.4285129,-33.9157522],[18.4285936,-33.915769],[18.4286111,-33.9157492],[18.4286484,-33.9157071],[18.4287272,-33.9157552],[18.4288046,-33.9156678],[18.4287374,-33.9156268],[18.4287836,-33.9155746],[18.4285422,-33.9154274],[18.4284949,-33.9154752]]]}},{"type":"Feature","properties":{"category":"paved","source":"amenity=parking"},"geometry":{"type":"Polygon","coordinates":[[[18.4279482,-33.9144963],[18.4282836,-33.9147405],[18.4289126,-33.9151987],[18.4290063,-33.9151102],[18.4290491,-33.9150697],[18.4285048,-33.9146732],[18.428595,-33.914588],[18.428727,-33.9146841],[18.428763,-33.9146501],[18.4288364,-33.9147036],[18.4288069,-33.9147316],[18.4291052,-33.9149489],[18.4291509,-33.9149057],[18.4290564,-33.9148369],[18.4291818,-33.9147183],[18.4293403,-33.9148337],[18.4294228,-33.9147558],[18.4284348,-33.9140362],[18.4284038,-33.9140655],[18.427968,-33.9144775],[18.4279482,-33.9144963]]]}},{"type":"Feature","properties":{"category":"paved","source":"amenity=parking"},"geometry":{"type":"Polygon","coordinates":[[[18.4275831,-33.914782],[18.4282143,-33.9152384],[18.4282823,-33.9151744],[18.4283134,-33.9151441],[18.4283554,-33.9151041],[18.4277143,-33.9146405],[18.4276225,-33.9147279],[18.4276324,-33.9147351],[18.4275831,-33.914782]]]}},{"type":"Feature","properties":{"category":"paved","source":"surface=paved"},"geometry":{"type":"Polygon","coordinates":[[[18.4289767,-33.9156989],[18.4290086,-33.9156804],[18.4290574,-33.915672],[18.4290967,-33.9156759],[18.4291369,-33.9156948],[18.4293475,-33.915823],[18.4293777,-33.915849],[18.4294005,-33.915879],[18.4294072,-33.9159085],[18.4293985,-33.9159363],[18.4292576,-33.9160749],[18.4292221,-33.9160905],[18.4291778,-33.9160938],[18.4291363,-33.9160816],[18.4291109,-33.9160709],[18.4290558,-33.9160309],[18.4289036,-33.9159285],[18.4288774,-33.9159085],[18.4288573,-33.9158851],[18.4288446,-33.9158434],[18.4288486,-33.9158328],[18.4288687,-33.915805],[18.4289276,-33.9157515],[18.4289767,-33.9156989]]]}},{"type":"Feature","properties":{"category":"paved","source":"surface=paved"},"geometry":{"type":"Polygon","coordinates":[[[18.4285422,-33.9154274],[18.4287836,-33.9155746],[18.4287374,-33.9156268],[18.4288046,-33.9156678],[18.4287272,-33.9157552],[18.4286484,-33.9157071],[18.4286111,-33.9157492],[18.4285942,-33.9157686],[18.428633,-33.9157723],[18.4287115,-33.9157762],[18.4287423,-33.9157746],[18.4287635,-33.9157622],[18.4288531,-33.915664],[18.4288597,-33.9156117],[18.4288463,-33.9155522],[18.4288119,-33.9154924],[18.4287547,-33.9154576],[18.4286924,-33.9154219],[18.4286606,-33.9154042],[18.4285987,-33.9154079],[18.4285422,-33.9154274]]]}},{"type":"Feature","properties":{"category":"paved","source":"surface=asphalt"},"geometry":{"type":"Polygon","coordinates":[[[18.4278478,-33.9156679],[18.4280173,-33.9155019],[18.4280866,-33.9154378],[18.4281318,-33.9153897],[18.4281615,-33.9153618],[18.4282027,-33.9153216],[18.4282172,-33.9153228],[18.4282437,-33.9153063],[18.4283171,-33.9153532],[18.4283455,-33.9153761],[18.4283937,-33.9154044],[18.4284721,-33.9154497],[18.4284949,-33.9154752],[18.4284563,-33.9155171],[18.4283335,-33.9156392],[18.4285129,-33.9157522],[18.4285127,-33.9157886],[18.428528,-33.9158111],[18.4285556,-33.9158306],[18.4284039,-33.9159909],[18.428277,-33.9159015],[18.4282558,-33.9159222],[18.4281442,-33.915846],[18.4281575,-33.9158295],[18.427971,-33.9156995],[18.4279604,-33.915714],[18.4279407,-33.9157333],[18.4278478,-33.9156679]]]}},{"type":"Feature","properties":{"category":"paved","source":"surface=paved"},"geometry":{"type":"Polygon","coordinates":[[[18.4289134,-33.9156153],[18.4289112,-33.9155749],[18.4288979,-33.9155116],[18.4290185,-33.9155832],[18.428972,-33.9155915],[18.4289134,-33.9156153]]]}},{"type":"Feature","properties":{"category":"paved","source":"amenity=parking"},"geometry":{"type":"Polygon","coordinates":[[[18.4330194,-33.9176043],[18.4330649,-33.9175626],[18.4333067,-33.9177387],[18.4332782,-33.9177674],[18.4331785,-33.9177192],[18.4330194,-33.9176043]]]}},{"type":"Feature","properties":{"category":"paved","source":"surface=asphalt"},"geometry":{"type":"Polygon","coordinates":[[[18.4335805,-33.91791],[18.4331329,-33.9175911],[18.433125,-33.9175829],[18.4331222,-33.9175727],[18.4331236,-33.9175628],[18.4331292,-33.9175538],[18.433214,-33.9174738],[18.4332635,-33.9174275],[18.4333478,-33.917348],[18.4333577,-33.9173425],[18.433369,-33.9173401],[18.4333818,-33.9173415],[18.4333926,-33.9173475],[18.4338369,-33.9176752],[18.4338449,-33.9176836],[18.4338506,-33.9176932],[18.4338527,-33.9177071],[18.4338497,-33.9177211],[18.4338452,-33.917731],[18.4338359,-33.9177398],[18.4336576,-33.9179077],[18.433646,-33.917915],[18.4336319,-33.9179195],[18.4336145,-33.9179206],[18.4335958,-33.9179173],[18.4335805,-33.91791]]]}},{"type":"Feature","properties":{"category":"paved","source":"amenity=parking"},"geometry":{"type":"Polygon","coordinates":[[[18.4311601,-33.9147143],[18.4308688,-33.9150101],[18.4294001,-33.9139217],[18.4291299,-33.9137908],[18.4286425,-33.9136025],[18.429077,-33.9131954],[18.4311601,-33.9147143]]]}},{"type":"Feature","properties":{"category":"paved","source":"landuse=railway"},"geometry":{"type":"Polygon","coordinates":[[[18.4338579,-33.9173643],[18.4342822,-33.917682],[18.4363691,-33.9192034],[18.4375109,-33.9200464],[18.4378455,-33.9202525],[18.4382076,-33.9204386],[18.4385698,-33.9205874],[18.4389113,-33.9207033],[18.4393546,-33.9208092],[18.4395892,-33.9208522],[18.4401238,-33.9209109],[18.4407844,-33.9209538],[18.4418451,-33.921001],[18.4423436,-33.920981],[18.4466813,-33.9206547],[18.4473401,-33.9206246],[18.4476333,-33.9206375],[18.4482939,-33.9207177],[18.4489373,-33.9207799],[18.4495138,-33.9208048],[18.4500856,-33.9208158],[18.450637,-33.920797],[18.4512215,-33.9207353],[18.452309,-33.9205416],[18.4533596,-33.9203394],[18.4539113,-33.9202357],[18.4544815,-33.920079],[18.4550036,-33.9198814],[18.4552843,-33.9197963],[18.4553911,-33.9197635],[18.4557418,-33.9195723],[18.4567304,-33.9189622],[18.4569986,-33.9187845],[18.4573089,-33.9185815],[18.4574528,-33.9184683],[18.4575382,-33.9183923],[18.4576981,-33.9182208],[18.457847,-33.9180099],[18.4579858,-33.9177394],[18.4581644,-33.9173213],[18.458244,-33.9171356],[18.4583875,-33.9168004],[18.4587312,-33.9165621],[18.4588552,-33.9164702],[18.4593346,-33.9161738],[18.4600881,-33.915784],[18.4646862,-33.9133069],[18.4643309,-33.9128482],[18.4642129,-33.9125686],[18.4640192,-33.9126432],[18.4581404,-33.9158199],[18.4580586,-33.9157145],[18.4639611,-33.9124965],[18.4643108,-33.9124341],[18.4650122,-33.9123589],[18.4654327,-33.912296],[18.4657438,-33.9122481],[18.4660174,-33.9121941],[18.4663426,-33.9121134],[18.4666397,-33.91202],[18.4668301,-33.911952],[18.467263,-33.911768],[18.4676228,-33.9115889],[18.4681046,-33.9112677],[18.468406,-33.9110178],[18.4687241,-33.9107195],[18.4687601,-33.9106879],[18.4689872,-33.9104667],[18.4704061,-33.909118],[18.4706482,-33.9093367],[18.4715692,-33.9086153],[18.4719178,-33.9082659],[18.4719864,-33.9083091],[18.4720262,-33.908334],[18.4721202,-33.908388],[18.4721596,-33.9084131],[18.4721886,-33.9084317],[18.4722046,-33.9084138],[18.4722612,-33.9084491],[18.4719895,-33.9087111],[18.4716606,-33.9090053],[18.4712564,-33.9093243],[18.4707193,-33.9097383],[18.4702063,-33.9101279],[18.470034,-33.9103232],[18.4695277,-33.9106682],[18.4692327,-33.910888],[18.4691073,-33.9110032],[18.4686668,-33.9114106],[18.4684562,-33.9116143],[18.4678748,-33.9121663],[18.4674263,-33.9125722],[18.4672752,-33.9124546],[18.4665737,-33.9130594],[18.4659992,-33.9135417],[18.4655908,-33.9138464],[18.465203,-33.9141137],[18.4650101,-33.9140861],[18.4639098,-33.9146306],[18.4628336,-33.9150528],[18.4597196,-33.9162185],[18.4594318,-33.9163448],[18.4591639,-33.9164956],[18.4590055,-33.9166187],[18.4588096,-33.9168215],[18.4586865,-33.916941],[18.4585245,-33.9171685],[18.4584263,-33.9173574],[18.4580809,-33.9181181],[18.4579176,-33.918344],[18.4577179,-33.9185512],[18.4574689,-33.9187434],[18.4568555,-33.9191203],[18.45587,-33.9197294],[18.4555135,-33.9199222],[18.4553192,-33.9200127],[18.4552086,-33.9200642],[18.4549007,-33.9201869],[18.4545799,-33.9203011],[18.4541958,-33.9204088],[18.4536679,-33.9205283],[18.4527626,-33.9206994],[18.452643,-33.9207196],[18.451809,-33.9208595],[18.4513575,-33.9209307],[18.4511152,-33.9209645],[18.4507872,-33.920994],[18.4504124,-33.921021],[18.450411,-33.9210781],[18.4502407,-33.9210659],[18.4479068,-33.9210625],[18.4472616,-33.9211353],[18.4465354,-33.9212327],[18.4465287,-33.9211887],[18.4460764,-33.9212123],[18.4458119,-33.9212251],[18.4456117,-33.9212312],[18.4452483,-33.9212387],[18.4448728,-33.9212454],[18.4439615,-33.9212565],[18.4436856,-33.9212621],[18.443003,-33.9212554],[18.4427093,-33.921252],[18.4422885,-33.9212448],[18.4422858,-33.9212715],[18.4414952,-33.9212454],[18.4407013,-33.9212103],[18.4400348,-33.921178],[18.4397907,-33.9211619],[18.43956,-33.9211324],[18.4392281,-33.9210578],[18.4387345,-33.9209101],[18.4383498,-33.9207822],[18.4380428,-33.9206443],[18.4376983,-33.9204663],[18.4374932,-33.9203484],[18.4372601,-33.9201991],[18.436063,-33.9193232],[18.4360757,-33.9193113],[18.4356224,-33.9189884],[18.435657,-33.9189533],[18.4346517,-33.9182028],[18.4345252,-33.9181117],[18.4339384,-33.9176773],[18.4333223,-33.917228],[18.4328437,-33.9168762],[18.4330196,-33.916746],[18.4338579,-33.9173643]]]}},{"type":"Feature","properties":{"category":"paved","source":"amenity=parking_space"},"geometry":{"type":"Polygon","coordinates":[[[18.4233142,-33.9160274],[18.4236334,-33.916422],[18.4235623,-33.9164616],[18.4232423,-33.916066],[18.4233142,-33.9160274]]]}},{"type":"Feature","properties":{"category":"water","source":"natural=water"},"geometry":{"type":"Polygon","coordinates":[[[18.424202,-33.9161748],[18.4243059,-33.916246],[18.4241794,-33.916366],[18.4241224,-33.9163214],[18.4242012,-33.9162769],[18.4241574,-33.9162235],[18.4240667,-33.9162747],[18.4240631,-33.9162742],[18.424202,-33.9161748]]]}},{"type":"Feature","properties":{"category":"paved","source":"landuse=commercial"},"geometry":{"type":"Polygon","coordinates":[[[18.4218591,-33.914952],[18.4216371,-33.9145919],[18.4218816,-33.9145025],[18.4221451,-33.9144123],[18.4222893,-33.9143524],[18.4225607,-33.9142549],[18.4226906,-33.9142082],[18.4228548,-33.9141501],[18.423315,-33.9139831],[18.4233588,-33.9139988],[18.4233908,-33.9140443],[18.423511,-33.9142765],[18.4235136,-33.9143586],[18.4234931,-33.9144138],[18.4234271,-33.9144662],[18.4232665,-33.9145711],[18.4231872,-33.914623],[18.422985,-33.9147696],[18.4228683,-33.9148589],[18.4226762,-33.915023],[18.4225439,-33.9151268],[18.4224425,-33.9151895],[18.4223582,-33.9152224],[18.4222742,-33.9152244],[18.4221363,-33.9151897],[18.4220295,-33.9151418],[18.4219622,-33.9150896],[18.4218767,-33.9149805],[18.4218591,-33.914952]]]}},{"type":"Feature","properties":{"category":"paved","source":"surface=paved"},"geometry":{"type":"Polygon","coordinates":[[[18.4248862,-33.9162437],[18.4248925,-33.9161493],[18.4253461,-33.915743],[18.4253702,-33.915731],[18.4253949,-33.9157299],[18.4254194,-33.9157341],[18.4257789,-33.9160099],[18.4257757,-33.9160344],[18.425765,-33.916072],[18.4255478,-33.9162774],[18.4254719,-33.9164009],[18.4253409,-33.9165283],[18.4253017,-33.9165338],[18.4252377,-33.9165042],[18.4248862,-33.9162437]]]}},{"type":"Feature","properties":{"category":"paved","source":"surface=wood"},"geometry":{"type":"Polygon","coordinates":[[[18.4242012,-33.9162769],[18.4241224,-33.9163214],[18.4239146,-33.9164386],[18.4238856,-33.9164031],[18.4238709,-33.9163851],[18.4238914,-33.9163736],[18.4239127,-33.9163615],[18.4240667,-33.9162747],[18.4241574,-33.9162235],[18.4242012,-33.9162769]]]}},{"type":"Feature","properties":{"category":"water","source":"natural=water"},"geometry":{"type":"Polygon","coordinates":[[[18.4266751,-33.9151929],[18.4266361,-33.915227],[18.4266023,-33.9152011],[18.4265746,-33.9152291],[18.4264965,-33.9151835],[18.4264153,-33.9152661],[18.426316,-33.9151977],[18.4263819,-33.9151325],[18.4264275,-33.9151238],[18.4264869,-33.915132],[18.4265499,-33.9151484],[18.4265628,-33.9151517],[18.4266012,-33.9151632],[18.4266751,-33.9151929]]]}},{"type":"Feature","properties":{"category":"paved","source":"surface=paved"},"geometry":{"type":"Polygon","coordinates":[[[18.4263726,-33.9155856],[18.4264059,-33.9155538],[18.4266527,-33.9153178],[18.4267069,-33.9152659],[18.4267188,-33.9152369],[18.4267143,-33.915204],[18.4266957,-33.9151754],[18.4266618,-33.9151623],[18.4264995,-33.9151156],[18.4264014,-33.9150958],[18.4260866,-33.9154041],[18.4261198,-33.9154274],[18.4261314,-33.915416],[18.4262879,-33.9155261],[18.426325,-33.9155521],[18.4263726,-33.9155856]]]}},{"type":"Feature","properties":{"category":"paved","source":"surface=paved"},"geometry":{"type":"Polygon","coordinates":[[[18.4271043,-33.9144823],[18.4272672,-33.9145641],[18.4272025,-33.9146255],[18.4271875,-33.9146397],[18.4271323,-33.9146924],[18.4271168,-33.9147068],[18.427061,-33.91476],[18.4270465,-33.9147738],[18.4269916,-33.9148263],[18.4269776,-33.9148401],[18.4270179,-33.9148678],[18.426784,-33.9150695],[18.4266466,-33.9150303],[18.4266436,-33.915035],[18.4266379,-33.9150467],[18.4267931,-33.9150887],[18.4268421,-33.9150946],[18.4268875,-33.9150869],[18.4269158,-33.9150704],[18.4269275,-33.9150591],[18.4274498,-33.9145576],[18.4274673,-33.9145098],[18.4274685,-33.9144654],[18.4274534,-33.9144285],[18.4274329,-33.9143927],[18.4273926,-33.9143639],[18.4272035,-33.9142739],[18.4271338,-33.9144154],[18.4271043,-33.9144823]]]}},{"type":"Feature","properties":{"category":"paved","source":"surface=paved"},"geometry":{"type":"Polygon","coordinates":[[[18.427637,-33.9169738],[18.4277637,-33.9170551],[18.4278,-33.9170211],[18.4282088,-33.9170111],[18.4282676,-33.9169948],[18.4283163,-33.916966],[18.4290153,-33.9162556],[18.4290789,-33.9161938],[18.4290388,-33.9161687],[18.4287458,-33.9159859],[18.4286824,-33.9159947],[18.4285754,-33.9161119],[18.4286974,-33.916191],[18.4287239,-33.9161644],[18.4287999,-33.9162167],[18.4287811,-33.9162355],[18.4288947,-33.9163136],[18.4283206,-33.9168985],[18.4283058,-33.9168881],[18.428285,-33.9169033],[18.4282628,-33.9169241],[18.4282262,-33.9169545],[18.4281536,-33.9169058],[18.428061,-33.916999],[18.427904,-33.9168874],[18.4277857,-33.9170017],[18.4276868,-33.9169238],[18.4276762,-33.916935],[18.4276608,-33.9169512],[18.427637,-33.9169738]]]}},{"type":"Feature","properties":{"category":"paved","source":"landuse=commercial"},"geometry":{"type":"Polygon","coordinates":[[[18.4240743,-33.9143887],[18.4241346,-33.9144638],[18.4246339,-33.914818],[18.4276762,-33.916935],[18.4278,-33.9170211],[18.4282088,-33.9170111],[18.4282676,-33.9169948],[18.4283163,-33.916966],[18.4290153,-33.9162556],[18.4290789,-33.9161938],[18.4292576,-33.9160749],[18.4293985,-33.9159363],[18.4294072,-33.9159085],[18.4295561,-33.9157114],[18.4294794,-33.915703],[18.4278508,-33.9145359],[18.4273926,-33.9143639],[18.4272035,-33.9142739],[18.4271338,-33.9144154],[18.4270298,-33.9143691],[18.4267894,-33.914276],[18.4265616,-33.9142096],[18.4263278,-33.9141558],[18.4261362,-33.9141245],[18.4257591,-33.9140745],[18.425462,-33.9140782],[18.4252297,-33.9140895],[18.4249763,-33.9141145],[18.4248933,-33.9141746],[18.4244966,-33.9142485],[18.4243624,-33.9142835],[18.4242221,-33.9143248],[18.4240743,-33.9143887]]]}},{"type":"Feature","properties":{"category":"paved","source":"amenity=parking"},"geometry":{"type":"Polygon","coordinates":[[[18.4263722,-33.9185213],[18.4262749,-33.9184497],[18.426564,-33.918179],[18.4266615,-33.9182507],[18.4263722,-33.9185213]]]}},{"type":"Feature","properties":{"category":"paved","source":"amenity=parking"},"geometry":{"type":"Polygon","coordinates":[[[18.4263206,-33.9185701],[18.4258292,-33.9190305],[18.4257293,-33.9189571],[18.4259738,-33.918728],[18.4261738,-33.9185443],[18.426223,-33.9184983],[18.4263206,-33.9185701]]]}},{"type":"Feature","properties":{"category":"paved","source":"amenity=parking"},"geometry":{"type":"Polygon","coordinates":[[[18.4268174,-33.9181962],[18.4267488,-33.9182018],[18.4266898,-33.9181646],[18.4266466,-33.9181035],[18.4268728,-33.9178929],[18.4271329,-33.9176506],[18.4271427,-33.9176578],[18.4271808,-33.917686],[18.4272812,-33.9177542],[18.4268174,-33.9181962]]]}},{"type":"Feature","properties":{"category":"paved","source":"surface=paved"},"geometry":{"type":"Polygon","coordinates":[[[18.4273331,-33.9170683],[18.427304,-33.917093],[18.4274914,-33.9172316],[18.4275424,-33.9172693],[18.4271329,-33.9176506],[18.4271427,-33.9176578],[18.4271808,-33.917686],[18.427194,-33.9176718],[18.4273564,-33.917677],[18.4274539,-33.9176308],[18.4275417,-33.9175438],[18.4275578,-33.9175156],[18.4275634,-33.9174563],[18.4275588,-33.917382],[18.4275558,-33.9173212],[18.4275402,-33.9172441],[18.4275213,-33.9172044],[18.4273331,-33.9170683]]]}},{"type":"Feature","properties":{"category":"vegetated","source":"leisure=garden"},"geometry":{"type":"Polygon","coordinates":[[[18.4278437,-33.9175862],[18.4278045,-33.9175145],[18.4277981,-33.9174369],[18.427824,-33.9173622],[18.4278793,-33.9172993],[18.4279571,-33.917256],[18.4280482,-33.9172375],[18.4281413,-33.917246],[18.4282162,-33.9172738],[18.4281408,-33.917346],[18.428106,-33.917331],[18.428057,-33.9173268],[18.4280064,-33.9173368],[18.4279609,-33.917359],[18.4279285,-33.9173939],[18.4279088,-33.9174335],[18.4279082,-33.9174718],[18.4279253,-33.9175082],[18.4278437,-33.9175862]]]}},{"type":"Feature","properties":{"category":"vegetated","source":"leisure=garden"},"geometry":{"type":"Polygon","coordinates":[[[18.4282592,-33.9173049],[18.428184,-33.9173769],[18.4282128,-33.9174124],[18.4282198,-33.9174528],[18.4282156,-33.9174972],[18.4281954,-33.9175306],[18.4281549,-33.9175621],[18.4281155,-33.9175816],[18.4280738,-33.9175865],[18.4280192,-33.9175782],[18.4279324,-33.9176611],[18.4280293,-33.9176819],[18.4281239,-33.9176787],[18.4282113,-33.9176486],[18.4282808,-33.9175952],[18.4283237,-33.9175251],[18.4283347,-33.9174471],[18.4283125,-33.9173707],[18.4282592,-33.9173049]]]}},{"type":"Feature","properties":{"category":"paved","source":"surface=paved"},"geometry":{"type":"Polygon","coordinates":[[[18.4275217,-33.9177672],[18.4275759,-33.9177136],[18.4276224,-33.9176703],[18.4276272,-33.9176676],[18.4276328,-33.9176673],[18.4276368,-33.91767],[18.4276552,-33.9176947],[18.4276806,-33.9177237],[18.4277076,-33.9177486],[18.4277358,-33.9177705],[18.4277711,-33.9177951],[18.4278081,-33.9178152],[18.4278449,-33.9178313],[18.4278715,-33.9178414],[18.4278754,-33.9178438],[18.4278765,-33.9178478],[18.4278749,-33.9178522],[18.4278308,-33.9178943],[18.427771,-33.9179524],[18.4276747,-33.9178809],[18.4275217,-33.9177672]]]}},{"type":"Feature","properties":{"category":"paved","source":"surface=paved"},"geometry":{"type":"Polygon","coordinates":[[[18.4278548,-33.9176524],[18.427809,-33.9176194],[18.4278437,-33.9175862],[18.4279253,-33.9175082],[18.4279954,-33.9174412],[18.4280215,-33.91746],[18.4281408,-33.917346],[18.4282162,-33.9172738],[18.428255,-33.9172367],[18.4282981,-33.9172677],[18.4282592,-33.9173049],[18.428184,-33.9173769],[18.4280634,-33.9174914],[18.4280906,-33.9175111],[18.4280192,-33.9175782],[18.4279324,-33.9176611],[18.4279042,-33.917688],[18.4278548,-33.9176524]]]}},{"type":"Feature","properties":{"category":"water","source":"natural=water"},"geometry":{"type":"Polygon","coordinates":[[[18.4253988,-33.9198446],[18.4253895,-33.9198363],[18.4253843,-33.9198258],[18.4253839,-33.9198144],[18.4253884,-33.9198037],[18.4253971,-33.919795],[18.425409,-33.9197894],[18.4254206,-33.9197876],[18.4254331,-33.9197891],[18.4254442,-33.9197938],[18.425453,-33.9198014],[18.4254582,-33.9198108],[18.4254596,-33.9198206],[18.4254565,-33.9198316],[18.425449,-33.9198411],[18.4254379,-33.9198477],[18.4254247,-33.9198507],[18.4254111,-33.9198496],[18.4253988,-33.9198446]]]}},{"type":"Feature","properties":{"category":"water","source":"natural=water"},"geometry":{"type":"Polygon","coordinates":[[[18.4255346,-33.9197182],[18.4255343,-33.9197142],[18.4255354,-33.9197103],[18.4255377,-33.9197068],[18.4255413,-33.919704],[18.4255447,-33.9197025],[18.4255486,-33.9197017],[18.4255525,-33.9197016],[18.4255563,-33.9197023],[18.4255621,-33.9197052],[18.4255659,-33.9197096],[18.4255673,-33.919715],[18.4255661,-33.9197204],[18.4255623,-33.919725],[18.4255583,-33.9197274],[18.4255534,-33.9197287],[18.4255483,-33.9197288],[18.4255435,-33.9197275],[18.4255391,-33.919725],[18.4255364,-33.9197219],[18.4255346,-33.9197182]]]}},{"type":"Feature","properties":{"category":"water","source":"natural=water"},"geometry":{"type":"Polygon","coordinates":[[[18.4255248,-33.919817],[18.4255462,-33.9198061],[18.4255624,-33.9197901],[18.4255718,-33.9197708],[18.4255735,-33.9197499],[18.4255623,-33.919725],[18.4255661,-33.9197204],[18.4255673,-33.919715],[18.4255659,-33.9197096],[18.4255621,-33.9197052],[18.4255563,-33.9197023],[18.4256082,-33.9196654],[18.4256689,-33.9196496],[18.4257323,-33.9196538],[18.4257892,-33.9196774],[18.4258313,-33.919717],[18.4258525,-33.9197668],[18.4258496,-33.9198195],[18.4258232,-33.9198675],[18.425777,-33.9199038],[18.4257178,-33.9199232],[18.4256542,-33.9199227],[18.4255955,-33.9199024],[18.4255501,-33.9198654],[18.4255248,-33.919817]]]}},{"type":"Feature","properties":{"category":"water","source":"natural=water"},"geometry":{"type":"Polygon","coordinates":[[[18.425409,-33.9197894],[18.4254082,-33.919768],[18.4254103,-33.9197449],[18.4254195,-33.9197239],[18.4254384,-33.9197064],[18.4254622,-33.9196956],[18.425488,-33.9196902],[18.4255145,-33.9196922],[18.4255413,-33.919704],[18.4255377,-33.9197068],[18.4255354,-33.9197103],[18.4255343,-33.9197142],[18.4255346,-33.9197182],[18.4255364,-33.9197219],[18.4255391,-33.919725],[18.4255435,-33.9197275],[18.4255483,-33.9197288],[18.4255534,-33.9197287],[18.4255583,-33.9197274],[18.4255623,-33.919725],[18.4255735,-33.9197499],[18.4255718,-33.9197708],[18.4255624,-33.9197901],[18.4255462,-33.9198061],[18.4255248,-33.919817],[18.4255008,-33.9198218],[18.4254596,-33.9198206],[18.4254582,-33.9198108],[18.425453,-33.9198014],[18.4254442,-33.9197938],[18.4254331,-33.9197891],[18.4254206,-33.9197876],[18.425409,-33.9197894]]]}},{"type":"Feature","properties":{"category":"paved","source":"amenity=parking"},"geometry":{"type":"Polygon","coordinates":[[[18.4249021,-33.9188184],[18.4254603,-33.9182947],[18.4257655,-33.9185187],[18.4257318,-33.9185503],[18.4254875,-33.9187795],[18.4252506,-33.9190018],[18.4252073,-33.9190424],[18.4251313,-33.9189856],[18.4249021,-33.9188184]]]}},{"type":"Feature","properties":{"category":"paved","source":"surface=asphalt"},"geometry":{"type":"Polygon","coordinates":[[[18.4252052,-33.9189677],[18.4251714,-33.9189465],[18.425018,-33.9188351],[18.4254735,-33.9183921],[18.4256608,-33.9185247],[18.4252052,-33.9189677]]]}},{"type":"Feature","properties":{"category":"paved","source":"unknown=None"},"geometry":{"type":"Polygon","coordinates":[[[18.4262926,-33.9175234],[18.4261181,-33.917689],[18.4260643,-33.9177407],[18.4260389,-33.9177236],[18.4260217,-33.9177101],[18.4261864,-33.9175518],[18.4258661,-33.9173223],[18.4259414,-33.9172512],[18.4260117,-33.9171823],[18.4263625,-33.9174433],[18.4263184,-33.9174579],[18.4263426,-33.9174753],[18.4262926,-33.9175234]]]}},{"type":"Feature","properties":{"category":"paved","source":"amenity=parking"},"geometry":{"type":"Polygon","coordinates":[[[18.4239173,-33.9178602],[18.4238221,-33.9177819],[18.4237062,-33.9177242],[18.4235866,-33.9176851],[18.4234862,-33.91767],[18.4234497,-33.9176736],[18.423452,-33.9176389],[18.4234388,-33.9176273],[18.4236129,-33.9174593],[18.4236557,-33.917418],[18.423921,-33.9176089],[18.4239613,-33.9176379],[18.4239794,-33.9176509],[18.4239726,-33.9176574],[18.4239792,-33.9176621],[18.4239486,-33.9176915],[18.4239671,-33.9177048],[18.4239467,-33.9177243],[18.4239773,-33.9177462],[18.4240115,-33.9177708],[18.4239173,-33.9178602]]]}},{"type":"Feature","properties":{"category":"paved","source":"amenity=parking"},"geometry":{"type":"Polygon","coordinates":[[[18.4250002,-33.9174918],[18.4248792,-33.9174048],[18.4248285,-33.9174533],[18.4247786,-33.9175011],[18.4248618,-33.917561],[18.4248996,-33.9175881],[18.4249488,-33.917541],[18.4250002,-33.9174918]]]}},{"type":"Feature","properties":{"category":"paved","source":"amenity=parking"},"geometry":{"type":"Polygon","coordinates":[[[18.4255918,-33.9175908],[18.4256134,-33.9175704],[18.4256363,-33.9175487],[18.4258661,-33.9173223],[18.4261864,-33.9175518],[18.4260217,-33.9177101],[18.4259583,-33.917772],[18.4259069,-33.9178206],[18.4255918,-33.9175908]]]}},{"type":"Feature","properties":{"category":"paved","source":"surface=paved"},"geometry":{"type":"Polygon","coordinates":[[[18.4244441,-33.9187731],[18.4238455,-33.9183196],[18.4241805,-33.9180197],[18.4246532,-33.9183695],[18.4246296,-33.918391],[18.42422,-33.9180835],[18.424178,-33.918122],[18.4241346,-33.9180894],[18.4239459,-33.9182625],[18.4239893,-33.9182951],[18.423949,-33.918332],[18.4244412,-33.9187016],[18.4244815,-33.9186646],[18.424525,-33.9186973],[18.4244441,-33.9187731]]]}},{"type":"Feature","properties":{"category":"vegetated","source":"landuse=village_green"},"geometry":{"type":"Polygon","coordinates":[[[18.422716,-33.915955],[18.423081,-33.9157417],[18.4232,-33.9158923],[18.423189,-33.9158247],[18.4231865,-33.9157493],[18.4231952,-33.9156904],[18.4232089,-33.915646],[18.4231149,-33.9156787],[18.4227249,-33.9159017],[18.4227136,-33.9159318],[18.422716,-33.915955]]]}},{"type":"Feature","properties":{"category":"vegetated","source":"landuse=village_green"},"geometry":{"type":"Polygon","coordinates":[[[18.4240704,-33.9152585],[18.4240791,-33.915212],[18.4241189,-33.915179],[18.424358,-33.915086],[18.4244115,-33.9150829],[18.4245198,-33.9151097],[18.4249605,-33.9154311],[18.4250751,-33.915492],[18.4248883,-33.915479],[18.4247056,-33.9153473],[18.4246402,-33.9154097],[18.4246172,-33.9154296],[18.4245123,-33.9153552],[18.4244471,-33.9153697],[18.424392,-33.9153821],[18.4241963,-33.9154293],[18.4241209,-33.9153867],[18.4241339,-33.9153443],[18.4241102,-33.9152699],[18.4240704,-33.9152585]]]}},{"type":"Feature","properties":{"category":"paved","source":"amenity=parking"},"geometry":{"type":"Polygon","coordinates":[[[18.4292978,-33.9188129],[18.4290979,-33.9186747],[18.428934,-33.9185537],[18.4288328,-33.9184836],[18.4293645,-33.9179665],[18.4298295,-33.9182958],[18.4292978,-33.9188129]]]}},{"type":"Feature","properties":{"category":"paved","source":"amenity=parking"},"geometry":{"type":"Polygon","coordinates":[[[18.4287764,-33.9175498],[18.4293416,-33.9179592],[18.4291454,-33.9181458],[18.4289405,-33.9179974],[18.4290491,-33.9178942],[18.4289255,-33.9178048],[18.4288176,-33.9179074],[18.4285807,-33.9177358],[18.4287764,-33.9175498]]]}},{"type":"Feature","properties":{"category":"paved","source":"amenity=parking"},"geometry":{"type":"Polygon","coordinates":[[[18.4288874,-33.9183807],[18.4288098,-33.9183915],[18.4284379,-33.9181067],[18.4283418,-33.9180383],[18.4284517,-33.917938],[18.4289022,-33.918278],[18.4289073,-33.9183625],[18.4288874,-33.9183807]]]}},{"type":"Feature","properties":{"category":"paved","source":"surface=paved"},"geometry":{"type":"Polygon","coordinates":[[[18.4295831,-33.9160505],[18.4295118,-33.9160631],[18.4294659,-33.9160822],[18.4294163,-33.9161244],[18.4293653,-33.9161773],[18.429359,-33.916209],[18.4293755,-33.9162322],[18.4294061,-33.9162354],[18.429429,-33.9162206],[18.4295958,-33.9160705],[18.4295946,-33.9160568],[18.4295831,-33.9160505]]]}},{"type":"Feature","properties":{"category":"paved","source":"amenity=parking_space"},"geometry":{"type":"Polygon","coordinates":[[[18.4279662,-33.9190054],[18.4280074,-33.9189641],[18.4277292,-33.9187727],[18.427688,-33.918814],[18.4279662,-33.9190054]]]}},{"type":"Feature","properties":{"category":"paved","source":"unknown=None"},"geometry":{"type":"Polygon","coordinates":[[[18.4286034,-33.9197484],[18.4286078,-33.9197506],[18.4286104,-33.9197547],[18.4286115,-33.9197623],[18.4286099,-33.9197702],[18.428607,-33.9197824],[18.4286029,-33.9197919],[18.4285656,-33.9198215],[18.4285248,-33.9198494],[18.4284374,-33.9198992],[18.4284174,-33.9199115],[18.4284105,-33.9199146],[18.4284018,-33.9199162],[18.4283946,-33.9199135],[18.4283917,-33.9199089],[18.4283928,-33.9199035],[18.4283977,-33.919894],[18.428405,-33.9198799],[18.4284378,-33.9198323],[18.4284459,-33.9198235],[18.4284559,-33.9198149],[18.428511,-33.9197798],[18.4285747,-33.9197523],[18.4285926,-33.9197484],[18.4286034,-33.9197484]]]}},{"type":"Feature","properties":{"category":"paved","source":"surface=paved"},"geometry":{"type":"Polygon","coordinates":[[[18.4282728,-33.9198194],[18.4284909,-33.9196821],[18.4285007,-33.9196724],[18.4285043,-33.9196639],[18.4285052,-33.9196558],[18.4285032,-33.9196484],[18.428497,-33.9196393],[18.428466,-33.9196149],[18.4282706,-33.9194775],[18.4282467,-33.9194668],[18.4282224,-33.9194609],[18.4281948,-33.9194571],[18.4281728,-33.919458],[18.4281504,-33.9194643],[18.4281349,-33.9194699],[18.4281178,-33.9194791],[18.4280984,-33.9194951],[18.4280539,-33.9195388],[18.4280384,-33.9195557],[18.4280295,-33.9195704],[18.4280248,-33.9195833],[18.428021,-33.919598],[18.42802,-33.919611],[18.4280205,-33.9196259],[18.4280231,-33.9196404],[18.4280311,-33.9196577],[18.4280438,-33.9196744],[18.4280617,-33.9196911],[18.4280906,-33.9197144],[18.4282367,-33.9198193],[18.428246,-33.9198236],[18.4282533,-33.9198247],[18.4282619,-33.9198234],[18.4282728,-33.9198194]]]}},{"type":"Feature","properties":{"category":"paved","source":"surface=paved"},"geometry":{"type":"Polygon","coordinates":[[[18.4288033,-33.9196338],[18.428842,-33.9196658],[18.4288623,-33.9196559],[18.428924,-33.9196267],[18.428982,-33.9195835],[18.4289764,-33.9195702],[18.4289634,-33.9195717],[18.4288247,-33.9196247],[18.4288033,-33.9196338]]]}},{"type":"Feature","properties":{"category":"vegetated","source":"landuse=village_green"},"geometry":{"type":"Polygon","coordinates":[[[18.4273934,-33.918847],[18.4281003,-33.9193556],[18.4278925,-33.9195545],[18.4271856,-33.9190459],[18.4273934,-33.918847]]]}},{"type":"Feature","properties":{"category":"vegetated","source":"landuse=village_green"},"geometry":{"type":"Polygon","coordinates":[[[18.4282675,-33.9197723],[18.428115,-33.919659],[18.4281201,-33.9196353],[18.4280534,-33.9195878],[18.4281546,-33.9194898],[18.4282233,-33.919538],[18.4282512,-33.9195327],[18.4284031,-33.9196418],[18.4282675,-33.9197723]]]}},{"type":"Feature","properties":{"category":"vegetated","source":"natural=scrub"},"geometry":{"type":"Polygon","coordinates":[[[18.4282451,-33.9205754],[18.4282866,-33.9206054],[18.4284435,-33.9204557],[18.428402,-33.9204258],[18.4282451,-33.9205754]]]}},{"type":"Feature","properties":{"category":"vegetated","source":"natural=scrub"},"geometry":{"type":"Polygon","coordinates":[[[18.4282464,-33.9203148],[18.4281945,-33.9203649],[18.4281732,-33.9203497],[18.4281198,-33.9204012],[18.4280999,-33.920387],[18.4280485,-33.9204366],[18.4280159,-33.9204133],[18.4281727,-33.9202621],[18.4282464,-33.9203148]]]}},{"type":"Feature","properties":{"category":"paved","source":"surface=paved"},"geometry":{"type":"Polygon","coordinates":[[[18.4285805,-33.920014],[18.4285603,-33.9200445],[18.4285125,-33.9200098],[18.4284803,-33.919984],[18.4284724,-33.9199679],[18.4284793,-33.91995],[18.4284907,-33.9199422],[18.4287338,-33.9198068],[18.4287802,-33.919854],[18.428798,-33.9198615],[18.4288212,-33.9198704],[18.4287798,-33.9198973],[18.428805,-33.9199172],[18.4288003,-33.9199222],[18.4288829,-33.9199845],[18.4288154,-33.9200495],[18.4287492,-33.9201132],[18.428666,-33.9200516],[18.4286556,-33.9200467],[18.4286424,-33.9200599],[18.4285805,-33.920014]]]}},{"type":"Feature","properties":{"category":"paved","source":"surface=paved"},"geometry":{"type":"Polygon","coordinates":[[[18.4292868,-33.920494],[18.4293004,-33.920481],[18.4293494,-33.9204338],[18.4294032,-33.9203819],[18.4294139,-33.9203717],[18.4294525,-33.9203994],[18.4295684,-33.9204825],[18.4296051,-33.9205088],[18.4296985,-33.9205758],[18.429809,-33.9206549],[18.429915,-33.9207309],[18.4300132,-33.9208013],[18.4299791,-33.920834],[18.4299467,-33.9208644],[18.4299157,-33.9208949],[18.4298859,-33.9209235],[18.429788,-33.9208533],[18.4296817,-33.9207772],[18.4295715,-33.9206981],[18.4294778,-33.920631],[18.4294411,-33.9206048],[18.4293253,-33.9205217],[18.4292868,-33.920494]]]}},{"type":"Feature","properties":{"category":"paved","source":"surface=concrete"},"geometry":{"type":"Polygon","coordinates":[[[18.4294139,-33.9203717],[18.4293898,-33.9203545],[18.4293798,-33.9203472],[18.4292272,-33.9202381],[18.4291929,-33.9202136],[18.4292213,-33.9201863],[18.4290718,-33.9200795],[18.4290493,-33.9201012],[18.429037,-33.9200925],[18.4290126,-33.920075],[18.42898,-33.9200517],[18.4288829,-33.9199845],[18.4288154,-33.9200495],[18.4287492,-33.9201132],[18.4288463,-33.9201805],[18.4288787,-33.9202037],[18.428903,-33.9202211],[18.4289153,-33.9202298],[18.4288944,-33.92025],[18.4290448,-33.9203576],[18.4290666,-33.9203366],[18.4291008,-33.920361],[18.4292525,-33.9204695],[18.4292626,-33.9204766],[18.4292868,-33.920494],[18.4293004,-33.920481],[18.4293494,-33.9204338],[18.4294032,-33.9203819],[18.4294139,-33.9203717]]]}},{"type":"Feature","properties":{"category":"paved","source":"surface=paved"},"geometry":{"type":"Polygon","coordinates":[[[18.4294777,-33.9200911],[18.42946,-33.9200785],[18.4294398,-33.920098],[18.429404,-33.9200724],[18.4293953,-33.9200808],[18.4293607,-33.920056],[18.4293694,-33.9200476],[18.4293227,-33.9200142],[18.4293433,-33.9199943],[18.4293258,-33.9199818],[18.4293109,-33.9199712],[18.4292955,-33.9199602],[18.429277,-33.9199469],[18.4292566,-33.9199667],[18.429218,-33.9199391],[18.4292087,-33.919948],[18.4291964,-33.9199392],[18.4291819,-33.9199532],[18.4291575,-33.9199357],[18.4291431,-33.9199496],[18.4291201,-33.9199729],[18.4290741,-33.920016],[18.4290531,-33.9200362],[18.4290774,-33.9200536],[18.4290674,-33.9200633],[18.4290796,-33.920072],[18.4290718,-33.9200795],[18.4290493,-33.9201012],[18.429037,-33.9200925],[18.4290228,-33.9201061],[18.4289984,-33.9200886],[18.4289466,-33.9201385],[18.4289434,-33.9201416],[18.4288975,-33.9201858],[18.4289217,-33.9202031],[18.428903,-33.9202211],[18.4289153,-33.9202298],[18.4288944,-33.92025],[18.4288868,-33.9202573],[18.4288745,-33.9202486],[18.4288622,-33.9202604],[18.4288378,-33.9202429],[18.4288012,-33.9202782],[18.4287561,-33.9203216],[18.4287347,-33.9203423],[18.4287589,-33.9203596],[18.4287488,-33.9203693],[18.4287409,-33.9203769],[18.4287531,-33.9203857],[18.428726,-33.9204118],[18.4286896,-33.920386],[18.4286229,-33.9204506],[18.4285753,-33.9204965],[18.4286002,-33.9205143],[18.4285937,-33.9205205],[18.4286648,-33.9205716],[18.4287552,-33.920637],[18.4288771,-33.9205198],[18.4289041,-33.9204935],[18.4289322,-33.9205136],[18.4289051,-33.9205398],[18.4290451,-33.9206398],[18.4290632,-33.9206224],[18.4290811,-33.9206352],[18.4290903,-33.9206263],[18.4290998,-33.9206331],[18.4291066,-33.9206265],[18.4291148,-33.9206186],[18.4291391,-33.920636],[18.4291583,-33.9206174],[18.429207,-33.9205706],[18.4292449,-33.920534],[18.4292209,-33.9205168],[18.4292328,-33.9205054],[18.4292626,-33.9204766],[18.4292761,-33.9204636],[18.4293004,-33.920481],[18.4293494,-33.9204338],[18.4294032,-33.9203819],[18.4293792,-33.9203648],[18.4293898,-33.9203545],[18.4294142,-33.920331],[18.4294361,-33.9203099],[18.4294603,-33.9203273],[18.4294801,-33.9203082],[18.4295247,-33.9202652],[18.4295508,-33.9202401],[18.4295643,-33.9202271],[18.4295403,-33.9202099],[18.4295558,-33.9201949],[18.4295463,-33.9201881],[18.4295545,-33.9201802],[18.4295068,-33.9201461],[18.4295271,-33.9201265],[18.4295109,-33.920115],[18.4294949,-33.9201035],[18.4294777,-33.9200911]]]}},{"type":"Feature","properties":{"category":"vegetated","source":"landuse=village_green"},"geometry":{"type":"Polygon","coordinates":[[[18.4279825,-33.9190846],[18.4286057,-33.9195246],[18.4287047,-33.9194735],[18.4286404,-33.9194701],[18.4280279,-33.9190383],[18.4279825,-33.9190846]]]}},{"type":"Feature","properties":{"category":"paved","source":"unknown=None"},"geometry":{"type":"Polygon","coordinates":[[[18.43007,-33.9196322],[18.4300138,-33.9195915],[18.4299895,-33.9196147],[18.4299368,-33.9195765],[18.429891,-33.9196201],[18.4298429,-33.9196658],[18.4298627,-33.9196802],[18.4298159,-33.9197246],[18.429864,-33.9197595],[18.4298873,-33.9197373],[18.4299237,-33.9197636],[18.4299471,-33.9197409],[18.4299891,-33.9197709],[18.4300372,-33.9197243],[18.4300866,-33.9196765],[18.4300507,-33.919651],[18.43007,-33.9196322]]]}},{"type":"Feature","properties":{"category":"vegetated","source":"natural=scrub"},"geometry":{"type":"Polygon","coordinates":[[[18.4296236,-33.9197132],[18.4296437,-33.9196971],[18.4296851,-33.9196973],[18.4297057,-33.9197137],[18.4296848,-33.9197298],[18.4296434,-33.9197295],[18.4296236,-33.9197132]]]}},{"type":"Feature","properties":{"category":"vegetated","source":"natural=scrub"},"geometry":{"type":"Polygon","coordinates":[[[18.4294423,-33.9197303],[18.4294624,-33.9197142],[18.4295038,-33.9197144],[18.4295245,-33.9197308],[18.4295035,-33.9197469],[18.4294621,-33.9197466],[18.4294423,-33.9197303]]]}},{"type":"Feature","properties":{"category":"vegetated","source":"natural=scrub"},"geometry":{"type":"Polygon","coordinates":[[[18.4295362,-33.9197963],[18.4295562,-33.9197802],[18.4295976,-33.9197805],[18.4296183,-33.9197969],[18.4295973,-33.919813],[18.4295559,-33.9198127],[18.4295362,-33.9197963]]]}},{"type":"Feature","properties":{"category":"vegetated","source":"natural=scrub"},"geometry":{"type":"Polygon","coordinates":[[[18.4294082,-33.9195592],[18.4294283,-33.9195431],[18.4294697,-33.9195434],[18.4294903,-33.9195597],[18.4294694,-33.9195758],[18.429428,-33.9195756],[18.4294082,-33.9195592]]]}},{"type":"Feature","properties":{"category":"vegetated","source":"natural=scrub"},"geometry":{"type":"Polygon","coordinates":[[[18.4295362,-33.9196471],[18.4295562,-33.919631],[18.4295976,-33.9196313],[18.4296183,-33.9196476],[18.4295973,-33.9196637],[18.4295559,-33.9196635],[18.4295362,-33.9196471]]]}},{"type":"Feature","properties":{"category":"vegetated","source":"natural=scrub"},"geometry":{"type":"Polygon","coordinates":[[[18.4293179,-33.9196455],[18.429338,-33.9196294],[18.4293794,-33.9196297],[18.4294,-33.9196461],[18.4293791,-33.9196622],[18.4293377,-33.9196619],[18.4293179,-33.9196455]]]}},{"type":"Feature","properties":{"category":"vegetated","source":"natural=scrub"},"geometry":{"type":"Polygon","coordinates":[[[18.4298673,-33.9201274],[18.4298515,-33.9201435],[18.4298266,-33.9201457],[18.4298071,-33.9201326],[18.4298045,-33.9201119],[18.4298203,-33.9200958],[18.4298452,-33.9200936],[18.4298647,-33.9201067],[18.4298673,-33.9201274]]]}},{"type":"Feature","properties":{"category":"vegetated","source":"natural=scrub"},"geometry":{"type":"Polygon","coordinates":[[[18.4297744,-33.9200425],[18.4297763,-33.9200639],[18.4297594,-33.9200802],[18.4297336,-33.9200818],[18.429714,-33.9200678],[18.4297121,-33.9200464],[18.429729,-33.9200301],[18.4297548,-33.9200285],[18.4297744,-33.9200425]]]}},{"type":"Feature","properties":{"category":"paved","source":"amenity=parking"},"geometry":{"type":"Polygon","coordinates":[[[18.4304938,-33.9195593],[18.4307487,-33.9193142],[18.4308926,-33.9191759],[18.4309473,-33.9192151],[18.4308794,-33.919281],[18.4309466,-33.9193264],[18.4309642,-33.9193413],[18.4310297,-33.9193024],[18.4315024,-33.9196452],[18.4313106,-33.9198251],[18.4311863,-33.9199452],[18.4311078,-33.9200198],[18.4310394,-33.9199501],[18.4308716,-33.9198299],[18.4307012,-33.9197079],[18.4304938,-33.9195593]]]}},{"type":"Feature","properties":{"category":"paved","source":"surface=paved"},"geometry":{"type":"Polygon","coordinates":[[[18.4298159,-33.9197246],[18.429864,-33.9197595],[18.4298873,-33.9197373],[18.4299237,-33.9197636],[18.4298445,-33.9198402],[18.4298558,-33.9198482],[18.4298246,-33.9198784],[18.4297804,-33.9198813],[18.4295955,-33.9200602],[18.4295301,-33.9200137],[18.429546,-33.9199983],[18.4294291,-33.9199152],[18.4294147,-33.919929],[18.429323,-33.9198638],[18.4293377,-33.9198496],[18.4293119,-33.9198313],[18.4292968,-33.9198205],[18.4292795,-33.9198082],[18.4292702,-33.9198016],[18.4292129,-33.9198571],[18.4292786,-33.9199039],[18.4292933,-33.9198897],[18.4293218,-33.91991],[18.4293069,-33.9199244],[18.4293211,-33.9199347],[18.4293371,-33.9199458],[18.4293518,-33.919956],[18.4293716,-33.9199703],[18.429386,-33.9199564],[18.4295044,-33.9200407],[18.4294873,-33.9200573],[18.4295021,-33.9200677],[18.4295192,-33.9200799],[18.4295353,-33.9200915],[18.4295542,-33.9201048],[18.4295693,-33.9200902],[18.4296114,-33.9201202],[18.4296829,-33.9201745],[18.4297005,-33.9201578],[18.4297135,-33.9201458],[18.429641,-33.9200915],[18.4297473,-33.9199886],[18.4299164,-33.9201093],[18.4299075,-33.9201179],[18.4299254,-33.9201307],[18.4298442,-33.9202093],[18.4297216,-33.9203278],[18.4297037,-33.9203337],[18.429682,-33.9203335],[18.4291431,-33.9199496],[18.429105,-33.9199224],[18.4289917,-33.9198255],[18.4289747,-33.9197997],[18.4289651,-33.9197853],[18.4289771,-33.9197334],[18.4290013,-33.9196915],[18.429194,-33.919572],[18.4293327,-33.9194895],[18.4294465,-33.9194112],[18.4295168,-33.9193533],[18.4297587,-33.9191544],[18.4302822,-33.9186456],[18.4302967,-33.9186551],[18.4303903,-33.9187224],[18.4306325,-33.9184902],[18.4308363,-33.9182949],[18.4309895,-33.918148],[18.4311566,-33.9179878],[18.431164,-33.9179807],[18.4311803,-33.917965],[18.4312346,-33.9180033],[18.4304442,-33.9187611],[18.4304759,-33.9187822],[18.4305452,-33.9188315],[18.4304876,-33.9188872],[18.4303205,-33.9190486],[18.4302547,-33.9190015],[18.4301414,-33.9191105],[18.4301854,-33.919142],[18.4300251,-33.9192962],[18.4299186,-33.9193987],[18.4301398,-33.919557],[18.4300733,-33.9196214],[18.4300778,-33.9196247],[18.43007,-33.9196322],[18.4300138,-33.9195915],[18.4299895,-33.9196147],[18.4299368,-33.9195765],[18.429891,-33.9196201],[18.4298429,-33.9196658],[18.4298627,-33.9196802],[18.4298159,-33.9197246]]]}},{"type":"Feature","properties":{"category":"vegetated","source":"landuse=village_green"},"geometry":{"type":"Polygon","coordinates":[[[18.4299755,-33.9193204],[18.4299178,-33.9192795],[18.430048,-33.9191524],[18.4301061,-33.9191936],[18.4299755,-33.9193204]]]}},{"type":"Feature","properties":{"category":"vegetated","source":"landuse=village_green"},"geometry":{"type":"Polygon","coordinates":[[[18.4302967,-33.9186551],[18.431063,-33.9179206],[18.4311566,-33.9179878],[18.4303903,-33.9187224],[18.4302967,-33.9186551]]]}},{"type":"Feature","properties":{"category":"vegetated","source":"landuse=village_green"},"geometry":{"type":"Polygon","coordinates":[[[18.4304324,-33.918835],[18.4304019,-33.9188648],[18.4303677,-33.9188406],[18.4303981,-33.9188109],[18.4304324,-33.918835]]]}},{"type":"Feature","properties":{"category":"vegetated","source":"landuse=village_green"},"geometry":{"type":"Polygon","coordinates":[[[18.4302353,-33.9189697],[18.4303002,-33.9190157],[18.4303429,-33.9189742],[18.4302779,-33.9189281],[18.4302353,-33.9189697]]]}},{"type":"Feature","properties":{"category":"vegetated","source":"landuse=village_green"},"geometry":{"type":"Polygon","coordinates":[[[18.4298582,-33.9192374],[18.4297784,-33.9191808],[18.4301925,-33.9187783],[18.4302714,-33.9188343],[18.4299877,-33.9191111],[18.4298582,-33.9192374]]]}},{"type":"Feature","properties":{"category":"vegetated","source":"landuse=grass"},"geometry":{"type":"Polygon","coordinates":[[[18.4297595,-33.9202503],[18.4297406,-33.9202367],[18.4295971,-33.9201962],[18.4295729,-33.9202224],[18.4296829,-33.9203034],[18.4296983,-33.9203058],[18.4297092,-33.9203005],[18.4297595,-33.9202503]]]}},{"type":"Feature","properties":{"category":"paved","source":"amenity=parking"},"geometry":{"type":"Polygon","coordinates":[[[18.4313238,-33.917971],[18.4312669,-33.9180267],[18.4312346,-33.9180033],[18.4311803,-33.917965],[18.4310914,-33.9179023],[18.431282,-33.9177162],[18.4313311,-33.9176683],[18.4313917,-33.917711],[18.4326324,-33.9185053],[18.4324048,-33.9187413],[18.4313238,-33.917971]]]}},{"type":"Feature","properties":{"category":"paved","source":"amenity=parking"},"geometry":{"type":"Polygon","coordinates":[[[18.4301754,-33.9203657],[18.4303179,-33.9203797],[18.4303242,-33.9203353],[18.4302674,-33.9203298],[18.4303038,-33.9202946],[18.4300554,-33.9201164],[18.4299918,-33.9201782],[18.4299593,-33.920209],[18.4299828,-33.9202258],[18.4299491,-33.9202583],[18.4301426,-33.9203973],[18.4301754,-33.9203657]]]}},{"type":"Feature","properties":{"category":"paved","source":"amenity=parking"},"geometry":{"type":"Polygon","coordinates":[[[18.4326456,-33.918847],[18.4327756,-33.918939],[18.4330083,-33.9191037],[18.433042,-33.91907],[18.4333789,-33.9193108],[18.4333417,-33.9193465],[18.4336068,-33.9195447],[18.4338383,-33.9193204],[18.4336282,-33.9191536],[18.4328409,-33.9186349],[18.4326456,-33.918847]]]}},{"type":"Feature","properties":{"category":"paved","source":"surface=asphalt"},"geometry":{"type":"Polygon","coordinates":[[[18.4315159,-33.9215629],[18.4320747,-33.9219659],[18.4320877,-33.9219952],[18.4320788,-33.9220273],[18.4320544,-33.9220569],[18.4320282,-33.9220787],[18.4319972,-33.9220933],[18.4319527,-33.9220865],[18.4314564,-33.921727],[18.4314383,-33.9217089],[18.4314278,-33.9216865],[18.4314278,-33.9216626],[18.431431,-33.9216445],[18.4314442,-33.9216255],[18.4315159,-33.9215629]]]}},{"type":"Feature","properties":{"category":"paved","source":"amenity=parking"},"geometry":{"type":"Polygon","coordinates":[[[18.4310297,-33.9193024],[18.431178,-33.9191548],[18.4311521,-33.9191365],[18.431079,-33.9190874],[18.4309473,-33.9192151],[18.4308794,-33.919281],[18.4309466,-33.9193264],[18.4309642,-33.9193413],[18.4310297,-33.9193024]]]}},{"type":"Feature","properties":{"category":"vegetated","source":"landuse=village_green"},"geometry":{"type":"Polygon","coordinates":[[[18.4310326,-33.9213157],[18.4309864,-33.9213567],[18.4309413,-33.9213531],[18.4303167,-33.9207953],[18.4304296,-33.92068],[18.4304906,-33.920724],[18.4304963,-33.9207737],[18.4305064,-33.9208327],[18.430529,-33.9209012],[18.4305652,-33.9209546],[18.4306454,-33.9210464],[18.4308239,-33.9211712],[18.4310326,-33.9213157]]]}},{"type":"Feature","properties":{"category":"vegetated","source":"landuse=village_green"},"geometry":{"type":"Polygon","coordinates":[[[18.4298038,-33.9203834],[18.4300949,-33.9205952],[18.4302016,-33.9204941],[18.4299106,-33.9202824],[18.4298038,-33.9203834]]]}},{"type":"Feature","properties":{"category":"paved","source":"amenity=parking"},"geometry":{"type":"Polygon","coordinates":[[[18.4295235,-33.9212126],[18.4294947,-33.9211922],[18.4293166,-33.9210648],[18.4293321,-33.9210498],[18.4290234,-33.9208289],[18.4287552,-33.920637],[18.4288771,-33.9205198],[18.4289051,-33.9205398],[18.4290451,-33.9206398],[18.4290627,-33.9206528],[18.4290963,-33.9206769],[18.4291239,-33.9206504],[18.4290998,-33.9206331],[18.4291066,-33.9206265],[18.4291456,-33.9206546],[18.4296929,-33.9210492],[18.4298477,-33.9211619],[18.429839,-33.9211703],[18.4298134,-33.921152],[18.4297902,-33.9211744],[18.4298147,-33.9211953],[18.429794,-33.9212149],[18.4296795,-33.921324],[18.429654,-33.9213057],[18.4296417,-33.9213175],[18.4295865,-33.9212779],[18.4295369,-33.9212427],[18.4295492,-33.9212309],[18.4295235,-33.9212126]]]}},{"type":"Feature","properties":{"category":"paved","source":"surface=concrete"},"geometry":{"type":"Polygon","coordinates":[[[18.4294062,-33.9215878],[18.429538,-33.9216808],[18.4295514,-33.9216903],[18.4296035,-33.9216394],[18.4295903,-33.9216301],[18.429459,-33.9215376],[18.4294329,-33.9215624],[18.4294062,-33.9215878]]]}},{"type":"Feature","properties":{"category":"paved","source":"amenity=parking"},"geometry":{"type":"Polygon","coordinates":[[[18.4283356,-33.9218825],[18.4282436,-33.9218169],[18.4280184,-33.9216565],[18.4278632,-33.921546],[18.4279063,-33.9215044],[18.4283786,-33.9218409],[18.4283356,-33.9218825]]]}},{"type":"Feature","properties":{"category":"paved","source":"surface=paved"},"geometry":{"type":"Polygon","coordinates":[[[18.4289562,-33.9220235],[18.4290708,-33.9221062],[18.4291305,-33.9221494],[18.4299956,-33.9213261],[18.4298386,-33.9212127],[18.429818,-33.9212323],[18.429794,-33.9212149],[18.4296795,-33.921324],[18.4296561,-33.9213462],[18.429613,-33.9213873],[18.429654,-33.9214171],[18.4295839,-33.9214838],[18.4295451,-33.9214557],[18.429459,-33.9215376],[18.4294329,-33.9215624],[18.4294062,-33.9215878],[18.4292022,-33.921782],[18.4291937,-33.9217759],[18.4291659,-33.9218023],[18.4291773,-33.9218106],[18.4291464,-33.9218407],[18.4290548,-33.9219288],[18.4290931,-33.9219562],[18.4290594,-33.9219885],[18.4290215,-33.9219614],[18.4289562,-33.9220235]]]}},{"type":"Feature","properties":{"category":"paved","source":"surface=concrete"},"geometry":{"type":"Polygon","coordinates":[[[18.4277046,-33.9219894],[18.4280231,-33.9216774],[18.4280818,-33.9216167],[18.4281587,-33.9215435],[18.4282554,-33.9214439],[18.4283254,-33.9214941],[18.4283961,-33.9215446],[18.4284782,-33.9215957],[18.4283677,-33.9217],[18.4283007,-33.9217717],[18.4282349,-33.9218276],[18.4281377,-33.9219241],[18.428092,-33.9219676],[18.4280462,-33.9220111],[18.4280005,-33.9220545],[18.4279548,-33.922098],[18.4279125,-33.9221395],[18.427758,-33.9220268],[18.4277046,-33.9219894]]]}},{"type":"Feature","properties":{"category":"paved","source":"unknown=None"},"geometry":{"type":"Polygon","coordinates":[[[18.4279812,-33.9208954],[18.4274081,-33.9204793],[18.4274321,-33.9204571],[18.4274683,-33.9204204],[18.4279197,-33.9200054],[18.4277005,-33.9198413],[18.4276733,-33.9198235],[18.4271962,-33.9194662],[18.4271706,-33.9194447],[18.426952,-33.9192809],[18.4268795,-33.9192266],[18.4267839,-33.9191565],[18.4267515,-33.9191383],[18.4267791,-33.9191228],[18.4268111,-33.9191107],[18.426844,-33.919101],[18.426882,-33.9190967],[18.4269139,-33.9190961],[18.4269459,-33.9190987],[18.4269803,-33.9191057],[18.4270152,-33.9191175],[18.4270464,-33.9191315],[18.4270735,-33.9191477],[18.4278428,-33.9197061],[18.428139,-33.9199214],[18.4281592,-33.9199352],[18.4281354,-33.9199579],[18.4278221,-33.9202563],[18.4279013,-33.9203155],[18.427967,-33.9203631],[18.4279925,-33.9203795],[18.4283043,-33.9200826],[18.4283296,-33.9200585],[18.4283902,-33.920103],[18.4287314,-33.9203459],[18.4287249,-33.9203522],[18.428717,-33.9203598],[18.4286896,-33.920386],[18.428647,-33.9203555],[18.4286153,-33.920386],[18.4285342,-33.920328],[18.4285446,-33.920318],[18.4285278,-33.920306],[18.4285093,-33.9203239],[18.4284802,-33.9203512],[18.4284511,-33.920379],[18.428431,-33.9203982],[18.428402,-33.9204258],[18.4282451,-33.9205754],[18.4282866,-33.9206054],[18.4283411,-33.9206447],[18.4283186,-33.9206664],[18.4281969,-33.9207835],[18.428038,-33.9209365],[18.4278282,-33.9211382],[18.4282554,-33.9214439],[18.4283254,-33.9214941],[18.4283961,-33.9215446],[18.4284782,-33.9215957],[18.4286371,-33.9217171],[18.4285405,-33.9218062],[18.4284983,-33.9218114],[18.4284249,-33.9217984],[18.4283578,-33.9217635],[18.4276472,-33.921255],[18.4276318,-33.921244],[18.4276318,-33.9212206],[18.4279812,-33.9208954]]]}},{"type":"Feature","properties":{"category":"paved","source":"amenity=parking"},"geometry":{"type":"Polygon","coordinates":[[[18.4279784,-33.9228227],[18.4280956,-33.9227097],[18.4278114,-33.9225068],[18.4276942,-33.9226198],[18.4279784,-33.9228227]]]}},{"type":"Feature","properties":{"category":"paved","source":"amenity=parking"},"geometry":{"type":"Polygon","coordinates":[[[18.4281432,-33.9226637],[18.4278591,-33.9224608],[18.4278992,-33.9224221],[18.4281834,-33.922625],[18.4281432,-33.9226637]]]}},{"type":"Feature","properties":{"category":"paved","source":"amenity=parking"},"geometry":{"type":"Polygon","coordinates":[[[18.4297283,-33.9244065],[18.4300399,-33.9246164],[18.4303671,-33.9242821],[18.4303108,-33.9242441],[18.4303731,-33.9241804],[18.4301765,-33.9240479],[18.4301178,-33.9240084],[18.4297283,-33.9244065]]]}},{"type":"Feature","properties":{"category":"paved","source":"surface=paved"},"geometry":{"type":"Polygon","coordinates":[[[18.4276066,-33.9213832],[18.4276191,-33.9213662],[18.4276531,-33.9213336],[18.4276022,-33.9212973],[18.4275642,-33.9212702],[18.4273025,-33.9215522],[18.4272848,-33.9215402],[18.4271381,-33.9215911],[18.4272245,-33.9216523],[18.4272584,-33.9216763],[18.4272815,-33.9216927],[18.4276066,-33.9213832]]]}},{"type":"Feature","properties":{"category":"paved","source":"amenity=parking"},"geometry":{"type":"Polygon","coordinates":[[[18.4272473,-33.9220975],[18.4272351,-33.9220878],[18.4269397,-33.921879],[18.4268213,-33.9217945],[18.4265233,-33.9215803],[18.4264094,-33.9216894],[18.4263619,-33.9217349],[18.42614,-33.9219591],[18.4268594,-33.9224707],[18.4272473,-33.9220975]]]}},{"type":"Feature","properties":{"category":"vegetated","source":"landuse=grass"},"geometry":{"type":"Polygon","coordinates":[[[18.4243118,-33.921523],[18.4245118,-33.9215179],[18.4243509,-33.9216725],[18.4242986,-33.9215381],[18.4243118,-33.921523]]]}},{"type":"Feature","properties":{"category":"vegetated","source":"landuse=grass"},"geometry":{"type":"Polygon","coordinates":[[[18.4245814,-33.9214546],[18.4243887,-33.9214521],[18.4245872,-33.9212607],[18.4246348,-33.9214044],[18.4245814,-33.9214546]]]}},{"type":"Feature","properties":{"category":"paved","source":"surface=paved"},"geometry":{"type":"Polygon","coordinates":[[[18.4248511,-33.9198621],[18.4247282,-33.9199792],[18.4249138,-33.9201134],[18.4250368,-33.9199963],[18.4248511,-33.9198621]]]}},{"type":"Feature","properties":{"category":"paved","source":"surface=concrete"},"geometry":{"type":"Polygon","coordinates":[[[18.4265807,-33.9241133],[18.4266772,-33.9240133],[18.4264341,-33.9238396],[18.4263188,-33.9237547],[18.4259593,-33.9234952],[18.4258688,-33.9234299],[18.4259057,-33.9233942],[18.4251959,-33.9228733],[18.4252206,-33.9228494],[18.4256542,-33.9224297],[18.4256857,-33.9223982],[18.4257703,-33.9223166],[18.4258852,-33.922204],[18.4259104,-33.9221796],[18.4260027,-33.922091],[18.4260293,-33.9220639],[18.42614,-33.9219591],[18.4261133,-33.9219403],[18.4260729,-33.921912],[18.42601,-33.9218678],[18.4260848,-33.9218484],[18.4258957,-33.9217146],[18.4258193,-33.9217834],[18.425785,-33.9218156],[18.4258109,-33.9218358],[18.4256798,-33.9219615],[18.4256017,-33.9219014],[18.4255247,-33.9219751],[18.425337,-33.9221546],[18.4250232,-33.9224548],[18.4251235,-33.922527],[18.425087,-33.9225619],[18.4250522,-33.9225952],[18.4249384,-33.9225316],[18.4247589,-33.9227039],[18.4246379,-33.9228157],[18.4247068,-33.9228643],[18.4247305,-33.9228426],[18.4247612,-33.9228638],[18.424793,-33.9228865],[18.4248272,-33.9229111],[18.4248459,-33.9229242],[18.4248219,-33.922947],[18.4256162,-33.9235119],[18.4257643,-33.9236197],[18.4258341,-33.9235524],[18.425872,-33.9235795],[18.4259057,-33.9236035],[18.4258354,-33.9236714],[18.4261581,-33.9239098],[18.4263337,-33.9240329],[18.4265807,-33.9241133]]]}},{"type":"Feature","properties":{"category":"vegetated","source":"leisure=park"},"geometry":{"type":"Polygon","coordinates":[[[18.4250368,-33.9199963],[18.4248511,-33.9198621],[18.4250075,-33.9197126],[18.4250368,-33.9199963]]]}},{"type":"Feature","properties":{"category":"paved","source":"amenity=parking"},"geometry":{"type":"Polygon","coordinates":[[[18.4267021,-33.9208214],[18.4265779,-33.9209399],[18.4272486,-33.9214239],[18.4273727,-33.9213055],[18.4267021,-33.9208214]]]}},{"type":"Feature","properties":{"category":"paved","source":"amenity=parking"},"geometry":{"type":"Polygon","coordinates":[[[18.4264528,-33.9208009],[18.4264473,-33.9209443],[18.425929,-33.9205787],[18.4258694,-33.9205134],[18.4258626,-33.9204595],[18.4258131,-33.9203458],[18.4258774,-33.9203762],[18.4264528,-33.9208009]]]}},{"type":"Feature","properties":{"category":"vegetated","source":"leisure=park"},"geometry":{"type":"Polygon","coordinates":[[[18.4313535,-33.9228689],[18.4314703,-33.9228659],[18.4316733,-33.9226615],[18.4316839,-33.9226147],[18.4316698,-33.9225582],[18.4316229,-33.9225095],[18.4309282,-33.9220343],[18.4308742,-33.9220343],[18.4308214,-33.9220567],[18.430765,-33.9221064],[18.4312485,-33.9224482],[18.4313084,-33.9225154],[18.4313424,-33.9225933],[18.4313535,-33.9228689]]]}},{"type":"Feature","properties":{"category":"paved","source":"amenity=parking"},"geometry":{"type":"Polygon","coordinates":[[[18.4304749,-33.9234404],[18.4290011,-33.9223762],[18.4289555,-33.9224202],[18.4289308,-33.9224432],[18.4288846,-33.9224872],[18.4302018,-33.9234384],[18.4303584,-33.9235515],[18.4303724,-33.9235382],[18.4304031,-33.9235089],[18.4304355,-33.923479],[18.4304749,-33.9234404]]]}},{"type":"Feature","properties":{"category":"paved","source":"amenity=parking"},"geometry":{"type":"Polygon","coordinates":[[[18.4308919,-33.9234612],[18.4305163,-33.9231813],[18.4306203,-33.9230819],[18.4308481,-33.9232462],[18.4309003,-33.9231963],[18.4310222,-33.92308],[18.4310917,-33.9231302],[18.4312371,-33.9229894],[18.4312337,-33.9229185],[18.4312207,-33.9226469],[18.4311534,-33.9225991],[18.4311687,-33.9225843],[18.4310382,-33.9224916],[18.4310148,-33.9225143],[18.4309587,-33.9224744],[18.4309991,-33.9224353],[18.4308592,-33.9223358],[18.43082,-33.9223738],[18.4307736,-33.9223408],[18.4303179,-33.9227821],[18.4303094,-33.9228155],[18.4303172,-33.9228596],[18.4303893,-33.9229182],[18.4303521,-33.9229528],[18.4302887,-33.9230118],[18.4301583,-33.9229146],[18.4301396,-33.9228611],[18.4301255,-33.9227968],[18.4301443,-33.9227257],[18.4301806,-33.922678],[18.430765,-33.9221064],[18.4312485,-33.9224482],[18.4313084,-33.9225154],[18.4313424,-33.9225933],[18.4313535,-33.9228689],[18.4313588,-33.9230032],[18.4309499,-33.9234044],[18.4308919,-33.9234612]]]}},{"type":"Feature","properties":{"category":"paved","source":"surface=paved"},"geometry":{"type":"Polygon","coordinates":[[[18.4312802,-33.9229993],[18.4309106,-33.9233606],[18.4305611,-33.923107],[18.4305127,-33.9230712],[18.4303521,-33.9229528],[18.430278,-33.9228981],[18.4302534,-33.9228659],[18.4302405,-33.9228289],[18.4302393,-33.922788],[18.4302616,-33.9227374],[18.4307815,-33.9222281],[18.4311992,-33.9225222],[18.4312462,-33.9225855],[18.4312579,-33.9226556],[18.4312748,-33.9229165],[18.4312802,-33.9229993]]]}},{"type":"Feature","properties":{"category":"paved","source":"landuse=retail"},"geometry":{"type":"Polygon","coordinates":[[[18.4308919,-33.9234612],[18.4305163,-33.9231813],[18.4302887,-33.9230118],[18.4301583,-33.9229146],[18.4301396,-33.9228611],[18.4301255,-33.9227968],[18.4301443,-33.9227257],[18.4301806,-33.922678],[18.430765,-33.9221064],[18.4312485,-33.9224482],[18.4313084,-33.9225154],[18.4313424,-33.9225933],[18.4313535,-33.9228689],[18.4313588,-33.9230032],[18.4309499,-33.9234044],[18.4308919,-33.9234612]]]}},{"type":"Feature","properties":{"category":"vegetated","source":"landuse=village_green"},"geometry":{"type":"Polygon","coordinates":[[[18.4311553,-33.9217898],[18.4310957,-33.9218461],[18.4310861,-33.9218294],[18.4310857,-33.9218071],[18.4310948,-33.9217913],[18.4311065,-33.9217831],[18.4311162,-33.9217786],[18.4311272,-33.9217771],[18.4311381,-33.9217786],[18.4311479,-33.921783],[18.4311553,-33.9217898]]]}},{"type":"Feature","properties":{"category":"vegetated","source":"landuse=grass"},"geometry":{"type":"Polygon","coordinates":[[[18.4311225,-33.9218758],[18.4318236,-33.922382],[18.431839,-33.9223677],[18.4311868,-33.9218129],[18.4311225,-33.9218758]]]}},{"type":"Feature","properties":{"category":"vegetated","source":"landuse=village_green"},"geometry":{"type":"Polygon","coordinates":[[[18.4307747,-33.9214551],[18.4308868,-33.9215594],[18.4308434,-33.9215773],[18.4307973,-33.9215788],[18.4307359,-33.9215639],[18.4307052,-33.9215429],[18.4307404,-33.9215219],[18.4307603,-33.9214941],[18.4307747,-33.9214551]]]}},{"type":"Feature","properties":{"category":"vegetated","source":"landuse=village_green"},"geometry":{"type":"Polygon","coordinates":[[[18.4258538,-33.9201791],[18.4258657,-33.9201093],[18.4259518,-33.9200379],[18.4260245,-33.9199554],[18.4260694,-33.919879],[18.4261723,-33.9198727],[18.4262439,-33.919883],[18.4263654,-33.9198872],[18.4263178,-33.9199594],[18.4262917,-33.9199837],[18.4262758,-33.9199986],[18.4262482,-33.9200243],[18.4262246,-33.920007],[18.4261867,-33.9200424],[18.4261649,-33.9200263],[18.4260826,-33.920103],[18.4259676,-33.9202103],[18.4259894,-33.9202264],[18.4259412,-33.9202714],[18.4259683,-33.9202914],[18.4259356,-33.9203219],[18.4258774,-33.9203762],[18.4258131,-33.9203458],[18.4258132,-33.9203191],[18.4258226,-33.9202602],[18.4258538,-33.9201791]]]}},{"type":"Feature","properties":{"category":"paved","source":"surface=paved"},"geometry":{"type":"Polygon","coordinates":[[[18.4269321,-33.9204129],[18.4265835,-33.9201556],[18.4264003,-33.9200203],[18.4263178,-33.9199594],[18.4262917,-33.9199837],[18.4262758,-33.9199986],[18.4264375,-33.9201179],[18.4264098,-33.9201437],[18.4265134,-33.9202201],[18.4266471,-33.9203188],[18.4266757,-33.920292],[18.4268183,-33.9203973],[18.4267897,-33.9204241],[18.4268167,-33.920444],[18.4267804,-33.9204779],[18.4268059,-33.9204967],[18.4267052,-33.9205906],[18.4266086,-33.9206807],[18.4265832,-33.9206619],[18.4265332,-33.9207085],[18.4265066,-33.9206888],[18.4264749,-33.9207183],[18.4263323,-33.920613],[18.4263639,-33.9205835],[18.426231,-33.9204853],[18.426141,-33.9204189],[18.4261267,-33.9204084],[18.426094,-33.9204389],[18.4259356,-33.9203219],[18.425924,-33.9203327],[18.4258774,-33.9203762],[18.4260507,-33.9205041],[18.4261397,-33.9205698],[18.4264528,-33.9208009],[18.4264766,-33.9208185],[18.4264881,-33.920827],[18.4265401,-33.9207774],[18.4265848,-33.9207368],[18.4266982,-33.9206338],[18.4267254,-33.9206057],[18.4269321,-33.9204129]]]}},{"type":"Feature","properties":{"category":"paved","source":"amenity=parking"},"geometry":{"type":"Polygon","coordinates":[[[18.4271962,-33.9194662],[18.4270889,-33.9195649],[18.4269503,-33.9196923],[18.426802,-33.9198287],[18.4267448,-33.9198812],[18.4272219,-33.9202385],[18.4272759,-33.9201888],[18.4274243,-33.9200524],[18.427566,-33.9199222],[18.4276733,-33.9198235],[18.4271962,-33.9194662]]]}},{"type":"Feature","properties":{"category":"paved","source":"amenity=parking"},"geometry":{"type":"Polygon","coordinates":[[[18.4309683,-33.9210048],[18.4313132,-33.92125],[18.4315361,-33.9210396],[18.4315046,-33.9210203],[18.4311895,-33.9207944],[18.4309683,-33.9210048]]]}},{"type":"Feature","properties":{"category":"paved","source":"amenity=parking"},"geometry":{"type":"Polygon","coordinates":[[[18.4323238,-33.9196099],[18.4319251,-33.91999],[18.4318268,-33.9199192],[18.4317544,-33.9198697],[18.4316796,-33.9198121],[18.431787,-33.9197083],[18.4320426,-33.9194612],[18.4320754,-33.91943],[18.4321092,-33.9194544],[18.4323238,-33.9196099]]]}},{"type":"Feature","properties":{"category":"paved","source":"amenity=parking"},"geometry":{"type":"Polygon","coordinates":[[[18.4326456,-33.918847],[18.4330083,-33.9191037],[18.4329058,-33.9192065],[18.4328718,-33.9191887],[18.4328355,-33.919223],[18.4328097,-33.9192209],[18.4327764,-33.9192115],[18.4327388,-33.9192059],[18.4327181,-33.9191907],[18.4327357,-33.9191765],[18.432677,-33.9191325],[18.4326667,-33.9190971],[18.4326407,-33.9190677],[18.4326028,-33.919049],[18.4325587,-33.9190446],[18.4325009,-33.9190016],[18.4326456,-33.918847]]]}},{"type":"Feature","properties":{"category":"paved","source":"amenity=parking"},"geometry":{"type":"Polygon","coordinates":[[[18.4318536,-33.9205645],[18.4318855,-33.9205339],[18.4319466,-33.9204754],[18.4320121,-33.9205224],[18.432094,-33.9204439],[18.4321316,-33.9204709],[18.4321389,-33.9204639],[18.4322224,-33.9203839],[18.4321799,-33.9203534],[18.4319745,-33.9202059],[18.4317408,-33.9204299],[18.4317088,-33.9204606],[18.4318536,-33.9205645]]]}},{"type":"Feature","properties":{"category":"paved","source":"amenity=parking"},"geometry":{"type":"Polygon","coordinates":[[[18.4324823,-33.9205706],[18.4329526,-33.9209052],[18.4328664,-33.9209887],[18.4328545,-33.9210006],[18.4328289,-33.9210254],[18.4328159,-33.9210383],[18.4327328,-33.9211187],[18.4326842,-33.9211664],[18.4324107,-33.9214333],[18.4319695,-33.9211207],[18.4319347,-33.9210956],[18.4322166,-33.9208253],[18.4323989,-33.9206506],[18.4324823,-33.9205706]]]}},{"type":"Feature","properties":{"category":"paved","source":"surface=paved"},"geometry":{"type":"Polygon","coordinates":[[[18.4330486,-33.9195004],[18.4330019,-33.9194685],[18.4329885,-33.9194573],[18.4329734,-33.9194405],[18.4329627,-33.9194196],[18.4329571,-33.9193974],[18.432976,-33.9193953],[18.432972,-33.9193564],[18.4329195,-33.9193159],[18.4330903,-33.9191518],[18.4332809,-33.9192888],[18.4332844,-33.919305],[18.4333417,-33.9193465],[18.4333789,-33.9193108],[18.433042,-33.91907],[18.4330083,-33.9191037],[18.4329058,-33.9192065],[18.4328632,-33.919247],[18.4328191,-33.9192916],[18.4328318,-33.9193835],[18.4328374,-33.9194158],[18.4330081,-33.919543],[18.4330274,-33.9195228],[18.4330486,-33.9195004]]]}},{"type":"Feature","properties":{"category":"paved","source":"unknown=None"},"geometry":{"type":"Polygon","coordinates":[[[18.4319567,-33.9206386],[18.4321316,-33.9204709],[18.4321389,-33.9204639],[18.4322083,-33.9205138],[18.4323438,-33.9206111],[18.4323989,-33.9206506],[18.4322166,-33.9208253],[18.4322034,-33.9208158],[18.4319567,-33.9206386]]]}},{"type":"Feature","properties":{"category":"vegetated","source":"landuse=grass"},"geometry":{"type":"Polygon","coordinates":[[[18.4329046,-33.9216372],[18.4328508,-33.9216959],[18.4328407,-33.9217309],[18.4328576,-33.9217737],[18.4328896,-33.9217915],[18.4329167,-33.9217926],[18.433422,-33.9212973],[18.4334236,-33.9212605],[18.4333991,-33.9212318],[18.4333559,-33.921223],[18.4329046,-33.9216372]]]}},{"type":"Feature","properties":{"category":"vegetated","source":"landuse=grass"},"geometry":{"type":"Polygon","coordinates":[[[18.4335471,-33.9210204],[18.4335363,-33.9210327],[18.4335322,-33.9210454],[18.4335317,-33.9210598],[18.4335379,-33.9210751],[18.4335463,-33.9210879],[18.4335622,-33.9210991],[18.4335879,-33.9211076],[18.4336071,-33.921106],[18.4336334,-33.9210991],[18.4341056,-33.9206416],[18.4341061,-33.920626],[18.4340938,-33.9206111],[18.4340809,-33.9206005],[18.434058,-33.9205923],[18.4340338,-33.9205962],[18.4336124,-33.920998],[18.4335471,-33.9210204]]]}},{"type":"Feature","properties":{"category":"vegetated","source":"landuse=grass"},"geometry":{"type":"Polygon","coordinates":[[[18.4342137,-33.9203759],[18.4342105,-33.9203952],[18.4342203,-33.9204185],[18.434239,-33.9204347],[18.4342639,-33.9204461],[18.4342894,-33.9204496],[18.4343153,-33.9204435],[18.4345365,-33.9202315],[18.4344363,-33.9201634],[18.4342137,-33.9203759]]]}},{"type":"Feature","properties":{"category":"vegetated","source":"landuse=grass"},"geometry":{"type":"Polygon","coordinates":[[[18.4322435,-33.9222886],[18.4322954,-33.9222273],[18.4326768,-33.9218604],[18.432744,-33.9219088],[18.4327452,-33.9219257],[18.4327429,-33.9219385],[18.4327374,-33.9219513],[18.4327305,-33.9219634],[18.4327182,-33.9219782],[18.4326634,-33.9220225],[18.4324644,-33.9221698],[18.432241,-33.9223854],[18.4322023,-33.9223551],[18.4322219,-33.9223229],[18.4322435,-33.9222886]]]}},{"type":"Feature","properties":{"category":"paved","source":"landuse=industrial"},"geometry":{"type":"Polygon","coordinates":[[[18.4349314,-33.9194424],[18.4347652,-33.9196001],[18.4346609,-33.9196959],[18.4345656,-33.9197116],[18.4341623,-33.9194714],[18.4340463,-33.9193676],[18.4338008,-33.9190951],[18.4337028,-33.9190163],[18.4335416,-33.9189163],[18.4335511,-33.9189043],[18.4335763,-33.9188725],[18.4333488,-33.9187388],[18.4333322,-33.9186962],[18.4331127,-33.9185728],[18.4331012,-33.918584],[18.4330384,-33.9185512],[18.4329194,-33.9184762],[18.4328945,-33.9185018],[18.4328697,-33.9185275],[18.4326271,-33.9183712],[18.4329465,-33.9180861],[18.4348418,-33.9191626],[18.4349314,-33.9194424]]]}},{"type":"Feature","properties":{"category":"paved","source":"amenity=parking"},"geometry":{"type":"Polygon","coordinates":[[[18.4326271,-33.9183712],[18.431452,-33.9175929],[18.4314841,-33.9175586],[18.431514,-33.9175476],[18.4316199,-33.9174416],[18.4316913,-33.9173711],[18.4317156,-33.9173191],[18.4329661,-33.9180605],[18.4329465,-33.9180861],[18.4326271,-33.9183712]]]}},{"type":"Feature","properties":{"category":"vegetated","source":"landuse=grass"},"geometry":{"type":"Polygon","coordinates":[[[18.4345942,-33.9194954],[18.4345704,-33.9194854],[18.4345825,-33.9195777],[18.4341386,-33.9193307],[18.4341185,-33.9192305],[18.4340669,-33.9192004],[18.4339997,-33.919161],[18.4339508,-33.9191387],[18.4339432,-33.9191467],[18.4339368,-33.9191582],[18.434103,-33.9193551],[18.4341226,-33.9193759],[18.4345204,-33.9195992],[18.4345701,-33.9196054],[18.4346092,-33.9195892],[18.4346288,-33.9195629],[18.4346288,-33.9195279],[18.4345942,-33.9194954]]]}},{"type":"Feature","properties":{"category":"vegetated","source":"landuse=grass"},"geometry":{"type":"Polygon","coordinates":[[[18.4329661,-33.9180605],[18.435119,-33.9192495],[18.4349314,-33.9194424],[18.4348418,-33.9191626],[18.4329465,-33.9180861],[18.4329661,-33.9180605]]]}},{"type":"Feature","properties":{"category":"vegetated","source":"landuse=village_green"},"geometry":{"type":"Polygon","coordinates":[[[18.4338383,-33.9193204],[18.4341925,-33.9198264],[18.4342648,-33.9199077],[18.4342949,-33.919954],[18.4342866,-33.9200209],[18.4339362,-33.9197704],[18.4338727,-33.9197291],[18.4336068,-33.9195447],[18.4338383,-33.9193204]]]}},{"type":"Feature","properties":{"category":"paved","source":"amenity=parking"},"geometry":{"type":"Polygon","coordinates":[[[18.4329144,-33.9225691],[18.4328889,-33.9225015],[18.4329356,-33.9224901],[18.4330394,-33.9227938],[18.4331511,-33.9231206],[18.4331145,-33.9231309],[18.4331864,-33.9233399],[18.433147,-33.923353],[18.43312,-33.9233599],[18.4328324,-33.9225904],[18.4328536,-33.922585],[18.4329144,-33.9225691]]]}},{"type":"Feature","properties":{"category":"paved","source":"amenity=parking_space"},"geometry":{"type":"Polygon","coordinates":[[[18.4335077,-33.9240714],[18.4335415,-33.924063],[18.4335738,-33.9240551],[18.4335892,-33.924098],[18.4338169,-33.9247338],[18.4337508,-33.9247501],[18.4335077,-33.9240714]]]}},{"type":"Feature","properties":{"category":"paved","source":"surface=asphalt"},"geometry":{"type":"Polygon","coordinates":[[[18.4332833,-33.923473],[18.4331821,-33.9232332],[18.4332029,-33.9232287],[18.4331927,-33.9232015],[18.433611,-33.9228258],[18.4337866,-33.922668],[18.4338024,-33.92268],[18.4338271,-33.9226565],[18.4338466,-33.9226319],[18.4338859,-33.9226586],[18.4339278,-33.922689],[18.4340528,-33.9227766],[18.4340583,-33.9228034],[18.4339736,-33.9228792],[18.4339447,-33.9229869],[18.4333696,-33.9234888],[18.4333567,-33.9234781],[18.4333436,-33.9234828],[18.4333357,-33.9235004],[18.4333109,-33.9234928],[18.433319,-33.9234745],[18.43331,-33.9234673],[18.4332833,-33.923473]]]}},{"type":"Feature","properties":{"category":"vegetated","source":"landuse=village_green"},"geometry":{"type":"Polygon","coordinates":[[[18.4326938,-33.9221641],[18.4328536,-33.922585],[18.4328324,-33.9225904],[18.43312,-33.9233599],[18.433147,-33.923353],[18.4331797,-33.9234417],[18.4330831,-33.9234769],[18.4328621,-33.9231526],[18.4326733,-33.9229231],[18.432426,-33.9226681],[18.4323606,-33.9225905],[18.4323489,-33.9225504],[18.4323644,-33.9224894],[18.4326938,-33.9221641]]]}},{"type":"Feature","properties":{"category":"paved","source":"landuse=commercial"},"geometry":{"type":"Polygon","coordinates":[[[18.4351127,-33.9193242],[18.4345713,-33.9198415],[18.4343331,-33.9201171],[18.43351,-33.9209093],[18.43209,-33.9221968],[18.4320322,-33.9222187],[18.4320134,-33.9222303],[18.4319732,-33.9222225],[18.4319071,-33.9221898],[18.4312334,-33.9216307],[18.4309413,-33.9213531],[18.4303167,-33.9207953],[18.429682,-33.9203335],[18.4291431,-33.9199496],[18.429105,-33.9199224],[18.4289917,-33.9198255],[18.4286057,-33.9195246],[18.4279825,-33.9190846],[18.4279274,-33.9190513],[18.4274368,-33.9186967],[18.4274129,-33.9186412],[18.4274027,-33.9185838],[18.4274099,-33.9185189],[18.4274491,-33.9184583],[18.4279432,-33.9179801],[18.42798,-33.9179405],[18.4280787,-33.9178536],[18.4281047,-33.917863],[18.42824,-33.9178541],[18.4282829,-33.9178217],[18.4283506,-33.9177805],[18.4284602,-33.9176812],[18.4285471,-33.9175687],[18.4285595,-33.9174513],[18.4285512,-33.9173454],[18.4285266,-33.917283],[18.4285694,-33.9171993],[18.4292719,-33.9164578],[18.4296632,-33.9160904],[18.429703,-33.9160706],[18.4297536,-33.9160798],[18.4307046,-33.9166712],[18.4314191,-33.9171235],[18.4325484,-33.9178046],[18.4339332,-33.9185519],[18.4349201,-33.9190662],[18.4351232,-33.9191722],[18.4351697,-33.919239],[18.4351127,-33.9193242]]]}},{"type":"Feature","properties":{"category":"paved","source":"landuse=retail"},"geometry":{"type":"Polygon","coordinates":[[[18.4346882,-33.920298],[18.4346036,-33.9203191],[18.4342264,-33.9206803],[18.4335104,-33.9213687],[18.4330383,-33.9218227],[18.4328853,-33.9220178],[18.432409,-33.9224441],[18.4323616,-33.9224901],[18.4323516,-33.9225212],[18.4323466,-33.9225514],[18.4323606,-33.9225905],[18.432426,-33.9226681],[18.4326733,-33.9229231],[18.4328621,-33.9231526],[18.4330831,-33.9234769],[18.4331252,-33.9235403],[18.4332347,-33.9235626],[18.433363,-33.9235238],[18.4339689,-33.9229897],[18.4339936,-33.9228854],[18.4340613,-33.9228129],[18.4356666,-33.9215082],[18.4357562,-33.9215751],[18.4357769,-33.92159],[18.435957,-33.9216078],[18.4359868,-33.9213184],[18.4360181,-33.921213],[18.4361266,-33.9210965],[18.4362081,-33.9209358],[18.4360334,-33.9208804],[18.4357361,-33.9207639],[18.4355089,-33.9206485],[18.4350099,-33.9203679],[18.4348924,-33.9203255],[18.4347878,-33.9203032],[18.4346882,-33.920298]]]}},{"type":"Feature","properties":{"category":"paved","source":"amenity=parking"},"geometry":{"type":"Polygon","coordinates":[[[18.4327899,-33.9246511],[18.4328041,-33.924701],[18.4328471,-33.9248623],[18.4328982,-33.92491],[18.4329555,-33.9249422],[18.4330297,-33.9249569],[18.4334767,-33.9248458],[18.4328416,-33.9237566],[18.4327078,-33.9237814],[18.4326403,-33.9237944],[18.4325733,-33.9238063],[18.4327899,-33.9246511]]]}},{"type":"Feature","properties":{"category":"paved","source":"amenity=parking_space"},"geometry":{"type":"Polygon","coordinates":[[[18.4316905,-33.9243141],[18.4317776,-33.9243772],[18.4317289,-33.9244235],[18.4316418,-33.9243605],[18.4316905,-33.9243141]]]}},{"type":"Feature","properties":{"category":"paved","source":"amenity=parking"},"geometry":{"type":"Polygon","coordinates":[[[18.4314814,-33.9242067],[18.4314144,-33.9242536],[18.4313732,-33.924206],[18.4312756,-33.9241973],[18.4310053,-33.923973],[18.4311312,-33.923878],[18.4314814,-33.9242067]]]}},{"type":"Feature","properties":{"category":"paved","source":"amenity=parking_space"},"geometry":{"type":"Polygon","coordinates":[[[18.4324542,-33.924469],[18.4325536,-33.9244352],[18.4323477,-33.9240079],[18.4322716,-33.923877],[18.4318939,-33.923253],[18.4318398,-33.9232289],[18.4317919,-33.9232229],[18.4317377,-33.9232229],[18.4316928,-33.9232267],[18.4316784,-33.9232309],[18.4316392,-33.9232424],[18.4316003,-33.9232723],[18.4316312,-33.9232988],[18.4316676,-33.9233299],[18.4316916,-33.9233151],[18.4317144,-33.9233099],[18.431744,-33.9233031],[18.4318046,-33.9233098],[18.4318461,-33.9233305],[18.4318764,-33.9233691],[18.4322162,-33.9239752],[18.4322672,-33.9240656],[18.4324542,-33.924469]]]}},{"type":"Feature","properties":{"category":"paved","source":"amenity=parking_space"},"geometry":{"type":"Polygon","coordinates":[[[18.4318117,-33.9241226],[18.4321101,-33.9240707],[18.4320926,-33.9240017],[18.4317943,-33.9240536],[18.4318117,-33.9241226]]]}},{"type":"Feature","properties":{"category":"paved","source":"amenity=parking_space"},"geometry":{"type":"Polygon","coordinates":[[[18.4313639,-33.9235382],[18.4313173,-33.9235039],[18.4312187,-33.9235962],[18.431199,-33.9236146],[18.4312456,-33.9236489],[18.4313639,-33.9235382]]]}},{"type":"Feature","properties":{"category":"vegetated","source":"leisure=park"},"geometry":{"type":"Polygon","coordinates":[[[18.4325733,-33.9238063],[18.4324189,-33.9233912],[18.4323092,-33.923189],[18.4322334,-33.9230846],[18.4319562,-33.9230818],[18.4317919,-33.9232229],[18.4318398,-33.9232289],[18.4318939,-33.923253],[18.4322716,-33.923877],[18.4325733,-33.9238063]]]}},{"type":"Feature","properties":{"category":"paved","source":"surface=asphalt"},"geometry":{"type":"Polygon","coordinates":[[[18.4317587,-33.9239079],[18.4317732,-33.9239311],[18.431711,-33.923958],[18.4317036,-33.9239641],[18.4316215,-33.9239052],[18.4315395,-33.9238463],[18.4314521,-33.9237861],[18.4313678,-33.9237256],[18.4312456,-33.9236489],[18.4313639,-33.9235382],[18.4315007,-33.9234163],[18.4315145,-33.9234262],[18.431551,-33.9233914],[18.4315365,-33.923381],[18.4316312,-33.9232988],[18.4316676,-33.9233299],[18.4316714,-33.9233817],[18.431709,-33.9234399],[18.4316643,-33.9234591],[18.4316763,-33.9234783],[18.4316189,-33.9235029],[18.4315838,-33.9235179],[18.4315292,-33.9235413],[18.4315447,-33.9235662],[18.4313731,-33.9236402],[18.4314141,-33.9237057],[18.4315267,-33.9236571],[18.4316875,-33.9239137],[18.4317587,-33.9239079]]]}},{"type":"Feature","properties":{"category":"vegetated","source":"landuse=grass"},"geometry":{"type":"Polygon","coordinates":[[[18.4324781,-33.9249671],[18.4324933,-33.9249435],[18.4325268,-33.9249343],[18.4325907,-33.9249486],[18.4326699,-33.9249806],[18.4327582,-33.9249974],[18.4328606,-33.9249823],[18.4328772,-33.925062],[18.4326083,-33.9249958],[18.4326149,-33.924978],[18.4325489,-33.9249612],[18.4325362,-33.9249954],[18.4324781,-33.9249671]]]}},{"type":"Feature","properties":{"category":"vegetated","source":"landuse=village_green"},"geometry":{"type":"Polygon","coordinates":[[[18.4322334,-33.9230846],[18.4321804,-33.9230293],[18.4321397,-33.923003],[18.432093,-33.9229906],[18.4320316,-33.9229819],[18.4319682,-33.9229807],[18.431917,-33.922984],[18.4319185,-33.9230112],[18.4318637,-33.9230263],[18.4318185,-33.9230457],[18.4317698,-33.9230775],[18.4316658,-33.9231777],[18.4316694,-33.9231865],[18.4316784,-33.9232309],[18.4316928,-33.9232267],[18.4317377,-33.9232229],[18.4317919,-33.9232229],[18.4319562,-33.9230818],[18.4322334,-33.9230846]]]}},{"type":"Feature","properties":{"category":"vegetated","source":"landuse=grass"},"geometry":{"type":"Polygon","coordinates":[[[18.4319613,-33.9247269],[18.4318669,-33.9246656],[18.4317394,-33.9245678],[18.4317614,-33.9245465],[18.4316974,-33.924501],[18.4316755,-33.9245222],[18.4315758,-33.9244511],[18.4315979,-33.9244297],[18.4315339,-33.9243842],[18.4315118,-33.9244056],[18.4314083,-33.9243318],[18.4314317,-33.9243092],[18.4313677,-33.9242637],[18.4313444,-33.9242863],[18.4312414,-33.9242129],[18.4312552,-33.9241995],[18.4312756,-33.9241973],[18.4313732,-33.924206],[18.4314144,-33.9242536],[18.4314543,-33.9242742],[18.4314786,-33.9243104],[18.4315233,-33.9243516],[18.4316765,-33.924467],[18.4319924,-33.9246909],[18.4320874,-33.9247457],[18.4324263,-33.9249082],[18.4324063,-33.9249347],[18.4321672,-33.9248344],[18.4319613,-33.9247269]]]}},{"type":"Feature","properties":{"category":"vegetated","source":"landuse=grass"},"geometry":{"type":"Polygon","coordinates":[[[18.4314814,-33.9242067],[18.431507,-33.9242093],[18.4315344,-33.9242034],[18.4315608,-33.9241866],[18.4311312,-33.923878],[18.4314814,-33.9242067]]]}},{"type":"Feature","properties":{"category":"vegetated","source":"landuse=grass"},"geometry":{"type":"Polygon","coordinates":[[[18.4322716,-33.923877],[18.4325733,-33.9238063],[18.4327899,-33.9246511],[18.4326691,-33.9246919],[18.4325536,-33.9244352],[18.4323477,-33.9240079],[18.4322716,-33.923877]]]}},{"type":"Feature","properties":{"category":"vegetated","source":"landuse=grass"},"geometry":{"type":"Polygon","coordinates":[[[18.431745,-33.9241057],[18.4323015,-33.9244885],[18.4324527,-33.9245356],[18.4325719,-33.9247279],[18.4325055,-33.9247524],[18.4324132,-33.9247356],[18.432145,-33.9246425],[18.4320761,-33.9245927],[18.431591,-33.9242391],[18.431745,-33.9241057]]]}},{"type":"Feature","properties":{"category":"paved","source":"surface=asphalt"},"geometry":{"type":"Polygon","coordinates":[[[18.4318766,-33.9229389],[18.4319957,-33.9228214],[18.4320069,-33.9228174],[18.4320224,-33.9228195],[18.4320279,-33.9228267],[18.4320975,-33.9229182],[18.4320954,-33.9229291],[18.432082,-33.9229326],[18.432044,-33.9229295],[18.4319984,-33.9229295],[18.4319544,-33.9229317],[18.4319123,-33.9229362],[18.4318825,-33.9229424],[18.4318766,-33.9229389]]]}},{"type":"Feature","properties":{"category":"vegetated","source":"landuse=village_green"},"geometry":{"type":"Polygon","coordinates":[[[18.4328236,-33.9232801],[18.4327644,-33.9231909],[18.4326007,-33.9229706],[18.4323674,-33.9227111],[18.4323215,-33.922672],[18.4322991,-33.9226957],[18.4323513,-33.9227358],[18.4325721,-33.9229891],[18.4326689,-33.9231579],[18.4327384,-33.9233103],[18.4328236,-33.9232801]]]}},{"type":"Feature","properties":{"category":"vegetated","source":"landuse=village_green"},"geometry":{"type":"Polygon","coordinates":[[[18.4328236,-33.9232801],[18.4327384,-33.9233103],[18.4329759,-33.9238294],[18.4330449,-33.9236391],[18.4328236,-33.9232801]]]}},{"type":"Feature","properties":{"category":"vegetated","source":"landuse=village_green"},"geometry":{"type":"Polygon","coordinates":[[[18.4323996,-33.923057],[18.432283,-33.922882],[18.4321453,-33.9227276],[18.4321875,-33.9226874],[18.4323525,-33.9228233],[18.4325039,-33.9230169],[18.4323996,-33.923057]]]}},{"type":"Feature","properties":{"category":"vegetated","source":"landuse=village_green"},"geometry":{"type":"Polygon","coordinates":[[[18.4325039,-33.9230169],[18.4325957,-33.9231734],[18.4326689,-33.9233453],[18.4328416,-33.9237566],[18.4327078,-33.9237814],[18.4326515,-33.9235667],[18.4325758,-33.9233597],[18.4325064,-33.923231],[18.4323996,-33.923057],[18.4325039,-33.9230169]]]}},{"type":"Feature","properties":{"category":"paved","source":"surface=paved"},"geometry":{"type":"Polygon","coordinates":[[[18.4271137,-33.9254547],[18.4271384,-33.9254726],[18.4271625,-33.92549],[18.4272271,-33.9255368],[18.4272118,-33.9255513],[18.4271969,-33.9255655],[18.4271323,-33.9255187],[18.4271082,-33.9255012],[18.4270835,-33.9254834],[18.4270939,-33.9254735],[18.4270992,-33.9254685],[18.4271039,-33.925464],[18.4271137,-33.9254547]]]}},{"type":"Feature","properties":{"category":"paved","source":"surface=paving_stones"},"geometry":{"type":"Polygon","coordinates":[[[18.4283112,-33.9254353],[18.4280142,-33.9253345],[18.4279444,-33.9253109],[18.4276887,-33.9252235],[18.4275025,-33.9251605],[18.4274116,-33.9252483],[18.4271679,-33.9254849],[18.4271625,-33.92549],[18.4271476,-33.9255041],[18.4271323,-33.9255187],[18.427127,-33.9255238],[18.4268773,-33.9257559],[18.4268326,-33.9258213],[18.4269648,-33.9259914],[18.4269503,-33.9259988],[18.4269412,-33.9260035],[18.4269036,-33.925953],[18.4268479,-33.9258818],[18.426821,-33.9258836],[18.4268002,-33.9258566],[18.4267503,-33.9258846],[18.4266299,-33.9258036],[18.426716,-33.9257602],[18.4268007,-33.9258191],[18.4268285,-33.9257916],[18.4268138,-33.9257814],[18.4268328,-33.9257633],[18.4268461,-33.925773],[18.4268698,-33.9257504],[18.426862,-33.9257448],[18.4268533,-33.9257384],[18.4268828,-33.9257105],[18.4268998,-33.9256945],[18.4271028,-33.9255062],[18.4271082,-33.9255012],[18.4271157,-33.9254944],[18.4271207,-33.9254942],[18.4271311,-33.9254849],[18.4271309,-33.9254797],[18.4271384,-33.9254726],[18.4271439,-33.9254675],[18.4273686,-33.9252522],[18.4273818,-33.9252398],[18.4273684,-33.9252304],[18.4273762,-33.925223],[18.4274134,-33.9251879],[18.4274169,-33.9251847],[18.4274201,-33.9251816],[18.4274395,-33.9251633],[18.4273857,-33.925124],[18.4274426,-33.9250082],[18.4274505,-33.9250069],[18.4274569,-33.9250059],[18.4275611,-33.9250783],[18.4275294,-33.9251415],[18.427639,-33.9251792],[18.4276624,-33.9251873],[18.4283212,-33.9254139],[18.4283162,-33.9254246],[18.4283112,-33.9254353]]]}},{"type":"Feature","properties":{"category":"paved","source":"surface=paving_stones"},"geometry":{"type":"Polygon","coordinates":[[[18.427573,-33.9265208],[18.4275459,-33.9265259],[18.4274082,-33.9265527],[18.4273785,-33.9265155],[18.4272928,-33.9263917],[18.4272843,-33.9263967],[18.4272726,-33.9264027],[18.4272602,-33.9264091],[18.4272899,-33.9264489],[18.4273334,-33.9265081],[18.4273203,-33.9265357],[18.4273427,-33.926564],[18.4273336,-33.9265683],[18.4273588,-33.9266763],[18.4274187,-33.9266431],[18.4274076,-33.9266004],[18.4274461,-33.9265915],[18.4274582,-33.9265652],[18.4275425,-33.9265478],[18.4275787,-33.9265408],[18.4275758,-33.9265306],[18.427573,-33.9265208]]]}},{"type":"Feature","properties":{"category":"paved","source":"surface=cobblestone:flattened"},"geometry":{"type":"Polygon","coordinates":[[[18.4284418,-33.9262239],[18.4284399,-33.9262582],[18.4285759,-33.9262648],[18.4286463,-33.9264834],[18.428638,-33.926497],[18.4286503,-33.926503],[18.4286589,-33.9265124],[18.4286625,-33.9265239],[18.4286606,-33.9265356],[18.4286533,-33.9265458],[18.4286419,-33.926553],[18.4286281,-33.926556],[18.428614,-33.9265543],[18.4286016,-33.9265483],[18.428593,-33.9265389],[18.4285763,-33.9265464],[18.4283091,-33.9265241],[18.4282804,-33.926417],[18.4282381,-33.9264253],[18.4282376,-33.9264143],[18.4283137,-33.926399],[18.4283364,-33.926399],[18.4283781,-33.9263997],[18.4283892,-33.9264531],[18.428535,-33.9264582],[18.428517,-33.9264022],[18.4284994,-33.9263477],[18.4284316,-33.9263475],[18.4284311,-33.9263144],[18.4284126,-33.9262933],[18.4284195,-33.9262226],[18.4284418,-33.9262239]]]}},{"type":"Feature","properties":{"category":"paved","source":"surface=paving_stones"},"geometry":{"type":"Polygon","coordinates":[[[18.4283998,-33.9261793],[18.4283872,-33.9263167],[18.4283319,-33.9263707],[18.4282193,-33.9263945],[18.4282224,-33.9264056],[18.4282256,-33.9264166],[18.4282376,-33.9264143],[18.4283137,-33.926399],[18.4283364,-33.926399],[18.4283781,-33.9263997],[18.428517,-33.9264022],[18.4284994,-33.9263477],[18.4284316,-33.9263475],[18.4284311,-33.9263144],[18.4284126,-33.9262933],[18.4284195,-33.9262226],[18.4284232,-33.9261808],[18.4284092,-33.9261799],[18.4283998,-33.9261793]]]}},{"type":"Feature","properties":{"category":"paved","source":"surface=paved"},"geometry":{"type":"Polygon","coordinates":[[[18.4275398,-33.9258287],[18.4275431,-33.9258334],[18.4275447,-33.9258387],[18.4275444,-33.9258413],[18.4275442,-33.9258441],[18.4275419,-33.9258492],[18.4275378,-33.9258535],[18.4275558,-33.9258772],[18.4275566,-33.9258768],[18.427559,-33.9258755],[18.4275713,-33.9258691],[18.4275737,-33.9258679],[18.4275895,-33.9258596],[18.4276056,-33.9258512],[18.4276081,-33.9258499],[18.4276205,-33.9258434],[18.4276229,-33.9258421],[18.4276239,-33.9258416],[18.4276059,-33.925818],[18.4275996,-33.925819],[18.4275931,-33.9258186],[18.42759,-33.9258176],[18.427587,-33.9258166],[18.4275819,-33.9258132],[18.4275783,-33.9258086],[18.4275631,-33.9258117],[18.4275497,-33.9258186],[18.4275398,-33.9258287]]]}},{"type":"Feature","properties":{"category":"paved","source":"surface=paving_stones"},"geometry":{"type":"Polygon","coordinates":[[[18.4283112,-33.9254353],[18.4283162,-33.9254246],[18.4283212,-33.9254139],[18.4283293,-33.9254119],[18.4283587,-33.9254214],[18.4284222,-33.925441],[18.4284638,-33.9254706],[18.4284846,-33.9254603],[18.4285036,-33.9254866],[18.4284828,-33.9254969],[18.4284935,-33.9255403],[18.4284912,-33.9255723],[18.4284736,-33.9255715],[18.4284547,-33.9255714],[18.42846,-33.9255305],[18.428454,-33.9255121],[18.4284631,-33.9255073],[18.4284499,-33.9254899],[18.4284391,-33.9254955],[18.4284046,-33.925467],[18.4283112,-33.9254353]]]}},{"type":"Feature","properties":{"category":"paved","source":"surface=cobblestone:flattened"},"geometry":{"type":"Polygon","coordinates":[[[18.427639,-33.9251792],[18.4275294,-33.9251415],[18.4275611,-33.9250783],[18.4274569,-33.9250059],[18.4274505,-33.9250069],[18.4274426,-33.9250082],[18.4273857,-33.925124],[18.4274395,-33.9251633],[18.4274201,-33.9251816],[18.4274048,-33.9251704],[18.4274015,-33.9251736],[18.4273981,-33.9251767],[18.4274134,-33.9251879],[18.4273762,-33.925223],[18.4273684,-33.9252304],[18.4272738,-33.9251597],[18.4273833,-33.9249251],[18.4274,-33.9249196],[18.4273947,-33.9249109],[18.4273938,-33.9248998],[18.427398,-33.9248893],[18.4274067,-33.924881],[18.4274186,-33.924876],[18.4274319,-33.9248752],[18.4274446,-33.9248787],[18.4274547,-33.9248859],[18.4274606,-33.9248958],[18.4274616,-33.9249066],[18.4274838,-33.9249077],[18.4276926,-33.9250719],[18.427639,-33.9251792]]]}},{"type":"Feature","properties":{"category":"vegetated","source":"landuse=grass"},"geometry":{"type":"Polygon","coordinates":[[[18.4282914,-33.925936],[18.4279996,-33.9259367],[18.4279906,-33.9259195],[18.4283087,-33.9257558],[18.4282914,-33.925936]]]}},{"type":"Feature","properties":{"category":"vegetated","source":"landuse=grass"},"geometry":{"type":"Polygon","coordinates":[[[18.4277519,-33.9260606],[18.4279124,-33.9263478],[18.4282523,-33.9262778],[18.4282894,-33.9259527],[18.4279578,-33.9259549],[18.4278117,-33.9260241],[18.4277905,-33.9260217],[18.4277697,-33.9260314],[18.427764,-33.9260467],[18.4277519,-33.9260606]]]}},{"type":"Feature","properties":{"category":"water","source":"natural=water"},"geometry":{"type":"Polygon","coordinates":[[[18.4275743,-33.9261518],[18.4276615,-33.9262768],[18.4275072,-33.9263509],[18.42742,-33.9262259],[18.4275743,-33.9261518]]]}},{"type":"Feature","properties":{"category":"paved","source":"surface=cobblestone:flattened"},"geometry":{"type":"Polygon","coordinates":[[[18.4284943,-33.9256304],[18.4284486,-33.9256277],[18.4284536,-33.9255838],[18.4284547,-33.9255714],[18.4284736,-33.9255715],[18.4284912,-33.9255723],[18.4284935,-33.9255403],[18.4285705,-33.9255294],[18.4286466,-33.9254094],[18.4286248,-33.9253864],[18.4284659,-33.9253918],[18.4284222,-33.925441],[18.4283587,-33.9254214],[18.4284012,-33.9253311],[18.4286585,-33.9253421],[18.4286611,-33.925315],[18.4287025,-33.9253395],[18.4287058,-33.9253336],[18.4287132,-33.9253284],[18.4287255,-33.925324],[18.4287388,-33.9253238],[18.4287512,-33.9253279],[18.4287608,-33.9253355],[18.4287661,-33.9253457],[18.4287663,-33.9253568],[18.4287615,-33.925367],[18.4287522,-33.925375],[18.4287384,-33.9253794],[18.4287469,-33.9254042],[18.4286381,-33.9256045],[18.4284969,-33.925596],[18.4284943,-33.9256304]]]}},{"type":"Feature","properties":{"category":"paved","source":"surface=cobblestone:flattened"},"geometry":{"type":"Polygon","coordinates":[[[18.4268885,-33.9259607],[18.4269036,-33.925953],[18.4268479,-33.9258818],[18.426821,-33.9258836],[18.4268002,-33.9258566],[18.4267503,-33.9258846],[18.4266299,-33.9258036],[18.426716,-33.9257602],[18.4267548,-33.9257403],[18.4268138,-33.9257814],[18.4268328,-33.9257633],[18.4268461,-33.925773],[18.4268698,-33.9257504],[18.426862,-33.9257448],[18.4268533,-33.9257384],[18.4268828,-33.9257105],[18.4267702,-33.9256292],[18.4265965,-33.9257128],[18.4265492,-33.9257771],[18.4265385,-33.9257731],[18.4265268,-33.9257724],[18.4265155,-33.925775],[18.4265059,-33.9257807],[18.4264993,-33.9257887],[18.4264963,-33.9257981],[18.4264974,-33.9258078],[18.4265024,-33.9258166],[18.4265108,-33.9258235],[18.4265214,-33.9258276],[18.4265331,-33.9258284],[18.4265445,-33.9258259],[18.4265561,-33.9258603],[18.4267488,-33.9259866],[18.4268656,-33.9259291],[18.4268885,-33.9259607]]]}},{"type":"Feature","properties":{"category":"paved","source":"surface=cobblestone:flattened"},"geometry":{"type":"Polygon","coordinates":[[[18.4275425,-33.9265478],[18.4275437,-33.9265609],[18.4275082,-33.9265674],[18.4275419,-33.9266828],[18.427334,-33.926797],[18.4272958,-33.9267957],[18.4272948,-33.9268042],[18.4272883,-33.9268143],[18.4272777,-33.9268216],[18.4272644,-33.926825],[18.4272507,-33.9268239],[18.4272385,-33.9268185],[18.4272297,-33.9268097],[18.4272256,-33.9267987],[18.4272269,-33.9267873],[18.4272344,-33.9267764],[18.4272094,-33.9267593],[18.4271609,-33.9265528],[18.4272817,-33.9264919],[18.4272627,-33.9264628],[18.4272899,-33.9264489],[18.4273334,-33.9265081],[18.4273203,-33.9265357],[18.4273427,-33.926564],[18.4273336,-33.9265683],[18.4272768,-33.9265953],[18.4273039,-33.9267068],[18.4273588,-33.9266763],[18.4274187,-33.9266431],[18.4274076,-33.9266004],[18.4274461,-33.9265915],[18.4274582,-33.9265652],[18.4275425,-33.9265478]]]}},{"type":"Feature","properties":{"category":"paved","source":"surface=cobblestone:flattened"},"geometry":{"type":"Polygon","coordinates":[[[18.4282376,-33.9264143],[18.4282381,-33.9264253],[18.4275437,-33.9265609],[18.4275425,-33.9265478],[18.4275787,-33.9265408],[18.4275758,-33.9265306],[18.427573,-33.9265208],[18.4282193,-33.9263945],[18.4282224,-33.9264056],[18.4282256,-33.9264166],[18.4282376,-33.9264143]]]}},{"type":"Feature","properties":{"category":"paved","source":"surface=cobblestone:flattened"},"geometry":{"type":"Polygon","coordinates":[[[18.4269036,-33.925953],[18.4269412,-33.9260035],[18.4269503,-33.9259988],[18.4269648,-33.9259914],[18.4271234,-33.9262042],[18.4271345,-33.9261985],[18.4271703,-33.9262467],[18.4271431,-33.9262607],[18.4271499,-33.9262698],[18.4271696,-33.9262597],[18.4271755,-33.9262676],[18.4271846,-33.926263],[18.4272843,-33.9263967],[18.4272726,-33.9264027],[18.4272602,-33.9264091],[18.4272899,-33.9264489],[18.4272627,-33.9264628],[18.4268885,-33.9259607],[18.4269036,-33.925953]]]}},{"type":"Feature","properties":{"category":"paved","source":"surface=cobblestone:flattened"},"geometry":{"type":"Polygon","coordinates":[[[18.4284195,-33.9262226],[18.4284232,-33.9261808],[18.4284092,-33.9261799],[18.4283998,-33.9261793],[18.4284486,-33.9256277],[18.4284943,-33.9256304],[18.4284418,-33.9262239],[18.4284195,-33.9262226]]]}},{"type":"Feature","properties":{"category":"paved","source":"amenity=parking"},"geometry":{"type":"Polygon","coordinates":[[[18.4263147,-33.9254329],[18.4262864,-33.9253777],[18.4262653,-33.9253388],[18.4261995,-33.9253304],[18.426177,-33.9253124],[18.4261416,-33.9253839],[18.4260327,-33.9254858],[18.4258992,-33.9255827],[18.4259342,-33.9256066],[18.4263147,-33.9254329]]]}},{"type":"Feature","properties":{"category":"vegetated","source":"leisure=garden"},"geometry":{"type":"Polygon","coordinates":[[[18.4272416,-33.9251573],[18.4272042,-33.925211],[18.4270848,-33.9251532],[18.4271305,-33.9250414],[18.4271794,-33.9249222],[18.4271903,-33.9248956],[18.4272007,-33.9248702],[18.4272385,-33.9247756],[18.4273836,-33.9248337],[18.4272416,-33.9251573]]]}},{"type":"Feature","properties":{"category":"paved","source":"surface=paving_stones"},"geometry":{"type":"Polygon","coordinates":[[[18.4267209,-33.9261636],[18.4267957,-33.9262652],[18.4269974,-33.9265393],[18.4271226,-33.9264759],[18.4268462,-33.9261002],[18.4267209,-33.9261636]]]}},{"type":"Feature","properties":{"category":"vegetated","source":"landuse=grass"},"geometry":{"type":"Polygon","coordinates":[[[18.4270122,-33.9253767],[18.4270473,-33.9254001],[18.4270741,-33.9254181],[18.4270912,-33.9254293],[18.4271191,-33.9254495],[18.4271305,-33.9254578],[18.4273555,-33.9252423],[18.4272416,-33.9251573],[18.4272042,-33.925211],[18.4270848,-33.9251532],[18.4271594,-33.9252406],[18.4270122,-33.9253767]]]}},{"type":"Feature","properties":{"category":"vegetated","source":"landuse=grass"},"geometry":{"type":"Polygon","coordinates":[[[18.4266232,-33.9262601],[18.4259494,-33.9257864],[18.4267,-33.925442],[18.4268258,-33.92547],[18.4269279,-33.9253758],[18.4269768,-33.9254097],[18.426844,-33.9255321],[18.4267092,-33.9255015],[18.4260918,-33.9257846],[18.4266008,-33.9261424],[18.426711,-33.9262885],[18.4266232,-33.9262601]]]}},{"type":"Feature","properties":{"category":"vegetated","source":"landuse=grass"},"geometry":{"type":"Polygon","coordinates":[[[18.4270131,-33.9271077],[18.4271468,-33.9271578],[18.4276328,-33.9268947],[18.4279036,-33.9267481],[18.4279288,-33.9267378],[18.427955,-33.9267403],[18.428822,-33.9268297],[18.4288295,-33.9267797],[18.4279436,-33.9266886],[18.4279177,-33.9266859],[18.4278923,-33.9266971],[18.4271052,-33.9271104],[18.4268765,-33.92651],[18.4267322,-33.9263171],[18.4270131,-33.9271077]]]}},{"type":"Feature","properties":{"category":"vegetated","source":"landuse=grass"},"geometry":{"type":"Polygon","coordinates":[[[18.4264429,-33.9249995],[18.426865,-33.9250303],[18.4268379,-33.9250581],[18.4267988,-33.9250912],[18.4267515,-33.9251286],[18.4267179,-33.925152],[18.4266785,-33.9251317],[18.4266546,-33.9251579],[18.4266818,-33.925175],[18.4266417,-33.925201],[18.4265885,-33.9252305],[18.4265343,-33.9252585],[18.4264429,-33.9249995]]]}},{"type":"Feature","properties":{"category":"vegetated","source":"landuse=grass"},"geometry":{"type":"Polygon","coordinates":[[[18.4267179,-33.925152],[18.4267337,-33.9251634],[18.4269244,-33.9253154],[18.4269631,-33.9253431],[18.4270295,-33.9252818],[18.4270773,-33.9252375],[18.427013,-33.9251625],[18.4270695,-33.9250242],[18.4271182,-33.9249049],[18.4271395,-33.924853],[18.4271806,-33.9247526],[18.4271417,-33.9247355],[18.4269989,-33.9247305],[18.4269192,-33.9247848],[18.4269026,-33.9249545],[18.4268928,-33.9249745],[18.426865,-33.9250303],[18.4268379,-33.9250581],[18.4267988,-33.9250912],[18.4267515,-33.9251286],[18.4267179,-33.925152]]]}},{"type":"Feature","properties":{"category":"vegetated","source":"landuse=grass"},"geometry":{"type":"Polygon","coordinates":[[[18.4264652,-33.9252753],[18.4264807,-33.9252715],[18.4265343,-33.9252585],[18.4264429,-33.9249995],[18.426865,-33.9250303],[18.4268928,-33.9249745],[18.426345,-33.9249343],[18.4264652,-33.9252753]]]}},{"type":"Feature","properties":{"category":"vegetated","source":"landuse=grass"},"geometry":{"type":"Polygon","coordinates":[[[18.4271305,-33.9250414],[18.4270695,-33.9250242],[18.427013,-33.9251625],[18.4270773,-33.9252375],[18.4270295,-33.9252818],[18.4269631,-33.9253431],[18.4270122,-33.9253767],[18.4271594,-33.9252406],[18.4270848,-33.9251532],[18.4271305,-33.9250414]]]}},{"type":"Feature","properties":{"category":"paved","source":"amenity=parking"},"geometry":{"type":"Polygon","coordinates":[[[18.4284615,-33.9262251],[18.4286106,-33.9262311],[18.4286621,-33.9262339],[18.4287567,-33.9262361],[18.4286875,-33.9260309],[18.4286976,-33.9259366],[18.4290041,-33.9255796],[18.4289645,-33.9255594],[18.4291197,-33.9253851],[18.4290904,-33.9253731],[18.4289594,-33.9253195],[18.4289229,-33.9253144],[18.4288721,-33.9253279],[18.4288294,-33.9253249],[18.4286626,-33.9256403],[18.4285139,-33.9256316],[18.4284615,-33.9262251]]]}},{"type":"Feature","properties":{"category":"vegetated","source":"landuse=grass"},"geometry":{"type":"Polygon","coordinates":[[[18.4271196,-33.9268679],[18.4271944,-33.926842],[18.4271176,-33.9265358],[18.4269889,-33.9266016],[18.4270309,-33.9267163],[18.4270598,-33.9267084],[18.4270984,-33.9268018],[18.4271196,-33.9268679]]]}},{"type":"Feature","properties":{"category":"paved","source":"surface=asphalt"},"geometry":{"type":"Polygon","coordinates":[[[18.4275829,-33.9266957],[18.4276079,-33.9267789],[18.4278783,-33.9266337],[18.4278723,-33.9266067],[18.4279237,-33.9265989],[18.4279296,-33.9266255],[18.4283727,-33.9266695],[18.4283797,-33.9266126],[18.4283854,-33.9265658],[18.4282763,-33.926556],[18.4282424,-33.9264406],[18.427548,-33.9265762],[18.4275829,-33.9266957]]]}},{"type":"Feature","properties":{"category":"vegetated","source":"landuse=village_green"},"geometry":{"type":"Polygon","coordinates":[[[18.4301964,-33.9263349],[18.4302116,-33.9260899],[18.4301201,-33.9260829],[18.4300378,-33.9260799],[18.4300197,-33.9264165],[18.4299742,-33.9264148],[18.429973,-33.9264378],[18.4299687,-33.9265245],[18.429965,-33.9265998],[18.4299612,-33.9266783],[18.4299568,-33.9267659],[18.4300655,-33.9266675],[18.4301324,-33.9265766],[18.430172,-33.9264949],[18.4301964,-33.9263349]]]}},{"type":"Feature","properties":{"category":"vegetated","source":"landuse=grass"},"geometry":{"type":"Polygon","coordinates":[[[18.4265668,-33.9245242],[18.4265088,-33.924505],[18.4264459,-33.9245015],[18.4264012,-33.9245165],[18.4263619,-33.9245448],[18.4263309,-33.9245818],[18.4262285,-33.9246986],[18.4261767,-33.9247578],[18.4261632,-33.9247736],[18.4262296,-33.924741],[18.4262906,-33.9247326],[18.426908,-33.9247843],[18.4269192,-33.9247848],[18.4269989,-33.9247305],[18.4271417,-33.9247355],[18.4271806,-33.9247526],[18.4272385,-33.9247756],[18.4273836,-33.9248337],[18.4273987,-33.9247993],[18.4269763,-33.9246625],[18.4265668,-33.9245242]]]}},{"type":"Feature","properties":{"category":"vegetated","source":"landuse=grass"},"geometry":{"type":"Polygon","coordinates":[[[18.4287803,-33.9263083],[18.4295713,-33.9263458],[18.4295449,-33.9267668],[18.429689,-33.9267736],[18.4297032,-33.926798],[18.4297296,-33.9268148],[18.42976,-33.9268216],[18.4297874,-33.9268123],[18.4298027,-33.9267803],[18.4299309,-33.9267857],[18.4297418,-33.926931],[18.4296728,-33.9269277],[18.429485,-33.9269748],[18.4288316,-33.9269335],[18.4288234,-33.9270295],[18.4278726,-33.926974],[18.4276328,-33.9268947],[18.4279036,-33.9267481],[18.427955,-33.9267403],[18.428822,-33.9268297],[18.4288295,-33.9267797],[18.4279436,-33.9266886],[18.4279177,-33.9266859],[18.4278923,-33.9266971],[18.4271052,-33.9271104],[18.4268765,-33.92651],[18.4269559,-33.9266184],[18.4269889,-33.9266016],[18.4270309,-33.9267163],[18.4270598,-33.9267084],[18.4270984,-33.9268018],[18.4271196,-33.9268679],[18.4271491,-33.9269601],[18.4271526,-33.9269713],[18.42716,-33.9269812],[18.4271707,-33.9269887],[18.4271836,-33.9269931],[18.4271976,-33.926994],[18.4272112,-33.9269913],[18.4272232,-33.9269853],[18.4276079,-33.9267789],[18.4278783,-33.9266337],[18.4279296,-33.9266255],[18.4283727,-33.9266695],[18.4283797,-33.9266126],[18.4283854,-33.9265658],[18.4287261,-33.9265965],[18.4286106,-33.9262311],[18.4286621,-33.9262339],[18.4287567,-33.9262361],[18.4287803,-33.9263083]]]}},{"type":"Feature","properties":{"category":"vegetated","source":"landuse=grass"},"geometry":{"type":"Polygon","coordinates":[[[18.4288489,-33.9252891],[18.4273987,-33.9247993],[18.4277274,-33.9250573],[18.4276696,-33.9251728],[18.4283282,-33.9253997],[18.428391,-33.9252702],[18.4288489,-33.9252891]]]}},{"type":"Feature","properties":{"category":"vegetated","source":"landuse=village_green"},"geometry":{"type":"Polygon","coordinates":[[[18.4301657,-33.9258116],[18.4301193,-33.9257632],[18.4300553,-33.9257169],[18.4299731,-33.9256849],[18.4289594,-33.9253195],[18.4290904,-33.9253731],[18.4291197,-33.9253851],[18.4293562,-33.9254963],[18.4294896,-33.9255708],[18.4301657,-33.9258116]]]}},{"type":"Feature","properties":{"category":"vegetated","source":"landuse=grass"},"geometry":{"type":"Polygon","coordinates":[[[18.4288234,-33.9270295],[18.4291684,-33.9270531],[18.429274,-33.9270464],[18.4294191,-33.9270169],[18.4296799,-33.9269495],[18.4297418,-33.926931],[18.4296728,-33.9269277],[18.429485,-33.9269748],[18.4288316,-33.9269335],[18.4288234,-33.9270295]]]}},{"type":"Feature","properties":{"category":"vegetated","source":"landuse=grass"},"geometry":{"type":"Polygon","coordinates":[[[18.4264963,-33.9263669],[18.4264635,-33.9263949],[18.426271,-33.9264598],[18.426183,-33.9265408],[18.425518,-33.9260653],[18.4255096,-33.926041],[18.4255152,-33.9260144],[18.4257299,-33.9257569],[18.425749,-33.9257491],[18.4257486,-33.9257931],[18.4257584,-33.9258372],[18.4257829,-33.9258772],[18.4264963,-33.9263669]]]}},{"type":"Feature","properties":{"category":"vegetated","source":"landuse=grass"},"geometry":{"type":"Polygon","coordinates":[[[18.4270896,-33.9254967],[18.4270782,-33.9254884],[18.4270517,-33.9254721],[18.4270162,-33.9254964],[18.4269992,-33.9254839],[18.4270309,-33.9254593],[18.4270206,-33.9254529],[18.4270082,-33.9254519],[18.4270056,-33.9254418],[18.4270163,-33.9254366],[18.4269768,-33.9254097],[18.426844,-33.9255321],[18.4267092,-33.9255015],[18.4260918,-33.9257846],[18.4266008,-33.9261424],[18.4265839,-33.9261171],[18.4265946,-33.9261117],[18.4267507,-33.9260319],[18.4263837,-33.9257979],[18.4267741,-33.9256042],[18.4268866,-33.9256849],[18.4270896,-33.9254967]]]}},{"type":"Feature","properties":{"category":"vegetated","source":"landuse=grass"},"geometry":{"type":"Polygon","coordinates":[[[18.4265843,-33.9268264],[18.4266544,-33.9267274],[18.4268003,-33.9268342],[18.4268623,-33.9268269],[18.4269628,-33.9270953],[18.4265843,-33.9268264]]]}},{"type":"Feature","properties":{"category":"vegetated","source":"landuse=grass"},"geometry":{"type":"Polygon","coordinates":[[[18.4265843,-33.9268264],[18.4262634,-33.9265983],[18.4263349,-33.9265347],[18.4265116,-33.9264448],[18.4265379,-33.9264286],[18.4266544,-33.9267274],[18.4265843,-33.9268264]]]}},{"type":"Feature","properties":{"category":"paved","source":"amenity=parking"},"geometry":{"type":"Polygon","coordinates":[[[18.4228937,-33.9206896],[18.4228942,-33.9206891],[18.4229187,-33.9207075],[18.4229068,-33.9207184],[18.4230917,-33.9208578],[18.4231458,-33.9208084],[18.4233458,-33.9206257],[18.4233368,-33.920619],[18.4234042,-33.9205559],[18.4231718,-33.9203808],[18.4231282,-33.920348],[18.4229612,-33.9205005],[18.4227829,-33.9203661],[18.4227536,-33.9203928],[18.4227133,-33.9203625],[18.4226419,-33.9204277],[18.4228937,-33.9206896]]]}},{"type":"Feature","properties":{"category":"paved","source":"amenity=parking"},"geometry":{"type":"Polygon","coordinates":[[[18.4213034,-33.9184787],[18.4213937,-33.9185732],[18.42151,-33.9184672],[18.4215639,-33.9185079],[18.421591,-33.9184831],[18.4216214,-33.9184554],[18.421649,-33.9184302],[18.4215081,-33.91832],[18.4214924,-33.9183082],[18.4214648,-33.9183334],[18.4213034,-33.9184787]]]}},{"type":"Feature","properties":{"category":"paved","source":"amenity=parking"},"geometry":{"type":"Polygon","coordinates":[[[18.4223411,-33.9190846],[18.4223653,-33.9190626],[18.4223347,-33.9190394],[18.4222945,-33.919009],[18.4222543,-33.9189786],[18.4222224,-33.9189544],[18.422198,-33.9189766],[18.422169,-33.9189796],[18.4221403,-33.9189871],[18.4221141,-33.9189993],[18.422092,-33.9190153],[18.422014,-33.9189564],[18.4220111,-33.9189073],[18.4221775,-33.9187558],[18.4223424,-33.9186053],[18.4224015,-33.9186026],[18.4225872,-33.9187431],[18.4227721,-33.9188827],[18.4227749,-33.9189318],[18.4226091,-33.9190829],[18.4224438,-33.9192334],[18.4223846,-33.919236],[18.4223058,-33.9191764],[18.4223227,-33.9191569],[18.422335,-33.919134],[18.4223412,-33.9191096],[18.4223411,-33.9190846]]]}},{"type":"Feature","properties":{"category":"paved","source":"surface=paving_stones"},"geometry":{"type":"Polygon","coordinates":[[[18.4244421,-33.9196062],[18.4242774,-33.9194851],[18.424255,-33.9194699],[18.4242352,-33.9194521],[18.42398,-33.9196863],[18.4240062,-33.919704],[18.4241409,-33.9198044],[18.4241488,-33.9198102],[18.4241912,-33.9198414],[18.4244421,-33.9196062]]]}},{"type":"Feature","properties":{"category":"paved","source":"amenity=parking"},"geometry":{"type":"Polygon","coordinates":[[[18.4242496,-33.9206897],[18.4242587,-33.9206811],[18.4242685,-33.9206884],[18.4243736,-33.9205892],[18.4244676,-33.9205005],[18.4246837,-33.9202965],[18.4246738,-33.9202893],[18.4245965,-33.9202317],[18.4245505,-33.9201985],[18.4245122,-33.9201709],[18.424378,-33.9200741],[18.4243397,-33.9200464],[18.424294,-33.9200134],[18.4242217,-33.9199617],[18.4241592,-33.9200153],[18.4241255,-33.9200456],[18.4241201,-33.9200507],[18.4240477,-33.9201191],[18.4240027,-33.9201615],[18.4239315,-33.9202287],[18.4239088,-33.9202502],[18.4238039,-33.9203491],[18.4238145,-33.9203568],[18.4238052,-33.9203656],[18.4242496,-33.9206897]]]}},{"type":"Feature","properties":{"category":"paved","source":"amenity=parking"},"geometry":{"type":"Polygon","coordinates":[[[18.4233042,-33.9188922],[18.4233361,-33.918846],[18.4233869,-33.9188134],[18.4234489,-33.9187995],[18.4235126,-33.9188063],[18.4235089,-33.9187443],[18.4234594,-33.9187068],[18.4234031,-33.918664],[18.4231716,-33.9188811],[18.4231728,-33.918896],[18.4231631,-33.9189087],[18.4231463,-33.9189142],[18.4231289,-33.9189105],[18.4231174,-33.9188989],[18.4231163,-33.918884],[18.4230436,-33.918912],[18.4230365,-33.9189248],[18.4230337,-33.918941],[18.4231233,-33.9190093],[18.4231405,-33.9190115],[18.4231596,-33.9189941],[18.4231541,-33.91899],[18.4231729,-33.9189729],[18.4231957,-33.9189901],[18.4232085,-33.9189998],[18.4233042,-33.9188922]]]}},{"type":"Feature","properties":{"category":"paved","source":"amenity=parking"},"geometry":{"type":"Polygon","coordinates":[[[18.4230173,-33.9189288],[18.4233565,-33.9186263],[18.4237083,-33.9188728],[18.4238605,-33.9189862],[18.4238194,-33.9190242],[18.4238114,-33.9190315],[18.4237677,-33.9190719],[18.4235218,-33.9193056],[18.4234064,-33.9192204],[18.4233877,-33.9192064],[18.4231708,-33.9190446],[18.4231233,-33.9190093],[18.4230337,-33.918941],[18.4230173,-33.9189288]]]}},{"type":"Feature","properties":{"category":"vegetated","source":"landuse=grass"},"geometry":{"type":"Polygon","coordinates":[[[18.4231259,-33.9188714],[18.4231427,-33.9188659],[18.4231601,-33.9188696],[18.4231716,-33.9188811],[18.4231728,-33.918896],[18.4231631,-33.9189087],[18.4231463,-33.9189142],[18.4231289,-33.9189105],[18.4231174,-33.9188989],[18.4231163,-33.918884],[18.4231259,-33.9188714]]]}},{"type":"Feature","properties":{"category":"vegetated","source":"leisure=pitch"},"geometry":{"type":"Polygon","coordinates":[[[18.4128099,-33.9310212],[18.4131032,-33.931207],[18.4128627,-33.9314684],[18.4125694,-33.9312826],[18.4128099,-33.9310212]]]}},{"type":"Feature","properties":{"category":"water","source":"natural=water"},"geometry":{"type":"Polygon","coordinates":[[[18.4165261,-33.928535],[18.4165696,-33.928494],[18.4168613,-33.9287032],[18.416817,-33.9287455],[18.4165261,-33.928535]]]}},{"type":"Feature","properties":{"category":"water","source":"natural=water"},"geometry":{"type":"Polygon","coordinates":[[[18.4160408,-33.9281173],[18.4160371,-33.9281207],[18.41603,-33.9281177],[18.4160202,-33.9281172],[18.4160125,-33.9281188],[18.4160066,-33.9281236],[18.4160021,-33.9281298],[18.4159996,-33.9281365],[18.4160017,-33.928144],[18.4160065,-33.9281501],[18.4160024,-33.9281541],[18.416113,-33.9282336],[18.4161074,-33.9282389],[18.4161343,-33.9282583],[18.4161388,-33.9282535],[18.4161478,-33.9282583],[18.4161589,-33.9282596],[18.416172,-33.9282576],[18.416181,-33.9282508],[18.4161861,-33.9282436],[18.4161875,-33.9282341],[18.4161851,-33.9282253],[18.4161773,-33.9282171],[18.4161824,-33.9282122],[18.4161552,-33.9281927],[18.4161512,-33.9281966],[18.4160408,-33.9281173]]]}},{"type":"Feature","properties":{"category":"paved","source":"amenity=parking"},"geometry":{"type":"Polygon","coordinates":[[[18.4259419,-33.9279135],[18.426133,-33.9280582],[18.4261133,-33.9280777],[18.4259611,-33.9282152],[18.4257798,-33.9280889],[18.425771,-33.92806],[18.4259419,-33.9279135]]]}},{"type":"Feature","properties":{"category":"paved","source":"amenity=parking"},"geometry":{"type":"Polygon","coordinates":[[[18.4260077,-33.9279167],[18.4262512,-33.9277007],[18.4263884,-33.9278073],[18.4261729,-33.9279985],[18.4261366,-33.9279703],[18.4261087,-33.927995],[18.4260077,-33.9279167]]]}},{"type":"Feature","properties":{"category":"paved","source":"amenity=parking"},"geometry":{"type":"Polygon","coordinates":[[[18.413612,-33.9272592],[18.4137041,-33.9273226],[18.4136873,-33.9273394],[18.4137074,-33.9273532],[18.4136883,-33.9273723],[18.4137239,-33.9273969],[18.4137284,-33.9274336],[18.4136748,-33.9274872],[18.4135025,-33.9273685],[18.41355,-33.9273211],[18.413612,-33.9272592]]]}},{"type":"Feature","properties":{"category":"vegetated","source":"landuse=grass"},"geometry":{"type":"Polygon","coordinates":[[[18.4131182,-33.9250506],[18.4133173,-33.9248639],[18.413335,-33.9248769],[18.4131358,-33.9250635],[18.4131182,-33.9250506]]]}},{"type":"Feature","properties":{"category":"paved","source":"amenity=parking"},"geometry":{"type":"Polygon","coordinates":[[[18.4131725,-33.9247575],[18.4133173,-33.9248639],[18.4131182,-33.9250506],[18.4129922,-33.924958],[18.4130057,-33.9249453],[18.4129868,-33.9249315],[18.4131725,-33.9247575]]]}},{"type":"Feature","properties":{"category":"vegetated","source":"landuse=grass"},"geometry":{"type":"Polygon","coordinates":[[[18.4129364,-33.9248955],[18.4131128,-33.9247296],[18.4131309,-33.924728],[18.4131725,-33.9247575],[18.4129868,-33.9249315],[18.4129364,-33.9248955]]]}},{"type":"Feature","properties":{"category":"paved","source":"surface=paved"},"geometry":{"type":"Polygon","coordinates":[[[18.4215543,-33.9247768],[18.4218131,-33.9249642],[18.4213823,-33.9253738],[18.4213327,-33.9253369],[18.4211659,-33.9251843],[18.4211484,-33.9251683],[18.421151,-33.9251508],[18.4214935,-33.924833],[18.4215543,-33.9247768]]]}},{"type":"Feature","properties":{"category":"paved","source":"amenity=parking"},"geometry":{"type":"Polygon","coordinates":[[[18.4167735,-33.9154967],[18.4167443,-33.9154313],[18.4170474,-33.9153289],[18.4170853,-33.9153881],[18.4167735,-33.9154967]]]}},{"type":"Feature","properties":{"category":"paved","source":"amenity=parking"},"geometry":{"type":"Polygon","coordinates":[[[18.4170866,-33.9152693],[18.4170463,-33.9152835],[18.416779,-33.9147688],[18.4168202,-33.9147546],[18.4170866,-33.9152693]]]}},{"type":"Feature","properties":{"category":"paved","source":"amenity=parking"},"geometry":{"type":"Polygon","coordinates":[[[18.4146192,-33.9210044],[18.4147247,-33.9209031],[18.4150815,-33.9211813],[18.4150033,-33.9212576],[18.4146192,-33.9210044]]]}},{"type":"Feature","properties":{"category":"paved","source":"amenity=parking"},"geometry":{"type":"Polygon","coordinates":[[[18.4282891,-33.9312859],[18.4280906,-33.931548],[18.4281348,-33.9315697],[18.4281033,-33.9316108],[18.4285077,-33.9318184],[18.428914,-33.9319792],[18.4295441,-33.9320395],[18.42955,-33.9319874],[18.4292911,-33.9319605],[18.4292999,-33.9318593],[18.4289764,-33.93183],[18.428973,-33.9318662],[18.428882,-33.9318403],[18.4288759,-33.9318282],[18.4288805,-33.9318166],[18.4288889,-33.9318087],[18.4288972,-33.9318052],[18.4289524,-33.9318236],[18.4290407,-33.9316865],[18.4288914,-33.9316069],[18.4287602,-33.9317757],[18.4287883,-33.9317883],[18.428794,-33.9317942],[18.4287893,-33.9318008],[18.4287825,-33.9318012],[18.428663,-33.9317581],[18.4286576,-33.9317502],[18.4286581,-33.9317429],[18.4286624,-33.9317341],[18.4286753,-33.9317314],[18.428717,-33.9317512],[18.4288405,-33.9315797],[18.4286908,-33.9315],[18.4285472,-33.9316899],[18.4285776,-33.9317065],[18.4285838,-33.9317134],[18.4285842,-33.9317194],[18.428577,-33.9317224],[18.4285676,-33.9317198],[18.4284548,-33.9316624],[18.4284482,-33.9316564],[18.4284456,-33.9316523],[18.428449,-33.9316464],[18.42846,-33.9316451],[18.4285004,-33.9316636],[18.4286411,-33.9314735],[18.42849,-33.931393],[18.4283523,-33.9315713],[18.4283791,-33.9315864],[18.4283891,-33.9315957],[18.4283891,-33.9316041],[18.4283838,-33.9316112],[18.4283669,-33.9316144],[18.428355,-33.9316095],[18.4283316,-33.9315973],[18.4282909,-33.9315758],[18.4282531,-33.9315564],[18.4282473,-33.931549],[18.4282495,-33.9315411],[18.4282562,-33.9315379],[18.4282964,-33.9315582],[18.4284425,-33.9313709],[18.4282891,-33.9312859]]]}},{"type":"Feature","properties":{"category":"paved","source":"amenity=parking"},"geometry":{"type":"Polygon","coordinates":[[[18.4130937,-33.927735],[18.413206,-33.9276228],[18.4134235,-33.9277725],[18.4134047,-33.9277969],[18.4135846,-33.9279036],[18.413487,-33.9281258],[18.4132875,-33.9280007],[18.4133244,-33.9279605],[18.4133005,-33.9279403],[18.4130855,-33.9277902],[18.4130937,-33.927735]]]}},{"type":"Feature","properties":{"category":"paved","source":"amenity=parking"},"geometry":{"type":"Polygon","coordinates":[[[18.4132127,-33.9276177],[18.4134462,-33.9277776],[18.4135127,-33.9277097],[18.4132798,-33.9275509],[18.4132127,-33.9276177]]]}},{"type":"Feature","properties":{"category":"paved","source":"amenity=parking"},"geometry":{"type":"Polygon","coordinates":[[[18.4127615,-33.9280651],[18.4130712,-33.9282924],[18.4130376,-33.9283239],[18.4130633,-33.9283427],[18.4129851,-33.9284161],[18.4128756,-33.9283358],[18.4129111,-33.9283024],[18.4126852,-33.9281367],[18.4127615,-33.9280651]]]}},{"type":"Feature","properties":{"category":"paved","source":"amenity=parking"},"geometry":{"type":"Polygon","coordinates":[[[18.413179,-33.9268845],[18.4129386,-33.9271135],[18.413099,-33.9272294],[18.4133394,-33.9270005],[18.413179,-33.9268845]]]}},{"type":"Feature","properties":{"category":"paved","source":"landuse=construction"},"geometry":{"type":"Polygon","coordinates":[[[18.4229781,-33.9311011],[18.4231052,-33.9312329],[18.4234685,-33.9310395],[18.4233446,-33.9308963],[18.4229781,-33.9311011]]]}},{"type":"Feature","properties":{"category":"water","source":"natural=water"},"geometry":{"type":"Polygon","coordinates":[[[18.4266242,-33.9188224],[18.4266415,-33.9188347],[18.4260718,-33.9193856],[18.4260545,-33.9193732],[18.4266242,-33.9188224]]]}},{"type":"Feature","properties":{"category":"water","source":"natural=water"},"geometry":{"type":"Polygon","coordinates":[[[18.4276048,-33.9178343],[18.4276228,-33.9178485],[18.42708,-33.9183756],[18.4270627,-33.9183632],[18.4276048,-33.9178343]]]}},{"type":"Feature","properties":{"category":"paved","source":"amenity=parking"},"geometry":{"type":"Polygon","coordinates":[[[18.4182654,-33.9148894],[18.4183195,-33.9150098],[18.4186506,-33.9148943],[18.4186421,-33.9148255],[18.4190266,-33.9146942],[18.4189297,-33.9146612],[18.4182654,-33.9148894]]]}},{"type":"Feature","properties":{"category":"vegetated","source":"landuse=village_green"},"geometry":{"type":"Polygon","coordinates":[[[18.4239063,-33.9218243],[18.4236827,-33.9220349],[18.4236781,-33.9221163],[18.4240967,-33.9224223],[18.4242186,-33.9222501],[18.424138,-33.9221904],[18.4242556,-33.9220796],[18.4239063,-33.9218243]]]}},{"type":"Feature","properties":{"category":"vegetated","source":"leisure=pitch"},"geometry":{"type":"Polygon","coordinates":[[[18.4130336,-33.9208792],[18.4131926,-33.9208114],[18.413326,-33.9210264],[18.4131671,-33.9210943],[18.4130336,-33.9208792]]]}},{"type":"Feature","properties":{"category":"paved","source":"amenity=parking"},"geometry":{"type":"Polygon","coordinates":[[[18.4189276,-33.9160133],[18.4191183,-33.9163951],[18.4191957,-33.9163685],[18.4196116,-33.9162254],[18.4194208,-33.9158436],[18.4189276,-33.9160133]]]}},{"type":"Feature","properties":{"category":"paved","source":"amenity=parking"},"geometry":{"type":"Polygon","coordinates":[[[18.4211024,-33.914806],[18.4211476,-33.9147851],[18.4215828,-33.915345],[18.4216615,-33.9154976],[18.4216881,-33.9157717],[18.4216271,-33.9157738],[18.4216343,-33.9158319],[18.421584,-33.9158337],[18.4215911,-33.9159655],[18.4214146,-33.915972],[18.4213944,-33.9158459],[18.4214978,-33.9158423],[18.4214965,-33.9158053],[18.4214885,-33.9156166],[18.4215501,-33.9156182],[18.421548,-33.9155782],[18.4215179,-33.9155793],[18.4211024,-33.914806]]]}},{"type":"Feature","properties":{"category":"paved","source":"amenity=parking"},"geometry":{"type":"Polygon","coordinates":[[[18.4244439,-33.9280301],[18.424748,-33.9282557],[18.4246769,-33.9283216],[18.4246518,-33.928303],[18.4245991,-33.9283451],[18.4244154,-33.9281935],[18.4244447,-33.9281664],[18.4243626,-33.9281056],[18.4243861,-33.9280838],[18.4244439,-33.9280301]]]}},{"type":"Feature","properties":{"category":"paved","source":"surface=paving_stones"},"geometry":{"type":"Polygon","coordinates":[[[18.4273446,-33.9274611],[18.4277153,-33.9273184],[18.4277566,-33.9273158],[18.4277823,-33.9273221],[18.4278669,-33.9273779],[18.4278715,-33.9273883],[18.4278685,-33.9273986],[18.4278511,-33.927424],[18.4277851,-33.9274874],[18.4276462,-33.9276209],[18.4276262,-33.9276503],[18.4276098,-33.9276823],[18.427594,-33.9276947],[18.4275714,-33.9276966],[18.4275297,-33.9276824],[18.427426,-33.927608],[18.4273227,-33.9275339],[18.4273046,-33.9275031],[18.4273172,-33.9274749],[18.4273332,-33.9274668],[18.4273446,-33.9274611]]]}},{"type":"Feature","properties":{"category":"paved","source":"surface=asphalt"},"geometry":{"type":"Polygon","coordinates":[[[18.4279703,-33.9283236],[18.4277722,-33.9281733],[18.4276624,-33.9282741],[18.4280074,-33.9285301],[18.4281134,-33.9284307],[18.4279703,-33.9283236]]]}},{"type":"Feature","properties":{"category":"paved","source":"amenity=parking"},"geometry":{"type":"Polygon","coordinates":[[[18.4285368,-33.9291314],[18.4286875,-33.9289222],[18.4291633,-33.9291582],[18.4290126,-33.9293674],[18.4289879,-33.9294031],[18.4289473,-33.9294617],[18.4290124,-33.929494],[18.4288008,-33.929786],[18.4287788,-33.9297745],[18.4285248,-33.9296497],[18.4285498,-33.9296061],[18.4286934,-33.9294122],[18.4287136,-33.9293866],[18.428735,-33.9293562],[18.4288917,-33.929434],[18.4289362,-33.9293758],[18.4289595,-33.9293421],[18.4285368,-33.9291314]]]}},{"type":"Feature","properties":{"category":"vegetated","source":"landuse=grass"},"geometry":{"type":"Polygon","coordinates":[[[18.4280909,-33.9288981],[18.4281515,-33.9288352],[18.4282042,-33.9288647],[18.428438,-33.9285496],[18.4282268,-33.9283954],[18.4279891,-33.9286188],[18.4275928,-33.9283291],[18.4276107,-33.9283122],[18.4275587,-33.9282742],[18.4277334,-33.9281098],[18.4277813,-33.9281449],[18.4278267,-33.9281021],[18.4277626,-33.9280568],[18.42745,-33.9283469],[18.4275241,-33.9283993],[18.4274733,-33.928446],[18.4280909,-33.9288981]]]}},{"type":"Feature","properties":{"category":"vegetated","source":"landuse=grass"},"geometry":{"type":"Polygon","coordinates":[[[18.4282235,-33.9290913],[18.4281712,-33.9291597],[18.4282643,-33.9292077],[18.4283182,-33.929139],[18.4282235,-33.9290913]]]}},{"type":"Feature","properties":{"category":"vegetated","source":"landuse=grass"},"geometry":{"type":"Polygon","coordinates":[[[18.4289879,-33.9294031],[18.4290126,-33.9293674],[18.4291633,-33.9291582],[18.4286875,-33.9289222],[18.4285368,-33.9291314],[18.4289595,-33.9293421],[18.4289362,-33.9293758],[18.4285132,-33.9291721],[18.4284367,-33.9290925],[18.428695,-33.9287344],[18.429236,-33.9291258],[18.4292555,-33.9291559],[18.4292493,-33.9291896],[18.4291134,-33.9293753],[18.4290498,-33.9293443],[18.4290018,-33.9294109],[18.4289879,-33.9294031]]]}},{"type":"Feature","properties":{"category":"vegetated","source":"landuse=grass"},"geometry":{"type":"Polygon","coordinates":[[[18.4276541,-33.927977],[18.4277102,-33.9280183],[18.4274044,-33.9283128],[18.4273394,-33.9282666],[18.4272907,-33.9283116],[18.4265671,-33.9277993],[18.4266647,-33.9277001],[18.4267404,-33.9277534],[18.4269299,-33.9278868],[18.4269554,-33.9278623],[18.4271947,-33.9280408],[18.4272008,-33.928035],[18.4272161,-33.9280463],[18.4274492,-33.9282187],[18.4275742,-33.9281007],[18.4275441,-33.9280788],[18.4276541,-33.927977]]]}},{"type":"Feature","properties":{"category":"paved","source":"amenity=parking"},"geometry":{"type":"Polygon","coordinates":[[[18.4274137,-33.9279837],[18.4275441,-33.9280788],[18.4275742,-33.9281007],[18.4274492,-33.9282187],[18.4272161,-33.9280463],[18.4273019,-33.9279652],[18.4273325,-33.9279876],[18.427376,-33.9280193],[18.4274137,-33.9279837]]]}},{"type":"Feature","properties":{"category":"paved","source":"surface=paving_stones"},"geometry":{"type":"Polygon","coordinates":[[[18.4265671,-33.9277993],[18.4265429,-33.9278238],[18.4265086,-33.9278585],[18.4265265,-33.9278718],[18.4272179,-33.9283828],[18.4271635,-33.9284352],[18.4272263,-33.9284802],[18.4268893,-33.9288015],[18.4268514,-33.9288377],[18.4268727,-33.9288548],[18.4268964,-33.9288781],[18.4272729,-33.9285142],[18.4273482,-33.9285679],[18.4274145,-33.928504],[18.4278488,-33.9288134],[18.4278645,-33.9288247],[18.4279,-33.9288507],[18.4278886,-33.9288635],[18.4280278,-33.9289628],[18.4279654,-33.9290157],[18.4280505,-33.9290718],[18.4277403,-33.9294934],[18.4277695,-33.9295164],[18.4277865,-33.9295256],[18.4280978,-33.9291236],[18.4281553,-33.9291519],[18.4281712,-33.9291597],[18.4282235,-33.9290913],[18.4283182,-33.929139],[18.4282674,-33.9292094],[18.4284374,-33.9292968],[18.4284404,-33.9292926],[18.4284536,-33.9292991],[18.4284657,-33.9292834],[18.428486,-33.9292941],[18.4284978,-33.9292784],[18.4285206,-33.9292902],[18.4285324,-33.9292744],[18.4285533,-33.9292852],[18.4285639,-33.9292712],[18.4285696,-33.929274],[18.4285872,-33.9292486],[18.4286084,-33.9292198],[18.4285132,-33.9291721],[18.4284367,-33.9290925],[18.4282854,-33.9290106],[18.4283323,-33.9289496],[18.4282547,-33.9289116],[18.4284943,-33.9285879],[18.4284638,-33.9285671],[18.428438,-33.9285496],[18.4282042,-33.9288647],[18.4281515,-33.9288352],[18.4280909,-33.9288981],[18.4274733,-33.928446],[18.4275241,-33.9283993],[18.42745,-33.9283469],[18.4277626,-33.9280568],[18.4277355,-33.9280376],[18.4277102,-33.9280183],[18.4274044,-33.9283128],[18.4273394,-33.9282666],[18.4272907,-33.9283116],[18.4265671,-33.9277993]]]}},{"type":"Feature","properties":{"category":"vegetated","source":"landuse=grass"},"geometry":{"type":"Polygon","coordinates":[[[18.428735,-33.9293562],[18.4285702,-33.9292758],[18.4285639,-33.9292724],[18.4285537,-33.9292869],[18.4285326,-33.9292759],[18.4285209,-33.9292919],[18.4284984,-33.9292801],[18.4284868,-33.9292959],[18.4284664,-33.9292854],[18.4284543,-33.9293012],[18.4284414,-33.9292945],[18.4284386,-33.9292977],[18.4284662,-33.9293109],[18.428533,-33.9293458],[18.4285624,-33.9293088],[18.4287136,-33.9293866],[18.428735,-33.9293562]]]}},{"type":"Feature","properties":{"category":"vegetated","source":"landuse=grass"},"geometry":{"type":"Polygon","coordinates":[[[18.4287788,-33.9297745],[18.4287259,-33.9298482],[18.4286678,-33.9298195],[18.4286617,-33.9297995],[18.4285953,-33.9297667],[18.4285112,-33.9298868],[18.4284338,-33.9299022],[18.4283669,-33.9298634],[18.4283699,-33.9298576],[18.4284623,-33.9297358],[18.4285248,-33.9296497],[18.4287788,-33.9297745]]]}},{"type":"Feature","properties":{"category":"paved","source":"amenity=parking_space"},"geometry":{"type":"Polygon","coordinates":[[[18.4171758,-33.9153584],[18.4171392,-33.9152857],[18.4173674,-33.9152069],[18.4174037,-33.9152756],[18.4171758,-33.9153584]]]}},{"type":"Feature","properties":{"category":"vegetated","source":"leisure=garden"},"geometry":{"type":"Polygon","coordinates":[[[18.4182869,-33.9174254],[18.4181899,-33.9175111],[18.4183726,-33.9176535],[18.4184697,-33.9175677],[18.4182869,-33.9174254]]]}},{"type":"Feature","properties":{"category":"paved","source":"amenity=parking"},"geometry":{"type":"Polygon","coordinates":[[[18.4181789,-33.9174028],[18.4181925,-33.9174521],[18.4179531,-33.9176732],[18.4179426,-33.9176152],[18.4181789,-33.9174028]]]}},{"type":"Feature","properties":{"category":"paved","source":"unknown=None"},"geometry":{"type":"Polygon","coordinates":[[[18.4240269,-33.9217222],[18.4239844,-33.9216921],[18.4241727,-33.921491],[18.4245459,-33.9211507],[18.42469,-33.9210003],[18.4247033,-33.9209865],[18.4248021,-33.9210563],[18.4248173,-33.9210669],[18.4247905,-33.9210928],[18.4247428,-33.9211389],[18.4246928,-33.9211871],[18.4248106,-33.9212715],[18.4248311,-33.9212862],[18.4245963,-33.9215152],[18.4250865,-33.9218652],[18.425016,-33.9219314],[18.4247123,-33.9222264],[18.4241463,-33.9218115],[18.4240269,-33.9217222]]]}},{"type":"Feature","properties":{"category":"paved","source":"unknown=None"},"geometry":{"type":"Polygon","coordinates":[[[18.4235348,-33.9215357],[18.4235778,-33.9214932],[18.4236585,-33.9214145],[18.4236999,-33.9213754],[18.4236737,-33.9213802],[18.4236479,-33.9213754],[18.4233803,-33.9211445],[18.4232557,-33.9210427],[18.4232201,-33.9210742],[18.4231916,-33.9211019],[18.423298,-33.921181],[18.4232455,-33.9212292],[18.4231392,-33.9211484],[18.4231269,-33.9211577],[18.4231097,-33.9211716],[18.4235368,-33.9214855],[18.4235348,-33.9215357]]]}},{"type":"Feature","properties":{"category":"paved","source":"unknown=None"},"geometry":{"type":"Polygon","coordinates":[[[18.4225349,-33.9213801],[18.4226151,-33.921436],[18.4227253,-33.9215273],[18.4227176,-33.9214737],[18.4228051,-33.9213779],[18.4230309,-33.9211652],[18.4230735,-33.9211603],[18.4230978,-33.9211377],[18.4231114,-33.9211282],[18.4231619,-33.9210806],[18.4231927,-33.9210521],[18.4232286,-33.9210167],[18.4235375,-33.9207258],[18.4235459,-33.920718],[18.4236151,-33.9206517],[18.4236776,-33.9205919],[18.4237247,-33.9205468],[18.4236508,-33.9204864],[18.4235835,-33.9204365],[18.4234976,-33.9205149],[18.4234308,-33.920576],[18.4234042,-33.9205559],[18.4233368,-33.920619],[18.4233458,-33.9206257],[18.4231458,-33.9208084],[18.4230917,-33.9208578],[18.4229068,-33.9207184],[18.4229187,-33.9207075],[18.4228942,-33.9206891],[18.4226685,-33.9204706],[18.4226419,-33.9204277],[18.4226189,-33.9204099],[18.4225278,-33.9204874],[18.422457,-33.9204987],[18.422428,-33.9205006],[18.4225233,-33.9205707],[18.4225442,-33.9205936],[18.4226113,-33.9206431],[18.4226318,-33.9206582],[18.4226933,-33.9207037],[18.4227272,-33.9207286],[18.4227954,-33.9207789],[18.4228149,-33.9207947],[18.4230066,-33.9209366],[18.4229297,-33.9210094],[18.4228842,-33.9210514],[18.422789,-33.9211421],[18.4226903,-33.9212348],[18.4225349,-33.9213801]]]}},{"type":"Feature","properties":{"category":"paved","source":"unknown=None"},"geometry":{"type":"Polygon","coordinates":[[[18.4237447,-33.9202582],[18.4237984,-33.9203003],[18.4238115,-33.9203102],[18.4245112,-33.919599],[18.4245412,-33.9195681],[18.4243368,-33.9194177],[18.4243328,-33.9194048],[18.4243293,-33.9193849],[18.4243199,-33.9193954],[18.4242841,-33.9194368],[18.424255,-33.9194699],[18.4242385,-33.9194872],[18.4242591,-33.9195025],[18.4242713,-33.9194909],[18.424402,-33.9195875],[18.4243884,-33.9196002],[18.4244105,-33.9196165],[18.4242033,-33.9198096],[18.4241808,-33.9197929],[18.4241676,-33.9198053],[18.4240389,-33.9197102],[18.4240539,-33.9196962],[18.4240318,-33.9196799],[18.4240062,-33.919704],[18.4239667,-33.919742],[18.4239259,-33.9197787],[18.4240695,-33.9198827],[18.424085,-33.9198968],[18.4240628,-33.9199186],[18.4240471,-33.9199319],[18.4240324,-33.9199901],[18.424073,-33.9199523],[18.4240869,-33.9199625],[18.4237704,-33.9202579],[18.4237563,-33.9202474],[18.4237447,-33.9202582]]]}},{"type":"Feature","properties":{"category":"paved","source":"unknown=None"},"geometry":{"type":"Polygon","coordinates":[[[18.4239259,-33.9197787],[18.423853,-33.9197246],[18.4238407,-33.919736],[18.4238142,-33.9197165],[18.4237992,-33.9197055],[18.4238109,-33.9196946],[18.4237813,-33.9196726],[18.4235785,-33.9195221],[18.4235414,-33.9195565],[18.4234777,-33.9195803],[18.4235213,-33.9195406],[18.4235074,-33.9195303],[18.4231897,-33.9198246],[18.4232041,-33.9198353],[18.42319,-33.9198484],[18.4232916,-33.9199235],[18.4232667,-33.9199256],[18.4232256,-33.9199159],[18.4231092,-33.9198266],[18.4230072,-33.9197477],[18.4229949,-33.9197251],[18.4229952,-33.919704],[18.4230653,-33.9197566],[18.4231212,-33.9197544],[18.423465,-33.919437],[18.4234637,-33.9194158],[18.4234551,-33.9193584],[18.4234291,-33.9193375],[18.4232009,-33.9191775],[18.4232932,-33.9190952],[18.4233027,-33.9191001],[18.4233133,-33.9191017],[18.4233246,-33.9191013],[18.4236221,-33.9190843],[18.4236335,-33.9190832],[18.4236437,-33.9190808],[18.4236525,-33.9190749],[18.4236584,-33.9190672],[18.4236605,-33.9190582],[18.4236595,-33.919049],[18.423639,-33.9188012],[18.4236382,-33.918792],[18.4236342,-33.9187835],[18.4236271,-33.9187764],[18.4236177,-33.9187716],[18.4236074,-33.9187697],[18.423596,-33.9187704],[18.4235099,-33.9187753],[18.4235089,-33.9187443],[18.4234594,-33.9187068],[18.4234805,-33.918692],[18.423506,-33.9186756],[18.4235009,-33.9186874],[18.4235042,-33.9186998],[18.4235509,-33.918734],[18.423619,-33.9187348],[18.4236989,-33.9187905],[18.4237083,-33.9188728],[18.4237174,-33.9189471],[18.4238194,-33.9190242],[18.4239035,-33.9190844],[18.4239182,-33.9190876],[18.4239333,-33.9190869],[18.4239476,-33.9190825],[18.4239609,-33.9190757],[18.4240807,-33.9189609],[18.4240824,-33.9189564],[18.4240824,-33.9189517],[18.4240809,-33.9189472],[18.4240779,-33.9189432],[18.4240341,-33.9189125],[18.4240465,-33.918901],[18.4241294,-33.9189557],[18.4241557,-33.9189729],[18.4242122,-33.919014],[18.4241011,-33.9191192],[18.4240898,-33.919111],[18.4240163,-33.9191805],[18.4241483,-33.9192765],[18.4242076,-33.9192203],[18.4243084,-33.9192925],[18.42434,-33.9192614],[18.4242395,-33.9191895],[18.4242217,-33.9192069],[18.4241862,-33.9191811],[18.4242985,-33.9190747],[18.4244335,-33.9191729],[18.4244796,-33.9192055],[18.4245007,-33.9192202],[18.4243293,-33.9193849],[18.4243199,-33.9193954],[18.4242841,-33.9194368],[18.424255,-33.9194699],[18.4242385,-33.9194872],[18.4240318,-33.9196799],[18.4240062,-33.919704],[18.4239667,-33.919742],[18.4239259,-33.9197787]]]}},{"type":"Feature","properties":{"category":"paved","source":"amenity=parking"},"geometry":{"type":"Polygon","coordinates":[[[18.4189783,-33.9178306],[18.4190016,-33.9177686],[18.4192561,-33.9179537],[18.419248,-33.9180312],[18.4189783,-33.9178306]]]}},{"type":"Feature","properties":{"category":"paved","source":"surface=paving_stones"},"geometry":{"type":"Polygon","coordinates":[[[18.4178336,-33.9212236],[18.4178398,-33.9212174],[18.4178454,-33.9212216],[18.4179729,-33.9211047],[18.4179021,-33.9210516],[18.4178092,-33.920984],[18.4178057,-33.9209766],[18.4178089,-33.9209653],[18.4179005,-33.9208778],[18.4179104,-33.9208763],[18.4179196,-33.9208775],[18.4180941,-33.9210053],[18.4181039,-33.9210196],[18.4181067,-33.9210344],[18.4181053,-33.9210512],[18.4180974,-33.9210681],[18.4180892,-33.9210785],[18.4180424,-33.921124],[18.4180243,-33.9211106],[18.4177115,-33.9214015],[18.4177229,-33.9214169],[18.417691,-33.9214456],[18.4176724,-33.9214379],[18.417532,-33.9215677],[18.4175443,-33.9215812],[18.4175069,-33.9216155],[18.4174901,-33.9216074],[18.4173346,-33.921752],[18.4173464,-33.9217628],[18.4173283,-33.9217759],[18.4173094,-33.9217819],[18.4172891,-33.9217833],[18.4172684,-33.921781],[18.4172513,-33.921773],[18.4172484,-33.9217418],[18.4171125,-33.921642],[18.4172082,-33.9215537],[18.4172346,-33.9215725],[18.4171589,-33.9216421],[18.4172836,-33.9217386],[18.4173626,-33.9216644],[18.4173597,-33.9216616],[18.4174015,-33.9216231],[18.4174274,-33.9215993],[18.4174388,-33.9216078],[18.4174459,-33.9216013],[18.4174343,-33.9215926],[18.4174876,-33.9215436],[18.417499,-33.9215522],[18.417506,-33.9215458],[18.4175001,-33.9215413],[18.4175533,-33.9214924],[18.4175591,-33.9214967],[18.417565,-33.9214913],[18.4175591,-33.9214869],[18.4176129,-33.9214374],[18.4176187,-33.9214417],[18.4176245,-33.9214364],[18.4176129,-33.9214277],[18.4176672,-33.9213777],[18.4176753,-33.9213838],[18.4176812,-33.9213783],[18.417673,-33.9213722],[18.4176955,-33.9213515],[18.4177048,-33.9213573],[18.4177639,-33.921302],[18.4177551,-33.9212957],[18.4178145,-33.9212411],[18.4178336,-33.9212236]]]}},{"type":"Feature","properties":{"category":"paved","source":"amenity=parking"},"geometry":{"type":"Polygon","coordinates":[[[18.4245136,-33.9273371],[18.4246579,-33.9274352],[18.4245813,-33.9275063],[18.4244423,-33.9274033],[18.4245136,-33.9273371]]]}},{"type":"Feature","properties":{"category":"vegetated","source":"leisure=garden"},"geometry":{"type":"Polygon","coordinates":[[[18.4242948,-33.9297715],[18.4241965,-33.9296703],[18.4238893,-33.9298861],[18.4239818,-33.9299859],[18.4240743,-33.9299226],[18.4240857,-33.9299151],[18.424115,-33.9298942],[18.4242948,-33.9297715]]]}},{"type":"Feature","properties":{"category":"paved","source":"amenity=parking"},"geometry":{"type":"Polygon","coordinates":[[[18.4241684,-33.9278345],[18.4243126,-33.9279414],[18.424468,-33.927797],[18.4245441,-33.9277264],[18.4244094,-33.9276266],[18.4242419,-33.9277821],[18.4242324,-33.927775],[18.4241684,-33.9278345]]]}},{"type":"Feature","properties":{"category":"paved","source":"amenity=parking"},"geometry":{"type":"Polygon","coordinates":[[[18.4229439,-33.9283254],[18.4228149,-33.928444],[18.422781,-33.9284752],[18.4227855,-33.9284786],[18.4231443,-33.9287473],[18.4233073,-33.9285976],[18.4229457,-33.9283268],[18.4229439,-33.9283254]]]}},{"type":"Feature","properties":{"category":"paved","source":"amenity=parking"},"geometry":{"type":"Polygon","coordinates":[[[18.4146293,-33.922341],[18.4145379,-33.9224344],[18.4148403,-33.9226562],[18.4149727,-33.9225326],[18.414845,-33.9224441],[18.4148016,-33.9224684],[18.4146293,-33.922341]]]}},{"type":"Feature","properties":{"category":"vegetated","source":"leisure=park"},"geometry":{"type":"Polygon","coordinates":[[[18.4339951,-33.9295929],[18.4339964,-33.9295073],[18.4340246,-33.9294895],[18.4340246,-33.9294639],[18.4340085,-33.9294372],[18.4339777,-33.9294216],[18.4339374,-33.9294205],[18.4334466,-33.9293949],[18.4334144,-33.9294016],[18.4333996,-33.9294182],[18.4333903,-33.929436],[18.4334131,-33.9294628],[18.433405,-33.9295729],[18.4334774,-33.9295763],[18.4334801,-33.9295573],[18.4339951,-33.9295929]]]}},{"type":"Feature","properties":{"category":"vegetated","source":"leisure=pitch"},"geometry":{"type":"Polygon","coordinates":[[[18.4243192,-33.9310325],[18.4245323,-33.9312715],[18.4243768,-33.9313669],[18.4241638,-33.9311278],[18.4243192,-33.9310325]]]}},{"type":"Feature","properties":{"category":"paved","source":"surface=paving_stones"},"geometry":{"type":"Polygon","coordinates":[[[18.4296624,-33.9308768],[18.4296763,-33.9308827],[18.4296492,-33.9309204],[18.4297581,-33.9309756],[18.4297483,-33.930992],[18.4297392,-33.931013],[18.429733,-33.9310351],[18.4297287,-33.9310502],[18.429727,-33.9310653],[18.4297266,-33.9310838],[18.4297081,-33.9310861],[18.4297086,-33.9311021],[18.4297118,-33.9311164],[18.4297144,-33.9311315],[18.42972,-33.9311453],[18.4297268,-33.9311609],[18.4297358,-33.9311738],[18.4297465,-33.9311878],[18.4297572,-33.9311974],[18.4297401,-33.9312098],[18.429754,-33.9312236],[18.4297679,-33.9312341],[18.4297835,-33.9312462],[18.4298055,-33.9312581],[18.4298289,-33.9312688],[18.4298519,-33.9312766],[18.4298812,-33.9312833],[18.4298849,-33.931267],[18.4299151,-33.9312709],[18.4299109,-33.9313166],[18.4299333,-33.9313208],[18.4299549,-33.9313227],[18.4299765,-33.9313246],[18.4300257,-33.9313836],[18.4300863,-33.9313427],[18.4301083,-33.9313644],[18.430107,-33.9313822],[18.4301729,-33.9314626],[18.4302079,-33.9314638],[18.43028,-33.9315615],[18.4303931,-33.9315709],[18.4304115,-33.9315535],[18.430442,-33.9315427],[18.4304739,-33.9315263],[18.4304988,-33.9315114],[18.4305192,-33.9314948],[18.4305339,-33.9314737],[18.4305504,-33.9314321],[18.4305498,-33.9313985],[18.430543,-33.931373],[18.4305237,-33.9313444],[18.4302788,-33.9311839],[18.4302687,-33.9311722],[18.4302525,-33.9311535],[18.4302549,-33.9311239],[18.430223,-33.93112],[18.4302356,-33.9310302],[18.4302328,-33.9310257],[18.4302291,-33.9310235],[18.4302248,-33.9310218],[18.4302188,-33.931021],[18.4302121,-33.9310242],[18.4301496,-33.931061],[18.4301147,-33.9310609],[18.4301122,-33.931087],[18.4300832,-33.9311046],[18.4300789,-33.931122],[18.4299673,-33.9311104],[18.4299719,-33.9310808],[18.4299514,-33.9310798],[18.4299409,-33.9310742],[18.429963,-33.9310736],[18.4299841,-33.9310614],[18.4299915,-33.9310496],[18.4299915,-33.931036],[18.4299855,-33.9310199],[18.4299759,-33.9310107],[18.4299572,-33.9310101],[18.4299334,-33.9310119],[18.4299163,-33.9310243],[18.4296987,-33.9309124],[18.429724,-33.9308771],[18.4296788,-33.930854],[18.4296721,-33.9308282],[18.4296429,-33.9308128],[18.4296802,-33.9307434],[18.4297581,-33.9307828],[18.4297586,-33.930809],[18.4297693,-33.9308312],[18.429778,-33.930849],[18.4298176,-33.9308813],[18.4298974,-33.9309253],[18.4300007,-33.9309714],[18.4300959,-33.9309893],[18.4302387,-33.9309831],[18.4302889,-33.9309745],[18.4303342,-33.9309673],[18.4303855,-33.9309531],[18.4304251,-33.9309342],[18.4304546,-33.9308913],[18.4305686,-33.9306927],[18.4305103,-33.9306684],[18.4305356,-33.9306216],[18.4305751,-33.930553],[18.4306047,-33.9305651],[18.4306236,-33.9305321],[18.4306373,-33.9305375],[18.4306423,-33.9305288],[18.4307567,-33.930574],[18.4307847,-33.9305851],[18.4306773,-33.9307887],[18.4306436,-33.9307778],[18.4306156,-33.9307687],[18.4305651,-33.9308535],[18.4304661,-33.9310324],[18.4305999,-33.9310832],[18.4306075,-33.931126],[18.4306238,-33.9311682],[18.4306434,-33.9312053],[18.4306697,-33.9312372],[18.4306855,-33.9312603],[18.4306184,-33.9313802],[18.4306702,-33.9314001],[18.430658,-33.9314233],[18.4306156,-33.9315007],[18.4305052,-33.9316903],[18.4300924,-33.9315321],[18.4300593,-33.9315142],[18.4299045,-33.9314304],[18.4299185,-33.9314118],[18.4294993,-33.9312062],[18.4295493,-33.9311348],[18.4294817,-33.9310979],[18.4296412,-33.9308823],[18.4296624,-33.9308768]]]}},{"type":"Feature","properties":{"category":"paved","source":"surface=paving_stones"},"geometry":{"type":"Polygon","coordinates":[[[18.4287203,-33.9304418],[18.4289108,-33.9305372],[18.4289267,-33.9305175],[18.4289614,-33.9305108],[18.4289871,-33.9305255],[18.4289953,-33.9305366],[18.4290546,-33.9305678],[18.4295905,-33.9308498],[18.4295976,-33.9308537],[18.4295957,-33.9308418],[18.4296133,-33.9308189],[18.4296429,-33.9308128],[18.4296802,-33.9307434],[18.4296441,-33.9307518],[18.4295999,-33.9307713],[18.4295757,-33.9307869],[18.4291271,-33.9305449],[18.4290124,-33.9304931],[18.4289373,-33.9304492],[18.4288643,-33.9304097],[18.4287808,-33.9303652],[18.4287523,-33.9304015],[18.4287203,-33.9304418]]]}},{"type":"Feature","properties":{"category":"paved","source":"surface=paving_stones"},"geometry":{"type":"Polygon","coordinates":[[[18.42971,-33.9302713],[18.4297963,-33.9303197],[18.4297958,-33.9303476],[18.4298695,-33.9303869],[18.4298775,-33.9304112],[18.4299355,-33.9303958],[18.4300134,-33.9304351],[18.4300656,-33.9303989],[18.4300883,-33.9303939],[18.4301075,-33.9304642],[18.4301201,-33.9304581],[18.4301514,-33.9304569],[18.4301321,-33.9303841],[18.430179,-33.9303696],[18.4302,-33.9303645],[18.4302865,-33.9304245],[18.4303241,-33.9305011],[18.4303581,-33.9304912],[18.4303283,-33.9304232],[18.4303111,-33.930384],[18.4302165,-33.9303485],[18.4302559,-33.9303071],[18.4302542,-33.9302837],[18.4302415,-33.930247],[18.4302332,-33.9302305],[18.430222,-33.9302078],[18.4301742,-33.9301889],[18.4302448,-33.9300661],[18.4303002,-33.930088],[18.430323,-33.9300482],[18.4302537,-33.9300217],[18.4303745,-33.929753],[18.4303226,-33.9297253],[18.4303115,-33.9297534],[18.4302204,-33.9299843],[18.4302139,-33.9299514],[18.4301967,-33.9298945],[18.4301616,-33.9297791],[18.4301502,-33.9297417],[18.4300592,-33.9297556],[18.4298262,-33.929639],[18.4298297,-33.9296546],[18.42995,-33.9301468],[18.4299771,-33.9301497],[18.4300175,-33.930169],[18.4300501,-33.9301988],[18.4300446,-33.9302456],[18.430023,-33.9302892],[18.4299677,-33.9303576],[18.4297438,-33.9302298],[18.4297279,-33.9302493],[18.42971,-33.9302713]]]}},{"type":"Feature","properties":{"category":"paved","source":"amenity=parking"},"geometry":{"type":"Polygon","coordinates":[[[18.4311023,-33.9301353],[18.431005,-33.9303048],[18.4309567,-33.9302857],[18.4309385,-33.9303173],[18.4309222,-33.9303457],[18.4307847,-33.9305851],[18.4307567,-33.930574],[18.4306423,-33.9305288],[18.4306373,-33.9305375],[18.4306236,-33.9305321],[18.4306047,-33.9305651],[18.4305751,-33.930553],[18.4304209,-33.9304925],[18.4304782,-33.9303927],[18.4304327,-33.9303747],[18.4304129,-33.9303668],[18.430452,-33.9302987],[18.4304165,-33.9302848],[18.430388,-33.9302736],[18.4303624,-33.9303151],[18.4303468,-33.9303198],[18.4303343,-33.9303189],[18.4303224,-33.9303093],[18.4303196,-33.9302987],[18.4303257,-33.9302829],[18.4303413,-33.9302561],[18.430222,-33.9302078],[18.4301742,-33.9301889],[18.4302448,-33.9300661],[18.4303002,-33.930088],[18.430323,-33.9300482],[18.4302537,-33.9300217],[18.4303552,-33.9298393],[18.4304264,-33.9298682],[18.4311023,-33.9301353]]]}},{"type":"Feature","properties":{"category":"paved","source":"landuse=retail"},"geometry":{"type":"Polygon","coordinates":[[[18.4329014,-33.9275071],[18.4329758,-33.9275109],[18.4332396,-33.9275245],[18.4333335,-33.9275293],[18.4333827,-33.9275713],[18.4333707,-33.9277259],[18.4332726,-33.9277212],[18.4328835,-33.9277024],[18.4329014,-33.9275071]]]}},{"type":"Feature","properties":{"category":"paved","source":"amenity=parking"},"geometry":{"type":"Polygon","coordinates":[[[18.4328619,-33.9303504],[18.4326428,-33.9303405],[18.4326413,-33.9303319],[18.4325937,-33.9303319],[18.4325832,-33.9303319],[18.4325847,-33.9303029],[18.4325862,-33.930275],[18.4329021,-33.9302911],[18.4328619,-33.9303504]]]}},{"type":"Feature","properties":{"category":"vegetated","source":"natural=heath"},"geometry":{"type":"Polygon","coordinates":[[[18.4341039,-33.929896],[18.4350039,-33.9299405],[18.4349592,-33.93067],[18.434983,-33.9306897],[18.4349651,-33.9308851],[18.4349473,-33.9310211],[18.4349204,-33.9311027],[18.4348906,-33.9311744],[18.434837,-33.9312214],[18.4340293,-33.9309345],[18.4341039,-33.929896]]]}},{"type":"Feature","properties":{"category":"vegetated","source":"natural=heath"},"geometry":{"type":"Polygon","coordinates":[[[18.43203,-33.9295133],[18.4324561,-33.9297334],[18.4324889,-33.9297247],[18.4325023,-33.9297358],[18.4325157,-33.9297532],[18.4325172,-33.9297779],[18.4325098,-33.9298904],[18.4324859,-33.9301896],[18.432474,-33.930312],[18.4315859,-33.929967],[18.4315725,-33.929946],[18.4315665,-33.9299225],[18.4315755,-33.9298892],[18.4315844,-33.9298644],[18.4316261,-33.9298397],[18.4317528,-33.929611],[18.4318094,-33.9295108],[18.4318094,-33.929491],[18.4318094,-33.9294774],[18.4318243,-33.9294626],[18.4318586,-33.9294428],[18.4319152,-33.9294379],[18.4319525,-33.9294502],[18.432024,-33.9294799],[18.43203,-33.9295133]]]}},{"type":"Feature","properties":{"category":"vegetated","source":"natural=heath"},"geometry":{"type":"Polygon","coordinates":[[[18.4305987,-33.9295603],[18.4303528,-33.9294255],[18.4302619,-33.9293761],[18.4300325,-33.9292549],[18.4297926,-33.9291251],[18.4297508,-33.9290867],[18.4300563,-33.9286812],[18.4300712,-33.9286817],[18.4303805,-33.9286951],[18.4308595,-33.9287183],[18.4310383,-33.928722],[18.4310755,-33.9287257],[18.431118,-33.9287186],[18.431156,-33.9286985],[18.431186,-33.9286929],[18.4311798,-33.9287554],[18.4315732,-33.9287838],[18.4315479,-33.929156],[18.4315971,-33.929156],[18.4315971,-33.9291745],[18.4310606,-33.9296617],[18.4310293,-33.929674],[18.4309235,-33.9296901],[18.430858,-33.9296765],[18.4309504,-33.9295838],[18.4308028,-33.9294651],[18.4306672,-33.92959],[18.4306379,-33.9295768],[18.4305987,-33.9295603]]]}},{"type":"Feature","properties":{"category":"paved","source":"amenity=parking"},"geometry":{"type":"Polygon","coordinates":[[[18.432806,-33.9314256],[18.43227,-33.9312161],[18.4322505,-33.9312504],[18.4327865,-33.9314599],[18.432806,-33.9314256]]]}},{"type":"Feature","properties":{"category":"paved","source":"amenity=parking"},"geometry":{"type":"Polygon","coordinates":[[[18.4314418,-33.9306448],[18.4312394,-33.9305723],[18.4312018,-33.9306424],[18.4311636,-33.9307177],[18.4313661,-33.9307903],[18.4314418,-33.9306448]]]}},{"type":"Feature","properties":{"category":"paved","source":"amenity=parking"},"geometry":{"type":"Polygon","coordinates":[[[18.4314203,-33.9306201],[18.4312648,-33.9305619],[18.4312822,-33.9305299],[18.4314377,-33.9305881],[18.4314203,-33.9306201]]]}},{"type":"Feature","properties":{"category":"paved","source":"amenity=parking"},"geometry":{"type":"Polygon","coordinates":[[[18.4313917,-33.9311316],[18.4313455,-33.9311159],[18.4312859,-33.9312367],[18.431332,-33.9312524],[18.4313917,-33.9311316]]]}},{"type":"Feature","properties":{"category":"paved","source":"amenity=parking"},"geometry":{"type":"Polygon","coordinates":[[[18.4321542,-33.9309254],[18.431887,-33.9308208],[18.4318633,-33.9308624],[18.4321305,-33.9309671],[18.4321542,-33.9309254]]]}},{"type":"Feature","properties":{"category":"paved","source":"amenity=parking"},"geometry":{"type":"Polygon","coordinates":[[[18.4318402,-33.9308057],[18.4318171,-33.9308453],[18.4315939,-33.9307554],[18.431617,-33.9307158],[18.4318402,-33.9308057]]]}},{"type":"Feature","properties":{"category":"paved","source":"amenity=parking"},"geometry":{"type":"Polygon","coordinates":[[[18.4318044,-33.9309015],[18.4316062,-33.9308235],[18.4315874,-33.9308564],[18.4317856,-33.9309344],[18.4318044,-33.9309015]]]}},{"type":"Feature","properties":{"category":"paved","source":"amenity=parking"},"geometry":{"type":"Polygon","coordinates":[[[18.4321006,-33.9310168],[18.4318417,-33.9309166],[18.4318269,-33.9309429],[18.4320858,-33.9310431],[18.4321006,-33.9310168]]]}},{"type":"Feature","properties":{"category":"paved","source":"amenity=parking"},"geometry":{"type":"Polygon","coordinates":[[[18.4321226,-33.9310747],[18.4324142,-33.931187],[18.4324355,-33.931149],[18.4321439,-33.9310367],[18.4321226,-33.9310747]]]}},{"type":"Feature","properties":{"category":"paved","source":"amenity=parking"},"geometry":{"type":"Polygon","coordinates":[[[18.4324847,-33.9310642],[18.4321904,-33.930948],[18.4321709,-33.9309819],[18.4324653,-33.9310981],[18.4324847,-33.9310642]]]}},{"type":"Feature","properties":{"category":"paved","source":"amenity=parking"},"geometry":{"type":"Polygon","coordinates":[[[18.4330289,-33.9308224],[18.4325029,-33.9306209],[18.4324962,-33.9305894],[18.4330691,-33.9308113],[18.4330289,-33.9308224]]]}},{"type":"Feature","properties":{"category":"paved","source":"amenity=parking"},"geometry":{"type":"Polygon","coordinates":[[[18.4323736,-33.9305677],[18.4324139,-33.9305579],[18.4315928,-33.9302315],[18.4316077,-33.9302624],[18.4323736,-33.9305677]]]}},{"type":"Feature","properties":{"category":"vegetated","source":"landuse=grass"},"geometry":{"type":"Polygon","coordinates":[[[18.4316297,-33.93042],[18.4316461,-33.9304181],[18.4316699,-33.9304157],[18.4316878,-33.9304169],[18.4317035,-33.9304212],[18.4317139,-33.9304058],[18.4317407,-33.9304151],[18.4317534,-33.9303934],[18.4317713,-33.9303996],[18.4317847,-33.9303743],[18.4317727,-33.9303637],[18.4314315,-33.9302315],[18.4314159,-33.9302315],[18.4314047,-33.9302376],[18.4313853,-33.9302519],[18.4313719,-33.9302685],[18.4313585,-33.9302945],[18.4313198,-33.9303625],[18.4313034,-33.9303897],[18.4313048,-33.930407],[18.4313108,-33.930428],[18.431319,-33.9304416],[18.431325,-33.9304503],[18.4314151,-33.9304849],[18.4316297,-33.93042]]]}},{"type":"Feature","properties":{"category":"paved","source":"surface=paving_stones"},"geometry":{"type":"Polygon","coordinates":[[[18.4313811,-33.9310732],[18.4314124,-33.9310848],[18.4314841,-33.9309516],[18.431651,-33.9310131],[18.4316084,-33.9310909],[18.4315788,-33.9310778],[18.4315653,-33.9311063],[18.431539,-33.9310963],[18.4314783,-33.931202],[18.4315034,-33.9312141],[18.4314391,-33.9313291],[18.4314144,-33.9313192],[18.431402,-33.9313423],[18.4313406,-33.9313196],[18.4314419,-33.9311317],[18.431365,-33.9311032],[18.4313714,-33.9310911],[18.4313811,-33.9310732]]]}},{"type":"Feature","properties":{"category":"vegetated","source":"landuse=grass"},"geometry":{"type":"Polygon","coordinates":[[[18.4301879,-33.9307765],[18.4301557,-33.9307787],[18.4301179,-33.9307781],[18.4300793,-33.9307698],[18.4300417,-33.9307598],[18.4300055,-33.9307442],[18.429961,-33.9307203],[18.4300217,-33.9306503],[18.4299032,-33.9305876],[18.4297581,-33.9307828],[18.4297817,-33.9307945],[18.4297586,-33.930809],[18.4297693,-33.9308312],[18.429778,-33.930849],[18.4298176,-33.9308813],[18.4298974,-33.9309253],[18.4300007,-33.9309714],[18.4300959,-33.9309893],[18.4302387,-33.9309831],[18.4301879,-33.9307765]]]}},{"type":"Feature","properties":{"category":"vegetated","source":"landuse=grass"},"geometry":{"type":"Polygon","coordinates":[[[18.4302322,-33.9307676],[18.4302872,-33.9307498],[18.4303341,-33.930722],[18.4303623,-33.9306953],[18.4303824,-33.9306652],[18.4303958,-33.930643],[18.4304054,-33.9306282],[18.4304206,-33.930634],[18.4305103,-33.9306684],[18.4305686,-33.9306927],[18.4304546,-33.9308913],[18.4304251,-33.9309342],[18.4303855,-33.9309531],[18.4303342,-33.9309673],[18.4302889,-33.9309745],[18.4302322,-33.9307676]]]}},{"type":"Feature","properties":{"category":"vegetated","source":"landuse=grass"},"geometry":{"type":"Polygon","coordinates":[[[18.4281883,-33.9310636],[18.4283665,-33.9311588],[18.4283878,-33.9311313],[18.4283727,-33.9311238],[18.4284756,-33.9309842],[18.4287011,-33.9309395],[18.4289684,-33.9305913],[18.4289521,-33.9305809],[18.4289425,-33.9305809],[18.4289148,-33.9305663],[18.4289084,-33.9305386],[18.4287197,-33.9304447],[18.42834,-33.9309447],[18.4281883,-33.9310636]]]}},{"type":"Feature","properties":{"category":"vegetated","source":"landuse=grass"},"geometry":{"type":"Polygon","coordinates":[[[18.4280542,-33.9311704],[18.4282653,-33.9312848],[18.4280718,-33.9315334],[18.4280973,-33.9316254],[18.4284993,-33.9318193],[18.4289127,-33.9319839],[18.4295509,-33.9320472],[18.4295831,-33.9319938],[18.4298473,-33.9320806],[18.4299009,-33.9321863],[18.4299251,-33.932233],[18.4299371,-33.9322642],[18.4299519,-33.9322798],[18.4298875,-33.9323666],[18.4298607,-33.9323821],[18.4298258,-33.9323844],[18.4282594,-33.931838],[18.4279885,-33.9317034],[18.4276532,-33.9314731],[18.4276653,-33.9313963],[18.4279349,-33.9312605],[18.4280542,-33.9311704]]]}},{"type":"Feature","properties":{"category":"vegetated","source":"landuse=grass"},"geometry":{"type":"Polygon","coordinates":[[[18.4301035,-33.9297326],[18.4301799,-33.9297148],[18.4301947,-33.9296947],[18.4295711,-33.9293554],[18.4293873,-33.9295913],[18.4294182,-33.9296013],[18.4294933,-33.9295601],[18.4295536,-33.9295467],[18.4295684,-33.9295534],[18.4297065,-33.9295345],[18.430078,-33.9297281],[18.4301035,-33.9297326]]]}},{"type":"Feature","properties":{"category":"vegetated","source":"landuse=grass"},"geometry":{"type":"Polygon","coordinates":[[[18.4288749,-33.9302477],[18.4290269,-33.9303281],[18.4290314,-33.9303491],[18.4289936,-33.9303968],[18.429429,-33.9306102],[18.429459,-33.9305803],[18.4294866,-33.9305735],[18.4295713,-33.9306173],[18.4296356,-33.9306064],[18.4296884,-33.9305357],[18.4297198,-33.9305327],[18.4297436,-33.9305427],[18.4297839,-33.9305364],[18.4298077,-33.9305568],[18.4296773,-33.9307374],[18.4296356,-33.9307485],[18.4295983,-33.9307657],[18.4295745,-33.9307781],[18.4287863,-33.9303639],[18.4288749,-33.9302477]]]}},{"type":"Feature","properties":{"category":"paved","source":"unknown=None"},"geometry":{"type":"Polygon","coordinates":[[[18.4241829,-33.9309173],[18.4243734,-33.9307879],[18.4244246,-33.9308404],[18.4245901,-33.9307293],[18.4246477,-33.9306907],[18.4246641,-33.9307075],[18.4244338,-33.930862],[18.4243205,-33.9308954],[18.4242984,-33.9309154],[18.4242668,-33.9309171],[18.4242168,-33.9309505],[18.4242131,-33.9309468],[18.4241829,-33.9309173]]]}},{"type":"Feature","properties":{"category":"vegetated","source":"leisure=pitch"},"geometry":{"type":"Polygon","coordinates":[[[18.4246736,-33.9307917],[18.4248794,-33.9310124],[18.4247508,-33.931095],[18.4245449,-33.9308744],[18.4246736,-33.9307917]]]}},{"type":"Feature","properties":{"category":"vegetated","source":"leisure=pitch"},"geometry":{"type":"Polygon","coordinates":[[[18.4244886,-33.9311397],[18.4246396,-33.9310416],[18.4246983,-33.9311038],[18.4245474,-33.9312019],[18.4244886,-33.9311397]]]}},{"type":"Feature","properties":{"category":"vegetated","source":"leisure=pitch"},"geometry":{"type":"Polygon","coordinates":[[[18.4244579,-33.9311097],[18.4246115,-33.9310113],[18.4245531,-33.9309485],[18.4243995,-33.9310469],[18.4244579,-33.9311097]]]}},{"type":"Feature","properties":{"category":"paved","source":"amenity=parking"},"geometry":{"type":"Polygon","coordinates":[[[18.4223986,-33.9313431],[18.4227263,-33.9311315],[18.4228085,-33.9310785],[18.4231095,-33.9308841],[18.4230135,-33.9307817],[18.4228822,-33.9306417],[18.4227852,-33.9305382],[18.4220742,-33.9309972],[18.4221735,-33.9311031],[18.4221939,-33.9311249],[18.4222804,-33.931217],[18.422304,-33.9312423],[18.4223392,-33.9312798],[18.4223986,-33.9313431]]]}},{"type":"Feature","properties":{"category":"paved","source":"landuse=construction"},"geometry":{"type":"Polygon","coordinates":[[[18.4347582,-33.9211438],[18.4351156,-33.9213564],[18.4350513,-33.9215417],[18.4349461,-33.9217318],[18.4347348,-33.9219824],[18.4345222,-33.9221754],[18.4340351,-33.9225647],[18.4335647,-33.9222263],[18.4336203,-33.922174],[18.4331067,-33.9218044],[18.4333784,-33.9215453],[18.4339005,-33.9219042],[18.4347582,-33.9211438]]]}},{"type":"Feature","properties":{"category":"paved","source":"amenity=parking"},"geometry":{"type":"Polygon","coordinates":[[[18.4309572,-33.9275709],[18.4309396,-33.9278443],[18.4309684,-33.927846],[18.4309675,-33.9278995],[18.4306064,-33.9278816],[18.4306268,-33.9275526],[18.4309572,-33.9275709]]]}},{"type":"Feature","properties":{"category":"paved","source":"amenity=parking"},"geometry":{"type":"Polygon","coordinates":[[[18.4194415,-33.9279542],[18.4195398,-33.9280228],[18.419177,-33.9283561],[18.4190798,-33.9282832],[18.4194415,-33.9279542]]]}},{"type":"Feature","properties":{"category":"vegetated","source":"leisure=garden"},"geometry":{"type":"Polygon","coordinates":[[[18.4203097,-33.930477],[18.4205049,-33.9302148],[18.4205277,-33.9302268],[18.4206898,-33.9303119],[18.4208596,-33.9300863],[18.4208966,-33.9300371],[18.4203101,-33.9296401],[18.4202929,-33.9296289],[18.4201917,-33.9298736],[18.4201604,-33.9298649],[18.4199735,-33.9303857],[18.4203097,-33.930477]]]}},{"type":"Feature","properties":{"category":"paved","source":"amenity=parking"},"geometry":{"type":"Polygon","coordinates":[[[18.4202915,-33.9308393],[18.4203302,-33.9308863],[18.4202052,-33.9311654],[18.4200411,-33.9315316],[18.4199786,-33.9315638],[18.4193386,-33.9313587],[18.4193658,-33.9312803],[18.4195949,-33.9306214],[18.4202915,-33.9308393]]]}},{"type":"Feature","properties":{"category":"paved","source":"amenity=parking"},"geometry":{"type":"Polygon","coordinates":[[[18.4243316,-33.9308075],[18.4240184,-33.9304761],[18.4237843,-33.9306385],[18.4238067,-33.9306806],[18.4238022,-33.9306915],[18.4237619,-33.9307217],[18.4240642,-33.9310328],[18.4241907,-33.93095],[18.4241674,-33.9309224],[18.4243316,-33.9308075]]]}},{"type":"Feature","properties":{"category":"vegetated","source":"leisure=pitch"},"geometry":{"type":"Polygon","coordinates":[[[18.4171196,-33.9266115],[18.417149,-33.9266299],[18.4171257,-33.9266556],[18.4170963,-33.9266372],[18.4171196,-33.9266115]]]}},{"type":"Feature","properties":{"category":"vegetated","source":"leisure=pitch"},"geometry":{"type":"Polygon","coordinates":[[[18.4184118,-33.9292002],[18.4182,-33.9294152],[18.4180673,-33.9293252],[18.4182791,-33.9291102],[18.4184118,-33.9292002]]]}},{"type":"Feature","properties":{"category":"paved","source":"surface=bricks"},"geometry":{"type":"Polygon","coordinates":[[[18.4296802,-33.9307434],[18.4297581,-33.9307828],[18.4299032,-33.9305876],[18.4300134,-33.9304351],[18.4299355,-33.9303958],[18.4296802,-33.9307434]]]}},{"type":"Feature","properties":{"category":"vegetated","source":"landuse=grass"},"geometry":{"type":"Polygon","coordinates":[[[18.4299677,-33.9303576],[18.430023,-33.9302892],[18.4300446,-33.9302456],[18.4300501,-33.9301988],[18.4300175,-33.930169],[18.4297438,-33.9302298],[18.4299677,-33.9303576]]]}},{"type":"Feature","properties":{"category":"paved","source":"surface=bricks"},"geometry":{"type":"Polygon","coordinates":[[[18.4302559,-33.9303071],[18.4303282,-33.9303329],[18.430362,-33.9303449],[18.4303994,-33.9304408],[18.4304562,-33.9305862],[18.4305356,-33.9306216],[18.4305103,-33.9306684],[18.4304206,-33.930634],[18.4303723,-33.9305264],[18.4303581,-33.9304912],[18.4303283,-33.9304232],[18.4303111,-33.930384],[18.4302165,-33.9303485],[18.4302559,-33.9303071]]]}},{"type":"Feature","properties":{"category":"paved","source":"surface=bricks"},"geometry":{"type":"Polygon","coordinates":[[[18.4302889,-33.9309745],[18.4302322,-33.9307676],[18.4302872,-33.9307498],[18.4303341,-33.930722],[18.4303623,-33.9306953],[18.4303824,-33.9306652],[18.4303958,-33.930643],[18.4304054,-33.9306282],[18.4302696,-33.9305761],[18.4302657,-33.9305861],[18.4302573,-33.9306005],[18.4302476,-33.9306171],[18.430234,-33.9306311],[18.430215,-33.9306416],[18.430198,-33.9306478],[18.4301918,-33.9306254],[18.4301701,-33.9306329],[18.4301477,-33.9306335],[18.430154,-33.9306578],[18.4301365,-33.9306574],[18.4301114,-33.9306539],[18.4300923,-33.930644],[18.4300744,-33.9306337],[18.4300497,-33.9306189],[18.4300217,-33.9306503],[18.429961,-33.9307203],[18.4300055,-33.9307442],[18.4300417,-33.9307598],[18.4300793,-33.9307698],[18.4301179,-33.9307781],[18.4301557,-33.9307787],[18.4301879,-33.9307765],[18.4302387,-33.9309831],[18.4302889,-33.9309745]]]}},{"type":"Feature","properties":{"category":"paved","source":"surface=paving_stones"},"geometry":{"type":"Polygon","coordinates":[[[18.4302605,-33.9305195],[18.4303241,-33.9305011],[18.4303581,-33.9304912],[18.4303723,-33.9305264],[18.4302691,-33.9305558],[18.4302689,-33.9305483],[18.4302642,-33.9305277],[18.4302605,-33.9305195]]]}},{"type":"Feature","properties":{"category":"paved","source":"surface=paving_stones"},"geometry":{"type":"Polygon","coordinates":[[[18.4302605,-33.9305195],[18.4302276,-33.9305264],[18.430212,-33.9305054],[18.4301896,-33.9304949],[18.4301658,-33.9304899],[18.4301583,-33.9304887],[18.4301514,-33.9304569],[18.4301201,-33.9304581],[18.4301075,-33.9304642],[18.4301136,-33.9304961],[18.4300883,-33.9305103],[18.4300719,-33.930532],[18.4300674,-33.9305542],[18.4300697,-33.9305814],[18.4300831,-33.9306037],[18.4301017,-33.9306197],[18.4301241,-33.9306303],[18.4301477,-33.9306335],[18.4301701,-33.9306329],[18.4301918,-33.9306254],[18.4302135,-33.9306105],[18.4302276,-33.9305956],[18.4302328,-33.9305715],[18.4302403,-33.9305641],[18.4302691,-33.9305558],[18.4302605,-33.9305195]]]}},{"type":"Feature","properties":{"category":"vegetated","source":"landuse=grass"},"geometry":{"type":"Polygon","coordinates":[[[18.4301321,-33.9303841],[18.4301514,-33.9304569],[18.4301657,-33.9304564],[18.4302039,-33.930467],[18.4302327,-33.9304832],[18.4302522,-33.930501],[18.4302605,-33.9305195],[18.4303241,-33.9305011],[18.4302865,-33.9304245],[18.4302,-33.9303645],[18.430179,-33.9303696],[18.4301321,-33.9303841]]]}},{"type":"Feature","properties":{"category":"vegetated","source":"landuse=grass"},"geometry":{"type":"Polygon","coordinates":[[[18.4302691,-33.9305558],[18.4303723,-33.9305264],[18.4304206,-33.930634],[18.4304054,-33.9306282],[18.4302696,-33.9305761],[18.4302691,-33.9305558]]]}},{"type":"Feature","properties":{"category":"vegetated","source":"landuse=grass"},"geometry":{"type":"Polygon","coordinates":[[[18.4301616,-33.9297791],[18.4303026,-33.9297491],[18.4303115,-33.9297534],[18.4302204,-33.9299843],[18.4302139,-33.9299514],[18.4301967,-33.9298945],[18.4301616,-33.9297791]]]}},{"type":"Feature","properties":{"category":"paved","source":"surface=paving_stones"},"geometry":{"type":"Polygon","coordinates":[[[18.4303282,-33.9303329],[18.4303343,-33.9303189],[18.4303468,-33.9303198],[18.4303624,-33.9303151],[18.430388,-33.9302736],[18.4304165,-33.9302848],[18.430452,-33.9302987],[18.4304129,-33.9303668],[18.4304327,-33.9303747],[18.4303994,-33.9304408],[18.430362,-33.9303449],[18.4303282,-33.9303329]]]}},{"type":"Feature","properties":{"category":"vegetated","source":"landuse=grass"},"geometry":{"type":"Polygon","coordinates":[[[18.4313823,-33.9310712],[18.4315224,-33.930794],[18.4316028,-33.9308247],[18.4315848,-33.9308565],[18.4317918,-33.9309386],[18.4317754,-33.9309687],[18.4317096,-33.9309449],[18.4316664,-33.9310171],[18.4314835,-33.9309494],[18.4314111,-33.9310814],[18.4313823,-33.9310712]]]}},{"type":"Feature","properties":{"category":"paved","source":"amenity=parking"},"geometry":{"type":"Polygon","coordinates":[[[18.4168334,-33.9246216],[18.4166758,-33.9247676],[18.4166928,-33.9247803],[18.4168504,-33.9246343],[18.4168334,-33.9246216]]]}},{"type":"Feature","properties":{"category":"paved","source":"amenity=parking"},"geometry":{"type":"Polygon","coordinates":[[[18.4169496,-33.9183151],[18.4169053,-33.9183591],[18.4169288,-33.9183781],[18.4169114,-33.9183963],[18.4168855,-33.9183761],[18.4168488,-33.9184105],[18.4169436,-33.9184789],[18.4169746,-33.9184493],[18.4169654,-33.9184426],[18.4169748,-33.9184336],[18.4170347,-33.9183765],[18.4169496,-33.9183151]]]}},{"type":"Feature","properties":{"category":"vegetated","source":"landuse=grass"},"geometry":{"type":"Polygon","coordinates":[[[18.4159603,-33.9281888],[18.4159334,-33.9281902],[18.415834,-33.9282826],[18.4158362,-33.9283041],[18.4160811,-33.9284799],[18.4162095,-33.928371],[18.4159603,-33.9281888]]]}},{"type":"Feature","properties":{"category":"vegetated","source":"landuse=grass"},"geometry":{"type":"Polygon","coordinates":[[[18.4162024,-33.9279601],[18.4161766,-33.927961],[18.4160822,-33.928049],[18.4160783,-33.928074],[18.4163226,-33.9282517],[18.4164462,-33.9281414],[18.4162024,-33.9279601]]]}},{"type":"Feature","properties":{"category":"water","source":"natural=water"},"geometry":{"type":"Polygon","coordinates":[[[18.4158404,-33.9281201],[18.4157517,-33.9282046],[18.4157567,-33.9282085],[18.4157555,-33.9282175],[18.4157583,-33.9282254],[18.4157634,-33.928231],[18.4157712,-33.928236],[18.4157818,-33.928239],[18.4157965,-33.9282368],[18.4158019,-33.9282401],[18.4158902,-33.9281568],[18.4158844,-33.9281528],[18.4158866,-33.9281444],[18.415884,-33.9281349],[18.4158773,-33.9281273],[18.4158651,-33.9281227],[18.4158559,-33.9281219],[18.4158462,-33.9281242],[18.4158404,-33.9281201]]]}},{"type":"Feature","properties":{"category":"water","source":"natural=water"},"geometry":{"type":"Polygon","coordinates":[[[18.4160725,-33.9279022],[18.4159838,-33.9279867],[18.4159888,-33.9279907],[18.4159876,-33.9279996],[18.4159904,-33.9280075],[18.4159956,-33.9280132],[18.4160034,-33.9280181],[18.4160139,-33.9280211],[18.4160287,-33.9280189],[18.4160341,-33.9280223],[18.4161224,-33.9279389],[18.4161166,-33.9279349],[18.4161188,-33.9279265],[18.4161162,-33.9279171],[18.4161094,-33.9279095],[18.4160972,-33.9279048],[18.4160881,-33.927904],[18.4160783,-33.9279063],[18.4160725,-33.9279022]]]}},{"type":"Feature","properties":{"category":"water","source":"natural=water"},"geometry":{"type":"Polygon","coordinates":[[[18.4158332,-33.9280245],[18.4158369,-33.928021],[18.4158441,-33.9280239],[18.4158539,-33.9280242],[18.4158615,-33.9280224],[18.4158673,-33.9280176],[18.4158716,-33.9280113],[18.415874,-33.9280045],[18.4158717,-33.927997],[18.4158667,-33.927991],[18.4158707,-33.9279869],[18.415758,-33.9279095],[18.4157634,-33.9279041],[18.4157359,-33.9278853],[18.4157316,-33.9278901],[18.4157225,-33.9278855],[18.4157114,-33.9278844],[18.4156983,-33.9278867],[18.4156895,-33.9278936],[18.4156846,-33.927901],[18.4156835,-33.9279105],[18.4156861,-33.9279192],[18.4156941,-33.9279272],[18.4156891,-33.9279322],[18.4157168,-33.9279512],[18.4157208,-33.9279472],[18.4158332,-33.9280245]]]}},{"type":"Feature","properties":{"category":"vegetated","source":"landuse=grass"},"geometry":{"type":"Polygon","coordinates":[[[18.4159133,-33.9279543],[18.4159397,-33.9279543],[18.416038,-33.9278615],[18.4160412,-33.9278455],[18.4157964,-33.927686],[18.41577,-33.9276908],[18.4156871,-33.9277692],[18.4156884,-33.9277916],[18.4159133,-33.9279543]]]}},{"type":"Feature","properties":{"category":"paved","source":"surface=paved"},"geometry":{"type":"Polygon","coordinates":[[[18.4305073,-33.917662],[18.4305088,-33.9176351],[18.4305206,-33.91761],[18.4305415,-33.9175893],[18.4305692,-33.9175754],[18.4306009,-33.9175695],[18.4306332,-33.9175724],[18.4306627,-33.9175837],[18.4306868,-33.9176028],[18.430702,-33.9176275],[18.4307065,-33.917655],[18.4306999,-33.9176822],[18.4306828,-33.917706],[18.4306573,-33.9177239],[18.430626,-33.9177337],[18.4305926,-33.9177345],[18.4305608,-33.9177261],[18.4305347,-33.9177101],[18.4305162,-33.9176879],[18.4305073,-33.917662]]]}},{"type":"Feature","properties":{"category":"vegetated","source":"landuse=grass"},"geometry":{"type":"Polygon","coordinates":[[[18.4273633,-33.9274728],[18.4274365,-33.9275344],[18.4277623,-33.9274487],[18.427788,-33.9274475],[18.4278059,-33.9274455],[18.4278639,-33.9273915],[18.4278242,-33.927362],[18.427809,-33.9273506],[18.4277856,-33.9273381],[18.4277705,-33.9273321],[18.4277453,-33.9273276],[18.4277206,-33.9273272],[18.4277012,-33.9273292],[18.4273803,-33.9274564],[18.4273706,-33.9274628],[18.4273633,-33.9274728]]]}},{"type":"Feature","properties":{"category":"vegetated","source":"landuse=grass"},"geometry":{"type":"Polygon","coordinates":[[[18.4277284,-33.9275058],[18.4275563,-33.9276856],[18.427437,-33.9276096],[18.4274923,-33.927565],[18.4275286,-33.9275867],[18.427629,-33.927505],[18.4277284,-33.9275058]]]}},{"type":"Feature","properties":{"category":"vegetated","source":"landuse=grass"},"geometry":{"type":"Polygon","coordinates":[[[18.4273483,-33.9274905],[18.4274569,-33.9275718],[18.4274268,-33.9275984],[18.4273308,-33.9275316],[18.427327,-33.9275211],[18.427327,-33.9275095],[18.4273337,-33.9275006],[18.4273483,-33.9274905]]]}},{"type":"Feature","properties":{"category":"vegetated","source":"landuse=grass"},"geometry":{"type":"Polygon","coordinates":[[[18.4280166,-33.9274056],[18.4284804,-33.9277449],[18.4285997,-33.9276545],[18.4288849,-33.9273613],[18.4288872,-33.9273342],[18.4288812,-33.9273103],[18.428862,-33.9272937],[18.4288405,-33.9272875],[18.4281722,-33.9272642],[18.4281447,-33.9272734],[18.4280166,-33.9274056]]]}},{"type":"Feature","properties":{"category":"paved","source":"surface=concrete"},"geometry":{"type":"Polygon","coordinates":[[[18.4313689,-33.9174082],[18.4314857,-33.9172983],[18.4314987,-33.9172886],[18.4315136,-33.9172797],[18.4315308,-33.9172736],[18.431541,-33.9172712],[18.4315476,-33.9172697],[18.4315525,-33.9172718],[18.431556,-33.9172757],[18.4315554,-33.9172805],[18.431554,-33.9172877],[18.4315522,-33.9172966],[18.4315485,-33.9173081],[18.4315421,-33.9173213],[18.4315349,-33.9173316],[18.4314182,-33.9174433],[18.4314087,-33.9174508],[18.4313979,-33.917458],[18.4313869,-33.9174637],[18.431378,-33.9174676],[18.4313661,-33.9174714],[18.4313577,-33.9174733],[18.4313522,-33.9174729],[18.4313482,-33.9174705],[18.4313456,-33.9174661],[18.4313456,-33.9174609],[18.4313482,-33.917446],[18.431354,-33.9174306],[18.4313609,-33.9174181],[18.4313689,-33.9174082]]]}},{"type":"Feature","properties":{"category":"paved","source":"surface=paved"},"geometry":{"type":"Polygon","coordinates":[[[18.4245047,-33.9189646],[18.4246106,-33.9190296],[18.4246737,-33.9190756],[18.4247954,-33.919187],[18.4250334,-33.9193558],[18.4251298,-33.9194304],[18.4251641,-33.9194516],[18.4251962,-33.9194679],[18.4252295,-33.9194815],[18.4252616,-33.9194919],[18.4252894,-33.9195009],[18.4253128,-33.9195059],[18.4253215,-33.919509],[18.4253237,-33.9195154],[18.4253193,-33.9195212],[18.4252877,-33.9195466],[18.4252627,-33.9195737],[18.4252496,-33.9195881],[18.4252436,-33.9195931],[18.4252376,-33.9195936],[18.4252327,-33.9195881],[18.4252213,-33.9195692],[18.4251979,-33.9195362],[18.4251739,-33.9195041],[18.4251412,-33.9194697],[18.4250966,-33.9194367],[18.4249506,-33.9193301],[18.4244771,-33.9189911],[18.4245047,-33.9189646]]]}},{"type":"Feature","properties":{"category":"paved","source":"surface=paving_stones"},"geometry":{"type":"Polygon","coordinates":[[[18.4183254,-33.91842],[18.4183346,-33.9184127],[18.4183458,-33.918412],[18.4183559,-33.9184155],[18.4184484,-33.9184829],[18.4184526,-33.9184905],[18.4184532,-33.9185001],[18.4184456,-33.9185079],[18.4184341,-33.9185109],[18.4184234,-33.9185079],[18.4183291,-33.9184367],[18.4183239,-33.9184279],[18.4183254,-33.91842]]]}},{"type":"Feature","properties":{"category":"paved","source":"surface=paving_stones"},"geometry":{"type":"Polygon","coordinates":[[[18.4177196,-33.9179353],[18.418196,-33.9182959],[18.4182051,-33.9183068],[18.4182057,-33.9183168],[18.4181983,-33.9183249],[18.4181834,-33.9183249],[18.4181719,-33.9183197],[18.417691,-33.9179581],[18.4176899,-33.9179424],[18.4177019,-33.9179315],[18.4177196,-33.9179353]]]}},{"type":"Feature","properties":{"category":"paved","source":"amenity=parking"},"geometry":{"type":"Polygon","coordinates":[[[18.4191211,-33.9180123],[18.4192393,-33.9181033],[18.4193708,-33.9182032],[18.4193782,-33.9182697],[18.4189707,-33.9186391],[18.4189091,-33.9186437],[18.4186396,-33.918446],[18.4188091,-33.9183024],[18.4191211,-33.9180123]]]}},{"type":"Feature","properties":{"category":"paved","source":"surface=paving_stones"},"geometry":{"type":"Polygon","coordinates":[[[18.4185533,-33.9185906],[18.4185621,-33.9185823],[18.4185779,-33.9185827],[18.418853,-33.9187891],[18.4188547,-33.9187995],[18.4188471,-33.9188085],[18.4188321,-33.9188088],[18.4185537,-33.9186031],[18.4185533,-33.9185906]]]}},{"type":"Feature","properties":{"category":"paved","source":"amenity=parking"},"geometry":{"type":"Polygon","coordinates":[[[18.4207805,-33.9163775],[18.4211824,-33.9160193],[18.4211514,-33.9159595],[18.4212952,-33.9159071],[18.4213111,-33.9160093],[18.4214596,-33.9161321],[18.4210869,-33.9166011],[18.4207805,-33.9163775]]]}},{"type":"Feature","properties":{"category":"vegetated","source":"landuse=grass"},"geometry":{"type":"Polygon","coordinates":[[[18.4190879,-33.9171222],[18.4191246,-33.9170952],[18.4193312,-33.9172437],[18.4193508,-33.9172853],[18.4193731,-33.9173315],[18.4193603,-33.9173371],[18.419478,-33.9175637],[18.4193328,-33.917607],[18.4190879,-33.9171222]]]}},{"type":"Feature","properties":{"category":"vegetated","source":"landuse=grass"},"geometry":{"type":"Polygon","coordinates":[[[18.4194274,-33.9177912],[18.4195548,-33.9177129],[18.4196596,-33.9179195],[18.4197779,-33.9178744],[18.4198174,-33.9178943],[18.4196848,-33.9180113],[18.4195671,-33.9180226],[18.4195192,-33.9179877],[18.4194274,-33.9177912]]]}},{"type":"Feature","properties":{"category":"vegetated","source":"landuse=grass"},"geometry":{"type":"Polygon","coordinates":[[[18.4199303,-33.9173107],[18.420007,-33.917312],[18.420296,-33.9170925],[18.4202704,-33.9170355],[18.4202924,-33.9170254],[18.420553,-33.9172211],[18.4205547,-33.9172337],[18.4202728,-33.9174867],[18.4202524,-33.9174964],[18.4202293,-33.9175009],[18.4202029,-33.9174999],[18.4201776,-33.9174938],[18.4199303,-33.9173107]]]}},{"type":"Feature","properties":{"category":"paved","source":"amenity=parking"},"geometry":{"type":"Polygon","coordinates":[[[18.4332086,-33.9175981],[18.4332812,-33.9175302],[18.4332406,-33.9175003],[18.433168,-33.9175683],[18.4332086,-33.9175981]]]}},{"type":"Feature","properties":{"category":"paved","source":"amenity=parking"},"geometry":{"type":"Polygon","coordinates":[[[18.4333361,-33.9174792],[18.4334087,-33.9174113],[18.4333681,-33.9173814],[18.4332955,-33.9174493],[18.4333361,-33.9174792]]]}},{"type":"Feature","properties":{"category":"paved","source":"amenity=parking"},"geometry":{"type":"Polygon","coordinates":[[[18.4334466,-33.9173688],[18.4334726,-33.9173444],[18.4338722,-33.9176372],[18.4338463,-33.9176615],[18.4334466,-33.9173688]]]}},{"type":"Feature","properties":{"category":"water","source":"natural=water"},"geometry":{"type":"Polygon","coordinates":[[[18.4266129,-33.9150183],[18.4266467,-33.9150267],[18.4266347,-33.9150505],[18.4266497,-33.9150542],[18.4266012,-33.9151632],[18.4265499,-33.9151484],[18.4266129,-33.9150183]]]}},{"type":"Feature","properties":{"category":"paved","source":"surface=paved"},"geometry":{"type":"Polygon","coordinates":[[[18.4233401,-33.9219738],[18.4233384,-33.9219788],[18.4233387,-33.9219827],[18.4233415,-33.9219869],[18.4233531,-33.9219948],[18.423358,-33.9219968],[18.4233635,-33.9219978],[18.4233703,-33.9219973],[18.4233739,-33.9219948],[18.4244053,-33.9210046],[18.4244114,-33.9209982],[18.4244136,-33.9209944],[18.4244135,-33.9209907],[18.4244123,-33.9209878],[18.4244101,-33.9209853],[18.4244067,-33.9209837],[18.4244012,-33.9209823],[18.424395,-33.9209814],[18.4243888,-33.9209812],[18.4243813,-33.9209811],[18.4243761,-33.9209821],[18.4243716,-33.9209845],[18.4233401,-33.9219738]]]}},{"type":"Feature","properties":{"category":"paved","source":"surface=asphalt"},"geometry":{"type":"Polygon","coordinates":[[[18.4255694,-33.9225025],[18.425638,-33.9224371],[18.42671,-33.9232109],[18.4266416,-33.9232761],[18.4255694,-33.9225025]]]}},{"type":"Feature","properties":{"category":"paved","source":"surface=asphalt"},"geometry":{"type":"Polygon","coordinates":[[[18.4254544,-33.9226115],[18.4255251,-33.9225442],[18.4265962,-33.9233184],[18.4265253,-33.9233859],[18.4254544,-33.9226115]]]}},{"type":"Feature","properties":{"category":"vegetated","source":"landuse=grass"},"geometry":{"type":"Polygon","coordinates":[[[18.4319942,-33.9281143],[18.431955,-33.928611],[18.4319672,-33.9286212],[18.4325729,-33.9286559],[18.4325921,-33.9286342],[18.4326261,-33.9281505],[18.4326034,-33.9281287],[18.4320126,-33.9280947],[18.4319942,-33.9281143]]]}},{"type":"Feature","properties":{"category":"vegetated","source":"landuse=grass"},"geometry":{"type":"Polygon","coordinates":[[[18.4324771,-33.9290359],[18.4322149,-33.929155],[18.4320522,-33.9292579],[18.4320003,-33.9292673],[18.4319754,-33.9293154],[18.4319859,-33.929368],[18.4320123,-33.9293986],[18.4320733,-33.9294305],[18.432117,-33.9294248],[18.4324275,-33.9295836],[18.4324395,-33.929618],[18.4324877,-33.9296099],[18.4325262,-33.9295843],[18.432539,-33.9295524],[18.4325789,-33.929051],[18.4325661,-33.9290229],[18.4325367,-33.929006],[18.4324892,-33.929006],[18.4324771,-33.9290359]]]}},{"type":"Feature","properties":{"category":"vegetated","source":"leisure=pitch"},"geometry":{"type":"Polygon","coordinates":[[[18.4122852,-33.9182621],[18.41263,-33.9181193],[18.4127164,-33.918263],[18.4123716,-33.9184058],[18.4122852,-33.9182621]]]}},{"type":"Feature","properties":{"category":"vegetated","source":"leisure=pitch"},"geometry":{"type":"Polygon","coordinates":[[[18.4118807,-33.918736],[18.4120432,-33.918446],[18.4122186,-33.9185137],[18.4120562,-33.9188037],[18.4118807,-33.918736]]]}},{"type":"Feature","properties":{"category":"paved","source":"surface=asphalt"},"geometry":{"type":"Polygon","coordinates":[[[18.4253378,-33.9227268],[18.4254085,-33.9226595],[18.4264796,-33.9234337],[18.4264087,-33.9235012],[18.4253378,-33.9227268]]]}},{"type":"Feature","properties":{"category":"paved","source":"surface=asphalt"},"geometry":{"type":"Polygon","coordinates":[[[18.4252188,-33.9228431],[18.4252895,-33.9227758],[18.4263606,-33.92355],[18.4262897,-33.9236175],[18.4252188,-33.9228431]]]}},{"type":"Feature","properties":{"category":"vegetated","source":"leisure=park"},"geometry":{"type":"Polygon","coordinates":[[[18.4151463,-33.9172376],[18.4152107,-33.917414],[18.4153894,-33.9175931],[18.415544,-33.9177535],[18.4157083,-33.9179686],[18.4162478,-33.9174929],[18.4160432,-33.9173258],[18.4159531,-33.917112],[18.4158242,-33.9170185],[18.4157566,-33.9168955],[18.4157196,-33.9167953],[18.415631,-33.9167886],[18.4154957,-33.9168688],[18.4154732,-33.916957],[18.4153105,-33.9170345],[18.4152461,-33.917104],[18.4151463,-33.9172376]]]}},{"type":"Feature","properties":{"category":"paved","source":"amenity=parking"},"geometry":{"type":"Polygon","coordinates":[[[18.4165122,-33.9167006],[18.4168569,-33.9169528],[18.4167463,-33.9170641],[18.4165194,-33.9168972],[18.4165122,-33.9167006]]]}},{"type":"Feature","properties":{"category":"vegetated","source":"leisure=park"},"geometry":{"type":"Polygon","coordinates":[[[18.4157735,-33.915619],[18.4155595,-33.9155047],[18.4154906,-33.915502],[18.4152367,-33.9151708],[18.4151422,-33.9150152],[18.4153612,-33.9149119],[18.4154243,-33.9150338],[18.415596,-33.9149732],[18.4156989,-33.9152286],[18.4157395,-33.915398],[18.4158291,-33.9156032],[18.4157735,-33.915619]]]}},{"type":"Feature","properties":{"category":"vegetated","source":"landuse=grass"},"geometry":{"type":"Polygon","coordinates":[[[18.4313673,-33.9216554],[18.4313799,-33.9216709],[18.4314022,-33.9217295],[18.4314132,-33.921744],[18.4320133,-33.9221799],[18.4319753,-33.9222149],[18.4319424,-33.9222008],[18.4313344,-33.9216873],[18.4313673,-33.9216554]]]}},{"type":"Feature","properties":{"category":"vegetated","source":"leisure=garden"},"geometry":{"type":"Polygon","coordinates":[[[18.4182695,-33.9271231],[18.4184144,-33.9269812],[18.4184195,-33.9269829],[18.4184277,-33.9269832],[18.4184324,-33.9269815],[18.4184363,-33.9269786],[18.4184591,-33.9269947],[18.4184639,-33.9269966],[18.4184725,-33.9269971],[18.4184797,-33.9269959],[18.418486,-33.9269936],[18.4185037,-33.9269764],[18.418508,-33.926979],[18.4185189,-33.9269758],[18.4185847,-33.9270237],[18.4185572,-33.9270499],[18.4185552,-33.9270539],[18.4185549,-33.9270585],[18.418557,-33.927063],[18.4185608,-33.9270681],[18.4185806,-33.9270826],[18.4185782,-33.9270867],[18.4185768,-33.9270914],[18.4185777,-33.9270958],[18.4185816,-33.9271012],[18.4184586,-33.9272202],[18.4184533,-33.9272187],[18.4184473,-33.9272179],[18.4184407,-33.9272194],[18.4184361,-33.927224],[18.4184149,-33.9272104],[18.4184084,-33.9272085],[18.4184025,-33.9272079],[18.4183947,-33.9272097],[18.4183895,-33.9272138],[18.4183725,-33.9272297],[18.4183658,-33.9272272],[18.4183594,-33.9272269],[18.4183535,-33.9272281],[18.4183482,-33.9272309],[18.4182752,-33.927179],[18.4182797,-33.9271722],[18.4182821,-33.9271634],[18.4182824,-33.9271556],[18.4182813,-33.9271461],[18.4182782,-33.9271352],[18.4182742,-33.9271286],[18.4182695,-33.9271231]]]}},{"type":"Feature","properties":{"category":"vegetated","source":"leisure=garden"},"geometry":{"type":"Polygon","coordinates":[[[18.4182501,-33.9271101],[18.4183967,-33.9269695],[18.4183939,-33.9269655],[18.4183923,-33.9269589],[18.4183936,-33.9269547],[18.4183965,-33.9269511],[18.4183738,-33.9269349],[18.4183708,-33.9269312],[18.4183689,-33.9269243],[18.4183692,-33.9269182],[18.4183709,-33.9269126],[18.4183886,-33.9268955],[18.418385,-33.9268923],[18.4183871,-33.9268829],[18.4183199,-33.9268363],[18.4182929,-33.926863],[18.4182885,-33.9268652],[18.418283,-33.9268662],[18.4182774,-33.9268652],[18.4182706,-33.9268628],[18.4182504,-33.9268488],[18.4181043,-33.9269891],[18.4181238,-33.9270044],[18.418127,-33.9270095],[18.4181287,-33.9270142],[18.4181277,-33.9270209],[18.4181236,-33.9270257],[18.4181073,-33.9270422],[18.4181113,-33.9270473],[18.4181126,-33.9270524],[18.4181121,-33.9270575],[18.4181096,-33.9270622],[18.4181827,-33.9271141],[18.4181902,-33.9271094],[18.4182002,-33.927106],[18.4182095,-33.9271046],[18.418221,-33.927104],[18.4182344,-33.9271048],[18.4182429,-33.9271071],[18.4182501,-33.9271101]]]}},{"type":"Feature","properties":{"category":"vegetated","source":"leisure=garden"},"geometry":{"type":"Polygon","coordinates":[[[18.4181882,-33.9272027],[18.4180416,-33.9273433],[18.4180444,-33.9273473],[18.418046,-33.9273539],[18.4180447,-33.9273581],[18.4180418,-33.9273617],[18.4180646,-33.9273779],[18.4180675,-33.9273816],[18.4180695,-33.9273885],[18.4180692,-33.9273946],[18.4180675,-33.9274002],[18.4180497,-33.9274173],[18.4180534,-33.9274205],[18.4180513,-33.9274299],[18.4181185,-33.9274765],[18.4181454,-33.9274498],[18.4181498,-33.9274476],[18.4181553,-33.9274467],[18.418161,-33.9274477],[18.4181677,-33.92745],[18.418188,-33.927464],[18.4181925,-33.9274614],[18.4181979,-33.9274595],[18.4182033,-33.9274596],[18.4182103,-33.9274619],[18.418333,-33.9273427],[18.4183304,-33.9273386],[18.4183286,-33.9273338],[18.4183293,-33.9273282],[18.4183341,-33.9273237],[18.4183146,-33.9273084],[18.4183114,-33.9273033],[18.4183097,-33.9272986],[18.4183107,-33.9272919],[18.4183148,-33.9272871],[18.418331,-33.9272707],[18.418327,-33.9272656],[18.4183257,-33.9272604],[18.4183262,-33.9272553],[18.4183287,-33.9272506],[18.4182557,-33.9271987],[18.4182482,-33.9272035],[18.4182381,-33.9272068],[18.4182289,-33.9272082],[18.4182174,-33.9272088],[18.418204,-33.927208],[18.4181955,-33.9272057],[18.4181882,-33.9272027]]]}},{"type":"Feature","properties":{"category":"vegetated","source":"leisure=garden"},"geometry":{"type":"Polygon","coordinates":[[[18.4181662,-33.927186],[18.4180213,-33.9273279],[18.4180161,-33.9273262],[18.418008,-33.9273259],[18.4180032,-33.9273276],[18.4179994,-33.9273305],[18.4179766,-33.9273144],[18.4179718,-33.9273126],[18.4179632,-33.927312],[18.417956,-33.9273132],[18.4179496,-33.9273155],[18.4179319,-33.9273327],[18.4179276,-33.9273302],[18.4179168,-33.9273333],[18.4178509,-33.9272854],[18.4178785,-33.9272592],[18.4178804,-33.9272553],[18.4178808,-33.9272506],[18.4178787,-33.9272461],[18.4178749,-33.927241],[18.4178551,-33.9272265],[18.4180009,-33.9270849],[18.4180208,-33.9270987],[18.4180273,-33.9271006],[18.4180332,-33.9271012],[18.418041,-33.9270994],[18.4180461,-33.9270953],[18.4180632,-33.9270794],[18.4180699,-33.9270819],[18.4180763,-33.9270822],[18.4180822,-33.927081],[18.4180874,-33.9270782],[18.4181605,-33.9271301],[18.418156,-33.927137],[18.4181536,-33.9271457],[18.4181533,-33.9271535],[18.4181544,-33.927163],[18.4181574,-33.9271739],[18.4181614,-33.9271805],[18.4181662,-33.927186]]]}},{"type":"Feature","properties":{"category":"paved","source":"landuse=construction"},"geometry":{"type":"Polygon","coordinates":[[[18.4150225,-33.9245979],[18.4153032,-33.9243517],[18.4155377,-33.9245365],[18.4154919,-33.9246103],[18.4155201,-33.9246342],[18.4154017,-33.9247408],[18.4153716,-33.9247185],[18.4152892,-33.9247905],[18.4150225,-33.9245979]]]}},{"type":"Feature","properties":{"category":"paved","source":"surface=paving_stones"},"geometry":{"type":"Polygon","coordinates":[[[18.4273618,-33.9283496],[18.4273245,-33.9283557],[18.4272998,-33.9283736],[18.427288,-33.928399],[18.4272918,-33.928426],[18.4273103,-33.9284484],[18.4273392,-33.9284612],[18.427372,-33.9284613],[18.4274049,-33.9284456],[18.4274227,-33.9284178],[18.4274199,-33.9283863],[18.4273972,-33.928361],[18.4273618,-33.9283496]]]}}]}
